rank,score_lower_bound,targetability_score,score_upper_bound,gross,penalty_total,problem_id,canonical_group_id,title,source,domain,difficulty_level,impact_score,claim_kind,route,eligibility_status,resolution_leverage,statement_status_confidence,certificate_verifier_readiness,search_compressibility,boundary_leverage,feedback_quality,local_reuse
1,68,73,78,84,11,unsolvedmath-opg-1757,unsolvedmath:unsolvedmath-opg-1757,Negative association in uniform forests,UnsolvedMath,graph_theory,1,20,universal_claim,counterexample,new_strategy_only,20,15,15,16,9,4,5
2,64,69,74,84,15,unsolvedmath-opg-729,unsolvedmath:unsolvedmath-opg-729,Seagull problem,UnsolvedMath,graph_theory,2,40,universal_claim,counterexample,new_strategy_only,20,15,15,16,9,4,5
3,64,69,74,80,11,unsolvedmath-opg-404,unsolvedmath:unsolvedmath-opg-404,Concavity of van der Waerden numbers,UnsolvedMath,combinatorics,1,20,universal_claim,counterexample,new_strategy_only,20,15,17,16,3,4,5
4,63,68,73,86,18,unsolvedmath-opg-60039,unsolvedmath:unsolvedmath-opg-60039,Sidorenko's Conjecture,UnsolvedMath,graph_theory,2,40,universal_claim,counterexample,new_strategy_only,20,15,15,16,9,6,5
5,62,67,72,78,11,unsolvedmath-kou-21.87,unsolvedmath:unsolvedmath-kou-21.87,Kourovka Notebook Problem 21.87,UnsolvedMath,group_theory,2,40,universal_claim,counterexample,new_strategy_only,12,15,17,16,9,4,5
6,61,66,71,81,15,unsolvedmath-opg-48264,unsolvedmath:unsolvedmath-opg-48264,Signing a graph to have small magnitude eigenvalues,UnsolvedMath,graph_theory,1,20,universal_claim,counterexample,new_strategy_only,12,15,18,16,9,6,5
7,60,65,70,78,13,unsolvedmath-kou-21.135,unsolvedmath:unsolvedmath-kou-21.135,Kourovka Notebook Problem 21.135,UnsolvedMath,group_theory,2,40,universal_claim,counterexample,new_strategy_only,20,15,16,14,3,5,5
8,59,64,69,83,19,unsolvedmath-opg-171,unsolvedmath:unsolvedmath-opg-171,Strong colorability,UnsolvedMath,graph_theory,2,40,universal_claim,counterexample,new_strategy_only,20,15,18,16,3,6,5
9,59,64,69,81,17,unsolvedmath-opg-56230,unsolvedmath:unsolvedmath-opg-56230,2-colouring a graph without a monochromatic maximum clique,UnsolvedMath,graph_theory,1,20,universal_claim,counterexample,new_strategy_only,20,15,16,14,3,8,5
10,58,65,72,68,3,unsolvedmath-opg-611,unsolvedmath:unsolvedmath-opg-611,The Bermond-Thomassen Conjecture,UnsolvedMath,graph_theory,1,20,universal_claim,counterexample,needs_status_audit,18,15,10,16,1,6,2
11,58,63,68,76,13,unsolvedmath-opg-412,unsolvedmath:unsolvedmath-opg-412,Mapping planar graphs to odd cycles,UnsolvedMath,graph_theory,2,40,universal_claim,counterexample,new_strategy_only,12,15,15,16,9,4,5
12,57,64,71,67,3,unsolvedmath-opg-348,unsolvedmath:unsolvedmath-opg-348,Half-integral flow polynomial values,UnsolvedMath,graph_theory,1,20,universal_claim,counterexample,needs_status_audit,18,15,9,18,1,4,2
13,57,62,67,77,15,unsolvedmath-opg-46584,unsolvedmath:unsolvedmath-opg-46584,Decomposing an eulerian graph into cycles.,UnsolvedMath,graph_theory,1,20,universal_claim,counterexample,new_strategy_only,20,15,15,14,3,5,5
14,57,62,67,76,14,unsolvedmath-opg-59976,unsolvedmath:unsolvedmath-opg-59976,Are all Mersenne Numbers with prime exponent square-free?,UnsolvedMath,number_theory,2,40,universal_claim,counterexample,new_strategy_only,20,15,15,14,3,4,5
15,57,62,67,76,14,unsolvedmath-opg-37413,unsolvedmath:unsolvedmath-opg-37413,Alexa's Conjecture on Primality,UnsolvedMath,number_theory,1,20,equivalence_claim,counterexample,new_strategy_only,20,15,15,14,3,4,5
16,56,61,66,78,17,unsolvedmath-opg-563,unsolvedmath:unsolvedmath-opg-563,Davenport's constant,UnsolvedMath,number_theory,2,40,universal_claim,counterexample,new_strategy_only,20,15,15,14,3,6,5
17,56,61,66,77,16,unsolvedmath-opg-46583,unsolvedmath:unsolvedmath-opg-46583,Decomposing a connected graph into paths.,UnsolvedMath,graph_theory,2,40,universal_claim,counterexample,new_strategy_only,20,15,15,14,3,5,5
18,56,61,66,76,15,unsolvedmath-opg-491,unsolvedmath:unsolvedmath-opg-491,Odd incongruent covering systems,UnsolvedMath,number_theory,2,40,universal_claim,counterexample,new_strategy_only,20,15,15,14,3,4,5
19,56,61,66,76,15,unsolvedmath-opg-600,unsolvedmath:unsolvedmath-opg-600,Matchings extend to Hamiltonian cycles in hypercubes,UnsolvedMath,graph_theory,1,20,universal_claim,counterexample,new_strategy_only,20,15,15,14,3,4,5
20,55,60,65,81,21,unsolvedmath-opg-335,unsolvedmath:unsolvedmath-opg-335,"Reed's omega, delta, and chi conjecture",UnsolvedMath,graph_theory,2,40,universal_claim,counterexample,new_strategy_only,20,15,16,14,3,8,5
21,55,60,65,80,20,unsolvedmath-opg-46475,unsolvedmath:unsolvedmath-opg-46475,Strong edge colouring conjecture,UnsolvedMath,graph_theory,1,20,universal_claim,counterexample,new_strategy_only,20,15,16,14,3,7,5
22,55,60,65,79,19,unsolvedmath-opg-60055,unsolvedmath:unsolvedmath-opg-60055,Chromatic number of $\frac{3}{3}$-power of graph,UnsolvedMath,graph_theory,1,20,equivalence_claim,counterexample,new_strategy_only,20,15,16,14,3,6,5
23,55,60,65,79,19,unsolvedmath-opg-638,unsolvedmath:unsolvedmath-opg-638,Jones' conjecture,UnsolvedMath,graph_theory,1,20,universal_claim,counterexample,new_strategy_only,20,15,16,14,3,6,5
24,55,60,65,78,18,unsolvedmath-geo-025,unsolvedmath:unsolvedmath-geo-025,Kalai's $3^d$ Conjecture,UnsolvedMath,geometry,4,80,universal_claim,counterexample,new_strategy_only,12,15,15,16,9,6,5
25,55,60,65,77,17,unsolvedmath-opg-804,unsolvedmath:unsolvedmath-opg-804,Edge Reconstruction Conjecture,UnsolvedMath,graph_theory,2,40,universal_claim,counterexample,new_strategy_only,20,15,15,14,3,5,5
26,54,61,68,64,3,unsolvedmath-opg-337,unsolvedmath:unsolvedmath-opg-337,Gao's theorem for nonabelian groups,UnsolvedMath,number_theory,1,20,universal_claim,counterexample,needs_status_audit,18,15,10,12,2,5,2
27,54,59,64,80,21,unsolvedmath-opg-156,unsolvedmath:unsolvedmath-opg-156,Few subsequence sums in Z_n x Z_n,UnsolvedMath,number_theory,1,20,universal_claim,counterexample,new_strategy_only,20,15,15,16,3,6,5
28,54,59,64,75,16,unsolvedmath-kou-21.99,unsolvedmath:unsolvedmath-kou-21.99,Kourovka Notebook Problem 21.99,UnsolvedMath,group_theory,3,60,mixed_quantifiers,subclaim_decomposition,not_counterexample_target,8,15,17,16,9,5,5
29,54,59,64,74,15,unsolvedmath-kou-21.26,unsolvedmath:unsolvedmath-kou-21.26,Kourovka Notebook Problem 21.26,UnsolvedMath,group_theory,2,40,mixed_quantifiers,subclaim_decomposition,not_counterexample_target,8,15,17,16,9,4,5
30,53,62,71,67,5,formal-conjectures-reed-omega-delta-chi-conjecture-for-finite-graphs,formal_conjectures:formal-conjectures-reed-omega-delta-chi-conjecture-for-finite-graphs,Formal Conjectures: reed_omega_delta_chi_conjecture_for_finite_graphs,Google DeepMind Formal Conjectures,research_mathematics,,50,universal_claim,counterexample,needs_status_audit,20,15,11,11,0,6,4
31,53,61,69,64,3,unsolvedmath-ep-671,erdos:671,Erdős Problem #671,UnsolvedMath,graph_theory,1,20,universal_claim,counterexample,modeling_candidate,18,15,10,16,1,2,2
32,53,60,67,65,5,unsolvedmath-kou-21.137,unsolvedmath:unsolvedmath-kou-21.137,Kourovka Notebook Problem 21.137,UnsolvedMath,group_theory,2,40,universal_claim,counterexample,candidate_already_found,4,15,20,14,3,4,5
33,53,58,63,76,18,unsolvedmath-opg-143,unsolvedmath:unsolvedmath-opg-143,Petersen coloring conjecture,UnsolvedMath,graph_theory,2,40,universal_claim,counterexample,new_strategy_only,20,15,15,14,3,4,5
34,53,58,63,71,13,unsolvedmath-kou-21.35,unsolvedmath:unsolvedmath-kou-21.35,Kourovka Notebook Problem 21.35,UnsolvedMath,group_theory,2,40,universal_claim,counterexample,new_strategy_only,12,15,18,14,3,4,5
35,52,59,66,63,4,unsolvedmath-opg-165,unsolvedmath:unsolvedmath-opg-165,Ryser's conjecture,UnsolvedMath,graph_theory,2,40,universal_claim,counterexample,needs_status_audit,18,15,7,12,2,7,2
36,52,59,66,62,3,unsolvedmath-opg-313,unsolvedmath:unsolvedmath-opg-313,The Crossing Number of the Hypercube,UnsolvedMath,graph_theory,1,20,universal_claim,counterexample,modeling_candidate,18,15,9,14,0,4,2
37,52,59,66,62,3,unsolvedmath-opg-37271,unsolvedmath:unsolvedmath-opg-37271,Star chromatic index of cubic graphs,UnsolvedMath,graph_theory,1,20,universal_claim,counterexample,needs_status_audit,18,15,8,12,0,7,2
38,52,59,66,62,3,unsolvedmath-opg-401,unsolvedmath:unsolvedmath-opg-401,Circular coloring triangle-free subcubic planar graphs,UnsolvedMath,graph_theory,1,20,universal_claim,counterexample,needs_status_audit,18,15,8,12,0,7,2
39,52,57,62,78,21,unsolvedmath-opg-37396,unsolvedmath:unsolvedmath-opg-37396,"3 is a primitive root modulo primes of the form 16 q^4 + 1, where q>3 is prime",UnsolvedMath,number_theory,1,20,universal_claim,counterexample,new_strategy_only,20,15,15,16,3,4,5
40,52,57,62,77,20,unsolvedmath-opg-46613,unsolvedmath:unsolvedmath-opg-46613,Partition of a cubic 3-connected graphs into paths of length 2.,UnsolvedMath,graph_theory,1,20,universal_claim,counterexample,new_strategy_only,20,15,15,14,3,5,5
41,52,57,62,76,19,unsolvedmath-kou-21.25,unsolvedmath:unsolvedmath-kou-21.25,Kourovka Notebook Problem 21.25,UnsolvedMath,group_theory,2,40,universal_claim,counterexample,new_strategy_only,20,15,15,14,3,4,5
42,52,57,62,76,19,unsolvedmath-opg-60029,unsolvedmath:unsolvedmath-opg-60029,Cycle Double Covers Containing Predefined 2-Regular Subgraphs,UnsolvedMath,graph_theory,2,40,universal_claim,counterexample,new_strategy_only,20,15,15,14,3,4,5
43,52,57,62,76,19,unsolvedmath-opg-543,unsolvedmath:unsolvedmath-opg-543,The intersection of two perfect matchings,UnsolvedMath,graph_theory,1,20,universal_claim,counterexample,new_strategy_only,20,15,15,14,3,4,5
44,51,60,69,67,7,formal-conjectures-agrawal-conjecture-variants-popovych,formal_conjectures:formal-conjectures-agrawal-conjecture-variants-popovych,Formal Conjectures: agrawal_conjecture.variants.popovych,Google DeepMind Formal Conjectures,research_mathematics,,50,universal_claim,counterexample,needs_status_audit,20,15,10,13,1,4,4
45,51,58,65,62,4,unsolvedmath-kou-21.100,unsolvedmath:unsolvedmath-kou-21.100,Kourovka Notebook Problem 21.100,UnsolvedMath,group_theory,2,40,universal_claim,counterexample,needs_status_audit,18,15,9,14,0,4,2
46,51,58,65,61,3,unsolvedmath-opg-145,unsolvedmath:unsolvedmath-opg-145,Acyclic edge-colouring,UnsolvedMath,graph_theory,1,20,universal_claim,counterexample,needs_status_audit,18,15,8,12,0,6,2
47,51,56,61,76,20,unsolvedmath-opg-37038,unsolvedmath:unsolvedmath-opg-37038,Domination in cubic graphs,UnsolvedMath,graph_theory,1,20,universal_claim,counterexample,new_strategy_only,20,15,15,14,3,4,5
48,50,58,66,61,3,unsolvedmath-ep-193,erdos:193,Erdős Problem #193,UnsolvedMath,combinatorics,1,20,universal_claim,counterexample,modeling_candidate,18,15,9,14,0,3,2
49,50,58,66,61,3,unsolvedmath-ep-41,erdos:41,Erdős Problem #41,UnsolvedMath,combinatorics,1,20,universal_claim,counterexample,modeling_candidate,18,15,9,16,0,1,2
50,50,58,66,61,3,unsolvedmath-ep-627,erdos:627,Erdős Problem #627,UnsolvedMath,graph_theory,1,20,universal_claim,counterexample,modeling_candidate,18,15,8,14,0,4,2
51,50,57,64,64,7,formal-conjectures-conjecture141,formal_conjectures:formal-conjectures-conjecture141,Formal Conjectures: conjecture141,Google DeepMind Formal Conjectures,research_mathematics,,50,universal_claim,counterexample,needs_status_audit,20,15,11,9,0,5,4
52,50,57,64,63,6,unsolvedmath-guy-a20,unsolvedmath:unsolvedmath-guy-a20,Density of Symmetric Primes,UnsolvedMath,number_theory,3,60,equivalence_claim,counterexample,modeling_candidate,18,15,9,14,1,4,2
53,50,57,64,61,4,unsolvedmath-kou-21.33,unsolvedmath:unsolvedmath-kou-21.33,Kourovka Notebook Problem 21.33,UnsolvedMath,group_theory,2,40,universal_claim,counterexample,modeling_candidate,18,15,9,14,0,3,2
54,50,57,64,61,4,unsolvedmath-kou-21.6,unsolvedmath:unsolvedmath-kou-21.6,Kourovka Notebook Problem 21.6,UnsolvedMath,group_theory,2,40,universal_claim,counterexample,modeling_candidate,18,15,9,16,0,1,2
55,50,57,64,61,4,unsolvedmath-opg-46359,unsolvedmath:unsolvedmath-opg-46359,Directed path of length twice the minimum outdegree,UnsolvedMath,graph_theory,2,40,universal_claim,counterexample,needs_status_audit,18,15,8,12,0,6,2
56,50,57,64,61,4,unsolvedmath-opg-46460,unsolvedmath:unsolvedmath-opg-46460,Long directed cycles in diregular digraphs,UnsolvedMath,graph_theory,2,40,universal_claim,counterexample,needs_status_audit,18,15,8,12,0,6,2
57,50,57,64,61,4,unsolvedmath-opg-47282,unsolvedmath:unsolvedmath-opg-47282,Hoàng-Reed Conjecture,UnsolvedMath,graph_theory,2,40,universal_claim,counterexample,needs_status_audit,18,15,8,12,0,6,2
58,50,57,64,61,4,unsolvedmath-opg-550,unsolvedmath:unsolvedmath-opg-550,Coloring and immersion,UnsolvedMath,graph_theory,2,40,universal_claim,counterexample,needs_status_audit,18,15,9,14,0,3,2
59,50,57,64,61,4,unsolvedmath-opg-616,unsolvedmath:unsolvedmath-opg-616,Coloring the Odd Distance Graph,UnsolvedMath,graph_theory,2,40,equivalence_claim,counterexample,modeling_candidate,18,15,10,14,0,2,2
60,50,57,64,60,3,unsolvedmath-opg-155,unsolvedmath:unsolvedmath-opg-155,Olson's Conjecture,UnsolvedMath,number_theory,1,20,equivalence_claim,counterexample,needs_status_audit,18,15,10,12,0,3,2
61,50,57,64,60,3,unsolvedmath-opg-37420,unsolvedmath:unsolvedmath-opg-37420,Minimal graphs with a prescribed number of spanning trees,UnsolvedMath,graph_theory,1,20,equivalence_claim,counterexample,modeling_candidate,18,15,9,14,0,2,2
62,50,57,64,60,3,unsolvedmath-opg-46606,unsolvedmath:unsolvedmath-opg-46606,Decomposing an eulerian graph into cycles with no two consecutives edges on a prescribed eulerian tour.,UnsolvedMath,graph_theory,1,20,universal_claim,counterexample,needs_status_audit,18,15,8,12,0,5,2
63,50,57,64,60,3,unsolvedmath-opg-478,unsolvedmath:unsolvedmath-opg-478,Rainbow AP(4) in an almost equinumerous coloring,UnsolvedMath,combinatorics,1,20,universal_claim,counterexample,modeling_candidate,18,15,9,14,0,2,2
64,50,57,64,60,3,unsolvedmath-opg-59911,unsolvedmath:unsolvedmath-opg-59911,Forcing a 2-regular minor,UnsolvedMath,graph_theory,1,20,universal_claim,counterexample,needs_status_audit,18,15,8,12,0,5,2
65,50,57,64,60,3,unsolvedmath-opg-618,unsolvedmath:unsolvedmath-opg-618,Monotone 4-term Arithmetic Progressions,UnsolvedMath,combinatorics,1,20,universal_claim,counterexample,modeling_candidate,18,15,9,14,0,2,2
66,50,55,60,76,21,unsolvedmath-opg-128,unsolvedmath:unsolvedmath-opg-128,3-flow conjecture,UnsolvedMath,graph_theory,2,40,universal_claim,counterexample,new_strategy_only,20,15,15,14,3,4,5
67,50,55,60,76,21,unsolvedmath-opg-154,unsolvedmath:unsolvedmath-opg-154,Jorgensen's Conjecture,UnsolvedMath,graph_theory,2,40,universal_claim,counterexample,new_strategy_only,20,15,15,14,3,4,5
68,50,55,60,76,21,unsolvedmath-opg-161,unsolvedmath:unsolvedmath-opg-161,Hamiltonian paths and cycles in vertex transitive graphs,UnsolvedMath,graph_theory,2,40,universal_claim,counterexample,new_strategy_only,20,15,15,14,3,4,5
69,50,55,60,76,21,unsolvedmath-opg-385,unsolvedmath:unsolvedmath-opg-385,Barnette's Conjecture,UnsolvedMath,graph_theory,2,40,universal_claim,counterexample,new_strategy_only,20,15,15,14,3,4,5
70,50,55,60,76,21,unsolvedmath-opg-37404,unsolvedmath:unsolvedmath-opg-37404,Sum of prime and semiprime conjecture,UnsolvedMath,number_theory,1,20,universal_claim,counterexample,new_strategy_only,20,15,15,14,3,4,5
71,49,57,65,60,3,unsolvedmath-ep-561,erdos:561,Erdős Problem #561,UnsolvedMath,graph_theory,1,20,universal_claim,counterexample,needs_status_audit,18,15,8,12,0,5,2
72,49,56,63,66,10,unsolvedmath-graph-005,unsolvedmath:unsolvedmath-graph-005,Lovász Conjecture,UnsolvedMath,graph_theory,4,80,universal_claim,counterexample,needs_status_audit,18,15,10,16,2,3,2
73,49,56,63,66,10,unsolvedmath-graph-008,unsolvedmath:unsolvedmath-graph-008,Cereceda's Conjecture,UnsolvedMath,graph_theory,4,80,universal_claim,counterexample,needs_status_audit,18,15,10,16,0,5,2
74,49,56,63,63,7,formal-conjectures-crystals-components-unique,formal_conjectures:formal-conjectures-crystals-components-unique,Formal Conjectures: crystals_components_unique,Google DeepMind Formal Conjectures,research_mathematics,,50,universal_claim,counterexample,needs_status_audit,20,15,11,9,0,4,4
75,49,56,63,62,6,unsolvedmath-graph-055,unsolvedmath:unsolvedmath-graph-055,Teschner's Bondage Number Conjecture,UnsolvedMath,graph_theory,3,60,universal_claim,counterexample,needs_status_audit,18,15,8,12,0,7,2
76,49,56,63,60,4,unsolvedmath-kou-21.63,unsolvedmath:unsolvedmath-kou-21.63,Kourovka Notebook Problem 21.63,UnsolvedMath,group_theory,2,40,universal_claim,counterexample,modeling_candidate,18,15,8,14,1,2,2
77,49,56,63,60,4,unsolvedmath-opg-140,unsolvedmath:unsolvedmath-opg-140,Faithful cycle covers,UnsolvedMath,graph_theory,2,40,universal_claim,counterexample,needs_status_audit,18,15,7,14,1,3,2
78,49,56,63,60,4,unsolvedmath-opg-1808,unsolvedmath:unsolvedmath-opg-1808,Monochromatic reachability or rainbow triangles,UnsolvedMath,graph_theory,2,40,universal_claim,counterexample,needs_status_audit,18,15,8,12,0,5,2
79,49,56,63,60,4,unsolvedmath-opg-2110,unsolvedmath:unsolvedmath-opg-2110,Edge list coloring conjecture,UnsolvedMath,graph_theory,2,40,equivalence_claim,counterexample,needs_status_audit,18,15,8,12,0,5,2
80,49,56,63,60,4,unsolvedmath-opg-46167,unsolvedmath:unsolvedmath-opg-46167,Oriented trees in n-chromatic digraphs,UnsolvedMath,graph_theory,2,40,universal_claim,counterexample,needs_status_audit,18,15,8,12,0,5,2
81,49,56,63,60,4,unsolvedmath-opg-646,unsolvedmath:unsolvedmath-opg-646,Seymour's Second Neighbourhood Conjecture,UnsolvedMath,graph_theory,2,40,universal_claim,counterexample,needs_status_audit,18,15,8,12,0,5,2
82,49,56,63,59,3,unsolvedmath-opg-34839,unsolvedmath:unsolvedmath-opg-34839,Double-critical graph conjecture,UnsolvedMath,graph_theory,1,20,universal_claim,counterexample,needs_status_audit,18,15,8,12,0,4,2
83,49,56,63,59,3,unsolvedmath-opg-37163,unsolvedmath:unsolvedmath-opg-37163,Friendly partitions,UnsolvedMath,graph_theory,1,20,universal_claim,counterexample,modeling_candidate,18,15,7,14,1,2,2
84,49,56,63,59,3,unsolvedmath-opg-407,unsolvedmath:unsolvedmath-opg-407,Laplacian Degrees of a Graph,UnsolvedMath,graph_theory,1,20,equivalence_claim,counterexample,needs_status_audit,18,15,8,12,0,4,2
85,49,56,63,59,3,unsolvedmath-opg-46279,unsolvedmath:unsolvedmath-opg-46279,Antidirected trees in digraphs,UnsolvedMath,graph_theory,1,20,universal_claim,counterexample,needs_status_audit,18,15,8,12,0,4,2
86,49,56,63,59,3,unsolvedmath-opg-52197,unsolvedmath:unsolvedmath-opg-52197,Large acyclic induced subdigraph in a planar oriented graph.,UnsolvedMath,graph_theory,1,20,universal_claim,counterexample,needs_status_audit,18,15,8,12,0,4,2
87,49,56,63,59,3,unsolvedmath-opg-735,unsolvedmath:unsolvedmath-opg-735,End-Devouring Rays,UnsolvedMath,graph_theory,1,20,equivalence_claim,counterexample,modeling_candidate,18,15,9,14,0,1,2
88,49,54,59,76,22,unsolvedmath-opg-55810,unsolvedmath:unsolvedmath-opg-55810,Are all Fermat Numbers square-free?,UnsolvedMath,number_theory,2,40,universal_claim,counterexample,new_strategy_only,20,15,15,14,3,4,5
89,48,56,64,59,3,unsolvedmath-ep-1094,erdos:1094,Erdős Problem #1094,UnsolvedMath,number_theory,1,20,universal_claim,counterexample,modeling_candidate,18,15,8,12,3,1,2
90,48,56,64,59,3,unsolvedmath-ep-129,erdos:129,Erdős Problem #129,UnsolvedMath,graph_theory,1,20,equivalence_claim,counterexample,modeling_candidate,18,15,7,12,2,3,2
91,48,56,64,59,3,unsolvedmath-ep-151,erdos:151,Erdős Problem #151,UnsolvedMath,graph_theory,1,20,universal_claim,counterexample,needs_status_audit,18,15,7,12,0,5,2
92,48,56,64,59,3,unsolvedmath-ep-241,erdos:241,Erdős Problem #241,UnsolvedMath,combinatorics,1,20,universal_claim,counterexample,modeling_candidate,18,15,7,12,0,5,2
93,48,56,64,59,3,unsolvedmath-ep-612,erdos:612,Erdős Problem #612,UnsolvedMath,graph_theory,1,20,universal_claim,counterexample,modeling_candidate,18,15,8,12,0,4,2
94,48,55,62,62,7,formal-conjectures-lander-parkin-selfridge,formal_conjectures:formal-conjectures-lander-parkin-selfridge,Formal Conjectures: lander_parkin_selfridge,Google DeepMind Formal Conjectures,research_mathematics,,50,universal_claim,counterexample,needs_status_audit,20,15,9,9,1,4,4
95,48,55,62,61,6,unsolvedmath-graph-016,unsolvedmath:unsolvedmath-graph-016,Conway's Thrackle Conjecture,UnsolvedMath,graph_theory,3,60,universal_claim,counterexample,needs_status_audit,18,15,8,12,2,4,2
96,48,55,62,61,6,unsolvedmath-kou-21.68,unsolvedmath:unsolvedmath-kou-21.68,Kourovka Notebook Problem 21.68,UnsolvedMath,group_theory,3,60,universal_claim,counterexample,needs_status_audit,18,15,9,14,0,3,2
97,48,55,62,59,4,unsolvedmath-kou-21.52,unsolvedmath:unsolvedmath-kou-21.52,Kourovka Notebook Problem 21.52,UnsolvedMath,group_theory,2,40,universal_claim,counterexample,modeling_candidate,18,15,9,14,0,1,2
98,48,55,62,59,4,unsolvedmath-kou-21.53,unsolvedmath:unsolvedmath-kou-21.53,Kourovka Notebook Problem 21.53,UnsolvedMath,group_theory,2,40,universal_claim,counterexample,modeling_candidate,18,15,9,14,0,1,2
99,48,55,62,59,4,unsolvedmath-kou-21.84,unsolvedmath:unsolvedmath-kou-21.84,Kourovka Notebook Problem 21.84,UnsolvedMath,group_theory,2,40,universal_claim,counterexample,modeling_candidate,18,15,9,14,0,1,2
100,48,55,62,59,4,unsolvedmath-opg-170,unsolvedmath:unsolvedmath-opg-170,Linial-Berge path partition duality,UnsolvedMath,graph_theory,2,40,universal_claim,counterexample,needs_status_audit,18,15,7,12,0,5,2
101,48,55,62,59,4,unsolvedmath-opg-307,unsolvedmath:unsolvedmath-opg-307,The Crossing Number of the Complete Graph,UnsolvedMath,graph_theory,2,40,universal_claim,counterexample,needs_status_audit,18,15,7,12,0,5,2
102,48,55,62,59,4,unsolvedmath-opg-310,unsolvedmath:unsolvedmath-opg-310,The Crossing Number of the Complete Bipartite Graph,UnsolvedMath,graph_theory,2,40,universal_claim,counterexample,needs_status_audit,18,15,7,12,0,5,2
103,48,55,62,59,4,unsolvedmath-opg-37117,unsolvedmath:unsolvedmath-opg-37117,Are different notions of the crossing number the same?,UnsolvedMath,graph_theory,2,40,universal_claim,counterexample,needs_status_audit,18,15,7,12,0,5,2
104,48,55,62,59,4,unsolvedmath-opg-48368,unsolvedmath:unsolvedmath-opg-48368,Are almost all graphs determined by their spectrum?,UnsolvedMath,graph_theory,2,40,universal_claim,counterexample,modeling_candidate,18,15,9,14,0,1,2
105,48,55,62,59,4,unsolvedmath-opg-690,unsolvedmath:unsolvedmath-opg-690,Strong matchings and covers,UnsolvedMath,graph_theory,2,40,universal_claim,counterexample,modeling_candidate,18,15,9,14,0,1,2
106,48,55,62,59,4,unsolvedmath-opg-798,unsolvedmath:unsolvedmath-opg-798,Degenerate colorings of planar graphs,UnsolvedMath,graph_theory,2,40,universal_claim,counterexample,needs_status_audit,18,15,8,12,0,4,2
107,48,55,62,58,3,unsolvedmath-opg-135,unsolvedmath:unsolvedmath-opg-135,Real roots of the flow polynomial,UnsolvedMath,graph_theory,1,20,universal_claim,counterexample,needs_status_audit,18,15,7,12,0,4,2
108,48,55,62,58,3,unsolvedmath-opg-37226,unsolvedmath:unsolvedmath-opg-37226,Sequence defined on multisets,UnsolvedMath,combinatorics,1,20,universal_claim,counterexample,needs_status_audit,18,15,8,12,0,3,2
109,48,55,62,58,3,unsolvedmath-opg-37305,unsolvedmath:unsolvedmath-opg-37305,Extremal problem on the number of tree endomorphism,UnsolvedMath,graph_theory,1,20,universal_claim,counterexample,needs_status_audit,18,15,7,12,0,4,2
110,48,55,62,58,3,unsolvedmath-opg-37907,unsolvedmath:unsolvedmath-opg-37907,Mixing Circular Colourings,UnsolvedMath,graph_theory,1,20,universal_claim,counterexample,needs_status_audit,18,15,7,12,0,4,2
111,48,55,62,58,3,unsolvedmath-opg-426,unsolvedmath:unsolvedmath-opg-426,Long rainbow arithmetic progressions,UnsolvedMath,combinatorics,1,20,universal_claim,counterexample,modeling_candidate,18,15,7,14,1,1,2
112,48,55,62,58,3,unsolvedmath-opg-46634,unsolvedmath:unsolvedmath-opg-46634,Large induced forest in a planar graph.,UnsolvedMath,graph_theory,1,20,universal_claim,counterexample,needs_status_audit,18,15,7,12,0,4,2
113,48,55,62,58,3,unsolvedmath-opg-46824,unsolvedmath:unsolvedmath-opg-46824,Odd-cycle transversal in triangle-free graphs,UnsolvedMath,graph_theory,1,20,universal_claim,counterexample,needs_status_audit,18,15,7,12,0,4,2
114,48,55,62,58,3,unsolvedmath-opg-46837,unsolvedmath:unsolvedmath-opg-46837,Triangle-packing vs triangle edge-transversal.,UnsolvedMath,graph_theory,1,20,universal_claim,counterexample,needs_status_audit,18,15,7,12,0,4,2
115,48,55,62,58,3,unsolvedmath-opg-50631,unsolvedmath:unsolvedmath-opg-50631,Cyclic spanning subdigraph with small cyclomatic number,UnsolvedMath,graph_theory,1,20,universal_claim,counterexample,needs_status_audit,18,15,7,12,0,4,2
116,48,53,58,81,28,unsolvedmath-nt-035,unsolvedmath:unsolvedmath-nt-035,Lehmer's Totient Problem,UnsolvedMath,number_theory,4,80,universal_claim,counterexample,new_strategy_only,20,15,16,16,3,6,5
117,48,53,58,77,24,unsolvedmath-nt-053,unsolvedmath:unsolvedmath-nt-053,Is 10 a Solitary Number?,UnsolvedMath,number_theory,3,60,universal_claim,counterexample,new_strategy_only,20,15,16,14,3,4,5
118,48,53,58,74,21,unsolvedmath-opg-636,unsolvedmath:unsolvedmath-opg-636,Even vs. odd latin squares,UnsolvedMath,combinatorics,2,40,universal_claim,counterexample,new_strategy_only,12,15,18,16,3,5,5
119,48,53,58,73,20,unsolvedmath-opg-37670,unsolvedmath:unsolvedmath-opg-37670,The Borodin-Kostochka Conjecture,UnsolvedMath,graph_theory,1,20,universal_claim,counterexample,new_strategy_only,12,15,16,14,3,8,5
120,48,53,58,70,17,unsolvedmath-kou-21.130,unsolvedmath:unsolvedmath-kou-21.130,Kourovka Notebook Problem 21.130,UnsolvedMath,group_theory,3,60,universal_claim,counterexample,new_strategy_only,12,15,15,16,3,4,5
121,47,55,63,60,5,unsolvedmath-ep-677,erdos:677,Erdős Problem #677,UnsolvedMath,number_theory,1,20,universal_claim,counterexample,needs_status_audit,18,15,8,10,3,4,2
122,47,55,63,58,3,unsolvedmath-ep-148,erdos:148,Erdős Problem #148,UnsolvedMath,number_theory,1,20,equivalence_claim,counterexample,needs_status_audit,18,15,7,10,0,6,2
123,47,55,63,58,3,unsolvedmath-ep-247,erdos:247,Erdős Problem #247,UnsolvedMath,number_theory,1,20,equivalence_claim,counterexample,modeling_candidate,18,15,9,12,0,2,2
124,47,55,63,58,3,unsolvedmath-ep-269,erdos:269,Erdős Problem #269,UnsolvedMath,number_theory,1,20,equivalence_claim,counterexample,modeling_candidate,18,15,9,12,0,2,2
125,47,55,63,58,3,unsolvedmath-ep-454,erdos:454,Erdős Problem #454,UnsolvedMath,number_theory,1,20,equivalence_claim,counterexample,modeling_candidate,18,15,9,12,0,2,2
126,47,55,63,58,3,unsolvedmath-ep-488,erdos:488,Erdős Problem #488,UnsolvedMath,number_theory,1,20,universal_claim,counterexample,needs_status_audit,18,15,7,12,1,3,2
127,47,55,63,58,3,unsolvedmath-ep-533,erdos:533,Erdős Problem #533,UnsolvedMath,graph_theory,1,20,universal_claim,counterexample,modeling_candidate,18,15,7,14,0,2,2
128,47,55,63,58,3,unsolvedmath-ep-557,erdos:557,Erdős Problem #557,UnsolvedMath,graph_theory,1,20,universal_claim,counterexample,modeling_candidate,18,15,8,12,0,3,2
129,47,55,63,58,3,unsolvedmath-ep-567,erdos:567,Erdős Problem #567,UnsolvedMath,graph_theory,1,20,universal_claim,counterexample,modeling_candidate,18,15,7,12,2,2,2
130,47,55,63,58,3,unsolvedmath-ep-60,erdos:60,Erdős Problem #60,UnsolvedMath,number_theory,1,20,universal_claim,counterexample,modeling_candidate,18,15,9,12,0,2,2
131,47,55,63,58,3,unsolvedmath-ep-891,erdos:891,Erdős Problem #891,UnsolvedMath,number_theory,1,20,universal_claim,counterexample,modeling_candidate,18,15,8,12,1,2,2
132,47,54,61,67,13,unsolvedmath-guy-a10,unsolvedmath:unsolvedmath-guy-a10,Gilbreath's Conjecture,UnsolvedMath,number_theory,3,60,universal_claim,counterexample,new_strategy_only,18,15,10,14,3,3,4
133,47,54,61,64,10,unsolvedmath-alg-014,unsolvedmath:unsolvedmath-alg-014,McKay Conjecture,UnsolvedMath,algebra,4,80,equivalence_claim,counterexample,needs_status_audit,18,15,9,12,2,6,2
134,47,54,61,64,10,unsolvedmath-graph-018,unsolvedmath:unsolvedmath-graph-018,Harborth's Conjecture,UnsolvedMath,graph_theory,4,80,universal_claim,counterexample,needs_status_audit,18,15,9,14,2,4,2
135,47,54,61,62,8,unsolvedmath-opg-439,unsolvedmath:unsolvedmath-opg-439,Graceful Tree Conjecture,UnsolvedMath,graph_theory,2,40,universal_claim,counterexample,new_strategy_only,18,15,10,12,0,3,4
136,47,54,61,60,6,unsolvedmath-kou-21.56,unsolvedmath:unsolvedmath-kou-21.56,Kourovka Notebook Problem 21.56,UnsolvedMath,group_theory,3,60,equivalence_claim,counterexample,needs_status_audit,18,15,7,12,0,6,2
137,47,54,61,58,4,unsolvedmath-green-063,unsolvedmath:unsolvedmath-green-063,Solutions to Polynomial Equations in Dense Sets,UnsolvedMath,number_theory,2,40,equivalence_claim,counterexample,needs_status_audit,18,15,8,10,0,5,2
138,47,54,61,58,4,unsolvedmath-green-099,unsolvedmath:unsolvedmath-green-099,Polynomial Solutions in Dense Sets,UnsolvedMath,number_theory,2,40,equivalence_claim,counterexample,needs_status_audit,18,15,8,10,0,5,2
139,47,54,61,58,4,unsolvedmath-green-100,unsolvedmath:unsolvedmath-green-100,Sofic Groups,UnsolvedMath,algebra,2,40,universal_claim,counterexample,needs_status_audit,18,15,8,12,0,3,2
140,47,54,61,58,4,unsolvedmath-kou-21.10,unsolvedmath:unsolvedmath-kou-21.10,Kourovka Notebook Problem 21.10,UnsolvedMath,group_theory,2,40,universal_claim,counterexample,needs_status_audit,18,15,8,12,0,3,2
141,47,54,61,58,4,unsolvedmath-kou-21.106,unsolvedmath:unsolvedmath-kou-21.106,Kourovka Notebook Problem 21.106,UnsolvedMath,group_theory,2,40,universal_claim,counterexample,needs_status_audit,18,15,8,12,0,3,2
142,47,54,61,58,4,unsolvedmath-kou-21.114,unsolvedmath:unsolvedmath-kou-21.114,Kourovka Notebook Problem 21.114,UnsolvedMath,group_theory,2,40,universal_claim,counterexample,needs_status_audit,18,15,7,12,0,4,2
143,47,54,61,58,4,unsolvedmath-kou-21.57,unsolvedmath:unsolvedmath-kou-21.57,Kourovka Notebook Problem 21.57,UnsolvedMath,group_theory,2,40,universal_claim,counterexample,needs_status_audit,18,15,8,12,0,3,2
144,47,54,61,58,4,unsolvedmath-opg-153,unsolvedmath:unsolvedmath-opg-153,Highly connected graphs with no K_n minor,UnsolvedMath,graph_theory,2,40,universal_claim,counterexample,modeling_candidate,18,15,7,14,1,1,2
145,47,54,61,58,4,unsolvedmath-opg-37068,unsolvedmath:unsolvedmath-opg-37068,Crossing numbers and coloring,UnsolvedMath,graph_theory,2,40,universal_claim,counterexample,needs_status_audit,18,15,7,12,0,4,2
146,47,54,61,57,3,unsolvedmath-opg-134,unsolvedmath:unsolvedmath-opg-134,A homomorphism problem for flows,UnsolvedMath,graph_theory,1,20,universal_claim,counterexample,needs_status_audit,18,15,7,12,0,3,2
147,47,54,61,57,3,unsolvedmath-opg-2040,unsolvedmath:unsolvedmath-opg-2040,Circular colouring the orthogonality graph,UnsolvedMath,graph_theory,1,20,universal_claim,counterexample,needs_status_audit,18,15,7,12,0,3,2
148,47,54,61,57,3,unsolvedmath-opg-2063,unsolvedmath:unsolvedmath-opg-2063,Wide partition conjecture,UnsolvedMath,combinatorics,1,20,equivalence_claim,counterexample,needs_status_audit,18,15,7,12,0,3,2
149,47,54,61,57,3,unsolvedmath-opg-322,unsolvedmath:unsolvedmath-opg-322,Drawing disconnected graphs on surfaces,UnsolvedMath,graph_theory,1,20,universal_claim,counterexample,needs_status_audit,18,15,7,12,0,3,2
150,47,54,61,57,3,unsolvedmath-opg-34915,unsolvedmath:unsolvedmath-opg-34915,3-Colourability of Arrangements of Great Circles,UnsolvedMath,graph_theory,1,20,universal_claim,counterexample,needs_status_audit,18,15,7,12,0,3,2
151,47,54,61,57,3,unsolvedmath-opg-36939,unsolvedmath:unsolvedmath-opg-36939,Are vertex minor closed classes chi-bounded?,UnsolvedMath,graph_theory,1,20,universal_claim,counterexample,needs_status_audit,18,15,7,12,0,3,2
152,47,54,61,57,3,unsolvedmath-opg-46443,unsolvedmath:unsolvedmath-opg-46443,Stable set meeting all longest directed paths.,UnsolvedMath,graph_theory,1,20,universal_claim,counterexample,needs_status_audit,18,15,7,12,0,3,2
153,47,54,61,57,3,unsolvedmath-opg-46538,unsolvedmath:unsolvedmath-opg-46538,Do any three longest paths in a connected graph have a vertex in common?,UnsolvedMath,graph_theory,1,20,universal_claim,counterexample,needs_status_audit,18,15,7,12,0,3,2
154,47,54,61,57,3,unsolvedmath-opg-46943,unsolvedmath:unsolvedmath-opg-46943,Every 4-connected toroidal graph has a Hamilton cycle,UnsolvedMath,graph_theory,1,20,universal_claim,counterexample,needs_status_audit,18,15,7,12,0,3,2
155,47,54,61,57,3,unsolvedmath-opg-46951,unsolvedmath:unsolvedmath-opg-46951,Switching reconstruction conjecture,UnsolvedMath,graph_theory,1,20,universal_claim,counterexample,needs_status_audit,18,15,7,12,0,3,2
156,47,54,61,57,3,unsolvedmath-opg-47285,unsolvedmath:unsolvedmath-opg-47285,Every prism over a 3-connected planar graph is hamiltonian.,UnsolvedMath,graph_theory,1,20,universal_claim,counterexample,needs_status_audit,18,15,7,12,0,3,2
157,47,54,61,57,3,unsolvedmath-opg-47294,unsolvedmath:unsolvedmath-opg-47294,4-connected graphs are not uniquely hamiltonian,UnsolvedMath,graph_theory,1,20,universal_claim,counterexample,needs_status_audit,18,15,7,12,0,3,2
158,47,54,61,57,3,unsolvedmath-opg-47356,unsolvedmath:unsolvedmath-opg-47356,Hamilton decomposition of prisms over 3-connected cubic planar graphs,UnsolvedMath,graph_theory,1,20,universal_claim,counterexample,needs_status_audit,18,15,7,12,0,3,2
159,47,54,61,57,3,unsolvedmath-opg-47651,unsolvedmath:unsolvedmath-opg-47651,Decomposing k-arc-strong tournament into k spanning strong digraphs,UnsolvedMath,graph_theory,1,20,universal_claim,counterexample,needs_status_audit,18,15,7,12,0,3,2
160,47,54,61,57,3,unsolvedmath-opg-49573,unsolvedmath:unsolvedmath-opg-49573,Arc-disjoint directed cycles in regular directed graphs,UnsolvedMath,graph_theory,1,20,universal_claim,counterexample,needs_status_audit,18,15,7,12,0,3,2
161,47,54,61,57,3,unsolvedmath-opg-56449,unsolvedmath:unsolvedmath-opg-56449,List Total Colouring Conjecture,UnsolvedMath,graph_theory,1,20,equivalence_claim,counterexample,needs_status_audit,18,15,7,12,0,3,2
162,47,54,61,57,3,unsolvedmath-opg-57613,unsolvedmath:unsolvedmath-opg-57613,Imbalance conjecture,UnsolvedMath,graph_theory,1,20,universal_claim,counterexample,needs_status_audit,18,15,7,12,0,3,2
163,47,54,61,57,3,unsolvedmath-opg-59908,unsolvedmath:unsolvedmath-opg-59908,Fractional Hadwiger,UnsolvedMath,graph_theory,1,20,universal_claim,counterexample,needs_status_audit,18,15,7,12,0,3,2
164,47,54,61,57,3,unsolvedmath-opg-671,unsolvedmath:unsolvedmath-opg-671,MacEachen Conjecture,UnsolvedMath,number_theory,1,20,universal_claim,counterexample,needs_status_audit,18,15,8,10,0,4,2
165,47,54,61,57,3,unsolvedmath-opg-691,unsolvedmath:unsolvedmath-opg-691,Highly arc transitive two ended digraphs,UnsolvedMath,graph_theory,1,20,universal_claim,counterexample,needs_status_audit,18,15,7,12,0,3,2
166,47,52,57,73,21,unsolvedmath-opg-1793,unsolvedmath:unsolvedmath-opg-1793,Non-edges vs. feedback edge sets in digraphs,UnsolvedMath,graph_theory,2,40,universal_claim,counterexample,new_strategy_only,12,15,16,14,3,8,5
167,47,52,57,72,20,unsolvedmath-opg-434,unsolvedmath:unsolvedmath-opg-434,Weak pentagon problem,UnsolvedMath,graph_theory,1,20,universal_claim,counterexample,new_strategy_only,16,15,15,14,3,4,5
168,47,52,57,69,17,unsolvedmath-opg-36907,unsolvedmath:unsolvedmath-opg-36907,Bounding the chromatic number of triangle-free graphs with fixed maximum degree,UnsolvedMath,graph_theory,1,20,classification_or_optimization,subclaim_decomposition,not_counterexample_target,8,15,16,14,3,8,5
169,46,54,62,57,3,unsolvedmath-ep-1029,erdos:1029,Erdős Problem #1029,UnsolvedMath,graph_theory,1,20,universal_claim,counterexample,modeling_candidate,18,15,8,12,0,2,2
170,46,54,62,57,3,unsolvedmath-ep-1068,erdos:1068,Erdős Problem #1068,UnsolvedMath,graph_theory,1,20,universal_claim,counterexample,modeling_candidate,18,15,8,12,0,2,2
171,46,54,62,57,3,unsolvedmath-ep-1107,erdos:1107,Erdős Problem #1107,UnsolvedMath,number_theory,1,20,universal_claim,counterexample,modeling_candidate,18,15,7,12,1,2,2
172,46,54,62,57,3,unsolvedmath-ep-146,erdos:146,Erdős Problem #146,UnsolvedMath,number_theory,1,20,universal_claim,counterexample,modeling_candidate,18,15,8,10,0,4,2
173,46,54,62,57,3,unsolvedmath-ep-243,erdos:243,Erdős Problem #243,UnsolvedMath,number_theory,1,20,universal_claim,counterexample,modeling_candidate,18,15,7,12,1,2,2
174,46,54,62,57,3,unsolvedmath-ep-264,erdos:264,Erdős Problem #264,UnsolvedMath,number_theory,1,20,universal_claim,counterexample,modeling_candidate,18,15,7,12,1,2,2
175,46,54,62,57,3,unsolvedmath-ep-341,erdos:341,Erdős Problem #341,UnsolvedMath,number_theory,1,20,equivalence_claim,counterexample,modeling_candidate,18,15,9,12,0,1,2
176,46,54,62,57,3,unsolvedmath-ep-432,erdos:432,Erdős Problem #432,UnsolvedMath,number_theory,1,20,universal_claim,counterexample,modeling_candidate,18,15,9,12,0,1,2
177,46,54,62,57,3,unsolvedmath-ep-461,erdos:461,Erdős Problem #461,UnsolvedMath,number_theory,1,20,universal_claim,counterexample,modeling_candidate,18,15,7,12,1,2,2
178,46,54,62,57,3,unsolvedmath-ep-52,erdos:52,Erdős Problem #52,UnsolvedMath,number_theory,1,20,universal_claim,counterexample,modeling_candidate,18,15,9,12,0,1,2
179,46,54,62,57,3,unsolvedmath-ep-554,erdos:554,Erdős Problem #554,UnsolvedMath,graph_theory,1,20,universal_claim,counterexample,modeling_candidate,18,15,8,12,0,2,2
180,46,54,62,57,3,unsolvedmath-ep-562,erdos:562,Erdős Problem #562,UnsolvedMath,number_theory,1,20,universal_claim,counterexample,needs_status_audit,18,15,8,10,0,4,2
181,46,54,62,57,3,unsolvedmath-ep-620,erdos:620,Erdős Problem #620,UnsolvedMath,graph_theory,1,20,universal_claim,counterexample,needs_status_audit,18,15,7,12,0,3,2
182,46,54,62,57,3,unsolvedmath-ep-77,erdos:77,Erdős Problem #77,UnsolvedMath,graph_theory,1,20,universal_claim,counterexample,modeling_candidate,18,15,8,12,0,2,2
183,46,54,62,57,3,unsolvedmath-ep-802,erdos:802,Erdős Problem #802,UnsolvedMath,graph_theory,1,20,universal_claim,counterexample,modeling_candidate,18,15,8,12,0,2,2
184,46,54,62,57,3,unsolvedmath-ep-84,erdos:84,Erdős Problem #84,UnsolvedMath,graph_theory,1,20,equivalence_claim,counterexample,modeling_candidate,18,15,7,12,0,3,2
185,46,54,62,57,3,unsolvedmath-ep-878,erdos:878,Erdős Problem #878,UnsolvedMath,number_theory,1,20,universal_claim,counterexample,needs_status_audit,18,15,8,10,0,4,2
186,46,54,62,57,3,unsolvedmath-ep-889,erdos:889,Erdős Problem #889,UnsolvedMath,number_theory,1,20,equivalence_claim,counterexample,modeling_candidate,18,15,8,12,0,2,2
187,46,54,62,57,3,unsolvedmath-ep-91,erdos:91,Erdős Problem #91,UnsolvedMath,number_theory,1,20,equivalence_claim,counterexample,modeling_candidate,18,15,8,10,0,4,2
188,46,53,60,71,18,unsolvedmath-opg-822,unsolvedmath:unsolvedmath-opg-822,Wall-Sun-Sun primes and Fibonacci divisibility,UnsolvedMath,number_theory,1,20,mixed_quantifiers,subclaim_decomposition,needs_atomic_split,4,15,16,18,9,4,5
189,46,53,60,63,10,unsolvedmath-graph-021,unsolvedmath:unsolvedmath-graph-021,Guy's Crossing Number Conjecture,UnsolvedMath,graph_theory,4,80,equivalence_claim,counterexample,needs_status_audit,18,15,8,14,2,4,2
190,46,53,60,63,10,unsolvedmath-graph-030,unsolvedmath:unsolvedmath-graph-030,Erdős-Gyárfás Conjecture,UnsolvedMath,graph_theory,4,80,universal_claim,counterexample,needs_status_audit,18,15,8,12,2,6,2
191,46,53,60,63,10,unsolvedmath-graph-038,unsolvedmath:unsolvedmath-graph-038,Tuza's Conjecture,UnsolvedMath,graph_theory,4,80,universal_claim,counterexample,needs_status_audit,18,15,7,12,2,7,2
192,46,53,60,62,9,unsolvedmath-opg-46575,unsolvedmath:unsolvedmath-opg-46575,Melnikov's valency-variety problem,UnsolvedMath,graph_theory,1,20,universal_claim,counterexample,needs_status_audit,18,15,8,12,0,7,2
193,46,53,60,59,6,unsolvedmath-game-008,unsolvedmath:unsolvedmath-game-008,Octal Games Periodicity,UnsolvedMath,combinatorics,3,60,universal_claim,counterexample,modeling_candidate,18,15,9,14,0,1,2
194,46,53,60,59,6,unsolvedmath-nt-060,unsolvedmath:unsolvedmath-nt-060,Recamán's Sequence Completeness,UnsolvedMath,number_theory,3,60,universal_claim,counterexample,needs_status_audit,18,15,9,12,0,3,2
195,46,53,60,57,4,unsolvedmath-green-032,unsolvedmath:unsolvedmath-green-032,Sums of Smooth Numbers,UnsolvedMath,number_theory,2,40,universal_claim,counterexample,needs_status_audit,18,15,8,10,0,4,2
196,46,53,60,57,4,unsolvedmath-kou-21.105,unsolvedmath:unsolvedmath-kou-21.105,Kourovka Notebook Problem 21.105,UnsolvedMath,group_theory,2,40,universal_claim,counterexample,needs_status_audit,18,15,7,12,0,3,2
197,46,53,60,57,4,unsolvedmath-kou-21.147,unsolvedmath:unsolvedmath-kou-21.147,Kourovka Notebook Problem 21.147,UnsolvedMath,group_theory,2,40,universal_claim,counterexample,modeling_candidate,18,15,8,12,0,2,2
198,46,53,60,57,4,unsolvedmath-kou-21.148,unsolvedmath:unsolvedmath-kou-21.148,Kourovka Notebook Problem 21.148,UnsolvedMath,group_theory,2,40,equivalence_claim,counterexample,modeling_candidate,18,15,8,12,0,2,2
199,46,53,60,57,4,unsolvedmath-kou-21.27,unsolvedmath:unsolvedmath-kou-21.27,Kourovka Notebook Problem 21.27,UnsolvedMath,group_theory,2,40,universal_claim,counterexample,needs_status_audit,18,15,7,12,0,3,2
200,46,53,60,57,4,unsolvedmath-kou-21.36,unsolvedmath:unsolvedmath-kou-21.36,Kourovka Notebook Problem 21.36,UnsolvedMath,group_theory,2,40,universal_claim,counterexample,modeling_candidate,18,15,7,14,0,1,2
201,46,53,60,57,4,unsolvedmath-kou-21.4,unsolvedmath:unsolvedmath-kou-21.4,Kourovka Notebook Problem 21.4,UnsolvedMath,group_theory,2,40,universal_claim,counterexample,needs_status_audit,18,15,7,12,0,3,2
202,46,53,60,57,4,unsolvedmath-kou-21.41,unsolvedmath:unsolvedmath-kou-21.41,Kourovka Notebook Problem 21.41,UnsolvedMath,group_theory,2,40,equivalence_claim,counterexample,needs_status_audit,18,15,7,12,0,3,2
203,46,53,60,57,4,unsolvedmath-kou-21.50,unsolvedmath:unsolvedmath-kou-21.50,Kourovka Notebook Problem 21.50,UnsolvedMath,group_theory,2,40,universal_claim,counterexample,needs_status_audit,18,15,7,12,0,3,2
204,46,53,60,57,4,unsolvedmath-kou-21.55,unsolvedmath:unsolvedmath-kou-21.55,Kourovka Notebook Problem 21.55,UnsolvedMath,group_theory,2,40,equivalence_claim,counterexample,modeling_candidate,18,15,7,12,0,3,2
205,46,53,60,57,4,unsolvedmath-kou-21.60,unsolvedmath:unsolvedmath-kou-21.60,Kourovka Notebook Problem 21.60,UnsolvedMath,group_theory,2,40,equivalence_claim,counterexample,needs_status_audit,18,15,7,12,0,3,2
206,46,53,60,57,4,unsolvedmath-kou-21.70,unsolvedmath:unsolvedmath-kou-21.70,Kourovka Notebook Problem 21.70,UnsolvedMath,group_theory,2,40,universal_claim,counterexample,needs_status_audit,18,15,7,12,0,3,2
207,46,53,60,57,4,unsolvedmath-kou-21.85,unsolvedmath:unsolvedmath-kou-21.85,Kourovka Notebook Problem 21.85,UnsolvedMath,group_theory,2,40,universal_claim,counterexample,needs_status_audit,18,15,7,12,0,3,2
208,46,53,60,57,4,unsolvedmath-opg-131,unsolvedmath:unsolvedmath-opg-131,Bouchet's 6-flow conjecture,UnsolvedMath,graph_theory,2,40,universal_claim,counterexample,needs_status_audit,18,15,7,12,0,3,2
209,46,53,60,57,4,unsolvedmath-opg-138,unsolvedmath:unsolvedmath-opg-138,The circular embedding conjecture,UnsolvedMath,graph_theory,2,40,universal_claim,counterexample,needs_status_audit,18,15,7,12,0,3,2
210,46,53,60,57,4,unsolvedmath-opg-139,unsolvedmath:unsolvedmath-opg-139,"(m,n)-cycle covers",UnsolvedMath,graph_theory,2,40,universal_claim,counterexample,needs_status_audit,18,15,7,12,0,3,2
211,46,53,60,57,4,unsolvedmath-opg-2095,unsolvedmath:unsolvedmath-opg-2095,Hamiltonicity of Cayley graphs,UnsolvedMath,graph_theory,2,40,universal_claim,counterexample,needs_status_audit,18,15,7,12,0,3,2
212,46,53,60,57,4,unsolvedmath-opg-46940,unsolvedmath:unsolvedmath-opg-46940,Acyclic list colouring of planar graphs.,UnsolvedMath,graph_theory,2,40,universal_claim,counterexample,needs_status_audit,18,15,7,12,0,3,2
213,46,53,60,57,4,unsolvedmath-opg-485,unsolvedmath:unsolvedmath-opg-485,Hamiltonian cycles in line graphs,UnsolvedMath,graph_theory,2,40,universal_claim,counterexample,needs_status_audit,18,15,7,12,0,3,2
214,46,53,60,57,4,unsolvedmath-opg-700,unsolvedmath:unsolvedmath-opg-700,Chords of longest cycles,UnsolvedMath,graph_theory,2,40,universal_claim,counterexample,needs_status_audit,18,15,7,12,0,3,2
215,46,53,60,57,4,unsolvedmath-opg-806,unsolvedmath:unsolvedmath-opg-806,Hedetniemi's Conjecture,UnsolvedMath,graph_theory,2,40,equivalence_claim,counterexample,needs_status_audit,18,15,7,12,0,3,2
216,46,53,60,56,3,unsolvedmath-green-087,unsolvedmath:unsolvedmath-green-087,Residue Class Multiple Coverage,UnsolvedMath,number_theory,1,20,universal_claim,counterexample,needs_status_audit,18,15,7,10,0,4,2
217,46,53,60,56,3,unsolvedmath-opg-46817,unsolvedmath:unsolvedmath-opg-46817,Simultaneous partition of hypergraphs,UnsolvedMath,graph_theory,1,20,universal_claim,counterexample,modeling_candidate,18,15,7,12,0,2,2
218,46,53,60,56,3,unsolvedmath-opg-56028,unsolvedmath:unsolvedmath-opg-56028,Almost all non-Hamiltonian 3-regular graphs are 1-connected,UnsolvedMath,graph_theory,1,20,universal_claim,counterexample,modeling_candidate,18,15,7,12,0,2,2
219,46,51,56,71,20,unsolvedmath-opg-37182,unsolvedmath:unsolvedmath-opg-37182,Odd cycles and low oddness,UnsolvedMath,graph_theory,1,20,universal_claim,counterexample,new_strategy_only,12,15,16,14,3,6,5
220,45,54,63,58,4,unsolvedmath-opg-37316,unsolvedmath:unsolvedmath-opg-37316,Vertex Coloring of graph fractional powers,UnsolvedMath,graph_theory,2,40,universal_claim,counterexample,needs_atomic_split,4,15,10,16,5,6,2
221,45,53,61,56,3,unsolvedmath-ep-1014,erdos:1014,Erdős Problem #1014,UnsolvedMath,graph_theory,1,20,universal_claim,counterexample,modeling_candidate,18,15,7,12,0,2,2
222,45,53,61,56,3,unsolvedmath-ep-125,erdos:125,Erdős Problem #125,UnsolvedMath,number_theory,1,20,equivalence_claim,counterexample,needs_status_audit,18,15,7,10,0,4,2
223,45,53,61,56,3,unsolvedmath-ep-126,erdos:126,Erdős Problem #126,UnsolvedMath,number_theory,1,20,equivalence_claim,counterexample,modeling_candidate,18,15,8,10,0,3,2
224,45,53,61,56,3,unsolvedmath-ep-137,erdos:137,Erdős Problem #137,UnsolvedMath,number_theory,1,20,universal_claim,counterexample,needs_status_audit,18,15,7,12,0,2,2
225,45,53,61,56,3,unsolvedmath-ep-202,erdos:202,Erdős Problem #202,UnsolvedMath,number_theory,1,20,universal_claim,counterexample,needs_status_audit,18,15,7,10,0,4,2
226,45,53,61,56,3,unsolvedmath-ep-430,erdos:430,Erdős Problem #430,UnsolvedMath,number_theory,1,20,universal_claim,counterexample,modeling_candidate,18,15,8,12,0,1,2
227,45,53,61,56,3,unsolvedmath-ep-478,erdos:478,Erdős Problem #478,UnsolvedMath,number_theory,1,20,equivalence_claim,counterexample,modeling_candidate,18,15,7,12,1,1,2
228,45,53,61,56,3,unsolvedmath-ep-566,erdos:566,Erdős Problem #566,UnsolvedMath,graph_theory,1,20,universal_claim,counterexample,modeling_candidate,18,15,7,12,0,2,2
229,45,53,61,56,3,unsolvedmath-ep-579,erdos:579,Erdős Problem #579,UnsolvedMath,graph_theory,1,20,universal_claim,counterexample,modeling_candidate,18,15,7,12,0,2,2
230,45,53,61,56,3,unsolvedmath-ep-642,erdos:642,Erdős Problem #642,UnsolvedMath,graph_theory,1,20,universal_claim,counterexample,modeling_candidate,18,15,7,12,0,2,2
231,45,53,61,56,3,unsolvedmath-ep-740,erdos:740,Erdős Problem #740,UnsolvedMath,number_theory,1,20,universal_claim,counterexample,modeling_candidate,18,15,8,10,0,3,2
232,45,53,61,56,3,unsolvedmath-ep-82,erdos:82,Erdős Problem #82,UnsolvedMath,graph_theory,1,20,universal_claim,counterexample,modeling_candidate,18,15,7,12,0,2,2
233,45,53,61,56,3,unsolvedmath-ep-886,erdos:886,Erdős Problem #886,UnsolvedMath,number_theory,1,20,universal_claim,counterexample,modeling_candidate,18,15,8,12,1,0,2
234,45,53,61,56,3,unsolvedmath-ep-893,erdos:893,Erdős Problem #893,UnsolvedMath,number_theory,1,20,equivalence_claim,counterexample,needs_status_audit,18,15,7,10,0,4,2
235,45,53,61,56,3,unsolvedmath-ep-9,erdos:9,Erdős Problem #9,UnsolvedMath,number_theory,1,20,universal_claim,counterexample,needs_status_audit,18,15,7,10,0,4,2
236,45,53,61,56,3,unsolvedmath-ep-951,erdos:951,Erdős Problem #951,UnsolvedMath,number_theory,1,20,universal_claim,counterexample,needs_status_audit,18,15,7,10,0,4,2
237,45,53,61,56,3,unsolvedmath-ep-997,erdos:997,Erdős Problem #997,UnsolvedMath,number_theory,1,20,universal_claim,counterexample,modeling_candidate,18,15,7,12,1,1,2
238,45,52,59,67,15,unsolvedmath-nt-062,unsolvedmath:unsolvedmath-nt-062,Waring's Problem: Exact Values,UnsolvedMath,number_theory,5,100,universal_claim,counterexample,needs_status_audit,18,15,9,12,5,6,2
239,45,52,59,62,10,unsolvedmath-graph-014,unsolvedmath:unsolvedmath-graph-014,Total Coloring Conjecture,UnsolvedMath,graph_theory,4,80,universal_claim,counterexample,needs_status_audit,18,15,8,12,0,7,2
240,45,52,59,62,10,unsolvedmath-opg-658,unsolvedmath:unsolvedmath-opg-658,Reconstruction conjecture,UnsolvedMath,graph_theory,3,60,universal_claim,counterexample,new_strategy_only,18,15,10,12,0,3,4
241,45,52,59,61,9,formal-conjectures-maximallength-le-strong,formal_conjectures:formal-conjectures-maximallength-le-strong,Formal Conjectures: maximalLength_le_strong,Google DeepMind Formal Conjectures,research_mathematics,,50,universal_claim,counterexample,needs_status_audit,20,15,9,7,1,5,4
242,45,52,59,61,9,unsolvedmath-opg-59997,unsolvedmath:unsolvedmath-opg-59997,Circular flow numbers of $r$-graphs,UnsolvedMath,graph_theory,1,20,universal_claim,counterexample,needs_status_audit,18,15,9,14,0,3,2
243,45,52,59,56,4,unsolvedmath-kou-21.136,unsolvedmath:unsolvedmath-kou-21.136,Kourovka Notebook Problem 21.136,UnsolvedMath,group_theory,2,40,universal_claim,counterexample,modeling_candidate,18,15,8,12,0,1,2
244,45,52,59,56,4,unsolvedmath-kou-21.19,unsolvedmath:unsolvedmath-kou-21.19,Kourovka Notebook Problem 21.19,UnsolvedMath,group_theory,2,40,universal_claim,counterexample,modeling_candidate,18,15,8,12,0,1,2
245,45,52,59,56,4,unsolvedmath-kou-21.78,unsolvedmath:unsolvedmath-kou-21.78,Kourovka Notebook Problem 21.78,UnsolvedMath,group_theory,2,40,universal_claim,counterexample,modeling_candidate,18,15,8,12,0,1,2
246,45,52,59,56,4,unsolvedmath-opg-167,unsolvedmath:unsolvedmath-opg-167,Pentagon problem,UnsolvedMath,graph_theory,2,40,universal_claim,counterexample,modeling_candidate,18,15,7,12,0,2,2
247,45,52,59,56,4,unsolvedmath-opg-37459,unsolvedmath:unsolvedmath-opg-37459,Durer's Conjecture,UnsolvedMath,geometry,2,40,universal_claim,counterexample,needs_status_audit,18,15,7,10,0,4,2
248,45,52,59,56,4,unsolvedmath-opg-687,unsolvedmath:unsolvedmath-opg-687,Unfriendly partitions,UnsolvedMath,graph_theory,2,40,universal_claim,counterexample,modeling_candidate,18,15,7,12,0,2,2
249,45,52,59,55,3,unsolvedmath-opg-37411,unsolvedmath:unsolvedmath-opg-37411,Giuga's Conjecture on Primality,UnsolvedMath,number_theory,1,20,equivalence_claim,counterexample,needs_status_audit,18,15,7,10,0,3,2
250,45,52,59,55,3,unsolvedmath-opg-46708,unsolvedmath:unsolvedmath-opg-46708,Subgraph of large average degree and large girth.,UnsolvedMath,graph_theory,1,20,mixed_quantifiers,subclaim_decomposition,not_counterexample_target,8,15,10,16,1,3,2
251,45,52,59,55,3,unsolvedmath-opg-508,unsolvedmath:unsolvedmath-opg-508,A sextic counterexample to Euler's sum of powers conjecture,UnsolvedMath,number_theory,1,20,equivalence_claim,counterexample,needs_status_audit,18,15,7,10,0,3,2
252,45,52,59,55,3,unsolvedmath-opg-52200,unsolvedmath:unsolvedmath-opg-52200,Erdős-Posa property for long directed cycles,UnsolvedMath,graph_theory,1,20,mixed_quantifiers,subclaim_decomposition,not_counterexample_target,8,15,9,16,1,4,2
253,45,50,55,78,28,unsolvedmath-nt-059,unsolvedmath:unsolvedmath-nt-059,Lemoine's Conjecture,UnsolvedMath,number_theory,4,80,universal_claim,counterexample,new_strategy_only,20,15,15,16,3,4,5
254,45,50,55,73,23,unsolvedmath-opg-46385,unsolvedmath:unsolvedmath-opg-46385,Caccetta-Häggkvist Conjecture,UnsolvedMath,graph_theory,3,60,universal_claim,counterexample,new_strategy_only,12,15,16,14,3,8,5
255,45,50,55,69,19,unsolvedmath-opg-791,unsolvedmath:unsolvedmath-opg-791,Quartic rationally derived polynomials,UnsolvedMath,number_theory,2,40,universal_claim,counterexample,new_strategy_only,12,15,15,14,3,5,5
256,45,50,55,64,14,unsolvedmath-kou-21.2,unsolvedmath:unsolvedmath-kou-21.2,Kourovka Notebook Problem 21.2,UnsolvedMath,group_theory,2,40,classification_or_optimization,subclaim_decomposition,not_counterexample_target,8,15,15,14,3,4,5
257,44,52,60,61,9,unsolvedmath-ep-690,erdos:690,Erdős Problem #690,UnsolvedMath,number_theory,1,20,equivalence_claim,counterexample,needs_status_audit,18,15,8,10,2,6,2
258,44,52,60,61,9,unsolvedmath-ep-766,erdos:766,Erdős Problem #766,UnsolvedMath,graph_theory,1,20,universal_claim,counterexample,needs_status_audit,18,15,7,14,1,4,2
259,44,52,60,55,3,unsolvedmath-ep-145,erdos:145,Erdős Problem #145,UnsolvedMath,combinatorics,1,20,universal_claim,counterexample,modeling_candidate,18,15,7,12,0,1,2
260,44,52,60,55,3,unsolvedmath-ep-184,erdos:184,Erdős Problem #184,UnsolvedMath,graph_theory,1,20,universal_claim,counterexample,modeling_candidate,18,15,7,12,0,1,2
261,44,52,60,55,3,unsolvedmath-ep-254,erdos:254,Erdős Problem #254,UnsolvedMath,number_theory,1,20,universal_claim,counterexample,modeling_candidate,18,15,8,10,0,2,2
262,44,52,60,55,3,unsolvedmath-ep-28,erdos:28,Erdős Problem #28,UnsolvedMath,number_theory,1,20,universal_claim,counterexample,modeling_candidate,18,15,7,12,0,1,2
263,44,52,60,55,3,unsolvedmath-ep-469,erdos:469,Erdős Problem #469,UnsolvedMath,number_theory,1,20,universal_claim,counterexample,needs_status_audit,18,15,7,10,0,3,2
264,44,52,60,55,3,unsolvedmath-ep-495,erdos:495,Erdős Problem #495,UnsolvedMath,number_theory,1,20,equivalence_claim,counterexample,modeling_candidate,18,15,8,10,0,2,2
265,44,52,60,55,3,unsolvedmath-ep-568,erdos:568,Erdős Problem #568,UnsolvedMath,graph_theory,1,20,universal_claim,counterexample,modeling_candidate,18,15,7,12,0,1,2
266,44,52,60,55,3,unsolvedmath-ep-591,erdos:591,Erdős Problem #591,UnsolvedMath,number_theory,1,20,universal_claim,counterexample,modeling_candidate,18,15,7,12,0,1,2
267,44,52,60,55,3,unsolvedmath-ep-686,erdos:686,Erdős Problem #686,UnsolvedMath,number_theory,1,20,universal_claim,counterexample,needs_status_audit,18,15,7,10,0,3,2
268,44,52,60,55,3,unsolvedmath-ep-809,erdos:809,Erdős Problem #809,UnsolvedMath,graph_theory,1,20,universal_claim,counterexample,modeling_candidate,18,15,7,12,0,1,2
269,44,52,60,55,3,unsolvedmath-ep-81,erdos:81,Erdős Problem #81,UnsolvedMath,number_theory,1,20,universal_claim,counterexample,modeling_candidate,18,15,7,10,0,3,2
270,44,52,60,55,3,unsolvedmath-ep-86,erdos:86,Erdős Problem #86,UnsolvedMath,graph_theory,1,20,universal_claim,counterexample,modeling_candidate,18,15,7,12,0,1,2
271,44,52,60,55,3,unsolvedmath-ep-912,erdos:912,Erdős Problem #912,UnsolvedMath,number_theory,1,20,equivalence_claim,counterexample,modeling_candidate,18,15,8,10,0,2,2
272,44,51,58,61,10,unsolvedmath-graph-007,unsolvedmath:unsolvedmath-graph-007,Perfect 1-Factorization Conjecture,UnsolvedMath,graph_theory,4,80,universal_claim,counterexample,needs_status_audit,18,15,8,12,2,4,2
273,44,51,58,61,10,unsolvedmath-graph-012,unsolvedmath:unsolvedmath-graph-012,List Coloring Conjecture,UnsolvedMath,graph_theory,4,80,universal_claim,counterexample,needs_status_audit,18,15,8,12,0,6,2
274,44,51,58,61,10,unsolvedmath-graph-013,unsolvedmath:unsolvedmath-graph-013,Overfull Conjecture,UnsolvedMath,graph_theory,4,80,equivalence_claim,counterexample,needs_status_audit,18,15,8,12,0,6,2
275,44,51,58,61,10,unsolvedmath-graph-019,unsolvedmath:unsolvedmath-graph-019,Negami's Conjecture,UnsolvedMath,graph_theory,4,80,universal_claim,counterexample,needs_status_audit,18,15,7,12,4,3,2
276,44,51,58,61,10,unsolvedmath-graph-032,unsolvedmath:unsolvedmath-graph-032,Linear Arboricity Conjecture,UnsolvedMath,graph_theory,4,80,universal_claim,counterexample,needs_status_audit,18,15,8,12,0,6,2
277,44,51,58,60,9,formal-conjectures-erdos-241-variants-generalization,erdos:241,Formal Conjectures: erdos_241.variants.generalization,Google DeepMind Formal Conjectures,research_mathematics,,50,universal_claim,counterexample,needs_status_audit,20,15,9,7,1,4,4
278,44,51,58,60,9,formal-conjectures-erdos-677,erdos:677,Formal Conjectures: erdos_677,Google DeepMind Formal Conjectures,research_mathematics,,50,universal_claim,counterexample,needs_status_audit,20,15,9,7,1,4,4
279,44,51,58,60,9,formal-conjectures-kurepa-conjecture,formal_conjectures:formal-conjectures-kurepa-conjecture,Formal Conjectures: kurepa_conjecture,Google DeepMind Formal Conjectures,research_mathematics,,50,universal_claim,counterexample,needs_status_audit,20,15,9,7,1,4,4
280,44,51,58,60,9,formal-conjectures-kurepa-conjecture-variants-prime,formal_conjectures:formal-conjectures-kurepa-conjecture-variants-prime,Formal Conjectures: kurepa_conjecture.variants.prime,Google DeepMind Formal Conjectures,research_mathematics,,50,universal_claim,counterexample,needs_status_audit,20,15,9,7,1,4,4
281,44,51,58,60,9,formal-conjectures-sendov-conjecture,formal_conjectures:formal-conjectures-sendov-conjecture,Formal Conjectures: sendov_conjecture,Google DeepMind Formal Conjectures,research_mathematics,,50,universal_claim,counterexample,needs_status_audit,20,15,9,7,1,4,4
282,44,51,58,60,9,formal-conjectures-tunnell-even-converse,formal_conjectures:formal-conjectures-tunnell-even-converse,Formal Conjectures: Tunnell_even_converse,Google DeepMind Formal Conjectures,research_mathematics,,50,universal_claim,counterexample,needs_status_audit,20,15,9,7,1,4,4
283,44,51,58,60,9,formal-conjectures-tunnell-odd-converse,formal_conjectures:formal-conjectures-tunnell-odd-converse,Formal Conjectures: Tunnell_odd_converse,Google DeepMind Formal Conjectures,research_mathematics,,50,universal_claim,counterexample,needs_status_audit,20,15,9,7,1,4,4
284,44,51,58,58,7,formal-conjectures-kotherconjecture-variants-two-by-two-matrix,formal_conjectures:formal-conjectures-kotherconjecture-variants-two-by-two-matrix,Formal Conjectures: KotherConjecture.variants.two_by_two_matrix,Google DeepMind Formal Conjectures,research_mathematics,,50,universal_claim,counterexample,needs_status_audit,20,15,8,7,0,4,4
285,44,51,58,57,6,unsolvedmath-opg-126,unsolvedmath:unsolvedmath-opg-126,5-flow conjecture,UnsolvedMath,graph_theory,3,60,universal_claim,counterexample,needs_status_audit,18,15,7,12,0,3,2
286,44,51,58,57,6,unsolvedmath-opg-3572,unsolvedmath:unsolvedmath-opg-3572,Inverse Galois Problem,UnsolvedMath,group_theory,3,60,universal_claim,counterexample,needs_status_audit,18,15,7,12,0,3,2
287,44,51,58,55,4,unsolvedmath-kou-21.44,unsolvedmath:unsolvedmath-kou-21.44,Kourovka Notebook Problem 21.44,UnsolvedMath,group_theory,2,40,equivalence_claim,counterexample,modeling_candidate,18,15,7,12,0,1,2
288,44,51,58,55,4,unsolvedmath-opg-333,unsolvedmath:unsolvedmath-opg-333,Seymour's self-minor conjecture,UnsolvedMath,graph_theory,2,40,universal_claim,counterexample,modeling_candidate,18,15,7,12,0,1,2
289,44,51,58,55,4,unsolvedmath-opg-55812,unsolvedmath:unsolvedmath-opg-55812,Are there only finite Fermat Primes?,UnsolvedMath,number_theory,2,40,equivalence_claim,counterexample,needs_status_audit,18,15,7,10,0,3,2
290,44,51,58,54,3,unsolvedmath-green-064,unsolvedmath:unsolvedmath-green-064,Residually Finite Groups,UnsolvedMath,algebra,1,20,universal_claim,counterexample,needs_status_audit,18,15,6,10,0,3,2
291,44,51,58,54,3,unsolvedmath-opg-357,unsolvedmath:unsolvedmath-opg-357,A conjecture on iterated circumcentres,UnsolvedMath,geometry,1,20,universal_claim,counterexample,needs_status_audit,18,15,5,10,1,3,2
292,44,51,58,54,3,unsolvedmath-opg-596,unsolvedmath:unsolvedmath-opg-596,Linear Hypergraphs with Dimension 3,UnsolvedMath,graph_theory,1,20,mixed_quantifiers,subclaim_decomposition,not_counterexample_target,8,15,9,16,2,2,2
293,44,51,58,54,3,unsolvedmath-opg-819,unsolvedmath:unsolvedmath-opg-819,A discrete iteration related to Pierce expansions,UnsolvedMath,number_theory,1,20,equivalence_claim,counterexample,modeling_candidate,18,15,7,10,0,2,2
294,44,49,54,67,18,unsolvedmath-opg-416,unsolvedmath:unsolvedmath-opg-416,Lonely runner conjecture,UnsolvedMath,number_theory,2,40,mixed_quantifiers,subclaim_decomposition,not_counterexample_target,8,15,16,14,3,6,5
295,43,52,61,64,12,formal-conjectures-determinantal-conjecture,formal_conjectures:formal-conjectures-determinantal-conjecture,Formal Conjectures: determinantal_conjecture,Google DeepMind Formal Conjectures,research_mathematics,,50,universal_claim,counterexample,needs_status_audit,20,15,11,9,0,5,4
296,43,51,59,60,9,unsolvedmath-ep-351,erdos:351,Erdős Problem #351,UnsolvedMath,number_theory,1,20,universal_claim,counterexample,modeling_candidate,18,15,9,14,0,2,2
297,43,51,59,54,3,unsolvedmath-ep-1049,erdos:1049,Erdős Problem #1049,UnsolvedMath,number_theory,1,20,equivalence_claim,counterexample,modeling_candidate,18,15,7,10,0,2,2
298,43,51,59,54,3,unsolvedmath-ep-1051,erdos:1051,Erdős Problem #1051,UnsolvedMath,number_theory,1,20,equivalence_claim,counterexample,modeling_candidate,18,15,7,10,0,2,2
299,43,51,59,54,3,unsolvedmath-ep-1053,erdos:1053,Erdős Problem #1053,UnsolvedMath,number_theory,1,20,universal_claim,counterexample,modeling_candidate,18,15,7,10,0,2,2
300,43,51,59,54,3,unsolvedmath-ep-180,erdos:180,Erdős Problem #180,UnsolvedMath,graph_theory,1,20,mixed_quantifiers,subclaim_decomposition,not_counterexample_target,8,15,10,14,0,5,2
301,43,51,59,54,3,unsolvedmath-ep-236,erdos:236,Erdős Problem #236,UnsolvedMath,number_theory,1,20,equivalence_claim,counterexample,modeling_candidate,18,15,7,10,0,2,2
302,43,51,59,54,3,unsolvedmath-ep-267,erdos:267,Erdős Problem #267,UnsolvedMath,number_theory,1,20,universal_claim,counterexample,modeling_candidate,18,15,7,10,0,2,2
303,43,51,59,54,3,unsolvedmath-ep-349,erdos:349,Erdős Problem #349,UnsolvedMath,number_theory,1,20,universal_claim,counterexample,modeling_candidate,18,15,7,10,0,2,2
304,43,51,59,54,3,unsolvedmath-ep-424,erdos:424,Erdős Problem #424,UnsolvedMath,number_theory,1,20,universal_claim,counterexample,modeling_candidate,18,15,7,10,0,2,2
305,43,51,59,54,3,unsolvedmath-ep-774,erdos:774,Erdős Problem #774,UnsolvedMath,number_theory,1,20,universal_claim,counterexample,modeling_candidate,18,15,7,10,0,2,2
306,43,51,59,54,3,unsolvedmath-ep-968,erdos:968,Erdős Problem #968,UnsolvedMath,number_theory,1,20,equivalence_claim,counterexample,needs_status_audit,18,15,7,10,0,2,2
307,43,51,59,54,3,unsolvedmath-ep-979,erdos:979,Erdős Problem #979,UnsolvedMath,number_theory,1,20,equivalence_claim,counterexample,modeling_candidate,18,15,7,10,0,2,2
308,43,50,57,63,13,unsolvedmath-kou-21.113,unsolvedmath:unsolvedmath-kou-21.113,Kourovka Notebook Problem 21.113,UnsolvedMath,group_theory,2,40,universal_claim,counterexample,needs_atomic_split,4,15,17,14,3,5,5
309,43,50,57,60,10,unsolvedmath-graph-054,unsolvedmath:unsolvedmath-graph-054,Second Neighborhood Problem,UnsolvedMath,graph_theory,4,80,universal_claim,counterexample,needs_status_audit,18,15,8,12,0,5,2
310,43,50,57,60,10,unsolvedmath-hl-f,unsolvedmath:unsolvedmath-hl-f,Hardy-Littlewood Conjecture F (Primes in Quadratic Polynomials),UnsolvedMath,number_theory,4,80,equivalence_claim,counterexample,modeling_candidate,18,15,9,12,4,0,2
311,43,50,57,59,9,formal-conjectures-andrica-conjecture,formal_conjectures:formal-conjectures-andrica-conjecture,Formal Conjectures: andrica_conjecture,Google DeepMind Formal Conjectures,research_mathematics,,50,universal_claim,counterexample,needs_status_audit,20,15,8,7,1,4,4
312,43,50,57,59,9,formal-conjectures-collatzlike,formal_conjectures:formal-conjectures-collatzlike,Formal Conjectures: CollatzLike,Google DeepMind Formal Conjectures,research_mathematics,,50,universal_claim,counterexample,needs_status_audit,20,15,8,7,1,4,4
313,43,50,57,59,9,formal-conjectures-conjecture-1-1,formal_conjectures:formal-conjectures-conjecture-1-1,Formal Conjectures: conjecture_1_1,Google DeepMind Formal Conjectures,research_mathematics,,50,universal_claim,counterexample,needs_status_audit,20,15,8,7,1,4,4
314,43,50,57,59,9,formal-conjectures-conjecture-4-1,formal_conjectures:formal-conjectures-conjecture-4-1,Formal Conjectures: conjecture_4_1,Google DeepMind Formal Conjectures,research_mathematics,,50,universal_claim,counterexample,needs_status_audit,20,15,8,7,1,4,4
315,43,50,57,59,9,formal-conjectures-conjecture-4-2,formal_conjectures:formal-conjectures-conjecture-4-2,Formal Conjectures: conjecture_4_2,Google DeepMind Formal Conjectures,research_mathematics,,50,universal_claim,counterexample,needs_status_audit,20,15,8,7,1,4,4
316,43,50,57,59,9,formal-conjectures-conjecture-4-3,formal_conjectures:formal-conjectures-conjecture-4-3,Formal Conjectures: conjecture_4_3,Google DeepMind Formal Conjectures,research_mathematics,,50,universal_claim,counterexample,needs_status_audit,20,15,8,7,1,4,4
317,43,50,57,59,9,formal-conjectures-erdos-364,erdos:364,Formal Conjectures: erdos_364,Google DeepMind Formal Conjectures,research_mathematics,,50,universal_claim,counterexample,needs_status_audit,20,15,8,7,1,4,4
318,43,50,57,59,9,formal-conjectures-feit-thompson-primes,formal_conjectures:formal-conjectures-feit-thompson-primes,Formal Conjectures: feit_thompson_primes,Google DeepMind Formal Conjectures,research_mathematics,,50,universal_claim,counterexample,needs_status_audit,20,15,8,7,1,4,4
319,43,50,57,59,9,formal-conjectures-firoozbakht-conjecture,formal_conjectures:formal-conjectures-firoozbakht-conjecture,Formal Conjectures: firoozbakht_conjecture,Google DeepMind Formal Conjectures,research_mathematics,,50,universal_claim,counterexample,needs_status_audit,20,15,8,7,1,4,4
320,43,50,57,59,9,formal-conjectures-hilbert-smith-padic-formulation,formal_conjectures:formal-conjectures-hilbert-smith-padic-formulation,Formal Conjectures: hilbert_smith_padic_formulation,Google DeepMind Formal Conjectures,research_mathematics,,50,universal_claim,counterexample,needs_status_audit,20,15,8,7,1,4,4
321,43,50,57,59,9,formal-conjectures-kakeya-set-conjecture,formal_conjectures:formal-conjectures-kakeya-set-conjecture,Formal Conjectures: kakeya_set_conjecture,Google DeepMind Formal Conjectures,research_mathematics,,50,universal_claim,counterexample,needs_status_audit,20,15,8,7,1,4,4
322,43,50,57,59,9,formal-conjectures-kurepa-conjecture-variants-gcd,formal_conjectures:formal-conjectures-kurepa-conjecture-variants-gcd,Formal Conjectures: kurepa_conjecture.variants.gcd,Google DeepMind Formal Conjectures,research_mathematics,,50,universal_claim,counterexample,needs_status_audit,20,15,8,7,1,4,4
323,43,50,57,59,9,formal-conjectures-mlc-general-exponent,formal_conjectures:formal-conjectures-mlc-general-exponent,Formal Conjectures: MLC_general_exponent,Google DeepMind Formal Conjectures,research_mathematics,,50,universal_claim,counterexample,needs_status_audit,20,15,8,7,1,4,4
324,43,50,57,59,9,formal-conjectures-new-mersenne-conjecture,formal_conjectures:formal-conjectures-new-mersenne-conjecture,Formal Conjectures: new_mersenne_conjecture,Google DeepMind Formal Conjectures,research_mathematics,,50,universal_claim,counterexample,needs_status_audit,20,15,8,7,1,4,4
325,43,50,57,59,9,formal-conjectures-new-mersenne-conjecture-variants-prime,formal_conjectures:formal-conjectures-new-mersenne-conjecture-variants-prime,Formal Conjectures: new_mersenne_conjecture.variants.prime,Google DeepMind Formal Conjectures,research_mathematics,,50,universal_claim,counterexample,needs_status_audit,20,15,8,7,1,4,4
326,43,50,57,59,9,formal-conjectures-odd-perfect-number-conjecture,formal_conjectures:formal-conjectures-odd-perfect-number-conjecture,Formal Conjectures: odd_perfect_number_conjecture,Google DeepMind Formal Conjectures,research_mathematics,,50,universal_claim,counterexample,needs_status_audit,20,15,8,7,1,4,4
327,43,50,57,59,9,formal-conjectures-pi-pow-pi-pow-pi-pow-pi-not-integer,formal_conjectures:formal-conjectures-pi-pow-pi-pow-pi-pow-pi-not-integer,Formal Conjectures: pi_pow_pi_pow_pi_pow_pi_not_integer,Google DeepMind Formal Conjectures,research_mathematics,,50,universal_claim,counterexample,needs_status_audit,20,15,8,7,1,4,4
328,43,50,57,59,9,formal-conjectures-poincare-conjecture-variants-smooth-other-cases,formal_conjectures:formal-conjectures-poincare-conjecture-variants-smooth-other-cases,Formal Conjectures: poincare_conjecture.variants.smooth_other_cases,Google DeepMind Formal Conjectures,research_mathematics,,50,universal_claim,counterexample,needs_status_audit,20,15,8,7,1,4,4
329,43,50,57,59,9,formal-conjectures-selfridge-conjecture,formal_conjectures:formal-conjectures-selfridge-conjecture,Formal Conjectures: selfridge_conjecture,Google DeepMind Formal Conjectures,research_mathematics,,50,universal_claim,counterexample,needs_status_audit,20,15,8,7,1,4,4
330,43,50,57,59,9,formal-conjectures-value-of-even-mul-succ-self-div-two,formal_conjectures:formal-conjectures-value-of-even-mul-succ-self-div-two,Formal Conjectures: value_of_even_mul_succ_self_div_two,Google DeepMind Formal Conjectures,research_mathematics,,50,universal_claim,counterexample,needs_status_audit,20,15,8,7,1,4,4
331,43,50,57,54,4,unsolvedmath-green-041,unsolvedmath:unsolvedmath-green-041,Cubic Curves in F_p^2,UnsolvedMath,geometry,2,40,universal_claim,counterexample,modeling_candidate,18,15,7,8,2,2,2
332,43,50,57,54,4,unsolvedmath-opg-60028,unsolvedmath:unsolvedmath-opg-60028,Monochromatic reachability in arc-colored digraphs,UnsolvedMath,graph_theory,2,40,mixed_quantifiers,subclaim_decomposition,not_counterexample_target,8,15,10,16,1,2,2
333,43,50,57,53,3,unsolvedmath-opg-37341,unsolvedmath:unsolvedmath-opg-37341,Extension complexity of (convex) polygons,UnsolvedMath,geometry,1,20,equivalence_claim,counterexample,modeling_candidate,18,15,7,10,0,1,2
334,43,50,57,53,3,unsolvedmath-opg-610,unsolvedmath:unsolvedmath-opg-610,Continous analogue of Hirsch conjecture,UnsolvedMath,geometry,1,20,universal_claim,counterexample,needs_status_audit,18,15,6,8,0,4,2
335,43,48,53,69,21,unsolvedmath-opg-148,unsolvedmath:unsolvedmath-opg-148,A nowhere-zero point in a linear mapping,UnsolvedMath,combinatorics,2,40,universal_claim,counterexample,new_strategy_only,12,15,15,14,3,5,5
336,43,48,53,68,20,unsolvedmath-opg-127,unsolvedmath:unsolvedmath-opg-127,4-flow conjecture,UnsolvedMath,graph_theory,2,40,universal_claim,counterexample,new_strategy_only,12,15,15,14,3,4,5
337,43,48,53,68,20,unsolvedmath-opg-169,unsolvedmath:unsolvedmath-opg-169,The Two Color Conjecture,UnsolvedMath,graph_theory,1,20,equivalence_claim,counterexample,new_strategy_only,12,15,15,14,3,4,5
338,43,48,53,65,17,unsolvedmath-opg-60001,unsolvedmath:unsolvedmath-opg-60001,Cycles in Graphs of Large Chromatic Number,UnsolvedMath,graph_theory,1,20,unclassified_question,formal_modeling,modeling_candidate,5,15,16,14,3,7,5
339,42,51,60,60,9,formal-conjectures-brocard-conjecture,formal_conjectures:formal-conjectures-brocard-conjecture,Formal Conjectures: brocard_conjecture,Google DeepMind Formal Conjectures,research_mathematics,,50,universal_claim,counterexample,needs_status_audit,20,15,9,7,1,4,4
340,42,51,60,60,9,formal-conjectures-gcdcondition-iff-primepowercondition,formal_conjectures:formal-conjectures-gcdcondition-iff-primepowercondition,Formal Conjectures: gcdCondition_iff_primePowerCondition,Google DeepMind Formal Conjectures,research_mathematics,,50,equivalence_claim,counterexample,needs_status_audit,20,15,9,7,1,4,4
341,42,50,58,59,9,unsolvedmath-ep-334,erdos:334,Erdős Problem #334,UnsolvedMath,number_theory,1,20,universal_claim,counterexample,needs_status_audit,18,15,8,12,1,3,2
342,42,50,58,59,9,unsolvedmath-ep-667,erdos:667,Erdős Problem #667,UnsolvedMath,number_theory,1,20,universal_claim,counterexample,modeling_candidate,18,15,9,12,0,3,2
343,42,50,58,59,9,unsolvedmath-ep-955,erdos:955,Erdős Problem #955,UnsolvedMath,number_theory,1,20,universal_claim,counterexample,needs_status_audit,18,15,7,12,1,4,2
344,42,50,58,57,7,unsolvedmath-ep-1096,erdos:1096,Erdős Problem #1096,UnsolvedMath,combinatorics,1,20,universal_claim,counterexample,needs_status_audit,18,15,8,10,1,3,2
345,42,50,58,55,5,unsolvedmath-ep-486,erdos:486,Erdős Problem #486,UnsolvedMath,number_theory,1,20,universal_claim,counterexample,modeling_candidate,18,15,7,10,1,2,2
346,42,50,58,53,3,unsolvedmath-ep-1103,erdos:1103,Erdős Problem #1103,UnsolvedMath,number_theory,1,20,universal_claim,counterexample,modeling_candidate,18,15,7,10,0,1,2
347,42,50,58,53,3,unsolvedmath-ep-123,erdos:123,Erdős Problem #123,UnsolvedMath,number_theory,1,20,universal_claim,counterexample,modeling_candidate,18,15,7,10,0,1,2
348,42,50,58,53,3,unsolvedmath-ep-15,erdos:15,Erdős Problem #15,UnsolvedMath,number_theory,1,20,equivalence_claim,counterexample,modeling_candidate,18,15,7,10,0,1,2
349,42,50,58,53,3,unsolvedmath-ep-233,erdos:233,Erdős Problem #233,UnsolvedMath,number_theory,1,20,equivalence_claim,counterexample,modeling_candidate,18,15,7,10,0,1,2
350,42,50,58,53,3,unsolvedmath-ep-386,erdos:386,Erdős Problem #386,UnsolvedMath,number_theory,1,20,equivalence_claim,counterexample,modeling_candidate,18,15,7,10,0,1,2
351,42,50,58,53,3,unsolvedmath-ep-455,erdos:455,Erdős Problem #455,UnsolvedMath,number_theory,1,20,universal_claim,counterexample,modeling_candidate,18,15,7,10,0,1,2
352,42,50,58,53,3,unsolvedmath-ep-500,erdos:500,Erdős Problem #500,UnsolvedMath,graph_theory,1,20,classification_or_optimization,subclaim_decomposition,not_counterexample_target,8,15,9,14,0,5,2
353,42,50,58,53,3,unsolvedmath-ep-563,erdos:563,Erdős Problem #563,UnsolvedMath,graph_theory,1,20,mixed_quantifiers,subclaim_decomposition,not_counterexample_target,8,15,8,14,3,3,2
354,42,50,58,53,3,unsolvedmath-ep-676,erdos:676,Erdős Problem #676,UnsolvedMath,number_theory,1,20,universal_claim,counterexample,modeling_candidate,18,15,7,10,0,1,2
355,42,50,58,53,3,unsolvedmath-ep-768,erdos:768,Erdős Problem #768,UnsolvedMath,number_theory,1,20,mixed_quantifiers,subclaim_decomposition,not_counterexample_target,8,15,10,14,1,3,2
356,42,49,56,61,12,formal-conjectures-conjecture19,formal_conjectures:formal-conjectures-conjecture19,Formal Conjectures: conjecture19,Google DeepMind Formal Conjectures,research_mathematics,,50,universal_claim,counterexample,needs_status_audit,20,15,11,7,0,4,4
357,42,49,56,59,10,unsolvedmath-graph-037,unsolvedmath:unsolvedmath-graph-037,Sumner's Conjecture,UnsolvedMath,graph_theory,4,80,universal_claim,counterexample,needs_status_audit,18,15,7,12,2,3,2
358,42,49,56,59,10,unsolvedmath-gt-001,unsolvedmath:unsolvedmath-gt-001,Hadwiger Conjecture,UnsolvedMath,graph_theory,4,80,universal_claim,counterexample,needs_status_audit,18,15,8,12,0,4,2
359,42,49,56,59,10,unsolvedmath-hil-014,unsolvedmath:unsolvedmath-hil-014,Hilbert's 14th Problem: Finite Generation of Rings,UnsolvedMath,algebra,4,80,universal_claim,counterexample,needs_status_audit,18,15,6,10,4,4,2
360,42,49,56,59,10,unsolvedmath-nt-023,unsolvedmath:unsolvedmath-nt-023,Pillai's Conjecture,UnsolvedMath,number_theory,4,80,equivalence_claim,counterexample,modeling_candidate,18,15,8,10,4,2,2
361,42,49,56,53,4,unsolvedmath-green-035,unsolvedmath:unsolvedmath-green-035,Products of Primes Modulo p,UnsolvedMath,number_theory,2,40,universal_claim,counterexample,modeling_candidate,18,15,7,10,0,1,2
362,42,49,56,53,4,unsolvedmath-kou-21.142,unsolvedmath:unsolvedmath-kou-21.142,Kourovka Notebook Problem 21.142,UnsolvedMath,group_theory,2,40,mixed_quantifiers,subclaim_decomposition,not_counterexample_target,8,15,10,16,1,1,2
363,42,49,56,53,4,unsolvedmath-kou-21.97,unsolvedmath:unsolvedmath-kou-21.97,Kourovka Notebook Problem 21.97,UnsolvedMath,group_theory,2,40,mixed_quantifiers,subclaim_decomposition,not_counterexample_target,8,15,9,16,1,2,2
364,42,49,56,53,4,unsolvedmath-opg-163,unsolvedmath:unsolvedmath-opg-163,Subset-sums equality (pigeonhole version),UnsolvedMath,computer_science,2,40,equivalence_claim,counterexample,needs_status_audit,18,15,5,10,0,3,2
365,42,49,56,52,3,unsolvedmath-green-016,unsolvedmath:unsolvedmath-green-016,Linear Equation x + 3y = 2z + 2w,UnsolvedMath,combinatorics,1,20,classification_or_optimization,subclaim_decomposition,not_counterexample_target,8,15,10,14,0,3,2
366,42,49,56,52,3,unsolvedmath-opg-37086,unsolvedmath:unsolvedmath-opg-37086,Partition of Complete Geometric Graph into Plane Trees,UnsolvedMath,geometry,1,20,universal_claim,counterexample,needs_status_audit,18,15,5,8,0,4,2
367,42,49,56,52,3,unsolvedmath-opg-37456,unsolvedmath:unsolvedmath-opg-37456,Convex uniform 5-polytopes,UnsolvedMath,geometry,1,20,universal_claim,counterexample,needs_status_audit,18,15,5,8,0,4,2
368,42,49,56,52,3,unsolvedmath-opg-47031,unsolvedmath:unsolvedmath-opg-47031,Edge-disjoint Hamilton cycles in highly strongly connected tournaments.,UnsolvedMath,graph_theory,1,20,mixed_quantifiers,subclaim_decomposition,not_counterexample_target,8,15,9,16,1,1,2
369,42,49,56,52,3,unsolvedmath-opg-59927,unsolvedmath:unsolvedmath-opg-59927,List Colourings of Complete Multipartite Graphs with 2 Big Parts,UnsolvedMath,graph_theory,1,20,classification_or_optimization,subclaim_decomposition,not_counterexample_target,8,15,9,14,2,2,2
370,42,49,56,52,3,unsolvedmath-opg-60037,unsolvedmath:unsolvedmath-opg-60037,Edge-Unfolding Convex Polyhedra,UnsolvedMath,geometry,1,20,universal_claim,counterexample,needs_status_audit,18,15,5,8,0,4,2
371,42,47,52,77,30,unsolvedmath-hl-b,unsolvedmath:unsolvedmath-hl-b,Hardy-Littlewood Conjecture B (Second Conjecture),UnsolvedMath,number_theory,5,100,universal_claim,counterexample,new_strategy_only,20,15,15,14,3,5,5
372,42,47,52,70,23,unsolvedmath-alg-007,unsolvedmath:unsolvedmath-alg-007,Casas-Alvero Conjecture,UnsolvedMath,algebra,3,60,universal_claim,counterexample,new_strategy_only,12,15,16,14,3,5,5
373,42,47,52,66,19,unsolvedmath-nt-039,unsolvedmath:unsolvedmath-nt-039,Scholz Conjecture,UnsolvedMath,number_theory,4,80,unclassified_question,formal_modeling,modeling_candidate,5,15,17,14,3,7,5
374,41,50,59,59,9,formal-conjectures-lebesgue-nagell,formal_conjectures:formal-conjectures-lebesgue-nagell,Formal Conjectures: lebesgue_nagell,Google DeepMind Formal Conjectures,research_mathematics,,50,equivalence_claim,counterexample,needs_status_audit,20,15,8,7,1,4,4
375,41,50,59,54,4,unsolvedmath-opg-37167,unsolvedmath:unsolvedmath-opg-37167,Shuffle-Exchange Conjecture,UnsolvedMath,combinatorics,2,40,universal_claim,counterexample,needs_atomic_split,4,15,9,16,3,5,2
376,41,49,57,58,9,unsolvedmath-ep-624,erdos:624,Erdős Problem #624,UnsolvedMath,combinatorics,1,20,universal_claim,counterexample,modeling_candidate,18,15,7,14,1,1,2
377,41,49,57,56,7,unsolvedmath-ep-155,erdos:155,Erdős Problem #155,UnsolvedMath,combinatorics,1,20,universal_claim,counterexample,modeling_candidate,18,15,7,10,1,3,2
378,41,49,57,56,7,unsolvedmath-ep-30,erdos:30,Erdős Problem #30,UnsolvedMath,number_theory,1,20,universal_claim,counterexample,needs_status_audit,18,15,7,8,1,5,2
379,41,49,57,56,7,unsolvedmath-ep-335,erdos:335,Erdős Problem #335,UnsolvedMath,combinatorics,1,20,equivalence_claim,counterexample,needs_status_audit,18,15,7,10,0,4,2
380,41,49,57,56,7,unsolvedmath-ep-521,erdos:521,Erdős Problem #521,UnsolvedMath,graph_theory,1,20,equivalence_claim,counterexample,modeling_candidate,18,15,8,10,0,3,2
381,41,49,57,56,7,unsolvedmath-ep-670,erdos:670,Erdős Problem #670,UnsolvedMath,combinatorics,1,20,universal_claim,counterexample,modeling_candidate,18,15,8,8,0,5,2
382,41,49,57,56,7,unsolvedmath-ep-757,erdos:757,Erdős Problem #757,UnsolvedMath,number_theory,1,20,universal_claim,counterexample,needs_status_audit,18,15,8,6,0,7,2
383,41,49,57,56,7,unsolvedmath-ep-949,erdos:949,Erdős Problem #949,UnsolvedMath,combinatorics,1,20,universal_claim,counterexample,needs_status_audit,18,15,8,10,0,3,2
384,41,49,57,52,3,unsolvedmath-ep-778,erdos:778,Erdős Problem #778,UnsolvedMath,graph_theory,1,20,mixed_quantifiers,subclaim_decomposition,not_counterexample_target,8,15,8,14,0,5,2
385,41,48,55,58,10,unsolvedmath-alg-016,unsolvedmath:unsolvedmath-alg-016,The Babai Conjecture on Graph Isomorphism,UnsolvedMath,algebra,4,80,universal_claim,counterexample,needs_status_audit,18,15,8,12,0,3,2
386,41,48,55,58,10,unsolvedmath-graph-039,unsolvedmath:unsolvedmath-graph-039,Unfriendly Partition Conjecture,UnsolvedMath,graph_theory,4,80,universal_claim,counterexample,needs_status_audit,18,15,7,12,0,4,2
387,41,48,55,58,10,unsolvedmath-graph-049,unsolvedmath:unsolvedmath-graph-049,Line Graphs of Non-Word-Representable Graphs,UnsolvedMath,graph_theory,4,80,universal_claim,counterexample,needs_status_audit,18,15,7,12,0,4,2
388,41,48,55,55,7,formal-conjectures-conjecture316,formal_conjectures:formal-conjectures-conjecture316,Formal Conjectures: conjecture316,Google DeepMind Formal Conjectures,research_mathematics,,50,universal_claim,counterexample,modeling_candidate,20,15,6,7,0,3,4
389,41,48,55,52,4,unsolvedmath-green-062,unsolvedmath:unsolvedmath-green-062,Bounds for Birch's Theorem,UnsolvedMath,number_theory,2,40,classification_or_optimization,subclaim_decomposition,not_counterexample_target,8,15,10,14,1,2,2
390,41,48,55,52,4,unsolvedmath-green-098,unsolvedmath:unsolvedmath-green-098,Bounds for Homogeneous Polynomial Zeros,UnsolvedMath,number_theory,2,40,classification_or_optimization,subclaim_decomposition,not_counterexample_target,8,15,10,14,1,2,2
391,41,48,55,52,4,unsolvedmath-opg-801,unsolvedmath:unsolvedmath-opg-801,Nearly spanning regular subgraphs,UnsolvedMath,graph_theory,2,40,mixed_quantifiers,subclaim_decomposition,not_counterexample_target,8,15,9,16,1,1,2
392,41,48,55,51,3,unsolvedmath-opg-37327,unsolvedmath:unsolvedmath-opg-37327,Covering a square with unit squares,UnsolvedMath,geometry,1,20,universal_claim,counterexample,needs_status_audit,18,15,5,8,0,3,2
393,41,48,55,51,3,unsolvedmath-opg-46706,unsolvedmath:unsolvedmath-opg-46706,Turán number of a finite family.,UnsolvedMath,graph_theory,1,20,mixed_quantifiers,subclaim_decomposition,not_counterexample_target,8,15,9,14,0,3,2
394,41,48,55,51,3,unsolvedmath-opg-47643,unsolvedmath:unsolvedmath-opg-47643,Partitionning a tournament into k-strongly connected subtournaments.,UnsolvedMath,graph_theory,1,20,mixed_quantifiers,subclaim_decomposition,not_counterexample_target,8,15,9,16,1,0,2
395,41,46,51,68,22,unsolvedmath-kou-21.115,unsolvedmath:unsolvedmath-kou-21.115,Kourovka Notebook Problem 21.115,UnsolvedMath,group_theory,2,40,universal_claim,counterexample,new_strategy_only,12,15,15,14,3,4,5
396,41,46,51,68,22,unsolvedmath-opg-369,unsolvedmath:unsolvedmath-opg-369,Bases of many weights,UnsolvedMath,combinatorics,2,40,universal_claim,counterexample,new_strategy_only,12,15,15,14,3,4,5
397,40,49,58,53,4,unsolvedmath-kou-21.112,unsolvedmath:unsolvedmath-kou-21.112,Kourovka Notebook Problem 21.112,UnsolvedMath,group_theory,2,40,universal_claim,counterexample,needs_atomic_split,4,15,9,16,1,6,2
398,40,49,58,53,4,unsolvedmath-opg-58213,unsolvedmath:unsolvedmath-opg-58213,Roller Coaster permutations,UnsolvedMath,combinatorics,2,40,universal_claim,counterexample,needs_atomic_split,4,15,9,16,1,6,2
399,40,48,56,57,9,unsolvedmath-ep-1013,erdos:1013,Erdős Problem #1013,UnsolvedMath,graph_theory,1,20,equivalence_claim,counterexample,modeling_candidate,18,15,8,12,0,2,2
400,40,48,56,55,7,unsolvedmath-ep-99,erdos:99,Erdős Problem #99,UnsolvedMath,graph_theory,1,20,universal_claim,counterexample,modeling_candidate,18,15,8,8,0,4,2
401,40,48,56,51,3,unsolvedmath-ep-108,erdos:108,Erdős Problem #108,UnsolvedMath,graph_theory,1,20,mixed_quantifiers,subclaim_decomposition,not_counterexample_target,8,15,8,14,1,3,2
402,40,48,56,51,3,unsolvedmath-ep-190,erdos:190,Erdős Problem #190,UnsolvedMath,graph_theory,1,20,classification_or_optimization,subclaim_decomposition,not_counterexample_target,8,15,8,12,2,4,2
403,40,48,56,51,3,unsolvedmath-ep-283,erdos:283,Erdős Problem #283,UnsolvedMath,number_theory,1,20,mixed_quantifiers,subclaim_decomposition,not_counterexample_target,8,15,10,14,1,1,2
404,40,48,56,51,3,unsolvedmath-ep-452,erdos:452,Erdős Problem #452,UnsolvedMath,number_theory,1,20,classification_or_optimization,subclaim_decomposition,not_counterexample_target,8,15,8,12,1,5,2
405,40,48,56,51,3,unsolvedmath-ep-555,erdos:555,Erdős Problem #555,UnsolvedMath,number_theory,1,20,classification_or_optimization,subclaim_decomposition,not_counterexample_target,8,15,10,14,0,2,2
406,40,48,56,51,3,unsolvedmath-ep-575,erdos:575,Erdős Problem #575,UnsolvedMath,graph_theory,1,20,mixed_quantifiers,subclaim_decomposition,not_counterexample_target,8,15,9,14,0,3,2
407,40,48,56,51,3,unsolvedmath-ep-603,erdos:603,Erdős Problem #603,UnsolvedMath,graph_theory,1,20,classification_or_optimization,subclaim_decomposition,not_counterexample_target,8,15,8,12,2,4,2
408,40,48,56,51,3,unsolvedmath-ep-683,erdos:683,Erdős Problem #683,UnsolvedMath,number_theory,1,20,mixed_quantifiers,subclaim_decomposition,not_counterexample_target,8,15,7,12,3,4,2
409,40,48,56,51,3,unsolvedmath-ep-711,erdos:711,Erdős Problem #711,UnsolvedMath,number_theory,1,20,mixed_quantifiers,subclaim_decomposition,not_counterexample_target,8,15,9,14,1,2,2
410,40,48,56,51,3,unsolvedmath-ep-983,erdos:983,Erdős Problem #983,UnsolvedMath,number_theory,1,20,classification_or_optimization,subclaim_decomposition,not_counterexample_target,8,15,10,12,2,2,2
411,40,47,54,65,18,unsolvedmath-opg-815,unsolvedmath:unsolvedmath-opg-815,Total Colouring Conjecture,UnsolvedMath,graph_theory,2,40,universal_claim,counterexample,needs_atomic_split,4,15,16,14,3,8,5
412,40,47,54,63,16,unsolvedmath-alg-021,unsolvedmath:unsolvedmath-alg-021,The Pierce-Birkhoff Conjecture,UnsolvedMath,algebra,4,80,universal_claim,counterexample,needs_status_audit,18,15,6,12,4,6,2
413,40,47,54,62,15,unsolvedmath-kou-21.59,unsolvedmath:unsolvedmath-kou-21.59,Kourovka Notebook Problem 21.59,UnsolvedMath,group_theory,2,40,universal_claim,counterexample,needs_atomic_split,4,15,16,14,3,5,5
414,40,47,54,59,12,formal-conjectures-beaver-math-olympiad-problem-2-antihydra-variants-set,formal_conjectures:formal-conjectures-beaver-math-olympiad-problem-2-antihydra-variants-set,Formal Conjectures: beaver_math_olympiad_problem_2_antihydra.variants.set,Google DeepMind Formal Conjectures,research_mathematics,,50,universal_claim,counterexample,modeling_candidate,20,15,6,11,1,2,4
415,40,47,54,57,10,unsolvedmath-graph-011,unsolvedmath:unsolvedmath-graph-011,Jaeger's Petersen Coloring Conjecture,UnsolvedMath,graph_theory,4,80,universal_claim,counterexample,needs_status_audit,18,15,7,12,0,3,2
416,40,47,54,57,10,unsolvedmath-nt-046,unsolvedmath:unsolvedmath-nt-046,Amicable Numbers of Opposite Parity,UnsolvedMath,number_theory,4,80,universal_claim,counterexample,needs_status_audit,18,15,9,10,0,3,2
417,40,47,54,56,9,unsolvedmath-green-077,unsolvedmath:unsolvedmath-green-077,Structure of Sets with Bounded Representation,UnsolvedMath,combinatorics,1,20,universal_claim,counterexample,needs_status_audit,18,15,7,10,1,3,2
418,40,47,54,55,8,unsolvedmath-green-069,unsolvedmath:unsolvedmath-green-069,Sum of Cubes in F_3^n,UnsolvedMath,combinatorics,2,40,equivalence_claim,counterexample,needs_status_audit,18,15,7,10,0,3,2
419,40,47,54,55,8,unsolvedmath-kou-21.116,unsolvedmath:unsolvedmath-kou-21.116,Kourovka Notebook Problem 21.116,UnsolvedMath,group_theory,2,40,universal_claim,counterexample,needs_status_audit,18,15,8,8,0,4,2
420,40,47,54,55,8,unsolvedmath-kou-21.127,unsolvedmath:unsolvedmath-kou-21.127,Kourovka Notebook Problem 21.127,UnsolvedMath,group_theory,2,40,universal_claim,counterexample,needs_status_audit,18,15,7,8,0,5,2
421,40,47,54,55,8,unsolvedmath-kou-21.54,unsolvedmath:unsolvedmath-kou-21.54,Kourovka Notebook Problem 21.54,UnsolvedMath,group_theory,2,40,universal_claim,counterexample,needs_status_audit,18,15,8,8,0,4,2
422,40,47,54,55,8,unsolvedmath-kou-21.66,unsolvedmath:unsolvedmath-kou-21.66,Kourovka Notebook Problem 21.66,UnsolvedMath,group_theory,2,40,equivalence_claim,counterexample,needs_status_audit,18,15,7,10,0,3,2
423,40,47,54,54,7,formal-conjectures-conjecture315,formal_conjectures:formal-conjectures-conjecture315,Formal Conjectures: conjecture315,Google DeepMind Formal Conjectures,research_mathematics,,50,universal_claim,counterexample,modeling_candidate,20,15,6,7,0,2,4
424,40,47,54,54,7,formal-conjectures-conjecture322,formal_conjectures:formal-conjectures-conjecture322,Formal Conjectures: conjecture322,Google DeepMind Formal Conjectures,research_mathematics,,50,universal_claim,counterexample,modeling_candidate,20,15,6,7,0,2,4
425,40,47,54,54,7,formal-conjectures-pebbling-number-conjecture,formal_conjectures:formal-conjectures-pebbling-number-conjecture,Formal Conjectures: pebbling_number_conjecture,Google DeepMind Formal Conjectures,research_mathematics,,50,universal_claim,counterexample,modeling_candidate,20,15,6,7,0,2,4
426,40,47,54,50,3,unsolvedmath-green-054,unsolvedmath:unsolvedmath-green-054,Comparable Elements in Integer Lattices,UnsolvedMath,combinatorics,1,20,mixed_quantifiers,subclaim_decomposition,not_counterexample_target,8,15,10,14,0,1,2
427,39,49,59,52,3,unsolvedmath-ep-340,erdos:340,Erdős Problem #340,UnsolvedMath,number_theory,1,20,classification_or_optimization,subclaim_decomposition,needs_atomic_split,4,15,10,14,3,4,2
428,39,49,59,52,3,unsolvedmath-ep-704,erdos:704,Erdős Problem #704,UnsolvedMath,graph_theory,1,20,classification_or_optimization,subclaim_decomposition,needs_atomic_split,4,15,10,16,0,5,2
429,39,47,55,56,9,unsolvedmath-ep-114,erdos:114,Erdős Problem #114,UnsolvedMath,graph_theory,1,20,equivalence_claim,counterexample,modeling_candidate,18,15,8,10,0,3,2
430,39,47,55,56,9,unsolvedmath-ep-410,erdos:410,Erdős Problem #410,UnsolvedMath,number_theory,1,20,universal_claim,counterexample,modeling_candidate,18,15,7,12,1,1,2
431,39,47,55,56,9,unsolvedmath-ep-517,erdos:517,Erdős Problem #517,UnsolvedMath,combinatorics,1,20,universal_claim,counterexample,modeling_candidate,18,15,8,10,1,2,2
432,39,47,55,56,9,unsolvedmath-ep-990,erdos:990,Erdős Problem #990,UnsolvedMath,combinatorics,1,20,universal_claim,counterexample,modeling_candidate,18,15,8,10,0,3,2
433,39,47,55,54,7,unsolvedmath-ep-295,erdos:295,Erdős Problem #295,UnsolvedMath,combinatorics,1,20,equivalence_claim,counterexample,modeling_candidate,18,15,7,8,2,2,2
434,39,47,55,54,7,unsolvedmath-ep-90,erdos:90,Erdős Problem #90,UnsolvedMath,graph_theory,1,20,universal_claim,counterexample,modeling_candidate,18,15,8,8,0,3,2
435,39,47,55,52,5,unsolvedmath-ep-218,erdos:218,Erdős Problem #218,UnsolvedMath,number_theory,1,20,equivalence_claim,counterexample,modeling_candidate,18,15,7,10,0,0,2
436,39,47,55,50,3,unsolvedmath-ep-162,erdos:162,Erdős Problem #162,UnsolvedMath,graph_theory,1,20,mixed_quantifiers,subclaim_decomposition,not_counterexample_target,8,15,7,14,1,3,2
437,39,47,55,50,3,unsolvedmath-ep-451,erdos:451,Erdős Problem #451,UnsolvedMath,number_theory,1,20,classification_or_optimization,subclaim_decomposition,not_counterexample_target,8,15,8,12,2,3,2
438,39,47,55,50,3,unsolvedmath-ep-467,erdos:467,Erdős Problem #467,UnsolvedMath,number_theory,1,20,mixed_quantifiers,subclaim_decomposition,not_counterexample_target,8,15,9,14,1,1,2
439,39,47,55,50,3,unsolvedmath-ep-596,erdos:596,Erdős Problem #596,UnsolvedMath,graph_theory,1,20,classification_or_optimization,subclaim_decomposition,not_counterexample_target,8,15,8,14,1,2,2
440,39,47,55,50,3,unsolvedmath-ep-638,erdos:638,Erdős Problem #638,UnsolvedMath,graph_theory,1,20,mixed_quantifiers,subclaim_decomposition,not_counterexample_target,8,15,8,14,1,2,2
441,39,47,55,50,3,unsolvedmath-ep-710,erdos:710,Erdős Problem #710,UnsolvedMath,number_theory,1,20,mixed_quantifiers,subclaim_decomposition,not_counterexample_target,8,15,9,14,1,1,2
442,39,47,55,50,3,unsolvedmath-ep-712,erdos:712,Erdős Problem #712,UnsolvedMath,graph_theory,1,20,classification_or_optimization,subclaim_decomposition,not_counterexample_target,8,15,7,14,1,3,2
443,39,47,55,50,3,unsolvedmath-ep-920,erdos:920,Erdős Problem #920,UnsolvedMath,graph_theory,1,20,mixed_quantifiers,subclaim_decomposition,not_counterexample_target,8,15,8,12,0,5,2
444,39,46,53,65,19,unsolvedmath-kou-21.89,unsolvedmath:unsolvedmath-kou-21.89,Kourovka Notebook Problem 21.89,UnsolvedMath,group_theory,2,40,universal_claim,counterexample,needs_atomic_split,4,15,16,16,3,6,5
445,39,46,53,62,16,unsolvedmath-opg-706,unsolvedmath:unsolvedmath-opg-706,Goldbach conjecture,UnsolvedMath,number_theory,3,60,universal_claim,counterexample,new_strategy_only,18,15,10,12,0,3,4
446,39,46,53,61,15,unsolvedmath-opg-60034,unsolvedmath:unsolvedmath-opg-60034,Singmaster's conjecture,UnsolvedMath,number_theory,1,20,universal_claim,counterexample,needs_atomic_split,4,15,15,14,3,5,5
447,39,46,53,58,12,formal-conjectures-transcendental-gamma-one-div,formal_conjectures:formal-conjectures-transcendental-gamma-one-div,Formal Conjectures: transcendental_gamma_one_div,Google DeepMind Formal Conjectures,research_mathematics,,50,universal_claim,counterexample,needs_status_audit,20,15,9,5,1,4,4
448,39,46,53,57,11,formal-conjectures-lander-parkin-selfridge-variants-five-three,formal_conjectures:formal-conjectures-lander-parkin-selfridge-variants-five-three,Formal Conjectures: lander_parkin_selfridge.variants.five_three,Google DeepMind Formal Conjectures,research_mathematics,,50,universal_claim,counterexample,needs_status_audit,20,15,9,5,0,4,4
449,39,46,53,57,11,formal-conjectures-pillais-conjecture,formal_conjectures:formal-conjectures-pillais-conjecture,Formal Conjectures: pillais_conjecture,Google DeepMind Formal Conjectures,research_mathematics,,50,universal_claim,counterexample,needs_status_audit,20,15,9,5,0,4,4
450,39,46,53,54,8,unsolvedmath-green-013,unsolvedmath:unsolvedmath-green-013,4-term APs in Fourier Uniform Sets,UnsolvedMath,combinatorics,2,40,universal_claim,counterexample,modeling_candidate,18,15,8,8,0,3,2
451,39,46,53,54,8,unsolvedmath-kou-21.20,unsolvedmath:unsolvedmath-kou-21.20,Kourovka Notebook Problem 21.20,UnsolvedMath,group_theory,2,40,universal_claim,counterexample,needs_status_audit,18,15,8,8,0,3,2
452,39,46,53,54,8,unsolvedmath-kou-21.21,unsolvedmath:unsolvedmath-kou-21.21,Kourovka Notebook Problem 21.21,UnsolvedMath,group_theory,2,40,universal_claim,counterexample,needs_status_audit,18,15,8,8,0,3,2
453,39,46,53,54,8,unsolvedmath-kou-21.96,unsolvedmath:unsolvedmath-kou-21.96,Kourovka Notebook Problem 21.96,UnsolvedMath,group_theory,2,40,universal_claim,counterexample,needs_status_audit,18,15,8,8,0,3,2
454,39,46,53,54,8,unsolvedmath-opg-46237,unsolvedmath:unsolvedmath-opg-46237,Decomposing an even tournament in directed paths.,UnsolvedMath,graph_theory,2,40,universal_claim,counterexample,needs_status_audit,18,15,7,8,0,4,2
455,39,46,53,53,7,formal-conjectures-conjecture327,formal_conjectures:formal-conjectures-conjecture327,Formal Conjectures: conjecture327,Google DeepMind Formal Conjectures,research_mathematics,,50,universal_claim,counterexample,modeling_candidate,20,15,5,7,0,2,4
456,39,46,53,53,7,unsolvedmath-green-081,unsolvedmath:unsolvedmath-green-081,Covering by Random Translates,UnsolvedMath,combinatorics,1,20,equivalence_claim,counterexample,needs_status_audit,18,15,7,8,0,3,2
457,39,46,53,49,3,unsolvedmath-opg-157,unsolvedmath:unsolvedmath-opg-157,What is the largest graph of positive curvature?,UnsolvedMath,graph_theory,1,20,classification_or_optimization,subclaim_decomposition,not_counterexample_target,8,15,8,12,0,4,2
458,39,46,53,49,3,unsolvedmath-opg-164,unsolvedmath:unsolvedmath-opg-164,Graham's conjecture on tree reconstruction,UnsolvedMath,graph_theory,1,20,classification_or_optimization,subclaim_decomposition,not_counterexample_target,8,15,9,14,0,1,2
459,39,46,53,49,3,unsolvedmath-opg-36928,unsolvedmath:unsolvedmath-opg-36928,Criterion for boundedness of power series,UnsolvedMath,analysis,1,20,universal_claim,counterexample,modeling_candidate,18,15,3,9,1,1,2
460,39,46,53,49,3,unsolvedmath-opg-37079,unsolvedmath:unsolvedmath-opg-37079,A gold-grabbing game,UnsolvedMath,graph_theory,1,20,classification_or_optimization,subclaim_decomposition,not_counterexample_target,8,15,9,14,0,1,2
461,39,46,53,49,3,unsolvedmath-opg-37218,unsolvedmath:unsolvedmath-opg-37218,Finding k-edge-outerplanar graph embeddings,UnsolvedMath,graph_theory,1,20,classification_or_optimization,subclaim_decomposition,not_counterexample_target,8,15,9,14,0,1,2
462,39,46,53,49,3,unsolvedmath-opg-37364,unsolvedmath:unsolvedmath-opg-37364,Matching cut and girth,UnsolvedMath,graph_theory,1,20,mixed_quantifiers,subclaim_decomposition,not_counterexample_target,8,15,8,14,1,1,2
463,39,46,53,49,3,unsolvedmath-opg-46495,unsolvedmath:unsolvedmath-opg-46495,Arc-disjoint out-branching and in-branching,UnsolvedMath,graph_theory,1,20,mixed_quantifiers,subclaim_decomposition,not_counterexample_target,8,15,9,14,0,1,2
464,39,44,49,77,33,unsolvedmath-nt-078,unsolvedmath:unsolvedmath-nt-078,Beal's Conjecture,UnsolvedMath,number_theory,5,100,universal_claim,counterexample,new_strategy_only,20,15,16,14,3,4,5
465,38,47,56,51,4,unsolvedmath-opg-37089,unsolvedmath:unsolvedmath-opg-37089,Shuffle-Exchange Conjecture (graph-theoretic form),UnsolvedMath,graph_theory,2,40,universal_claim,counterexample,needs_atomic_split,4,15,10,14,2,4,2
466,38,46,54,55,9,unsolvedmath-ep-694,erdos:694,Erdős Problem #694,UnsolvedMath,number_theory,1,20,equivalence_claim,counterexample,needs_status_audit,18,15,7,8,2,3,2
467,38,46,54,55,9,unsolvedmath-ep-824,erdos:824,Erdős Problem #824,UnsolvedMath,number_theory,1,20,equivalence_claim,counterexample,modeling_candidate,18,15,8,10,0,2,2
468,38,46,54,55,9,unsolvedmath-ep-953,erdos:953,Erdős Problem #953,UnsolvedMath,number_theory,1,20,universal_claim,counterexample,modeling_candidate,18,15,8,8,0,4,2
469,38,46,54,53,7,unsolvedmath-ep-142,erdos:142,Erdős Problem #142,UnsolvedMath,combinatorics,1,20,universal_claim,counterexample,modeling_candidate,18,15,7,8,0,3,2
470,38,46,54,53,7,unsolvedmath-ep-544,erdos:544,Erdős Problem #544,UnsolvedMath,graph_theory,1,20,equivalence_claim,counterexample,modeling_candidate,18,15,7,10,0,1,2
471,38,46,54,53,7,unsolvedmath-ep-574,erdos:574,Erdős Problem #574,UnsolvedMath,graph_theory,1,20,equivalence_claim,counterexample,modeling_candidate,18,15,7,10,0,1,2
472,38,46,54,53,7,unsolvedmath-ep-588,erdos:588,Erdős Problem #588,UnsolvedMath,combinatorics,1,20,universal_claim,counterexample,modeling_candidate,18,15,7,8,0,3,2
473,38,46,54,49,3,unsolvedmath-ep-1104,erdos:1104,Erdős Problem #1104,UnsolvedMath,graph_theory,1,20,classification_or_optimization,subclaim_decomposition,not_counterexample_target,8,15,8,12,0,4,2
474,38,46,54,49,3,unsolvedmath-ep-149,erdos:149,Erdős Problem #149,UnsolvedMath,graph_theory,1,20,classification_or_optimization,subclaim_decomposition,not_counterexample_target,8,15,8,12,0,4,2
475,38,46,54,49,3,unsolvedmath-ep-174,erdos:174,Erdős Problem #174,UnsolvedMath,number_theory,1,20,mixed_quantifiers,subclaim_decomposition,not_counterexample_target,8,15,10,12,0,2,2
476,38,46,54,49,3,unsolvedmath-ep-195,erdos:195,Erdős Problem #195,UnsolvedMath,number_theory,1,20,classification_or_optimization,subclaim_decomposition,not_counterexample_target,8,15,9,12,0,3,2
477,38,46,54,49,3,unsolvedmath-ep-25,erdos:25,Erdős Problem #25,UnsolvedMath,number_theory,1,20,mixed_quantifiers,subclaim_decomposition,not_counterexample_target,8,15,7,12,3,2,2
478,38,46,54,49,3,unsolvedmath-ep-585,erdos:585,Erdős Problem #585,UnsolvedMath,graph_theory,1,20,classification_or_optimization,subclaim_decomposition,not_counterexample_target,8,15,7,12,0,5,2
479,38,46,54,49,3,unsolvedmath-ep-609,erdos:609,Erdős Problem #609,UnsolvedMath,graph_theory,1,20,classification_or_optimization,subclaim_decomposition,not_counterexample_target,8,15,8,12,0,4,2
480,38,46,54,49,3,unsolvedmath-ep-616,erdos:616,Erdős Problem #616,UnsolvedMath,graph_theory,1,20,classification_or_optimization,subclaim_decomposition,not_counterexample_target,8,15,7,12,0,5,2
481,38,46,54,49,3,unsolvedmath-ep-625,erdos:625,Erdős Problem #625,UnsolvedMath,graph_theory,1,20,classification_or_optimization,subclaim_decomposition,not_counterexample_target,8,15,8,12,0,4,2
482,38,46,54,49,3,unsolvedmath-ep-684,erdos:684,Erdős Problem #684,UnsolvedMath,number_theory,1,20,classification_or_optimization,subclaim_decomposition,not_counterexample_target,8,15,8,12,2,2,2
483,38,46,54,49,3,unsolvedmath-ep-837,erdos:837,Erdős Problem #837,UnsolvedMath,graph_theory,1,20,classification_or_optimization,subclaim_decomposition,not_counterexample_target,8,15,9,14,0,1,2
484,38,46,54,49,3,unsolvedmath-ep-858,erdos:858,Erdős Problem #858,UnsolvedMath,number_theory,1,20,classification_or_optimization,subclaim_decomposition,not_counterexample_target,8,15,8,10,2,4,2
485,38,46,54,49,3,unsolvedmath-ep-954,erdos:954,Erdős Problem #954,UnsolvedMath,number_theory,1,20,classification_or_optimization,subclaim_decomposition,not_counterexample_target,8,15,7,10,2,5,2
486,38,46,54,49,3,unsolvedmath-ep-969,erdos:969,Erdős Problem #969,UnsolvedMath,number_theory,1,20,classification_or_optimization,subclaim_decomposition,not_counterexample_target,8,15,8,10,2,4,2
487,38,45,52,60,15,unsolvedmath-nt-052,unsolvedmath:unsolvedmath-nt-052,Normality of Irrational Algebraic Numbers,UnsolvedMath,number_theory,5,100,universal_claim,counterexample,needs_status_audit,18,15,10,10,0,5,2
488,38,45,52,56,11,formal-conjectures-charmichaeltotient,formal_conjectures:formal-conjectures-charmichaeltotient,Formal Conjectures: charmichaelTotient,Google DeepMind Formal Conjectures,research_mathematics,,50,universal_claim,counterexample,needs_status_audit,20,15,8,5,0,4,4
489,38,45,52,55,10,unsolvedmath-nt-087,unsolvedmath:unsolvedmath-nt-087,Agoh-Giuga Conjecture,UnsolvedMath,number_theory,4,80,equivalence_claim,counterexample,needs_status_audit,18,15,7,10,0,3,2
490,38,45,52,55,10,unsolvedmath-alg-010,unsolvedmath:unsolvedmath-alg-010,Herzog-Schönheim Conjecture,UnsolvedMath,algebra,3,60,universal_claim,counterexample,needs_status_audit,18,15,6,6,4,4,2
491,38,45,52,55,10,unsolvedmath-opg-1788,unsolvedmath:unsolvedmath-opg-1788,Schanuel's Conjecture,UnsolvedMath,number_theory,3,60,universal_claim,counterexample,needs_status_audit,18,15,8,6,0,6,2
492,38,45,52,54,9,unsolvedmath-opg-37222,unsolvedmath:unsolvedmath-opg-37222,Dividing up the unrestricted partitions,UnsolvedMath,combinatorics,1,20,universal_claim,counterexample,needs_status_audit,18,15,8,8,0,3,2
493,38,45,52,54,9,unsolvedmath-opg-37416,unsolvedmath:unsolvedmath-opg-37416,Length of surreal product,UnsolvedMath,combinatorics,1,20,universal_claim,counterexample,needs_status_audit,18,15,7,8,0,4,2
494,38,45,52,53,8,unsolvedmath-kou-21.129,unsolvedmath:unsolvedmath-kou-21.129,Kourovka Notebook Problem 21.129,UnsolvedMath,group_theory,2,40,universal_claim,counterexample,needs_status_audit,18,15,7,8,0,3,2
495,38,45,52,53,8,unsolvedmath-kou-21.133,unsolvedmath:unsolvedmath-kou-21.133,Kourovka Notebook Problem 21.133,UnsolvedMath,group_theory,2,40,universal_claim,counterexample,needs_status_audit,18,15,7,8,0,3,2
496,38,45,52,53,8,unsolvedmath-kou-21.139,unsolvedmath:unsolvedmath-kou-21.139,Kourovka Notebook Problem 21.139,UnsolvedMath,group_theory,2,40,universal_claim,counterexample,needs_status_audit,18,15,7,8,0,3,2
497,38,45,52,53,8,unsolvedmath-kou-21.93,unsolvedmath:unsolvedmath-kou-21.93,Kourovka Notebook Problem 21.93,UnsolvedMath,group_theory,2,40,equivalence_claim,counterexample,needs_status_audit,18,15,7,8,0,3,2
498,38,45,52,51,6,unsolvedmath-geom-023,unsolvedmath:unsolvedmath-geom-023,Orchard-Planting Problem,UnsolvedMath,geometry,3,60,classification_or_optimization,subclaim_decomposition,not_counterexample_target,8,15,7,12,2,5,2
499,38,45,52,51,6,unsolvedmath-opg-1768,unsolvedmath:unsolvedmath-opg-1768,Jacobian Conjecture,UnsolvedMath,geometry,3,60,equivalence_claim,counterexample,needs_status_audit,18,15,5,8,0,3,2
500,38,45,52,49,4,unsolvedmath-kou-21.108,unsolvedmath:unsolvedmath-kou-21.108,Kourovka Notebook Problem 21.108,UnsolvedMath,group_theory,2,40,equivalence_claim,counterexample,needs_atomic_split,4,15,10,14,0,4,2
501,38,45,52,49,4,unsolvedmath-opg-60042,unsolvedmath:unsolvedmath-opg-60042,Multicolour Erdős--Hajnal Conjecture,UnsolvedMath,graph_theory,2,40,mixed_quantifiers,subclaim_decomposition,not_counterexample_target,8,15,7,14,1,2,2
502,38,45,52,48,3,unsolvedmath-green-006,unsolvedmath:unsolvedmath-green-006,Sum-Free Subsets of [N]^d,UnsolvedMath,combinatorics,1,20,classification_or_optimization,subclaim_decomposition,not_counterexample_target,8,15,7,12,0,4,2
503,38,45,52,48,3,unsolvedmath-opg-37863,unsolvedmath:unsolvedmath-opg-37863,Finite entailment of Positive Horn logic,UnsolvedMath,logic,1,20,equivalence_claim,counterexample,needs_status_audit,18,15,3,7,0,3,2
504,38,45,52,48,3,unsolvedmath-opg-46738,unsolvedmath:unsolvedmath-opg-46738,Complexity of the H-factor problem.,UnsolvedMath,graph_theory,1,20,classification_or_optimization,subclaim_decomposition,not_counterexample_target,8,15,8,12,0,3,2
505,38,45,52,48,3,unsolvedmath-opg-494,unsolvedmath:unsolvedmath-opg-494,Oriented chromatic number of planar graphs,UnsolvedMath,graph_theory,1,20,classification_or_optimization,subclaim_decomposition,not_counterexample_target,8,15,8,12,0,3,2
506,38,45,52,48,3,unsolvedmath-opg-60002,unsolvedmath:unsolvedmath-opg-60002,Saturation in the Hypercube,UnsolvedMath,combinatorics,1,20,classification_or_optimization,subclaim_decomposition,not_counterexample_target,8,15,7,12,0,4,2
507,38,43,48,70,27,unsolvedmath-nt-058,unsolvedmath:unsolvedmath-nt-058,Lander-Parkin-Selfridge Conjecture,UnsolvedMath,number_theory,4,80,universal_claim,counterexample,new_strategy_only,12,15,16,14,3,5,5
508,37,46,55,50,4,unsolvedmath-kou-21.1,unsolvedmath:unsolvedmath-kou-21.1,Kourovka Notebook Problem 21.1,UnsolvedMath,group_theory,2,40,classification_or_optimization,subclaim_decomposition,needs_atomic_split,4,15,10,16,1,2,2
509,37,46,55,50,4,unsolvedmath-kou-21.125,unsolvedmath:unsolvedmath-kou-21.125,Kourovka Notebook Problem 21.125,UnsolvedMath,group_theory,2,40,universal_claim,counterexample,needs_atomic_split,4,15,10,14,0,5,2
510,37,46,55,50,4,unsolvedmath-kou-21.23,unsolvedmath:unsolvedmath-kou-21.23,Kourovka Notebook Problem 21.23,UnsolvedMath,group_theory,2,40,classification_or_optimization,subclaim_decomposition,needs_atomic_split,4,15,9,18,1,1,2
511,37,45,53,54,9,unsolvedmath-ep-522,erdos:522,Erdős Problem #522,UnsolvedMath,graph_theory,1,20,equivalence_claim,counterexample,modeling_candidate,18,15,7,10,0,2,2
512,37,45,53,54,9,unsolvedmath-ep-731,erdos:731,Erdős Problem #731,UnsolvedMath,number_theory,1,20,universal_claim,counterexample,modeling_candidate,18,15,8,10,0,1,2
513,37,45,53,52,7,unsolvedmath-ep-101,erdos:101,Erdős Problem #101,UnsolvedMath,combinatorics,1,20,universal_claim,counterexample,modeling_candidate,18,15,7,8,0,2,2
514,37,45,53,52,7,unsolvedmath-ep-252,erdos:252,Erdős Problem #252,UnsolvedMath,number_theory,1,20,equivalence_claim,counterexample,needs_status_audit,18,15,7,6,0,4,2
515,37,45,53,52,7,unsolvedmath-ep-536,erdos:536,Erdős Problem #536,UnsolvedMath,combinatorics,1,20,universal_claim,counterexample,modeling_candidate,18,15,7,8,0,2,2
516,37,45,53,52,7,unsolvedmath-ep-691,erdos:691,Erdős Problem #691,UnsolvedMath,number_theory,1,20,equivalence_claim,counterexample,needs_status_audit,18,15,7,6,0,4,2
517,37,45,53,48,3,unsolvedmath-ep-1021,erdos:1021,Erdős Problem #1021,UnsolvedMath,graph_theory,1,20,mixed_quantifiers,subclaim_decomposition,not_counterexample_target,8,15,7,14,1,1,2
518,37,45,53,48,3,unsolvedmath-ep-1066,erdos:1066,Erdős Problem #1066,UnsolvedMath,graph_theory,1,20,classification_or_optimization,subclaim_decomposition,not_counterexample_target,8,15,8,12,0,3,2
519,37,45,53,48,3,unsolvedmath-ep-1133,erdos:1133,Erdős Problem #1133,UnsolvedMath,graph_theory,1,20,mixed_quantifiers,subclaim_decomposition,not_counterexample_target,8,15,8,12,0,3,2
520,37,45,53,48,3,unsolvedmath-ep-173,erdos:173,Erdős Problem #173,UnsolvedMath,graph_theory,1,20,mixed_quantifiers,subclaim_decomposition,not_counterexample_target,8,15,8,12,0,3,2
521,37,45,53,48,3,unsolvedmath-ep-293,erdos:293,Erdős Problem #293,UnsolvedMath,number_theory,1,20,classification_or_optimization,subclaim_decomposition,not_counterexample_target,8,15,7,10,2,4,2
522,37,45,53,48,3,unsolvedmath-ep-304,erdos:304,Erdős Problem #304,UnsolvedMath,number_theory,1,20,classification_or_optimization,subclaim_decomposition,not_counterexample_target,8,15,7,10,2,4,2
523,37,45,53,48,3,unsolvedmath-ep-560,erdos:560,Erdős Problem #560,UnsolvedMath,graph_theory,1,20,classification_or_optimization,subclaim_decomposition,not_counterexample_target,8,15,8,12,0,3,2
524,37,45,53,48,3,unsolvedmath-ep-611,erdos:611,Erdős Problem #611,UnsolvedMath,graph_theory,1,20,classification_or_optimization,subclaim_decomposition,not_counterexample_target,8,15,7,12,0,4,2
525,37,45,53,48,3,unsolvedmath-ep-629,erdos:629,Erdős Problem #629,UnsolvedMath,graph_theory,1,20,classification_or_optimization,subclaim_decomposition,not_counterexample_target,8,15,8,12,0,3,2
526,37,45,53,48,3,unsolvedmath-ep-811,erdos:811,Erdős Problem #811,UnsolvedMath,graph_theory,1,20,classification_or_optimization,subclaim_decomposition,not_counterexample_target,8,15,7,14,1,1,2
527,37,45,53,48,3,unsolvedmath-ep-930,erdos:930,Erdős Problem #930,UnsolvedMath,number_theory,1,20,mixed_quantifiers,subclaim_decomposition,not_counterexample_target,8,15,7,12,1,3,2
528,37,44,51,64,20,unsolvedmath-opg-37379,unsolvedmath:unsolvedmath-opg-37379,Forcing a $K_6$-minor,UnsolvedMath,graph_theory,1,20,universal_claim,counterexample,needs_atomic_split,4,15,16,14,3,7,5
529,37,44,51,60,16,unsolvedmath-graph-010,unsolvedmath:unsolvedmath-graph-010,Gyárfás-Sumner Conjecture,UnsolvedMath,graph_theory,4,80,universal_claim,counterexample,needs_status_audit,18,15,8,12,0,5,2
530,37,44,51,59,15,unsolvedmath-num-009,unsolvedmath:unsolvedmath-num-009,Algebraic Number Normality,UnsolvedMath,number_theory,5,100,universal_claim,counterexample,needs_status_audit,18,15,10,10,0,4,2
531,37,44,51,58,14,unsolvedmath-nt-050,unsolvedmath:unsolvedmath-nt-050,Odd Weird Numbers,UnsolvedMath,number_theory,4,80,universal_claim,counterexample,needs_status_audit,18,15,8,8,2,5,2
532,37,44,51,56,12,unsolvedmath-nt-016,unsolvedmath:unsolvedmath-nt-016,Catalan-Mersenne Conjecture,UnsolvedMath,number_theory,4,80,universal_claim,counterexample,needs_status_audit,18,15,7,10,1,3,2
533,37,44,51,54,10,unsolvedmath-graph-040,unsolvedmath:unsolvedmath-graph-040,Zarankiewicz Problem,UnsolvedMath,graph_theory,4,80,classification_or_optimization,subclaim_decomposition,not_counterexample_target,8,15,10,14,2,3,2
534,37,44,51,54,10,unsolvedmath-opg-23298,unsolvedmath:unsolvedmath-opg-23298,Elementary symmetric of a sum of matrices,UnsolvedMath,algebra,2,40,universal_claim,counterexample,needs_status_audit,18,15,6,10,0,3,2
535,37,44,51,53,9,formal-conjectures-nokinline,formal_conjectures:formal-conjectures-nokinline,Formal Conjectures: NoKInLine,Google DeepMind Formal Conjectures,research_mathematics,,50,universal_claim,counterexample,modeling_candidate,20,15,4,7,1,2,4
536,37,44,51,53,9,unsolvedmath-opg-37397,unsolvedmath:unsolvedmath-opg-37397,Erdős–Straus conjecture,UnsolvedMath,number_theory,1,20,mixed_quantifiers,subclaim_decomposition,not_counterexample_target,8,15,10,14,1,1,4
537,37,44,51,53,9,unsolvedmath-opg-37444,unsolvedmath:unsolvedmath-opg-37444,Blatter-Specker Theorem for ternary relations,UnsolvedMath,logic,1,20,universal_claim,counterexample,needs_status_audit,18,15,4,9,1,4,2
538,37,44,51,52,8,unsolvedmath-green-082,unsolvedmath:unsolvedmath-green-082,Hamming Ball Covering Growth,UnsolvedMath,combinatorics,2,40,equivalence_claim,counterexample,modeling_candidate,18,15,7,8,2,0,2
539,37,44,51,51,7,unsolvedmath-opg-36922,unsolvedmath:unsolvedmath-opg-36922,Domination in plane triangulations,UnsolvedMath,graph_theory,1,20,universal_claim,counterexample,modeling_candidate,18,15,7,8,0,1,2
540,37,44,51,50,6,unsolvedmath-comb-003,unsolvedmath:unsolvedmath-comb-003,"Ramsey Number R(5,5)",UnsolvedMath,combinatorics,3,60,classification_or_optimization,subclaim_decomposition,not_counterexample_target,8,15,8,12,2,3,2
541,37,44,51,50,6,unsolvedmath-graph-036,unsolvedmath:unsolvedmath-graph-036,Snake-in-the-Box Problem,UnsolvedMath,graph_theory,3,60,classification_or_optimization,subclaim_decomposition,not_counterexample_target,8,15,9,14,0,2,2
542,37,44,51,48,4,unsolvedmath-kou-21.107,unsolvedmath:unsolvedmath-kou-21.107,Kourovka Notebook Problem 21.107,UnsolvedMath,group_theory,2,40,mixed_quantifiers,subclaim_decomposition,not_counterexample_target,8,15,7,14,1,1,2
543,37,44,51,48,4,unsolvedmath-opg-150,unsolvedmath:unsolvedmath-opg-150,The additive basis conjecture,UnsolvedMath,combinatorics,2,40,mixed_quantifiers,subclaim_decomposition,not_counterexample_target,8,15,7,14,1,1,2
544,37,44,51,47,3,unsolvedmath-green-067,unsolvedmath:unsolvedmath-green-067,"Affine Translates of {0,1,3}",UnsolvedMath,combinatorics,1,20,classification_or_optimization,subclaim_decomposition,not_counterexample_target,8,15,7,12,0,3,2
545,37,44,51,47,3,unsolvedmath-opg-493,unsolvedmath:unsolvedmath-opg-493,Covering systems with big moduli,UnsolvedMath,number_theory,1,20,mixed_quantifiers,subclaim_decomposition,not_counterexample_target,8,15,7,12,1,2,2
546,37,44,51,47,3,unsolvedmath-opg-588,unsolvedmath:unsolvedmath-opg-588,Big Line or Big Clique in Planar Point Sets,UnsolvedMath,geometry,1,20,mixed_quantifiers,subclaim_decomposition,not_counterexample_target,8,15,7,12,1,2,2
547,37,42,47,64,22,unsolvedmath-opg-382,unsolvedmath:unsolvedmath-opg-382,Aharoni-Berger conjecture,UnsolvedMath,combinatorics,2,40,mixed_quantifiers,subclaim_decomposition,not_counterexample_target,8,15,15,14,3,4,5
548,37,42,47,63,21,unsolvedmath-opg-480,unsolvedmath:unsolvedmath-opg-480,r-regular graphs are not uniquely hamiltonian.,UnsolvedMath,graph_theory,2,40,unclassified_question,formal_modeling,modeling_candidate,5,15,15,16,3,4,5
549,37,42,47,62,20,unsolvedmath-opg-151,unsolvedmath:unsolvedmath-opg-151,The permanent conjecture,UnsolvedMath,combinatorics,1,20,unclassified_question,formal_modeling,modeling_candidate,5,15,16,14,3,4,5
550,36,46,56,49,3,unsolvedmath-ep-130,erdos:130,Erdős Problem #130,UnsolvedMath,number_theory,1,20,universal_claim,counterexample,needs_atomic_split,4,15,10,14,0,4,2
551,36,46,56,49,3,unsolvedmath-ep-883,erdos:883,Erdős Problem #883,UnsolvedMath,number_theory,1,20,universal_claim,counterexample,needs_atomic_split,4,15,10,14,1,3,2
552,36,45,54,49,4,unsolvedmath-opg-37181,unsolvedmath:unsolvedmath-opg-37181,Beneš Conjecture,UnsolvedMath,combinatorics,2,40,universal_claim,counterexample,needs_atomic_split,4,15,9,16,0,3,2
553,36,45,54,48,3,unsolvedmath-opg-47470,unsolvedmath:unsolvedmath-opg-47470,Colouring the square of a planar graph,UnsolvedMath,graph_theory,1,20,equivalence_claim,counterexample,needs_atomic_split,4,15,8,12,0,7,2
554,36,44,52,53,9,unsolvedmath-ep-1130,erdos:1130,Erdős Problem #1130,UnsolvedMath,combinatorics,1,20,equivalence_claim,counterexample,modeling_candidate,18,15,7,10,0,1,2
555,36,44,52,53,9,unsolvedmath-ep-120,erdos:120,Erdős Problem #120,UnsolvedMath,combinatorics,1,20,universal_claim,counterexample,modeling_candidate,18,15,7,10,0,1,2
556,36,44,52,51,7,unsolvedmath-ep-138,erdos:138,Erdős Problem #138,UnsolvedMath,number_theory,1,20,universal_claim,counterexample,modeling_candidate,18,15,8,6,0,2,2
557,36,44,52,51,7,unsolvedmath-ep-153,erdos:153,Erdős Problem #153,UnsolvedMath,combinatorics,1,20,equivalence_claim,counterexample,modeling_candidate,18,15,7,8,0,1,2
558,36,44,52,51,7,unsolvedmath-ep-489,erdos:489,Erdős Problem #489,UnsolvedMath,number_theory,1,20,universal_claim,counterexample,modeling_candidate,18,15,7,8,0,1,2
559,36,44,52,51,7,unsolvedmath-ep-543,erdos:543,Erdős Problem #543,UnsolvedMath,combinatorics,1,20,universal_claim,counterexample,modeling_candidate,18,15,7,8,0,1,2
560,36,44,52,51,7,unsolvedmath-ep-840,erdos:840,Erdős Problem #840,UnsolvedMath,number_theory,1,20,equivalence_claim,counterexample,modeling_candidate,18,15,7,6,0,3,2
561,36,44,52,47,3,unsolvedmath-ep-1011,erdos:1011,Erdős Problem #1011,UnsolvedMath,graph_theory,1,20,classification_or_optimization,subclaim_decomposition,not_counterexample_target,8,15,8,12,0,2,2
562,36,44,52,47,3,unsolvedmath-ep-1017,erdos:1017,Erdős Problem #1017,UnsolvedMath,number_theory,1,20,classification_or_optimization,subclaim_decomposition,not_counterexample_target,8,15,7,12,1,2,2
563,36,44,52,47,3,unsolvedmath-ep-1095,erdos:1095,Erdős Problem #1095,UnsolvedMath,number_theory,1,20,classification_or_optimization,subclaim_decomposition,not_counterexample_target,8,15,8,10,2,2,2
564,36,44,52,47,3,unsolvedmath-ep-281,erdos:281,Erdős Problem #281,UnsolvedMath,number_theory,1,20,mixed_quantifiers,subclaim_decomposition,not_counterexample_target,8,15,7,12,1,2,2
565,36,44,52,47,3,unsolvedmath-ep-346,erdos:346,Erdős Problem #346,UnsolvedMath,number_theory,1,20,mixed_quantifiers,subclaim_decomposition,not_counterexample_target,8,15,9,12,0,1,2
566,36,44,52,47,3,unsolvedmath-ep-393,erdos:393,Erdős Problem #393,UnsolvedMath,number_theory,1,20,classification_or_optimization,subclaim_decomposition,not_counterexample_target,8,15,10,10,0,2,2
567,36,44,52,47,3,unsolvedmath-ep-450,erdos:450,Erdős Problem #450,UnsolvedMath,number_theory,1,20,classification_or_optimization,subclaim_decomposition,not_counterexample_target,8,15,7,12,0,3,2
568,36,44,52,47,3,unsolvedmath-ep-558,erdos:558,Erdős Problem #558,UnsolvedMath,graph_theory,1,20,classification_or_optimization,subclaim_decomposition,not_counterexample_target,8,15,8,12,0,2,2
569,36,44,52,47,3,unsolvedmath-ep-593,erdos:593,Erdős Problem #593,UnsolvedMath,graph_theory,1,20,classification_or_optimization,subclaim_decomposition,not_counterexample_target,8,15,8,12,0,2,2
570,36,44,52,47,3,unsolvedmath-ep-62,erdos:62,Erdős Problem #62,UnsolvedMath,graph_theory,1,20,mixed_quantifiers,subclaim_decomposition,not_counterexample_target,8,15,8,12,0,2,2
571,36,44,52,47,3,unsolvedmath-ep-675,erdos:675,Erdős Problem #675,UnsolvedMath,number_theory,1,20,mixed_quantifiers,subclaim_decomposition,not_counterexample_target,8,15,8,12,1,1,2
572,36,44,52,47,3,unsolvedmath-ep-681,erdos:681,Erdős Problem #681,UnsolvedMath,number_theory,1,20,mixed_quantifiers,subclaim_decomposition,not_counterexample_target,8,15,8,12,1,1,2
573,36,44,52,47,3,unsolvedmath-ep-687,erdos:687,Erdős Problem #687,UnsolvedMath,number_theory,1,20,mixed_quantifiers,subclaim_decomposition,not_counterexample_target,8,15,7,12,1,2,2
574,36,44,52,47,3,unsolvedmath-ep-688,erdos:688,Erdős Problem #688,UnsolvedMath,number_theory,1,20,classification_or_optimization,subclaim_decomposition,not_counterexample_target,8,15,7,12,1,2,2
575,36,44,52,47,3,unsolvedmath-ep-813,erdos:813,Erdős Problem #813,UnsolvedMath,graph_theory,1,20,classification_or_optimization,subclaim_decomposition,not_counterexample_target,8,15,7,12,0,3,2
576,36,44,52,47,3,unsolvedmath-ep-846,erdos:846,Erdős Problem #846,UnsolvedMath,combinatorics,1,20,classification_or_optimization,subclaim_decomposition,not_counterexample_target,8,15,7,12,0,3,2
577,36,44,52,47,3,unsolvedmath-ep-847,erdos:847,Erdős Problem #847,UnsolvedMath,combinatorics,1,20,classification_or_optimization,subclaim_decomposition,not_counterexample_target,8,15,7,12,0,3,2
578,36,44,52,47,3,unsolvedmath-ep-860,erdos:860,Erdős Problem #860,UnsolvedMath,number_theory,1,20,classification_or_optimization,subclaim_decomposition,not_counterexample_target,8,15,9,12,0,1,2
579,36,44,52,47,3,unsolvedmath-ep-885,erdos:885,Erdős Problem #885,UnsolvedMath,number_theory,1,20,mixed_quantifiers,subclaim_decomposition,not_counterexample_target,8,15,8,12,1,1,2
580,36,44,52,47,3,unsolvedmath-ep-901,erdos:901,Erdős Problem #901,UnsolvedMath,graph_theory,1,20,classification_or_optimization,subclaim_decomposition,not_counterexample_target,8,15,8,12,0,2,2
581,36,44,52,47,3,unsolvedmath-ep-932,erdos:932,Erdős Problem #932,UnsolvedMath,number_theory,1,20,mixed_quantifiers,subclaim_decomposition,not_counterexample_target,8,15,8,12,1,1,2
582,36,44,52,47,3,unsolvedmath-ep-962,erdos:962,Erdős Problem #962,UnsolvedMath,number_theory,1,20,classification_or_optimization,subclaim_decomposition,not_counterexample_target,8,15,8,10,0,4,2
583,36,43,50,55,12,formal-conjectures-artin-primitive-roots-parts-ii,formal_conjectures:formal-conjectures-artin-primitive-roots-parts-ii,Formal Conjectures: artin_primitive_roots.parts.ii,Google DeepMind Formal Conjectures,research_mathematics,,50,universal_claim,counterexample,modeling_candidate,20,15,6,7,0,3,4
584,36,43,50,55,12,formal-conjectures-eulers-sum-of-powers-conjecture,formal_conjectures:formal-conjectures-eulers-sum-of-powers-conjecture,Formal Conjectures: eulers_sum_of_powers_conjecture,Google DeepMind Formal Conjectures,research_mathematics,,50,universal_claim,counterexample,modeling_candidate,20,15,4,9,1,2,4
585,36,43,50,55,12,formal-conjectures-kotherconjecture-variants-matrixover-kotherradical,formal_conjectures:formal-conjectures-kotherconjecture-variants-matrixover-kotherradical,Formal Conjectures: KotherConjecture.variants.matrixOver_KotherRadical,Google DeepMind Formal Conjectures,research_mathematics,,50,universal_claim,counterexample,modeling_candidate,20,15,5,9,0,2,4
586,36,43,50,54,11,formal-conjectures-twofiveperfect,formal_conjectures:formal-conjectures-twofiveperfect,Formal Conjectures: twoFivePerfect,Google DeepMind Formal Conjectures,research_mathematics,,50,universal_claim,counterexample,needs_status_audit,20,15,8,3,0,4,4
587,36,43,50,53,10,unsolvedmath-guy-a8a,unsolvedmath:unsolvedmath-guy-a8a,Erdős $5000 Problem on Prime Gaps,UnsolvedMath,number_theory,4,80,equivalence_claim,counterexample,modeling_candidate,18,15,8,10,0,0,2
588,36,43,50,53,10,unsolvedmath-kou-21.144,unsolvedmath:unsolvedmath-kou-21.144,Kourovka Notebook Problem 21.144,UnsolvedMath,group_theory,3,60,universal_claim,counterexample,needs_status_audit,18,15,7,8,0,3,2
589,36,43,50,53,10,unsolvedmath-kou-21.31,unsolvedmath:unsolvedmath-kou-21.31,Kourovka Notebook Problem 21.31,UnsolvedMath,group_theory,3,60,universal_claim,counterexample,needs_status_audit,18,15,7,8,0,3,2
590,36,43,50,53,10,unsolvedmath-kou-21.82,unsolvedmath:unsolvedmath-kou-21.82,Kourovka Notebook Problem 21.82,UnsolvedMath,group_theory,3,60,universal_claim,counterexample,needs_status_audit,18,15,7,8,0,3,2
591,36,43,50,53,10,unsolvedmath-kou-21.17,unsolvedmath:unsolvedmath-kou-21.17,Kourovka Notebook Problem 21.17,UnsolvedMath,group_theory,2,40,universal_claim,counterexample,needs_status_audit,18,15,7,8,0,3,2
592,36,43,50,53,10,unsolvedmath-kou-21.48,unsolvedmath:unsolvedmath-kou-21.48,Kourovka Notebook Problem 21.48,UnsolvedMath,group_theory,2,40,universal_claim,counterexample,needs_status_audit,18,15,7,8,0,3,2
593,36,43,50,52,9,formal-conjectures-gilbreath-conjecture,formal_conjectures:formal-conjectures-gilbreath-conjecture,Formal Conjectures: gilbreath_conjecture,Google DeepMind Formal Conjectures,research_mathematics,,50,universal_claim,counterexample,modeling_candidate,20,15,3,7,1,2,4
594,36,43,50,52,9,formal-conjectures-kummer-vandiver,formal_conjectures:formal-conjectures-kummer-vandiver,Formal Conjectures: kummer_vandiver,Google DeepMind Formal Conjectures,research_mathematics,,50,universal_claim,counterexample,modeling_candidate,20,15,3,7,1,2,4
595,36,43,50,51,8,unsolvedmath-kou-21.138,unsolvedmath:unsolvedmath-kou-21.138,Kourovka Notebook Problem 21.138,UnsolvedMath,group_theory,2,40,universal_claim,counterexample,modeling_candidate,18,15,7,8,0,1,2
596,36,43,50,51,8,unsolvedmath-kou-21.140,unsolvedmath:unsolvedmath-kou-21.140,Kourovka Notebook Problem 21.140,UnsolvedMath,group_theory,2,40,universal_claim,counterexample,modeling_candidate,18,15,7,8,0,1,2
597,36,43,50,51,8,unsolvedmath-kou-21.141,unsolvedmath:unsolvedmath-kou-21.141,Kourovka Notebook Problem 21.141,UnsolvedMath,group_theory,2,40,equivalence_claim,counterexample,modeling_candidate,18,15,7,8,0,1,2
598,36,43,50,47,4,unsolvedmath-kou-21.11,unsolvedmath:unsolvedmath-kou-21.11,Kourovka Notebook Problem 21.11,UnsolvedMath,group_theory,2,40,classification_or_optimization,subclaim_decomposition,not_counterexample_target,8,15,9,12,0,1,2
599,36,43,50,47,4,unsolvedmath-opg-1750,unsolvedmath:unsolvedmath-opg-1750,"Characterizing (aleph_0,aleph_1)-graphs",UnsolvedMath,graph_theory,2,40,classification_or_optimization,subclaim_decomposition,not_counterexample_target,8,15,8,12,0,2,2
600,36,43,50,47,4,unsolvedmath-opg-60030,unsolvedmath:unsolvedmath-opg-60030,Monochromatic vertex colorings inherited from Perfect Matchings,UnsolvedMath,graph_theory,2,40,classification_or_optimization,subclaim_decomposition,not_counterexample_target,8,15,8,12,0,2,2
601,36,43,50,46,3,unsolvedmath-opg-152,unsolvedmath:unsolvedmath-opg-152,The Alon-Tarsi basis conjecture,UnsolvedMath,combinatorics,1,20,unclassified_question,formal_modeling,modeling_candidate,5,15,9,14,0,1,2
602,36,43,50,46,3,unsolvedmath-opg-1764,unsolvedmath:unsolvedmath-opg-1764,Counting 3-colorings of the hex lattice,UnsolvedMath,graph_theory,1,20,unclassified_question,formal_modeling,modeling_candidate,5,15,9,14,0,1,2
603,36,43,50,46,3,unsolvedmath-opg-182,unsolvedmath:unsolvedmath-opg-182,A generalization of Vizing's Theorem?,UnsolvedMath,graph_theory,1,20,mixed_quantifiers,subclaim_decomposition,not_counterexample_target,8,15,7,12,0,2,2
604,36,43,50,46,3,unsolvedmath-opg-36933,unsolvedmath:unsolvedmath-opg-36933,Asymptotic Distribution of Form of Polyhedra,UnsolvedMath,graph_theory,1,20,classification_or_optimization,subclaim_decomposition,not_counterexample_target,8,15,7,12,0,2,2
605,36,43,50,46,3,unsolvedmath-opg-37192,unsolvedmath:unsolvedmath-opg-37192,Are there an infinite number of lucky primes?,UnsolvedMath,number_theory,1,20,mixed_quantifiers,subclaim_decomposition,not_counterexample_target,8,15,7,10,2,2,2
606,36,43,50,46,3,unsolvedmath-opg-37229,unsolvedmath:unsolvedmath-opg-37229,Exact colorings of graphs,UnsolvedMath,graph_theory,1,20,mixed_quantifiers,subclaim_decomposition,not_counterexample_target,8,15,7,12,0,2,2
607,36,43,50,46,3,unsolvedmath-opg-44879,unsolvedmath:unsolvedmath-opg-44879,Choice Number of k-Chromatic Graphs of Bounded Order,UnsolvedMath,graph_theory,1,20,unclassified_question,formal_modeling,modeling_candidate,5,15,8,12,0,4,2
608,36,43,50,46,3,unsolvedmath-opg-60013,unsolvedmath:unsolvedmath-opg-60013,Weak saturation of the cube in the clique,UnsolvedMath,graph_theory,1,20,classification_or_optimization,subclaim_decomposition,not_counterexample_target,8,15,7,12,0,2,2
609,36,43,50,46,3,unsolvedmath-opg-692,unsolvedmath:unsolvedmath-opg-692,Equality in a matroidal circumference bound,UnsolvedMath,combinatorics,1,20,classification_or_optimization,subclaim_decomposition,not_counterexample_target,8,15,7,12,0,2,2
610,36,41,46,64,23,unsolvedmath-nt-027,unsolvedmath:unsolvedmath-nt-027,Firoozbakht's Conjecture,UnsolvedMath,number_theory,4,80,unclassified_question,formal_modeling,modeling_candidate,5,15,15,16,3,5,5
611,35,45,55,48,3,unsolvedmath-ep-644,erdos:644,Erdős Problem #644,UnsolvedMath,graph_theory,1,20,mixed_quantifiers,subclaim_decomposition,needs_atomic_split,4,15,9,16,1,1,2
612,35,44,53,53,9,formal-conjectures-erdos-1093-parts-ii,erdos:1093,Formal Conjectures: erdos_1093.parts.ii,Google DeepMind Formal Conjectures,research_mathematics,,50,universal_claim,counterexample,modeling_candidate,20,15,4,7,1,2,4
613,35,44,53,48,4,unsolvedmath-kou-21.111,unsolvedmath:unsolvedmath-kou-21.111,Kourovka Notebook Problem 21.111,UnsolvedMath,group_theory,2,40,universal_claim,counterexample,needs_atomic_split,4,15,10,14,0,3,2
614,35,44,53,48,4,unsolvedmath-kou-21.51,unsolvedmath:unsolvedmath-kou-21.51,Kourovka Notebook Problem 21.51,UnsolvedMath,group_theory,2,40,classification_or_optimization,subclaim_decomposition,needs_atomic_split,4,15,10,16,0,1,2
615,35,44,53,47,3,unsolvedmath-opg-37217,unsolvedmath:unsolvedmath-opg-37217,Approximation ratio for k-outerplanar graphs,UnsolvedMath,graph_theory,1,20,classification_or_optimization,subclaim_decomposition,needs_atomic_split,4,15,9,14,0,3,2
616,35,43,51,50,7,unsolvedmath-ep-100,erdos:100,Erdős Problem #100,UnsolvedMath,geometry,1,20,universal_claim,counterexample,modeling_candidate,18,15,6,4,0,5,2
617,35,43,51,50,7,unsolvedmath-ep-103,erdos:103,Erdős Problem #103,UnsolvedMath,geometry,1,20,universal_claim,counterexample,modeling_candidate,18,15,6,6,0,3,2
618,35,43,51,50,7,unsolvedmath-ep-1057,erdos:1057,Erdős Problem #1057,UnsolvedMath,number_theory,1,20,equivalence_claim,counterexample,modeling_candidate,18,15,7,6,0,2,2
619,35,43,51,50,7,unsolvedmath-ep-373,erdos:373,Erdős Problem #373,UnsolvedMath,number_theory,1,20,equivalence_claim,counterexample,modeling_candidate,18,15,8,6,0,1,2
620,35,43,51,50,7,unsolvedmath-ep-933,erdos:933,Erdős Problem #933,UnsolvedMath,number_theory,1,20,equivalence_claim,counterexample,modeling_candidate,18,15,7,8,0,0,2
621,35,43,51,48,5,unsolvedmath-ep-1063,erdos:1063,Erdős Problem #1063,UnsolvedMath,combinatorics,1,20,classification_or_optimization,subclaim_decomposition,not_counterexample_target,8,15,8,12,1,2,2
622,35,43,51,48,5,unsolvedmath-ep-117,erdos:117,Erdős Problem #117,UnsolvedMath,combinatorics,1,20,classification_or_optimization,subclaim_decomposition,not_counterexample_target,8,15,7,12,0,4,2
623,35,43,51,46,3,unsolvedmath-ep-1075,erdos:1075,Erdős Problem #1075,UnsolvedMath,graph_theory,1,20,mixed_quantifiers,subclaim_decomposition,not_counterexample_target,8,15,7,12,0,2,2
624,35,43,51,46,3,unsolvedmath-ep-345,erdos:345,Erdős Problem #345,UnsolvedMath,number_theory,1,20,mixed_quantifiers,subclaim_decomposition,not_counterexample_target,8,15,9,12,0,0,2
625,35,43,51,46,3,unsolvedmath-ep-369,erdos:369,Erdős Problem #369,UnsolvedMath,number_theory,1,20,mixed_quantifiers,subclaim_decomposition,not_counterexample_target,8,15,7,12,1,1,2
626,35,43,51,46,3,unsolvedmath-ep-538,erdos:538,Erdős Problem #538,UnsolvedMath,number_theory,1,20,classification_or_optimization,subclaim_decomposition,not_counterexample_target,8,15,7,10,0,4,2
627,35,43,51,46,3,unsolvedmath-ep-569,erdos:569,Erdős Problem #569,UnsolvedMath,graph_theory,1,20,classification_or_optimization,subclaim_decomposition,not_counterexample_target,8,15,7,12,0,2,2
628,35,43,51,46,3,unsolvedmath-ep-571,erdos:571,Erdős Problem #571,UnsolvedMath,graph_theory,1,20,mixed_quantifiers,subclaim_decomposition,not_counterexample_target,8,15,7,12,0,2,2
629,35,43,51,46,3,unsolvedmath-ep-724,erdos:724,Erdős Problem #724,UnsolvedMath,number_theory,1,20,classification_or_optimization,subclaim_decomposition,not_counterexample_target,8,15,8,10,0,3,2
630,35,43,51,46,3,unsolvedmath-ep-902,erdos:902,Erdős Problem #902,UnsolvedMath,graph_theory,1,20,classification_or_optimization,subclaim_decomposition,not_counterexample_target,8,15,7,12,0,2,2
631,35,43,51,46,3,unsolvedmath-ep-934,erdos:934,Erdős Problem #934,UnsolvedMath,number_theory,1,20,classification_or_optimization,subclaim_decomposition,not_counterexample_target,8,15,8,10,0,3,2
632,35,43,51,46,3,unsolvedmath-ep-995,erdos:995,Erdős Problem #995,UnsolvedMath,number_theory,1,20,classification_or_optimization,subclaim_decomposition,not_counterexample_target,8,15,7,12,0,2,2
633,35,42,49,57,15,unsolvedmath-graph-056,unsolvedmath:unsolvedmath-graph-056,Tutte's 5-Flow Conjecture,UnsolvedMath,graph_theory,5,100,universal_claim,counterexample,needs_status_audit,18,15,7,12,0,3,2
634,35,42,49,57,15,unsolvedmath-graph-057,unsolvedmath:unsolvedmath-graph-057,Tutte's 4-Flow Conjecture for Petersen-Minor-Free Graphs,UnsolvedMath,graph_theory,5,100,universal_claim,counterexample,needs_status_audit,18,15,7,12,0,3,2
635,35,42,49,52,10,unsolvedmath-graph-025,unsolvedmath:unsolvedmath-graph-025,Degree Diameter Problem,UnsolvedMath,graph_theory,4,80,classification_or_optimization,subclaim_decomposition,not_counterexample_target,8,15,8,12,2,5,2
636,35,42,49,52,10,unsolvedmath-alg-003,unsolvedmath:unsolvedmath-alg-003,The Köthe Conjecture,UnsolvedMath,algebra,3,60,universal_claim,counterexample,modeling_candidate,18,15,6,6,4,1,2
637,35,42,49,50,8,unsolvedmath-geom-013,unsolvedmath:unsolvedmath-geom-013,Tammes Problem,UnsolvedMath,geometry,3,60,classification_or_optimization,subclaim_decomposition,not_counterexample_target,8,15,6,8,7,4,2
638,35,42,49,48,6,unsolvedmath-nt-010,unsolvedmath:unsolvedmath-nt-010,Brocard's Problem,UnsolvedMath,number_theory,3,60,classification_or_optimization,subclaim_decomposition,not_counterexample_target,8,15,8,12,2,1,2
639,35,42,49,46,4,unsolvedmath-green-065,unsolvedmath:unsolvedmath-green-065,Rado's Boundedness Conjecture,UnsolvedMath,combinatorics,2,40,unclassified_question,formal_modeling,modeling_candidate,5,15,8,12,0,4,2
640,35,42,49,46,4,unsolvedmath-kou-21.122,unsolvedmath:unsolvedmath-kou-21.122,Kourovka Notebook Problem 21.122,UnsolvedMath,group_theory,2,40,unclassified_question,formal_modeling,modeling_candidate,5,15,8,12,2,2,2
641,35,42,49,46,4,unsolvedmath-opg-778,unsolvedmath:unsolvedmath-opg-778,Cube-Simplex conjecture,UnsolvedMath,geometry,2,40,mixed_quantifiers,subclaim_decomposition,not_counterexample_target,8,15,7,12,1,1,2
642,35,42,49,45,3,unsolvedmath-opg-132,unsolvedmath:unsolvedmath-opg-132,The three 4-flows conjecture,UnsolvedMath,graph_theory,1,20,mixed_quantifiers,subclaim_decomposition,not_counterexample_target,8,15,7,12,0,1,2
643,35,42,49,45,3,unsolvedmath-opg-37228,unsolvedmath:unsolvedmath-opg-37228,Square achievement game on an n x n grid,UnsolvedMath,combinatorics,1,20,classification_or_optimization,subclaim_decomposition,not_counterexample_target,8,15,7,12,0,1,2
644,35,42,49,45,3,unsolvedmath-opg-37656,unsolvedmath:unsolvedmath-opg-37656,Chromatic number of random lifts of complete graphs,UnsolvedMath,graph_theory,1,20,unclassified_question,formal_modeling,modeling_candidate,5,15,8,12,0,3,2
645,35,42,49,45,3,unsolvedmath-opg-388,unsolvedmath:unsolvedmath-opg-388,List colorings of edge-critical graphs,UnsolvedMath,graph_theory,1,20,mixed_quantifiers,subclaim_decomposition,not_counterexample_target,8,15,7,12,0,1,2
646,35,42,49,45,3,unsolvedmath-opg-411,unsolvedmath:unsolvedmath-opg-411,5-local-tensions,UnsolvedMath,graph_theory,1,20,mixed_quantifiers,subclaim_decomposition,not_counterexample_target,8,15,7,12,0,1,2
647,35,42,49,45,3,unsolvedmath-opg-46496,unsolvedmath:unsolvedmath-opg-46496,Arc-disjoint strongly connected spanning subdigraphs,UnsolvedMath,graph_theory,1,20,mixed_quantifiers,subclaim_decomposition,not_counterexample_target,8,15,7,12,0,1,2
648,35,42,49,45,3,unsolvedmath-opg-48583,unsolvedmath:unsolvedmath-opg-48583,Bounding the on-line choice number in terms of the choice number,UnsolvedMath,graph_theory,1,20,classification_or_optimization,subclaim_decomposition,not_counterexample_target,8,15,7,12,0,1,2
649,35,42,49,45,3,unsolvedmath-opg-56233,unsolvedmath:unsolvedmath-opg-56233,Kriesell's Conjecture,UnsolvedMath,graph_theory,1,20,mixed_quantifiers,subclaim_decomposition,not_counterexample_target,8,15,7,12,0,1,2
650,35,42,49,45,3,unsolvedmath-opg-59943,unsolvedmath:unsolvedmath-opg-59943,List Hadwiger Conjecture,UnsolvedMath,graph_theory,1,20,mixed_quantifiers,subclaim_decomposition,not_counterexample_target,8,15,7,12,0,1,2
651,35,42,49,45,3,unsolvedmath-opg-59952,unsolvedmath:unsolvedmath-opg-59952,Chromatic Number of Common Graphs,UnsolvedMath,graph_theory,1,20,unclassified_question,formal_modeling,modeling_candidate,5,15,8,12,0,3,2
652,35,40,45,64,24,unsolvedmath-guy-a19a,unsolvedmath:unsolvedmath-guy-a19a,Erdős Conjecture on $n - 2^k$ Prime,UnsolvedMath,number_theory,3,60,classification_or_optimization,subclaim_decomposition,not_counterexample_target,8,15,15,16,3,2,5
653,35,40,45,61,21,unsolvedmath-opg-60046,unsolvedmath:unsolvedmath-opg-60046,3-Edge-Coloring Conjecture,UnsolvedMath,graph_theory,2,40,unclassified_question,formal_modeling,modeling_candidate,5,15,15,14,3,4,5
654,34,44,54,47,3,unsolvedmath-ep-196,erdos:196,Erdős Problem #196,UnsolvedMath,combinatorics,1,20,universal_claim,counterexample,needs_atomic_split,4,15,7,14,1,4,2
655,34,44,54,47,3,unsolvedmath-ep-278,erdos:278,Erdős Problem #278,UnsolvedMath,number_theory,1,20,classification_or_optimization,subclaim_decomposition,needs_atomic_split,4,15,9,12,0,5,2
656,34,44,54,47,3,unsolvedmath-ep-706,erdos:706,Erdős Problem #706,UnsolvedMath,graph_theory,1,20,classification_or_optimization,subclaim_decomposition,needs_atomic_split,4,15,10,14,0,2,2
657,34,44,54,47,3,unsolvedmath-ep-761,erdos:761,Erdős Problem #761,UnsolvedMath,graph_theory,1,20,universal_claim,counterexample,needs_atomic_split,4,15,8,12,0,6,2
658,34,44,54,47,3,unsolvedmath-ep-872,erdos:872,Erdős Problem #872,UnsolvedMath,number_theory,1,20,universal_claim,counterexample,needs_atomic_split,4,15,9,12,0,5,2
659,34,44,54,47,3,unsolvedmath-ep-978,erdos:978,Erdős Problem #978,UnsolvedMath,number_theory,1,20,classification_or_optimization,subclaim_decomposition,needs_atomic_split,4,15,10,14,1,1,2
660,34,43,52,47,4,unsolvedmath-kou-21.121,unsolvedmath:unsolvedmath-kou-21.121,Kourovka Notebook Problem 21.121,UnsolvedMath,group_theory,2,40,classification_or_optimization,subclaim_decomposition,needs_atomic_split,4,15,10,14,0,2,2
661,34,43,52,46,3,unsolvedmath-opg-37323,unsolvedmath:unsolvedmath-opg-37323,Good Edge Labelings,UnsolvedMath,graph_theory,1,20,mixed_quantifiers,subclaim_decomposition,needs_atomic_split,4,15,8,12,0,5,2
662,34,42,50,52,10,unsolvedmath-ep-1,erdos:1,Erdős Problem #1,UnsolvedMath,number_theory,3,60,universal_claim,counterexample,modeling_candidate,18,15,7,8,1,1,2
663,34,42,50,51,9,unsolvedmath-ep-187,erdos:187,Erdős Problem #187,UnsolvedMath,number_theory,1,20,mixed_quantifiers,subclaim_decomposition,not_counterexample_target,8,15,10,14,0,2,2
664,34,42,50,51,9,unsolvedmath-ep-40,erdos:40,Erdős Problem #40,UnsolvedMath,combinatorics,1,20,equivalence_claim,counterexample,modeling_candidate,18,15,7,8,0,1,2
665,34,42,50,49,7,unsolvedmath-ep-3,erdos:3,Erdős Problem #3,UnsolvedMath,number_theory,1,20,universal_claim,counterexample,modeling_candidate,18,15,7,6,0,1,2
666,34,42,50,47,5,unsolvedmath-ep-396,erdos:396,Erdős Problem #396,UnsolvedMath,number_theory,1,20,mixed_quantifiers,subclaim_decomposition,not_counterexample_target,8,15,8,10,3,1,2
667,34,42,50,45,3,unsolvedmath-ep-1038,erdos:1038,Erdős Problem #1038,UnsolvedMath,combinatorics,1,20,classification_or_optimization,subclaim_decomposition,not_counterexample_target,8,15,7,12,0,1,2
668,34,42,50,45,3,unsolvedmath-ep-1111,erdos:1111,Erdős Problem #1111,UnsolvedMath,graph_theory,1,20,mixed_quantifiers,subclaim_decomposition,not_counterexample_target,8,15,7,12,0,1,2
669,34,42,50,45,3,unsolvedmath-ep-158,erdos:158,Erdős Problem #158,UnsolvedMath,combinatorics,1,20,mixed_quantifiers,subclaim_decomposition,not_counterexample_target,8,15,7,12,0,1,2
670,34,42,50,45,3,unsolvedmath-ep-183,erdos:183,Erdős Problem #183,UnsolvedMath,number_theory,1,20,classification_or_optimization,subclaim_decomposition,not_counterexample_target,8,15,8,10,0,2,2
671,34,42,50,45,3,unsolvedmath-ep-258,erdos:258,Erdős Problem #258,UnsolvedMath,number_theory,1,20,unclassified_question,formal_modeling,modeling_candidate,5,15,7,12,0,4,2
672,34,42,50,45,3,unsolvedmath-ep-336,erdos:336,Erdős Problem #336,UnsolvedMath,number_theory,1,20,mixed_quantifiers,subclaim_decomposition,not_counterexample_target,8,15,8,10,0,2,2
673,34,42,50,45,3,unsolvedmath-ep-383,erdos:383,Erdős Problem #383,UnsolvedMath,number_theory,1,20,mixed_quantifiers,subclaim_decomposition,not_counterexample_target,8,15,7,12,1,0,2
674,34,42,50,45,3,unsolvedmath-ep-535,erdos:535,Erdős Problem #535,UnsolvedMath,number_theory,1,20,classification_or_optimization,subclaim_decomposition,not_counterexample_target,8,15,7,10,0,3,2
675,34,42,50,45,3,unsolvedmath-ep-576,erdos:576,Erdős Problem #576,UnsolvedMath,graph_theory,1,20,classification_or_optimization,subclaim_decomposition,not_counterexample_target,8,15,7,12,0,1,2
676,34,42,50,45,3,unsolvedmath-ep-61,erdos:61,Erdős Problem #61,UnsolvedMath,graph_theory,1,20,mixed_quantifiers,subclaim_decomposition,not_counterexample_target,8,15,7,12,0,1,2
677,34,42,50,45,3,unsolvedmath-ep-650,erdos:650,Erdős Problem #650,UnsolvedMath,number_theory,1,20,classification_or_optimization,subclaim_decomposition,not_counterexample_target,8,15,8,10,0,2,2
678,34,42,50,45,3,unsolvedmath-ep-696,erdos:696,Erdős Problem #696,UnsolvedMath,number_theory,1,20,classification_or_optimization,subclaim_decomposition,not_counterexample_target,8,15,8,10,0,2,2
679,34,42,50,45,3,unsolvedmath-ep-866,erdos:866,Erdős Problem #866,UnsolvedMath,number_theory,1,20,classification_or_optimization,subclaim_decomposition,not_counterexample_target,8,15,7,12,0,1,2
680,34,42,50,45,3,unsolvedmath-ep-944,erdos:944,Erdős Problem #944,UnsolvedMath,number_theory,1,20,mixed_quantifiers,subclaim_decomposition,not_counterexample_target,8,15,8,10,0,2,2
681,34,42,50,45,3,unsolvedmath-ep-961,erdos:961,Erdős Problem #961,UnsolvedMath,number_theory,1,20,classification_or_optimization,subclaim_decomposition,not_counterexample_target,8,15,8,10,0,2,2
682,34,42,50,45,3,unsolvedmath-ep-985,erdos:985,Erdős Problem #985,UnsolvedMath,number_theory,1,20,mixed_quantifiers,subclaim_decomposition,not_counterexample_target,8,15,7,12,1,0,2
683,34,41,48,60,19,unsolvedmath-opg-60027,unsolvedmath:unsolvedmath-opg-60027,3-Decomposition Conjecture,UnsolvedMath,graph_theory,2,40,universal_claim,counterexample,needs_atomic_split,4,15,15,14,3,4,5
684,34,41,48,56,15,unsolvedmath-nt-030,unsolvedmath:unsolvedmath-nt-030,The abc Conjecture,UnsolvedMath,number_theory,5,100,equivalence_claim,counterexample,needs_status_audit,18,15,8,10,0,3,2
685,34,41,48,53,12,formal-conjectures-kotherconjecture-variants-general-matrix,formal_conjectures:formal-conjectures-kotherconjecture-variants-general-matrix,Formal Conjectures: KotherConjecture.variants.general_matrix,Google DeepMind Formal Conjectures,research_mathematics,,50,universal_claim,counterexample,modeling_candidate,20,15,5,7,0,2,4
686,34,41,48,53,12,formal-conjectures-zariski-cancellation-problem,formal_conjectures:formal-conjectures-zariski-cancellation-problem,Formal Conjectures: zariski_cancellation_problem,Google DeepMind Formal Conjectures,research_mathematics,,50,universal_claim,counterexample,modeling_candidate,20,15,5,7,0,2,4
687,34,41,48,52,11,formal-conjectures-reed-conjecture-6-2,formal_conjectures:formal-conjectures-reed-conjecture-6-2,Formal Conjectures: reed_conjecture_Δ_6_ω_2,Google DeepMind Formal Conjectures,research_mathematics,,50,universal_claim,counterexample,modeling_candidate,20,15,4,5,0,4,4
688,34,41,48,52,11,unsolvedmath-opg-2108,unsolvedmath:unsolvedmath-opg-2108,Frankl's union-closed sets conjecture,UnsolvedMath,graph_theory,1,20,mixed_quantifiers,subclaim_decomposition,not_counterexample_target,8,15,11,12,0,2,4
689,34,41,48,51,10,unsolvedmath-graph-001,unsolvedmath:unsolvedmath-graph-001,Brouwer's Conjecture on Graph Laplacians,UnsolvedMath,graph_theory,4,80,unclassified_question,formal_modeling,modeling_candidate,5,15,10,14,0,5,2
690,34,41,48,51,10,unsolvedmath-graph-041,unsolvedmath:unsolvedmath-graph-041,Vizing's Conjecture,UnsolvedMath,graph_theory,4,80,unclassified_question,formal_modeling,modeling_candidate,5,15,7,12,6,4,2
691,34,41,48,51,10,unsolvedmath-opg-2147,unsolvedmath:unsolvedmath-opg-2147,Odd perfect numbers,UnsolvedMath,number_theory,3,60,universal_claim,counterexample,needs_status_audit,18,15,7,6,0,3,2
692,34,41,48,50,9,unsolvedmath-opg-60000,unsolvedmath:unsolvedmath-opg-60000,The Double Cap Conjecture,UnsolvedMath,combinatorics,1,20,universal_claim,counterexample,modeling_candidate,18,15,7,6,0,2,2
693,34,41,48,49,8,unsolvedmath-green-046,unsolvedmath:unsolvedmath-green-046,Smooth Surfaces Intersecting 2-planes,UnsolvedMath,geometry,2,40,universal_claim,counterexample,modeling_candidate,18,15,5,6,2,1,2
694,34,41,48,48,7,formal-conjectures-erdos-329-variants-converse-implication,erdos:329,Formal Conjectures: erdos_329.variants.converse_implication,Google DeepMind Formal Conjectures,research_mathematics,,50,mixed_quantifiers,subclaim_decomposition,not_counterexample_target,8,15,6,11,1,3,4
695,34,41,48,48,7,formal-conjectures-erdos-329-variants-of-sub-perfectdifferenceset,erdos:329,Formal Conjectures: erdos_329.variants.of_sub_perfectDifferenceSet,Google DeepMind Formal Conjectures,research_mathematics,,50,mixed_quantifiers,subclaim_decomposition,not_counterexample_target,8,15,6,11,1,3,4
696,34,41,48,47,6,unsolvedmath-cs-002,unsolvedmath:unsolvedmath-cs-002,The Polynomial Hirsch Conjecture,UnsolvedMath,computer_science,3,60,unclassified_question,formal_modeling,modeling_candidate,5,15,8,14,0,3,2
697,34,41,48,47,6,unsolvedmath-graph-047,unsolvedmath:unsolvedmath-graph-047,Representation Number 3 Classification,UnsolvedMath,graph_theory,3,60,classification_or_optimization,subclaim_decomposition,not_counterexample_target,8,15,7,12,0,3,2
698,34,41,48,47,6,unsolvedmath-graph-048,unsolvedmath:unsolvedmath-graph-048,Crown Graphs and Longest Word-Representants,UnsolvedMath,graph_theory,3,60,unclassified_question,formal_modeling,modeling_candidate,5,15,9,14,0,2,2
699,34,41,48,47,6,unsolvedmath-kou-21.92,unsolvedmath:unsolvedmath-kou-21.92,Kourovka Notebook Problem 21.92,UnsolvedMath,group_theory,3,60,classification_or_optimization,subclaim_decomposition,not_counterexample_target,8,15,7,12,0,3,2
700,34,41,48,47,6,unsolvedmath-kp-1.87,unsolvedmath:unsolvedmath-kp-1.87,Kirby Problem 1.87,UnsolvedMath,topology,3,60,universal_claim,counterexample,needs_status_audit,18,15,2,7,0,3,2
701,34,41,48,45,4,unsolvedmath-green-005,unsolvedmath:unsolvedmath-green-005,Product-Free Sets in Finite Groups,UnsolvedMath,algebra,2,40,unclassified_question,formal_modeling,modeling_candidate,5,15,7,10,2,4,2
702,34,41,48,45,4,unsolvedmath-kou-21.29,unsolvedmath:unsolvedmath-kou-21.29,Kourovka Notebook Problem 21.29,UnsolvedMath,group_theory,2,40,mixed_quantifiers,subclaim_decomposition,not_counterexample_target,8,15,7,12,0,1,2
703,34,41,48,45,4,unsolvedmath-opg-162,unsolvedmath:unsolvedmath-opg-162,The Erdös-Hajnal Conjecture,UnsolvedMath,graph_theory,2,40,mixed_quantifiers,subclaim_decomposition,not_counterexample_target,8,15,7,12,0,1,2
704,34,41,48,45,4,unsolvedmath-opg-179,unsolvedmath:unsolvedmath-opg-179,Woodall's Conjecture,UnsolvedMath,graph_theory,2,40,unclassified_question,formal_modeling,modeling_candidate,5,15,7,12,2,2,2
705,34,41,48,45,4,unsolvedmath-opg-36879,unsolvedmath:unsolvedmath-opg-36879,Shannon capacity of the seven-cycle,UnsolvedMath,graph_theory,2,40,classification_or_optimization,subclaim_decomposition,not_counterexample_target,8,15,7,12,0,1,2
706,34,41,48,45,4,unsolvedmath-opg-372,unsolvedmath:unsolvedmath-opg-372,Ramsey properties of Cayley graphs,UnsolvedMath,graph_theory,2,40,mixed_quantifiers,subclaim_decomposition,not_counterexample_target,8,15,7,12,0,1,2
707,34,41,48,45,4,unsolvedmath-opg-46456,unsolvedmath:unsolvedmath-opg-46456,Splitting a digraph with minimum outdegree constraints,UnsolvedMath,graph_theory,2,40,existence_claim,witness_discovery,not_counterexample_target,0,15,10,14,0,4,2
708,34,41,48,45,4,unsolvedmath-opg-55984,unsolvedmath:unsolvedmath-opg-55984,Erdős–Faber–Lovász conjecture,UnsolvedMath,graph_theory,2,40,unclassified_question,formal_modeling,modeling_candidate,5,15,8,12,0,3,2
709,34,41,48,45,4,unsolvedmath-opg-771,unsolvedmath:unsolvedmath-opg-771,Partial List Coloring,UnsolvedMath,graph_theory,2,40,unclassified_question,formal_modeling,modeling_candidate,5,15,8,12,0,3,2
710,34,41,48,44,3,unsolvedmath-opg-37318,unsolvedmath:unsolvedmath-opg-37318,Primitive pythagorean n-tuple tree,UnsolvedMath,number_theory,1,20,unclassified_question,formal_modeling,modeling_candidate,5,15,9,12,0,1,2
711,33,43,53,46,3,unsolvedmath-ep-1033,erdos:1033,Erdős Problem #1033,UnsolvedMath,graph_theory,1,20,classification_or_optimization,subclaim_decomposition,needs_atomic_split,4,15,8,12,0,5,2
712,33,43,53,46,3,unsolvedmath-ep-626,erdos:626,Erdős Problem #626,UnsolvedMath,graph_theory,1,20,classification_or_optimization,subclaim_decomposition,needs_atomic_split,4,15,8,12,0,5,2
713,33,43,53,46,3,unsolvedmath-ep-890,erdos:890,Erdős Problem #890,UnsolvedMath,number_theory,1,20,universal_claim,counterexample,needs_atomic_split,4,15,8,12,1,4,2
714,33,42,51,46,4,unsolvedmath-opg-361,unsolvedmath:unsolvedmath-opg-361,Rota's unimodal conjecture,UnsolvedMath,combinatorics,2,40,unclassified_question,formal_modeling,needs_atomic_split,4,15,8,12,0,5,2
715,33,42,51,45,3,unsolvedmath-green-007,unsolvedmath:unsolvedmath-green-007,Ulam's Sequence,UnsolvedMath,number_theory,1,20,equivalence_claim,counterexample,needs_atomic_split,4,15,7,10,2,5,2
716,33,42,51,45,3,unsolvedmath-opg-50149,unsolvedmath:unsolvedmath-opg-50149,inverse of an integer matrix,UnsolvedMath,algebra,1,20,classification_or_optimization,subclaim_decomposition,needs_atomic_split,4,15,9,12,0,3,2
717,33,41,49,48,7,unsolvedmath-ep-160,erdos:160,Erdős Problem #160,UnsolvedMath,combinatorics,1,20,classification_or_optimization,subclaim_decomposition,not_counterexample_target,8,15,7,10,2,4,2
718,33,41,49,48,7,unsolvedmath-ep-291,erdos:291,Erdős Problem #291,UnsolvedMath,number_theory,1,20,equivalence_claim,counterexample,modeling_candidate,18,15,7,6,0,0,2
719,33,41,49,48,7,unsolvedmath-ep-653,erdos:653,Erdős Problem #653,UnsolvedMath,geometry,1,20,equivalence_claim,counterexample,modeling_candidate,18,15,6,4,0,3,2
720,33,41,49,46,5,unsolvedmath-ep-289,erdos:289,Erdős Problem #289,UnsolvedMath,graph_theory,1,20,mixed_quantifiers,subclaim_decomposition,not_counterexample_target,8,15,7,12,1,1,2
721,33,41,49,44,3,unsolvedmath-ep-1022,erdos:1022,Erdős Problem #1022,UnsolvedMath,graph_theory,1,20,existence_claim,witness_discovery,not_counterexample_target,0,15,10,14,0,3,2
722,33,41,49,44,3,unsolvedmath-ep-1035,erdos:1035,Erdős Problem #1035,UnsolvedMath,graph_theory,1,20,existence_claim,witness_discovery,not_counterexample_target,0,15,8,12,2,5,2
723,33,41,49,44,3,unsolvedmath-ep-112,erdos:112,Erdős Problem #112,UnsolvedMath,number_theory,1,20,classification_or_optimization,subclaim_decomposition,not_counterexample_target,8,15,7,10,0,2,2
724,33,41,49,44,3,unsolvedmath-ep-380,erdos:380,Erdős Problem #380,UnsolvedMath,number_theory,1,20,unclassified_question,formal_modeling,modeling_candidate,5,15,8,10,0,4,2
725,33,41,49,44,3,unsolvedmath-ep-530,erdos:530,Erdős Problem #530,UnsolvedMath,number_theory,1,20,classification_or_optimization,subclaim_decomposition,not_counterexample_target,8,15,8,10,0,1,2
726,33,41,49,44,3,unsolvedmath-ep-601,erdos:601,Erdős Problem #601,UnsolvedMath,number_theory,1,20,classification_or_optimization,subclaim_decomposition,not_counterexample_target,8,15,8,10,0,1,2
727,33,41,49,44,3,unsolvedmath-ep-619,erdos:619,Erdős Problem #619,UnsolvedMath,graph_theory,1,20,existence_claim,witness_discovery,not_counterexample_target,0,15,8,12,2,5,2
728,33,41,49,44,3,unsolvedmath-ep-859,erdos:859,Erdős Problem #859,UnsolvedMath,number_theory,1,20,classification_or_optimization,subclaim_decomposition,not_counterexample_target,8,15,7,10,0,2,2
729,33,40,47,52,12,unsolvedmath-opg-37423,unsolvedmath:unsolvedmath-opg-37423,Birch & Swinnerton-Dyer conjecture,UnsolvedMath,number_theory,3,60,equivalence_claim,counterexample,needs_status_audit,18,15,8,6,0,3,2
730,33,40,47,52,12,formal-conjectures-strong-sensitivity-conjecture,formal_conjectures:formal-conjectures-strong-sensitivity-conjecture,Formal Conjectures: strong_sensitivity_conjecture,Google DeepMind Formal Conjectures,research_mathematics,,50,universal_claim,counterexample,modeling_candidate,20,15,4,7,0,2,4
731,33,40,47,51,11,formal-conjectures-conjecture40,formal_conjectures:formal-conjectures-conjecture40,Formal Conjectures: conjecture40,Google DeepMind Formal Conjectures,research_mathematics,,50,universal_claim,counterexample,modeling_candidate,20,15,4,5,0,3,4
732,33,40,47,51,11,formal-conjectures-lehmer-ramanujan-tau,formal_conjectures:formal-conjectures-lehmer-ramanujan-tau,Formal Conjectures: lehmer_ramanujan_tau,Google DeepMind Formal Conjectures,research_mathematics,,50,universal_claim,counterexample,modeling_candidate,20,15,4,5,1,2,4
733,33,40,47,49,9,unsolvedmath-opg-46629,unsolvedmath:unsolvedmath-opg-46629,Lovász Path Removal Conjecture,UnsolvedMath,graph_theory,1,20,mixed_quantifiers,subclaim_decomposition,not_counterexample_target,8,15,9,14,0,1,2
734,33,40,47,47,7,unsolvedmath-opg-49795,unsolvedmath:unsolvedmath-opg-49795,Minimum number of arc-disjoint transitive subtournaments of order 3 in a tournament,UnsolvedMath,graph_theory,1,20,classification_or_optimization,subclaim_decomposition,not_counterexample_target,8,15,8,10,1,3,2
735,33,40,47,45,5,formal-conjectures-erdos-64,erdos:64,Formal Conjectures: erdos_64,Google DeepMind Formal Conjectures,research_mathematics,,50,answer_query,answer_discovery,not_counterexample_target,0,15,6,15,1,4,4
736,33,40,47,44,4,unsolvedmath-green-040,unsolvedmath:unsolvedmath-green-040,Waring's Problem Over Finite Fields,UnsolvedMath,number_theory,2,40,classification_or_optimization,subclaim_decomposition,not_counterexample_target,8,15,7,10,0,2,2
737,33,40,47,44,4,unsolvedmath-green-088,unsolvedmath:unsolvedmath-green-088,Maximal Covering Interval,UnsolvedMath,number_theory,2,40,classification_or_optimization,subclaim_decomposition,not_counterexample_target,8,15,7,10,0,2,2
738,33,40,47,44,4,unsolvedmath-guy-a15,unsolvedmath:unsolvedmath-guy-a15,Congruent Products of Consecutive Numbers,UnsolvedMath,number_theory,2,40,classification_or_optimization,subclaim_decomposition,not_counterexample_target,8,15,7,10,0,2,2
739,33,40,47,43,3,unsolvedmath-green-085,unsolvedmath:unsolvedmath-green-085,Covering by Residue Classes,UnsolvedMath,number_theory,1,20,unclassified_question,formal_modeling,modeling_candidate,5,15,7,12,1,1,2
740,33,40,47,43,3,unsolvedmath-opg-37300,unsolvedmath:unsolvedmath-opg-37300,Special Primes,UnsolvedMath,number_theory,1,20,classification_or_optimization,subclaim_decomposition,not_counterexample_target,8,15,7,10,0,1,2
741,33,40,47,43,3,unsolvedmath-opg-57824,unsolvedmath:unsolvedmath-opg-57824,Graphs of exact colorings,UnsolvedMath,algebra,1,20,mixed_quantifiers,subclaim_decomposition,not_counterexample_target,8,15,6,10,0,2,2
742,33,40,47,43,3,unsolvedmath-opg-60006,unsolvedmath:unsolvedmath-opg-60006,Turán Problem for $10$-Cycles in the Hypercube,UnsolvedMath,combinatorics,1,20,unclassified_question,formal_modeling,modeling_candidate,5,15,7,12,0,2,2
743,32,42,52,45,3,unsolvedmath-ep-1105,erdos:1105,Erdős Problem #1105,UnsolvedMath,graph_theory,1,20,universal_claim,counterexample,needs_atomic_split,4,15,7,14,0,3,2
744,32,42,52,45,3,unsolvedmath-ep-111,erdos:111,Erdős Problem #111,UnsolvedMath,graph_theory,1,20,classification_or_optimization,subclaim_decomposition,needs_atomic_split,4,15,8,12,0,4,2
745,32,42,52,45,3,unsolvedmath-ep-302,erdos:302,Erdős Problem #302,UnsolvedMath,number_theory,1,20,classification_or_optimization,subclaim_decomposition,needs_atomic_split,4,15,10,10,0,4,2
746,32,42,52,45,3,unsolvedmath-ep-820,erdos:820,Erdős Problem #820,UnsolvedMath,number_theory,1,20,classification_or_optimization,subclaim_decomposition,needs_atomic_split,4,15,7,12,3,2,2
747,32,42,52,45,3,unsolvedmath-ep-875,erdos:875,Erdős Problem #875,UnsolvedMath,combinatorics,1,20,classification_or_optimization,subclaim_decomposition,needs_atomic_split,4,15,9,14,0,1,2
748,32,42,52,45,3,unsolvedmath-ep-917,erdos:917,Erdős Problem #917,UnsolvedMath,graph_theory,1,20,universal_claim,counterexample,needs_atomic_split,4,15,8,12,0,4,2
749,32,42,52,45,3,unsolvedmath-ep-976,erdos:976,Erdős Problem #976,UnsolvedMath,number_theory,1,20,classification_or_optimization,subclaim_decomposition,needs_atomic_split,4,15,10,12,0,2,2
750,32,41,50,53,12,formal-conjectures-schanuel-conjecture,formal_conjectures:formal-conjectures-schanuel-conjecture,Formal Conjectures: schanuel_conjecture,Google DeepMind Formal Conjectures,research_mathematics,,50,universal_claim,counterexample,modeling_candidate,20,15,4,7,1,2,4
751,32,41,50,52,11,formal-conjectures-reed-omega-delta-chi-conjecture,formal_conjectures:formal-conjectures-reed-omega-delta-chi-conjecture,Formal Conjectures: reed_omega_delta_chi_conjecture,Google DeepMind Formal Conjectures,research_mathematics,,50,universal_claim,counterexample,modeling_candidate,20,15,4,5,0,4,4
752,32,41,50,45,4,unsolvedmath-kou-21.5,unsolvedmath:unsolvedmath-kou-21.5,Kourovka Notebook Problem 21.5,UnsolvedMath,group_theory,2,40,mixed_quantifiers,subclaim_decomposition,needs_atomic_split,4,15,9,14,0,1,2
753,32,41,50,44,3,unsolvedmath-opg-47343,unsolvedmath:unsolvedmath-opg-47343,Turán's problem for hypergraphs,UnsolvedMath,graph_theory,1,20,universal_claim,counterexample,needs_atomic_split,4,15,7,12,0,4,2
754,32,40,48,49,9,unsolvedmath-ep-1005,erdos:1005,Erdős Problem #1005,UnsolvedMath,number_theory,1,20,classification_or_optimization,subclaim_decomposition,not_counterexample_target,8,15,8,12,1,3,2
755,32,40,48,49,9,unsolvedmath-ep-956,erdos:956,Erdős Problem #956,UnsolvedMath,combinatorics,1,20,classification_or_optimization,subclaim_decomposition,not_counterexample_target,8,15,8,10,1,5,2
756,32,40,48,45,5,unsolvedmath-ep-873,erdos:873,Erdős Problem #873,UnsolvedMath,combinatorics,1,20,mixed_quantifiers,subclaim_decomposition,not_counterexample_target,8,15,7,12,1,0,2
757,32,40,48,43,3,unsolvedmath-ep-169,erdos:169,Erdős Problem #169,UnsolvedMath,number_theory,1,20,classification_or_optimization,subclaim_decomposition,not_counterexample_target,8,15,7,10,0,1,2
758,32,40,48,43,3,unsolvedmath-ep-172,erdos:172,Erdős Problem #172,UnsolvedMath,number_theory,1,20,mixed_quantifiers,subclaim_decomposition,not_counterexample_target,8,15,7,10,0,1,2
759,32,40,48,43,3,unsolvedmath-ep-181,erdos:181,Erdős Problem #181,UnsolvedMath,graph_theory,1,20,unclassified_question,formal_modeling,modeling_candidate,5,15,7,12,0,2,2
760,32,40,48,43,3,unsolvedmath-ep-238,erdos:238,Erdős Problem #238,UnsolvedMath,number_theory,1,20,mixed_quantifiers,subclaim_decomposition,not_counterexample_target,8,15,7,10,0,1,2
761,32,40,48,43,3,unsolvedmath-ep-251,erdos:251,Erdős Problem #251,UnsolvedMath,number_theory,1,20,unclassified_question,formal_modeling,modeling_candidate,5,15,7,12,0,2,2
762,32,40,48,43,3,unsolvedmath-ep-260,erdos:260,Erdős Problem #260,UnsolvedMath,combinatorics,1,20,unclassified_question,formal_modeling,modeling_candidate,5,15,7,12,0,2,2
763,32,40,48,43,3,unsolvedmath-ep-325,erdos:325,Erdős Problem #325,UnsolvedMath,number_theory,1,20,unclassified_question,formal_modeling,modeling_candidate,5,15,7,10,2,2,2
764,32,40,48,43,3,unsolvedmath-ep-371,erdos:371,Erdős Problem #371,UnsolvedMath,number_theory,1,20,unclassified_question,formal_modeling,modeling_candidate,5,15,8,10,0,3,2
765,32,40,48,43,3,unsolvedmath-ep-445,erdos:445,Erdős Problem #445,UnsolvedMath,number_theory,1,20,mixed_quantifiers,subclaim_decomposition,not_counterexample_target,8,15,7,10,0,1,2
766,32,40,48,43,3,unsolvedmath-ep-51,erdos:51,Erdős Problem #51,UnsolvedMath,number_theory,1,20,existence_claim,witness_discovery,not_counterexample_target,0,15,9,14,3,0,2
767,32,40,48,43,3,unsolvedmath-ep-592,erdos:592,Erdős Problem #592,UnsolvedMath,number_theory,1,20,classification_or_optimization,subclaim_decomposition,not_counterexample_target,8,15,7,10,0,1,2
768,32,40,48,43,3,unsolvedmath-ep-602,erdos:602,Erdős Problem #602,UnsolvedMath,graph_theory,1,20,existence_claim,witness_discovery,not_counterexample_target,0,15,10,14,0,2,2
769,32,40,48,43,3,unsolvedmath-ep-709,erdos:709,Erdős Problem #709,UnsolvedMath,number_theory,1,20,mixed_quantifiers,subclaim_decomposition,not_counterexample_target,8,15,7,10,0,1,2
770,32,40,48,43,3,unsolvedmath-ep-726,erdos:726,Erdős Problem #726,UnsolvedMath,number_theory,1,20,unclassified_question,formal_modeling,modeling_candidate,5,15,8,12,0,1,2
771,32,40,48,43,3,unsolvedmath-ep-849,erdos:849,Erdős Problem #849,UnsolvedMath,number_theory,1,20,mixed_quantifiers,subclaim_decomposition,not_counterexample_target,8,15,7,10,0,1,2
772,32,40,48,43,3,unsolvedmath-ep-869,erdos:869,Erdős Problem #869,UnsolvedMath,number_theory,1,20,mixed_quantifiers,subclaim_decomposition,not_counterexample_target,8,15,8,10,0,0,2
773,32,40,48,43,3,unsolvedmath-ep-942,erdos:942,Erdős Problem #942,UnsolvedMath,number_theory,1,20,classification_or_optimization,subclaim_decomposition,not_counterexample_target,8,15,7,10,0,1,2
774,32,39,46,55,16,unsolvedmath-alg-008,unsolvedmath:unsolvedmath-alg-008,Andrews-Curtis Conjecture,UnsolvedMath,algebra,4,80,universal_claim,counterexample,needs_status_audit,18,15,6,10,0,4,2
775,32,39,46,53,14,unsolvedmath-geom-008,unsolvedmath:unsolvedmath-geom-008,Illumination Problem,UnsolvedMath,geometry,4,80,universal_claim,counterexample,modeling_candidate,18,15,5,6,2,5,2
776,32,39,46,53,14,unsolvedmath-nt-006,unsolvedmath:unsolvedmath-nt-006,Legendre's Conjecture,UnsolvedMath,number_theory,3,60,mixed_quantifiers,subclaim_decomposition,not_counterexample_target,8,15,10,14,1,1,4
777,32,39,46,51,12,unsolvedmath-hil-017,unsolvedmath:unsolvedmath-hil-017,Hilbert's 17th Problem: Expression of Definite Forms,UnsolvedMath,algebra,3,60,universal_claim,counterexample,modeling_candidate,18,15,6,8,0,2,2
778,32,39,46,51,12,unsolvedmath-opg-367,unsolvedmath:unsolvedmath-opg-367,The Erdos-Turan conjecture on additive bases,UnsolvedMath,number_theory,3,60,universal_claim,counterexample,needs_status_audit,18,15,7,6,0,3,2
779,32,39,46,51,12,formal-conjectures-artin-primitive-roots-variants-part-ii-power-squarefreepart-modeq-one,formal_conjectures:formal-conjectures-artin-primitive-roots-variants-part-ii-power-squarefreepart-modeq-one,Formal Conjectures: artin_primitive_roots.variants.part_ii_power_squarefreePart_modeq_one,Google DeepMind Formal Conjectures,research_mathematics,,50,universal_claim,counterexample,modeling_candidate,20,15,4,5,0,3,4
780,32,39,46,51,12,formal-conjectures-artin-primitive-roots-variants-part-ii-power-squarefreepart-not-modeq-one,formal_conjectures:formal-conjectures-artin-primitive-roots-variants-part-ii-power-squarefreepart-not-modeq-one,Formal Conjectures: artin_primitive_roots.variants.part_ii_power_squarefreePart_not_modeq_one,Google DeepMind Formal Conjectures,research_mathematics,,50,universal_claim,counterexample,modeling_candidate,20,15,4,5,0,3,4
781,32,39,46,51,12,formal-conjectures-erdos-617,erdos:617,Formal Conjectures: erdos_617,Google DeepMind Formal Conjectures,research_mathematics,,50,mixed_quantifiers,subclaim_decomposition,not_counterexample_target,8,15,6,15,1,2,4
782,32,39,46,51,12,formal-conjectures-first-hardy-littlewood-conjecture,formal_conjectures:formal-conjectures-first-hardy-littlewood-conjecture,Formal Conjectures: first_hardy_littlewood_conjecture,Google DeepMind Formal Conjectures,research_mathematics,,50,universal_claim,counterexample,modeling_candidate,20,15,3,7,0,2,4
783,32,39,46,51,12,formal-conjectures-hasaddvcndimatmost-n-one-of-convex-rn-add-one,formal_conjectures:formal-conjectures-hasaddvcndimatmost-n-one-of-convex-rn-add-one,Formal Conjectures: hasAddVCNDimAtMost_n_one_of_convex_rn_add_one,Google DeepMind Formal Conjectures,research_mathematics,,50,universal_claim,counterexample,modeling_candidate,20,15,4,5,0,3,4
784,32,39,46,50,11,formal-conjectures-conjecture2,formal_conjectures:formal-conjectures-conjecture2,Formal Conjectures: conjecture2,Google DeepMind Formal Conjectures,research_mathematics,,50,universal_claim,counterexample,modeling_candidate,20,15,4,5,0,2,4
785,32,39,46,50,11,formal-conjectures-green-72,formal_conjectures:formal-conjectures-green-72,Formal Conjectures: green_72,Google DeepMind Formal Conjectures,research_mathematics,,50,universal_claim,counterexample,modeling_candidate,20,15,4,5,0,2,4
786,32,39,46,50,11,formal-conjectures-prime-add-one-of-a,formal_conjectures:formal-conjectures-prime-add-one-of-a,Formal Conjectures: prime_add_one_of_a,Google DeepMind Formal Conjectures,research_mathematics,,50,universal_claim,counterexample,modeling_candidate,20,15,4,5,0,2,4
787,32,39,46,50,11,formal-conjectures-second-hardy-littlewood-conjecture,formal_conjectures:formal-conjectures-second-hardy-littlewood-conjecture,Formal Conjectures: second_hardy_littlewood_conjecture,Google DeepMind Formal Conjectures,research_mathematics,,50,universal_claim,counterexample,modeling_candidate,20,15,4,5,0,2,4
788,32,39,46,49,10,unsolvedmath-graph-044,unsolvedmath:unsolvedmath-graph-044,Characterization of Word-Representable Planar Graphs,UnsolvedMath,graph_theory,4,80,classification_or_optimization,subclaim_decomposition,not_counterexample_target,8,15,9,14,0,1,2
789,32,39,46,49,10,unsolvedmath-nt-077,unsolvedmath:unsolvedmath-nt-077,Integer Factorization in Polynomial Time,UnsolvedMath,number_theory,4,80,unclassified_question,formal_modeling,modeling_candidate,5,15,10,14,2,1,2
790,32,39,46,49,10,unsolvedmath-opg-432,unsolvedmath:unsolvedmath-opg-432,The 3n+1 conjecture,UnsolvedMath,number_theory,3,60,universal_claim,counterexample,modeling_candidate,18,15,7,6,0,1,2
791,32,39,46,49,10,unsolvedmath-opg-661,unsolvedmath:unsolvedmath-opg-661,P vs. NP,UnsolvedMath,computer_science,3,60,equivalence_claim,counterexample,needs_status_audit,18,15,5,6,0,3,2
792,32,39,46,47,8,unsolvedmath-green-070,unsolvedmath:unsolvedmath-green-070,Sets with No Unique Sum Representations,UnsolvedMath,combinatorics,2,40,classification_or_optimization,subclaim_decomposition,not_counterexample_target,8,15,7,8,2,5,2
793,32,39,46,46,7,formal-conjectures-general-supercongruence,formal_conjectures:formal-conjectures-general-supercongruence,Formal Conjectures: general_supercongruence,Google DeepMind Formal Conjectures,research_mathematics,,50,mixed_quantifiers,subclaim_decomposition,not_counterexample_target,8,15,6,9,2,2,4
794,32,39,46,45,6,unsolvedmath-kou-21.86,unsolvedmath:unsolvedmath-kou-21.86,Kourovka Notebook Problem 21.86,UnsolvedMath,group_theory,3,60,mixed_quantifiers,subclaim_decomposition,not_counterexample_target,8,15,7,12,0,1,2
795,32,39,46,45,6,unsolvedmath-kou-21.91,unsolvedmath:unsolvedmath-kou-21.91,Kourovka Notebook Problem 21.91,UnsolvedMath,group_theory,3,60,unclassified_question,formal_modeling,modeling_candidate,5,15,8,12,0,3,2
796,32,39,46,45,6,unsolvedmath-kp-3.70,unsolvedmath:unsolvedmath-kp-3.70,Kirby Problem 3.70,UnsolvedMath,topology,3,60,universal_claim,counterexample,modeling_candidate,18,15,2,7,0,1,2
797,32,39,46,45,6,unsolvedmath-opg-137,unsolvedmath:unsolvedmath-opg-137,Cycle double cover conjecture,UnsolvedMath,graph_theory,3,60,mixed_quantifiers,subclaim_decomposition,not_counterexample_target,8,15,7,12,0,1,2
798,32,39,46,45,6,unsolvedmath-opg-142,unsolvedmath:unsolvedmath-opg-142,The Berge-Fulkerson conjecture,UnsolvedMath,graph_theory,3,60,mixed_quantifiers,subclaim_decomposition,not_counterexample_target,8,15,7,12,0,1,2
799,32,39,46,43,4,unsolvedmath-green-001,unsolvedmath:unsolvedmath-green-001,Large Sum-Free Sets,UnsolvedMath,combinatorics,2,40,unclassified_question,formal_modeling,modeling_candidate,5,15,7,12,0,2,2
800,32,39,46,43,4,unsolvedmath-guy-a19b,unsolvedmath:unsolvedmath-guy-a19b,Cohen-Selfridge Problem on $\pm p^a \pm 2^b$,UnsolvedMath,number_theory,2,40,classification_or_optimization,subclaim_decomposition,not_counterexample_target,8,15,7,10,0,1,2
801,32,39,46,43,4,unsolvedmath-kou-21.123,unsolvedmath:unsolvedmath-kou-21.123,Kourovka Notebook Problem 21.123,UnsolvedMath,group_theory,2,40,unclassified_question,formal_modeling,modeling_candidate,5,15,8,12,0,1,2
802,32,39,46,43,4,unsolvedmath-kou-21.64,unsolvedmath:unsolvedmath-kou-21.64,Kourovka Notebook Problem 21.64,UnsolvedMath,group_theory,2,40,unclassified_question,formal_modeling,modeling_candidate,5,15,7,12,0,2,2
803,32,39,46,43,4,unsolvedmath-kou-21.94,unsolvedmath:unsolvedmath-kou-21.94,Kourovka Notebook Problem 21.94,UnsolvedMath,group_theory,2,40,existence_claim,witness_discovery,not_counterexample_target,0,15,10,16,0,0,2
804,32,39,46,43,4,unsolvedmath-opg-586,unsolvedmath:unsolvedmath-opg-586,Pebbling a cartesian product,UnsolvedMath,graph_theory,2,40,unclassified_question,formal_modeling,modeling_candidate,5,15,7,12,0,2,2
805,32,39,46,43,4,unsolvedmath-opg-739,unsolvedmath:unsolvedmath-opg-739,Chowla's cosine problem,UnsolvedMath,number_theory,2,40,classification_or_optimization,subclaim_decomposition,not_counterexample_target,8,15,7,10,0,1,2
806,32,39,46,42,3,unsolvedmath-green-071,unsolvedmath:unsolvedmath-green-071,Uniform Random Variables with Uniform Sum,UnsolvedMath,combinatorics,1,20,unclassified_question,formal_modeling,modeling_candidate,5,15,7,12,0,1,2
807,32,39,46,42,3,unsolvedmath-opg-125,unsolvedmath:unsolvedmath-opg-125,Cores of Cayley graphs,UnsolvedMath,graph_theory,1,20,unclassified_question,formal_modeling,modeling_candidate,5,15,7,12,0,1,2
808,32,39,46,42,3,unsolvedmath-opg-1797,unsolvedmath:unsolvedmath-opg-1797,2-accessibility of primes,UnsolvedMath,combinatorics,1,20,unclassified_question,formal_modeling,modeling_candidate,5,15,7,12,0,1,2
809,32,39,46,42,3,unsolvedmath-opg-37325,unsolvedmath:unsolvedmath-opg-37325,Covering powers of cycles with equivalence subgraphs,UnsolvedMath,graph_theory,1,20,unclassified_question,formal_modeling,modeling_candidate,5,15,7,12,0,1,2
810,32,39,46,42,3,unsolvedmath-opg-46533,unsolvedmath:unsolvedmath-opg-46533,Coloring the union of degenerate graphs,UnsolvedMath,graph_theory,1,20,unclassified_question,formal_modeling,modeling_candidate,5,15,7,12,0,1,2
811,32,39,46,42,3,unsolvedmath-opg-47358,unsolvedmath:unsolvedmath-opg-47358,List chromatic number and maximum degree of bipartite graphs,UnsolvedMath,graph_theory,1,20,existence_claim,witness_discovery,not_counterexample_target,0,15,8,12,0,5,2
812,32,39,46,42,3,unsolvedmath-opg-484,unsolvedmath:unsolvedmath-opg-484,Infinite uniquely hamiltonian graphs,UnsolvedMath,graph_theory,1,20,existence_claim,witness_discovery,not_counterexample_target,0,15,8,14,1,2,2
813,32,39,46,42,3,unsolvedmath-opg-547,unsolvedmath:unsolvedmath-opg-547,¿Are critical k-forests tight?,UnsolvedMath,graph_theory,1,20,unclassified_question,formal_modeling,modeling_candidate,5,15,7,12,0,1,2
814,32,39,46,42,3,unsolvedmath-opg-826,unsolvedmath:unsolvedmath-opg-826,Complete bipartite subgraphs of perfect graphs,UnsolvedMath,graph_theory,1,20,unclassified_question,formal_modeling,modeling_candidate,5,15,7,12,0,1,2
815,32,37,42,60,23,unsolvedmath-nt-086,unsolvedmath:unsolvedmath-nt-086,Brocard's Conjecture (Prime Gaps),UnsolvedMath,number_theory,4,80,existence_claim,witness_discovery,not_counterexample_target,0,15,16,14,3,7,5
816,31,41,51,44,3,unsolvedmath-ep-400,erdos:400,Erdős Problem #400,UnsolvedMath,number_theory,1,20,mixed_quantifiers,subclaim_decomposition,needs_atomic_split,4,15,7,12,1,3,2
817,31,41,51,44,3,unsolvedmath-ep-597,erdos:597,Erdős Problem #597,UnsolvedMath,graph_theory,1,20,universal_claim,counterexample,needs_atomic_split,4,15,7,12,0,4,2
818,31,41,51,44,3,unsolvedmath-ep-685,erdos:685,Erdős Problem #685,UnsolvedMath,number_theory,1,20,universal_claim,counterexample,needs_atomic_split,4,15,8,12,1,2,2
819,31,41,51,44,3,unsolvedmath-ep-879,erdos:879,Erdős Problem #879,UnsolvedMath,number_theory,1,20,universal_claim,counterexample,needs_atomic_split,4,15,8,12,1,2,2
820,31,40,49,52,12,formal-conjectures-conj-7-1,formal_conjectures:formal-conjectures-conj-7-1,Formal Conjectures: conj_7_1,Google DeepMind Formal Conjectures,research_mathematics,,50,universal_claim,counterexample,modeling_candidate,20,15,3,7,1,2,4
821,31,40,49,52,12,formal-conjectures-lehmer-mahler-measure-problem-variants-best,formal_conjectures:formal-conjectures-lehmer-mahler-measure-problem-variants-best,Formal Conjectures: lehmer_mahler_measure_problem.variants.best,Google DeepMind Formal Conjectures,research_mathematics,,50,universal_claim,counterexample,modeling_candidate,20,15,6,5,0,2,4
822,31,40,49,51,11,formal-conjectures-independentdominationeven,formal_conjectures:formal-conjectures-independentdominationeven,Formal Conjectures: independentDominationEven,Google DeepMind Formal Conjectures,research_mathematics,,50,universal_claim,counterexample,modeling_candidate,20,15,4,5,0,3,4
823,31,40,49,51,11,formal-conjectures-independentdominationodd,formal_conjectures:formal-conjectures-independentdominationodd,Formal Conjectures: independentDominationOdd,Google DeepMind Formal Conjectures,research_mathematics,,50,universal_claim,counterexample,modeling_candidate,20,15,4,5,0,3,4
824,31,40,49,43,3,unsolvedmath-opg-36311,unsolvedmath:unsolvedmath-opg-36311,Exponential Algorithms for Knapsack,UnsolvedMath,computer_science,1,20,classification_or_optimization,subclaim_decomposition,needs_atomic_split,4,15,7,12,2,1,2
825,31,40,49,43,3,unsolvedmath-opg-37211,unsolvedmath:unsolvedmath-opg-37211,Approximation Ratio for Maximum Edge Disjoint Paths problem,UnsolvedMath,graph_theory,1,20,classification_or_optimization,subclaim_decomposition,needs_atomic_split,4,15,7,12,0,3,2
826,31,40,49,43,3,unsolvedmath-opg-37275,unsolvedmath:unsolvedmath-opg-37275,Star chromatic index of complete graphs,UnsolvedMath,graph_theory,1,20,universal_claim,counterexample,needs_atomic_split,4,15,8,12,0,2,2
827,31,40,49,43,3,unsolvedmath-opg-37440,unsolvedmath:unsolvedmath-opg-37440,Monadic second-order logic with cardinality predicates,UnsolvedMath,logic,1,20,equivalence_claim,counterexample,needs_atomic_split,4,15,6,11,0,5,2
828,31,39,47,48,9,unsolvedmath-ep-177,erdos:177,Erdős Problem #177,UnsolvedMath,number_theory,1,20,classification_or_optimization,subclaim_decomposition,not_counterexample_target,8,15,7,10,3,3,2
829,31,39,47,46,7,unsolvedmath-ep-36,erdos:36,Erdős Problem #36,UnsolvedMath,number_theory,1,20,mixed_quantifiers,subclaim_decomposition,not_counterexample_target,8,15,7,8,1,5,2
830,31,39,47,46,7,unsolvedmath-ep-503,erdos:503,Erdős Problem #503,UnsolvedMath,combinatorics,1,20,classification_or_optimization,subclaim_decomposition,not_counterexample_target,8,15,8,8,0,5,2
831,31,39,47,46,7,unsolvedmath-ep-654,erdos:654,Erdős Problem #654,UnsolvedMath,combinatorics,1,20,mixed_quantifiers,subclaim_decomposition,not_counterexample_target,8,15,8,8,0,5,2
832,31,39,47,44,5,unsolvedmath-ep-714,erdos:714,Erdős Problem #714,UnsolvedMath,graph_theory,1,20,unclassified_question,formal_modeling,modeling_candidate,5,15,8,12,0,2,2
833,31,39,47,42,3,unsolvedmath-ep-1032,erdos:1032,Erdős Problem #1032,UnsolvedMath,graph_theory,1,20,existence_claim,witness_discovery,not_counterexample_target,0,15,8,12,0,5,2
834,31,39,47,42,3,unsolvedmath-ep-368,erdos:368,Erdős Problem #368,UnsolvedMath,number_theory,1,20,unclassified_question,formal_modeling,modeling_candidate,5,15,8,10,0,2,2
835,31,39,47,42,3,unsolvedmath-ep-423,erdos:423,Erdős Problem #423,UnsolvedMath,number_theory,1,20,classification_or_optimization,subclaim_decomposition,not_counterexample_target,8,15,7,10,0,0,2
836,31,39,47,42,3,unsolvedmath-ep-550,erdos:550,Erdős Problem #550,UnsolvedMath,graph_theory,1,20,unclassified_question,formal_modeling,modeling_candidate,5,15,7,12,0,1,2
837,31,39,47,42,3,unsolvedmath-ep-75,erdos:75,Erdős Problem #75,UnsolvedMath,graph_theory,1,20,existence_claim,witness_discovery,not_counterexample_target,0,15,8,14,1,2,2
838,31,39,47,42,3,unsolvedmath-ep-928,erdos:928,Erdős Problem #928,UnsolvedMath,number_theory,1,20,unclassified_question,formal_modeling,modeling_candidate,5,15,7,10,0,3,2
839,31,38,45,59,21,unsolvedmath-alg-017,unsolvedmath:unsolvedmath-alg-017,Birch-Tate Conjecture,UnsolvedMath,algebra,5,100,equivalence_claim,counterexample,needs_status_audit,18,15,7,10,4,3,2
840,31,38,45,53,15,unsolvedmath-mod-006,unsolvedmath:unsolvedmath-mod-006,Stable Field Conjecture,UnsolvedMath,algebra,5,100,universal_claim,counterexample,modeling_candidate,18,15,7,10,0,1,2
841,31,38,45,52,14,unsolvedmath-geo-029,unsolvedmath:unsolvedmath-geo-029,Borsuk's Conjecture,UnsolvedMath,geometry,4,80,universal_claim,counterexample,modeling_candidate,18,15,6,6,2,3,2
842,31,38,45,50,12,formal-conjectures-beaver-math-olympiad-problem-2-antihydra,formal_conjectures:formal-conjectures-beaver-math-olympiad-problem-2-antihydra,Formal Conjectures: beaver_math_olympiad_problem_2_antihydra,Google DeepMind Formal Conjectures,research_mathematics,,50,universal_claim,counterexample,modeling_candidate,20,15,4,5,0,2,4
843,31,38,45,50,12,formal-conjectures-conjecture-1-1-njectures-arxiv-2504-17644-margulis-lean,formal_conjectures:formal-conjectures-conjecture-1-1-njectures-arxiv-2504-17644-margulis-lean,Formal Conjectures: conjecture_1_1,Google DeepMind Formal Conjectures,research_mathematics,,50,universal_claim,counterexample,modeling_candidate,20,15,4,5,0,2,4
844,31,38,45,50,12,formal-conjectures-erdos-357-variants-infinite-set-density,erdos:357,Formal Conjectures: erdos_357.variants.infinite_set_density,Google DeepMind Formal Conjectures,research_mathematics,,50,universal_claim,counterexample,modeling_candidate,20,15,3,5,0,3,4
845,31,38,45,49,11,formal-conjectures-comesfromprimequadruple-of-a,formal_conjectures:formal-conjectures-comesfromprimequadruple-of-a,Formal Conjectures: comesFromPrimeQuadruple_of_a,Google DeepMind Formal Conjectures,research_mathematics,,50,universal_claim,counterexample,modeling_candidate,20,15,3,5,0,2,4
846,31,38,45,49,11,formal-conjectures-conjecture58,formal_conjectures:formal-conjectures-conjecture58,Formal Conjectures: conjecture58,Google DeepMind Formal Conjectures,research_mathematics,,50,universal_claim,counterexample,modeling_candidate,20,15,4,3,0,3,4
847,31,38,45,49,11,formal-conjectures-erdos-1113-variants-filaseta-finch-kozek,erdos:1113,Formal Conjectures: erdos_1113.variants.filaseta_finch_kozek,Google DeepMind Formal Conjectures,research_mathematics,,50,universal_claim,counterexample,modeling_candidate,20,15,3,5,0,2,4
848,31,38,45,49,11,formal-conjectures-latintableauconjecture,formal_conjectures:formal-conjectures-latintableauconjecture,Formal Conjectures: LatinTableauConjecture,Google DeepMind Formal Conjectures,research_mathematics,,50,universal_claim,counterexample,modeling_candidate,20,15,3,5,0,2,4
849,31,38,45,49,11,formal-conjectures-mod-216-of-a,formal_conjectures:formal-conjectures-mod-216-of-a,Formal Conjectures: mod_216_of_a,Google DeepMind Formal Conjectures,research_mathematics,,50,universal_claim,counterexample,modeling_candidate,20,15,3,5,0,2,4
850,31,38,45,49,11,formal-conjectures-unique-primitive-108,formal_conjectures:formal-conjectures-unique-primitive-108,Formal Conjectures: unique_primitive_108,Google DeepMind Formal Conjectures,research_mathematics,,50,universal_claim,counterexample,modeling_candidate,20,15,3,5,0,2,4
851,31,38,45,48,10,unsolvedmath-graph-020,unsolvedmath:unsolvedmath-graph-020,Turán's Brick Factory Problem,UnsolvedMath,graph_theory,4,80,classification_or_optimization,subclaim_decomposition,not_counterexample_target,8,15,8,12,0,3,2
852,31,38,45,47,9,unsolvedmath-opg-474,unsolvedmath:unsolvedmath-opg-474,"Linear-size circuits for stable $0,1 < 2$ sorting?",UnsolvedMath,computer_science,1,20,equivalence_claim,counterexample,modeling_candidate,18,15,5,6,0,1,2
853,31,38,45,46,8,unsolvedmath-green-050,unsolvedmath:unsolvedmath-green-050,Small Triangles in the Unit Disc,UnsolvedMath,geometry,2,40,universal_claim,counterexample,modeling_candidate,18,15,5,4,0,2,2
854,31,38,45,46,8,unsolvedmath-opg-2400,unsolvedmath:unsolvedmath-opg-2400,Erdös-Szekeres conjecture,UnsolvedMath,geometry,2,40,universal_claim,counterexample,modeling_candidate,18,15,5,4,0,2,2
855,31,38,45,45,7,unsolvedmath-green-024,unsolvedmath:unsolvedmath-green-024,Largest Coset in 2A,UnsolvedMath,combinatorics,1,20,classification_or_optimization,subclaim_decomposition,not_counterexample_target,8,15,7,8,0,5,2
856,31,38,45,45,7,unsolvedmath-opg-56328,unsolvedmath:unsolvedmath-opg-56328,Partitioning the Projective Plane,UnsolvedMath,geometry,1,20,universal_claim,counterexample,modeling_candidate,18,15,5,4,0,1,2
857,31,38,45,45,7,unsolvedmath-opg-762,unsolvedmath:unsolvedmath-opg-762,Combinatorial covering designs,UnsolvedMath,combinatorics,1,20,classification_or_optimization,subclaim_decomposition,not_counterexample_target,8,15,7,8,0,5,2
858,31,38,45,42,4,unsolvedmath-kou-21.28,unsolvedmath:unsolvedmath-kou-21.28,Kourovka Notebook Problem 21.28,UnsolvedMath,group_theory,2,40,unclassified_question,formal_modeling,modeling_candidate,5,15,7,12,0,1,2
859,31,38,45,42,4,unsolvedmath-kou-21.37,unsolvedmath:unsolvedmath-kou-21.37,Kourovka Notebook Problem 21.37,UnsolvedMath,group_theory,2,40,unclassified_question,formal_modeling,modeling_candidate,5,15,7,12,0,1,2
860,31,38,45,42,4,unsolvedmath-kou-21.75,unsolvedmath:unsolvedmath-kou-21.75,Kourovka Notebook Problem 21.75,UnsolvedMath,group_theory,2,40,unclassified_question,formal_modeling,modeling_candidate,5,15,7,12,0,1,2
861,31,38,45,42,4,unsolvedmath-kou-21.90,unsolvedmath:unsolvedmath-kou-21.90,Kourovka Notebook Problem 21.90,UnsolvedMath,group_theory,2,40,existence_claim,witness_discovery,not_counterexample_target,0,15,10,14,0,1,2
862,31,38,45,42,4,unsolvedmath-opg-141,unsolvedmath:unsolvedmath-opg-141,Decomposing eulerian graphs,UnsolvedMath,graph_theory,2,40,unclassified_question,formal_modeling,modeling_candidate,5,15,7,12,0,1,2
863,31,38,45,42,4,unsolvedmath-opg-177,unsolvedmath:unsolvedmath-opg-177,Grunbaum's Conjecture,UnsolvedMath,graph_theory,2,40,unclassified_question,formal_modeling,modeling_candidate,5,15,7,12,0,1,2
864,31,38,45,42,4,unsolvedmath-opg-2435,unsolvedmath:unsolvedmath-opg-2435,Monochromatic empty triangles,UnsolvedMath,geometry,2,40,mixed_quantifiers,subclaim_decomposition,not_counterexample_target,8,15,6,8,0,3,2
865,31,38,45,42,4,unsolvedmath-opg-37241,unsolvedmath:unsolvedmath-opg-37241,Strong 5-cycle double cover conjecture,UnsolvedMath,graph_theory,2,40,unclassified_question,formal_modeling,modeling_candidate,5,15,7,12,0,1,2
866,31,38,45,42,4,unsolvedmath-opg-696,unsolvedmath:unsolvedmath-opg-696,Ding's tau_r vs. tau conjecture,UnsolvedMath,combinatorics,2,40,unclassified_question,formal_modeling,modeling_candidate,5,15,7,12,0,1,2
867,31,38,45,41,3,unsolvedmath-green-086,unsolvedmath:unsolvedmath-green-086,Sieving by Many Small Primes,UnsolvedMath,number_theory,1,20,unclassified_question,formal_modeling,modeling_candidate,5,15,7,10,0,2,2
868,31,38,45,41,3,unsolvedmath-opg-17958,unsolvedmath:unsolvedmath-opg-17958,Frobenius number of four or more integers,UnsolvedMath,number_theory,1,20,unclassified_question,formal_modeling,modeling_candidate,5,15,7,10,0,2,2
869,31,38,45,41,3,unsolvedmath-opg-1812,unsolvedmath:unsolvedmath-opg-1812,Crossing sequences,UnsolvedMath,graph_theory,1,20,existence_claim,witness_discovery,not_counterexample_target,0,15,9,14,0,1,2
870,31,38,45,41,3,unsolvedmath-opg-37084,unsolvedmath:unsolvedmath-opg-37084,Edge-Colouring Geometric Complete Graphs,UnsolvedMath,geometry,1,20,classification_or_optimization,subclaim_decomposition,not_counterexample_target,8,15,5,8,0,3,2
871,30,40,50,45,5,unsolvedmath-ep-668,erdos:668,Erdős Problem #668,UnsolvedMath,graph_theory,1,20,universal_claim,counterexample,needs_atomic_split,4,15,8,12,1,3,2
872,30,40,50,43,3,unsolvedmath-ep-1092,erdos:1092,Erdős Problem #1092,UnsolvedMath,graph_theory,1,20,universal_claim,counterexample,needs_atomic_split,4,15,8,12,0,2,2
873,30,40,50,43,3,unsolvedmath-ep-119,erdos:119,Erdős Problem #119,UnsolvedMath,combinatorics,1,20,mixed_quantifiers,subclaim_decomposition,needs_atomic_split,4,15,7,14,1,0,2
874,30,40,50,43,3,unsolvedmath-ep-143,erdos:143,Erdős Problem #143,UnsolvedMath,number_theory,1,20,universal_claim,counterexample,needs_atomic_split,4,15,9,12,0,1,2
875,30,40,50,43,3,unsolvedmath-ep-323,erdos:323,Erdős Problem #323,UnsolvedMath,number_theory,1,20,universal_claim,counterexample,needs_atomic_split,4,15,7,12,1,2,2
876,30,40,50,43,3,unsolvedmath-ep-358,erdos:358,Erdős Problem #358,UnsolvedMath,number_theory,1,20,classification_or_optimization,subclaim_decomposition,needs_atomic_split,4,15,7,12,1,2,2
877,30,40,50,43,3,unsolvedmath-ep-367,erdos:367,Erdős Problem #367,UnsolvedMath,number_theory,1,20,universal_claim,counterexample,needs_atomic_split,4,15,7,12,1,2,2
878,30,40,50,43,3,unsolvedmath-ep-385,erdos:385,Erdős Problem #385,UnsolvedMath,number_theory,1,20,universal_claim,counterexample,needs_atomic_split,4,15,7,12,1,2,2
879,30,40,50,43,3,unsolvedmath-ep-460,erdos:460,Erdős Problem #460,UnsolvedMath,number_theory,1,20,classification_or_optimization,subclaim_decomposition,needs_atomic_split,4,15,8,12,1,1,2
880,30,40,50,43,3,unsolvedmath-ep-545,erdos:545,Erdős Problem #545,UnsolvedMath,graph_theory,1,20,universal_claim,counterexample,needs_atomic_split,4,15,7,12,0,3,2
881,30,40,50,43,3,unsolvedmath-ep-610,erdos:610,Erdős Problem #610,UnsolvedMath,graph_theory,1,20,classification_or_optimization,subclaim_decomposition,needs_atomic_split,4,15,7,12,0,3,2
882,30,40,50,43,3,unsolvedmath-ep-65,erdos:65,Erdős Problem #65,UnsolvedMath,graph_theory,1,20,unclassified_question,formal_modeling,needs_atomic_split,4,15,7,12,0,3,2
883,30,40,50,43,3,unsolvedmath-ep-680,erdos:680,Erdős Problem #680,UnsolvedMath,number_theory,1,20,mixed_quantifiers,subclaim_decomposition,needs_atomic_split,4,15,8,12,1,1,2
884,30,40,50,43,3,unsolvedmath-ep-87,erdos:87,Erdős Problem #87,UnsolvedMath,graph_theory,1,20,existence_claim,witness_discovery,needs_atomic_split,0,15,8,14,1,3,2
885,30,39,48,45,6,unsolvedmath-guy-a14a,unsolvedmath:unsolvedmath-guy-a14a,Pomerance's Questions on Good Primes,UnsolvedMath,number_theory,3,60,classification_or_optimization,subclaim_decomposition,needs_atomic_split,4,15,9,14,1,0,2
886,30,39,48,43,4,unsolvedmath-kou-21.74,unsolvedmath:unsolvedmath-kou-21.74,Kourovka Notebook Problem 21.74,UnsolvedMath,group_theory,2,40,universal_claim,counterexample,needs_atomic_split,4,15,7,12,0,3,2
887,30,39,48,43,4,unsolvedmath-opg-2150,unsolvedmath:unsolvedmath-opg-2150,Discrete Logarithm Problem,UnsolvedMath,computer_science,2,40,universal_claim,counterexample,needs_atomic_split,4,15,7,12,0,3,2
888,30,38,46,47,9,unsolvedmath-ep-1120,erdos:1120,Erdős Problem #1120,UnsolvedMath,graph_theory,1,20,classification_or_optimization,subclaim_decomposition,not_counterexample_target,8,15,8,10,0,4,2
889,30,38,46,45,7,unsolvedmath-ep-1129,erdos:1129,Erdős Problem #1129,UnsolvedMath,geometry,1,20,equivalence_claim,counterexample,modeling_candidate,18,15,5,4,0,1,2
890,30,38,46,45,7,unsolvedmath-ep-217,erdos:217,Erdős Problem #217,UnsolvedMath,combinatorics,1,20,classification_or_optimization,subclaim_decomposition,not_counterexample_target,8,15,8,10,0,2,2
891,30,38,46,45,7,unsolvedmath-ep-479,erdos:479,Erdős Problem #479,UnsolvedMath,combinatorics,1,20,mixed_quantifiers,subclaim_decomposition,not_counterexample_target,8,15,7,10,3,0,2
892,30,38,46,45,7,unsolvedmath-ep-70,erdos:70,Erdős Problem #70,UnsolvedMath,set_theory,1,20,universal_claim,counterexample,modeling_candidate,18,15,3,5,1,1,2
893,30,38,46,45,7,unsolvedmath-ep-819,erdos:819,Erdős Problem #819,UnsolvedMath,combinatorics,1,20,classification_or_optimization,subclaim_decomposition,not_counterexample_target,8,15,7,10,0,3,2
894,30,38,46,45,7,unsolvedmath-ep-857,erdos:857,Erdős Problem #857,UnsolvedMath,combinatorics,1,20,classification_or_optimization,subclaim_decomposition,not_counterexample_target,8,15,7,10,0,3,2
895,30,38,46,45,7,unsolvedmath-ep-89,erdos:89,Erdős Problem #89,UnsolvedMath,number_theory,1,20,classification_or_optimization,subclaim_decomposition,not_counterexample_target,8,15,8,8,0,4,2
896,30,38,46,45,7,unsolvedmath-ep-959,erdos:959,Erdős Problem #959,UnsolvedMath,combinatorics,1,20,classification_or_optimization,subclaim_decomposition,not_counterexample_target,8,15,8,8,0,4,2
897,30,38,46,41,3,unsolvedmath-ep-200,erdos:200,Erdős Problem #200,UnsolvedMath,number_theory,1,20,unclassified_question,formal_modeling,modeling_candidate,5,15,7,10,0,2,2
898,30,38,46,41,3,unsolvedmath-ep-222,erdos:222,Erdős Problem #222,UnsolvedMath,number_theory,1,20,unclassified_question,formal_modeling,modeling_candidate,5,15,7,10,0,2,2
899,30,38,46,41,3,unsolvedmath-ep-244,erdos:244,Erdős Problem #244,UnsolvedMath,number_theory,1,20,unclassified_question,formal_modeling,modeling_candidate,5,15,7,10,0,2,2
900,30,38,46,41,3,unsolvedmath-ep-257,erdos:257,Erdős Problem #257,UnsolvedMath,number_theory,1,20,unclassified_question,formal_modeling,modeling_candidate,5,15,7,10,0,2,2
901,30,38,46,41,3,unsolvedmath-ep-265,erdos:265,Erdős Problem #265,UnsolvedMath,number_theory,1,20,unclassified_question,formal_modeling,modeling_candidate,5,15,7,10,0,2,2
902,30,38,46,41,3,unsolvedmath-ep-431,erdos:431,Erdős Problem #431,UnsolvedMath,number_theory,1,20,existence_claim,witness_discovery,not_counterexample_target,0,15,9,12,2,1,2
903,30,37,44,53,16,unsolvedmath-nt-044,unsolvedmath:unsolvedmath-nt-044,Almost Perfect Numbers Beyond Powers of 2,UnsolvedMath,number_theory,4,80,universal_claim,counterexample,needs_status_audit,18,15,7,8,0,3,2
904,30,37,44,52,15,unsolvedmath-alg-019,unsolvedmath:unsolvedmath-alg-019,Hilbert's Sixteenth Problem,UnsolvedMath,algebra,5,100,classification_or_optimization,subclaim_decomposition,not_counterexample_target,8,15,9,14,0,4,2
905,30,37,44,51,14,unsolvedmath-alg-040,unsolvedmath:unsolvedmath-alg-040,The Generalized Star Height Problem,UnsolvedMath,algebra,4,80,universal_claim,counterexample,modeling_candidate,18,15,6,8,0,2,2
906,30,37,44,51,14,unsolvedmath-geo-003,unsolvedmath:unsolvedmath-geo-003,The Kakeya Conjecture,UnsolvedMath,geometry,4,80,universal_claim,counterexample,modeling_candidate,18,15,5,6,4,1,2
907,30,37,44,48,11,formal-conjectures-erdos-373-variants-maximal-solution,erdos:373,Formal Conjectures: erdos_373.variants.maximal_solution,Google DeepMind Formal Conjectures,research_mathematics,,50,universal_claim,counterexample,modeling_candidate,20,15,4,3,0,2,4
908,30,37,44,48,11,formal-conjectures-vaught-conjecture,formal_conjectures:formal-conjectures-vaught-conjecture,Formal Conjectures: vaught_conjecture,Google DeepMind Formal Conjectures,research_mathematics,,50,universal_claim,counterexample,modeling_candidate,20,15,4,3,0,2,4
909,30,37,44,47,10,unsolvedmath-graph-022,unsolvedmath:unsolvedmath-graph-022,Universal Point Sets,UnsolvedMath,graph_theory,4,80,unclassified_question,formal_modeling,modeling_candidate,5,15,7,12,2,4,2
910,30,37,44,47,10,unsolvedmath-graph-034,unsolvedmath:unsolvedmath-graph-034,Oberwolfach Problem,UnsolvedMath,graph_theory,4,80,classification_or_optimization,subclaim_decomposition,not_counterexample_target,8,15,7,12,2,1,2
911,30,37,44,47,10,unsolvedmath-guy-a4,unsolvedmath:unsolvedmath-guy-a4,The Prime Number Race,UnsolvedMath,number_theory,4,80,classification_or_optimization,subclaim_decomposition,not_counterexample_target,8,15,8,10,4,0,2
912,30,37,44,47,10,unsolvedmath-kou-21.102,unsolvedmath:unsolvedmath-kou-21.102,Kourovka Notebook Problem 21.102,UnsolvedMath,group_theory,2,40,unclassified_question,formal_modeling,modeling_candidate,5,15,10,14,0,1,2
913,30,37,44,45,8,unsolvedmath-kou-21.49,unsolvedmath:unsolvedmath-kou-21.49,Kourovka Notebook Problem 21.49,UnsolvedMath,group_theory,2,40,mixed_quantifiers,subclaim_decomposition,not_counterexample_target,8,15,7,10,1,2,2
914,30,37,44,44,7,unsolvedmath-opg-46900,unsolvedmath:unsolvedmath-opg-46900,Earth-Moon Problem,UnsolvedMath,graph_theory,1,20,classification_or_optimization,subclaim_decomposition,not_counterexample_target,8,15,8,8,0,3,2
915,30,37,44,44,7,unsolvedmath-opg-60003,unsolvedmath:unsolvedmath-opg-60003,Extremal $4$-Neighbour Bootstrap Percolation in the Hypercube,UnsolvedMath,combinatorics,1,20,classification_or_optimization,subclaim_decomposition,not_counterexample_target,8,15,7,8,2,2,2
916,30,37,44,43,6,unsolvedmath-kou-21.7,unsolvedmath:unsolvedmath-kou-21.7,Kourovka Notebook Problem 21.7,UnsolvedMath,group_theory,3,60,unclassified_question,formal_modeling,modeling_candidate,5,15,8,12,0,1,2
917,30,37,44,41,4,unsolvedmath-green-058,unsolvedmath:unsolvedmath-green-058,"Irreducibility of Random {0,1} Polynomials",UnsolvedMath,number_theory,2,40,unclassified_question,formal_modeling,modeling_candidate,5,15,8,10,0,1,2
918,30,37,44,40,3,unsolvedmath-green-044,unsolvedmath:unsolvedmath-green-044,Collinear 4-tuples Force Collinear 5-tuples,UnsolvedMath,geometry,1,20,unclassified_question,formal_modeling,modeling_candidate,5,15,7,10,0,1,2
919,30,37,44,40,3,unsolvedmath-opg-37366,unsolvedmath:unsolvedmath-opg-37366,Is Skewes' number e^e^e^79 an integer?,UnsolvedMath,number_theory,1,20,unclassified_question,formal_modeling,modeling_candidate,5,15,7,10,0,1,2
920,30,37,44,40,3,unsolvedmath-opg-38188,unsolvedmath:unsolvedmath-opg-38188,Vertex Cover Integrality Gap,UnsolvedMath,logic,1,20,mixed_quantifiers,subclaim_decomposition,not_counterexample_target,8,15,3,9,1,2,2
921,30,37,44,40,3,unsolvedmath-opg-47511,unsolvedmath:unsolvedmath-opg-47511,Weighted colouring of hexagonal graphs.,UnsolvedMath,graph_theory,1,20,existence_claim,witness_discovery,not_counterexample_target,0,15,7,14,1,1,2
922,30,37,44,40,3,unsolvedmath-opg-59914,unsolvedmath:unsolvedmath-opg-59914,General position subsets,UnsolvedMath,geometry,1,20,classification_or_optimization,subclaim_decomposition,not_counterexample_target,8,15,5,8,0,2,2
923,30,37,44,40,3,unsolvedmath-opg-59923,unsolvedmath:unsolvedmath-opg-59923,Generalised Empty Hexagon Conjecture,UnsolvedMath,geometry,1,20,mixed_quantifiers,subclaim_decomposition,not_counterexample_target,8,15,5,8,0,2,2
924,30,35,40,63,28,unsolvedmath-nt-033,unsolvedmath:unsolvedmath-nt-033,Grimm's Conjecture,UnsolvedMath,number_theory,4,80,unclassified_question,formal_modeling,modeling_candidate,5,15,16,14,3,5,5
925,29,39,49,46,7,unsolvedmath-ep-508,erdos:508,Erdős Problem #508,UnsolvedMath,graph_theory,1,20,classification_or_optimization,subclaim_decomposition,needs_atomic_split,4,15,8,10,2,5,2
926,29,39,49,42,3,unsolvedmath-ep-14,erdos:14,Erdős Problem #14,UnsolvedMath,number_theory,1,20,universal_claim,counterexample,needs_atomic_split,4,15,7,12,1,1,2
927,29,39,49,42,3,unsolvedmath-ep-201,erdos:201,Erdős Problem #201,UnsolvedMath,number_theory,1,20,classification_or_optimization,subclaim_decomposition,needs_atomic_split,4,15,7,10,0,4,2
928,29,39,49,42,3,unsolvedmath-ep-33,erdos:33,Erdős Problem #33,UnsolvedMath,number_theory,1,20,classification_or_optimization,subclaim_decomposition,needs_atomic_split,4,15,7,10,2,2,2
929,29,39,49,42,3,unsolvedmath-ep-436,erdos:436,Erdős Problem #436,UnsolvedMath,number_theory,1,20,universal_claim,counterexample,needs_atomic_split,4,15,7,12,1,1,2
930,29,39,49,42,3,unsolvedmath-ep-600,erdos:600,Erdős Problem #600,UnsolvedMath,graph_theory,1,20,universal_claim,counterexample,needs_atomic_split,4,15,7,12,0,2,2
931,29,39,49,42,3,unsolvedmath-ep-643,erdos:643,Erdős Problem #643,UnsolvedMath,graph_theory,1,20,classification_or_optimization,subclaim_decomposition,needs_atomic_split,4,15,7,12,0,2,2
932,29,39,49,42,3,unsolvedmath-ep-80,erdos:80,Erdős Problem #80,UnsolvedMath,graph_theory,1,20,classification_or_optimization,subclaim_decomposition,needs_atomic_split,4,15,7,12,0,2,2
933,29,39,49,42,3,unsolvedmath-ep-839,erdos:839,Erdős Problem #839,UnsolvedMath,number_theory,1,20,universal_claim,counterexample,needs_atomic_split,4,15,7,12,0,2,2
934,29,39,49,42,3,unsolvedmath-ep-852,erdos:852,Erdős Problem #852,UnsolvedMath,number_theory,1,20,classification_or_optimization,subclaim_decomposition,needs_atomic_split,4,15,7,12,1,1,2
935,29,39,49,42,3,unsolvedmath-ep-853,erdos:853,Erdős Problem #853,UnsolvedMath,number_theory,1,20,universal_claim,counterexample,needs_atomic_split,4,15,7,10,2,2,2
936,29,39,49,42,3,unsolvedmath-ep-918,erdos:918,Erdős Problem #918,UnsolvedMath,graph_theory,1,20,existence_claim,witness_discovery,needs_atomic_split,0,15,8,14,0,3,2
937,29,39,49,42,3,unsolvedmath-ep-929,erdos:929,Erdős Problem #929,UnsolvedMath,number_theory,1,20,classification_or_optimization,subclaim_decomposition,needs_atomic_split,4,15,8,10,0,3,2
938,29,39,49,42,3,unsolvedmath-ep-935,erdos:935,Erdős Problem #935,UnsolvedMath,number_theory,1,20,universal_claim,counterexample,needs_atomic_split,4,15,7,12,1,1,2
939,29,38,47,50,12,formal-conjectures-generalized-riemann-hypothesis,formal_conjectures:formal-conjectures-generalized-riemann-hypothesis,Formal Conjectures: generalized_riemann_hypothesis,Google DeepMind Formal Conjectures,research_mathematics,,50,universal_claim,counterexample,modeling_candidate,20,15,3,5,1,2,4
940,29,38,47,42,4,unsolvedmath-kou-21.101,unsolvedmath:unsolvedmath-kou-21.101,Kourovka Notebook Problem 21.101,UnsolvedMath,group_theory,2,40,unclassified_question,formal_modeling,needs_atomic_split,4,15,8,12,0,1,2
941,29,38,47,42,4,unsolvedmath-opg-37210,unsolvedmath:unsolvedmath-opg-37210,Beneš Conjecture (graph-theoretic form),UnsolvedMath,graph_theory,2,40,unclassified_question,formal_modeling,needs_atomic_split,4,15,8,12,0,1,2
942,29,38,47,41,3,unsolvedmath-opg-136,unsolvedmath:unsolvedmath-opg-136,Unit vector flows,UnsolvedMath,graph_theory,1,20,mixed_quantifiers,subclaim_decomposition,needs_atomic_split,4,15,7,12,0,1,2
943,29,38,47,41,3,unsolvedmath-opg-488,unsolvedmath:unsolvedmath-opg-488,Hamiltonian cycles in line graphs of infinite graphs,UnsolvedMath,graph_theory,1,20,unclassified_question,formal_modeling,needs_atomic_split,4,15,7,12,0,1,2
944,29,38,47,41,3,unsolvedmath-opg-490,unsolvedmath:unsolvedmath-opg-490,Hamiltonian cycles in powers of infinite graphs,UnsolvedMath,graph_theory,1,20,unclassified_question,formal_modeling,needs_atomic_split,4,15,7,12,0,1,2
945,29,38,47,41,3,unsolvedmath-opg-511,unsolvedmath:unsolvedmath-opg-511,Counterexamples to the Baillie-PSW primality test,UnsolvedMath,number_theory,1,20,universal_claim,counterexample,needs_atomic_split,4,15,7,10,0,3,2
946,29,37,45,46,9,unsolvedmath-ep-319,erdos:319,Erdős Problem #319,UnsolvedMath,number_theory,1,20,classification_or_optimization,subclaim_decomposition,not_counterexample_target,8,15,7,10,0,4,2
947,29,37,45,46,9,unsolvedmath-ep-412,erdos:412,Erdős Problem #412,UnsolvedMath,number_theory,1,20,mixed_quantifiers,subclaim_decomposition,not_counterexample_target,8,15,7,12,1,1,2
948,29,37,45,46,9,unsolvedmath-ep-787,erdos:787,Erdős Problem #787,UnsolvedMath,combinatorics,1,20,classification_or_optimization,subclaim_decomposition,not_counterexample_target,8,15,7,10,0,4,2
949,29,37,45,45,8,unsolvedmath-ep-854,erdos:854,Erdős Problem #854,UnsolvedMath,number_theory,1,20,classification_or_optimization,subclaim_decomposition,not_counterexample_target,8,15,7,10,2,1,2
950,29,37,45,44,7,unsolvedmath-ep-1085,erdos:1085,Erdős Problem #1085,UnsolvedMath,graph_theory,1,20,classification_or_optimization,subclaim_decomposition,not_counterexample_target,8,15,8,8,0,3,2
951,29,37,45,44,7,unsolvedmath-ep-188,erdos:188,Erdős Problem #188,UnsolvedMath,number_theory,1,20,classification_or_optimization,subclaim_decomposition,not_counterexample_target,8,15,8,6,2,3,2
952,29,37,45,44,7,unsolvedmath-ep-321,erdos:321,Erdős Problem #321,UnsolvedMath,combinatorics,1,20,classification_or_optimization,subclaim_decomposition,not_counterexample_target,8,15,7,8,0,4,2
953,29,37,45,44,7,unsolvedmath-ep-389,erdos:389,Erdős Problem #389,UnsolvedMath,combinatorics,1,20,mixed_quantifiers,subclaim_decomposition,not_counterexample_target,8,15,7,10,1,1,2
954,29,37,45,44,7,unsolvedmath-ep-390,erdos:390,Erdős Problem #390,UnsolvedMath,combinatorics,1,20,classification_or_optimization,subclaim_decomposition,not_counterexample_target,8,15,7,10,1,1,2
955,29,37,45,44,7,unsolvedmath-ep-42,erdos:42,Erdős Problem #42,UnsolvedMath,combinatorics,1,20,mixed_quantifiers,subclaim_decomposition,not_counterexample_target,8,15,7,10,1,1,2
956,29,37,45,44,7,unsolvedmath-ep-531,erdos:531,Erdős Problem #531,UnsolvedMath,graph_theory,1,20,classification_or_optimization,subclaim_decomposition,not_counterexample_target,8,15,8,8,0,3,2
957,29,37,45,44,7,unsolvedmath-ep-589,erdos:589,Erdős Problem #589,UnsolvedMath,graph_theory,1,20,classification_or_optimization,subclaim_decomposition,not_counterexample_target,8,15,7,8,0,4,2
958,29,37,45,44,7,unsolvedmath-ep-657,erdos:657,Erdős Problem #657,UnsolvedMath,combinatorics,1,20,classification_or_optimization,subclaim_decomposition,not_counterexample_target,8,15,8,8,0,3,2
959,29,37,45,44,7,unsolvedmath-ep-734,erdos:734,Erdős Problem #734,UnsolvedMath,combinatorics,1,20,mixed_quantifiers,subclaim_decomposition,not_counterexample_target,8,15,7,10,1,1,2
960,29,37,45,44,7,unsolvedmath-ep-791,erdos:791,Erdős Problem #791,UnsolvedMath,combinatorics,1,20,classification_or_optimization,subclaim_decomposition,not_counterexample_target,8,15,8,8,0,3,2
961,29,37,45,40,3,unsolvedmath-ep-324,erdos:324,Erdős Problem #324,UnsolvedMath,number_theory,1,20,existence_claim,witness_discovery,not_counterexample_target,0,15,9,14,0,0,2
962,29,37,45,40,3,unsolvedmath-ep-477,erdos:477,Erdős Problem #477,UnsolvedMath,graph_theory,1,20,existence_claim,witness_discovery,not_counterexample_target,0,15,8,12,0,3,2
963,29,37,45,40,3,unsolvedmath-ep-564,erdos:564,Erdős Problem #564,UnsolvedMath,number_theory,1,20,existence_claim,witness_discovery,not_counterexample_target,0,15,8,10,2,3,2
964,29,37,45,40,3,unsolvedmath-ep-663,erdos:663,Erdős Problem #663,UnsolvedMath,number_theory,1,20,unclassified_question,formal_modeling,modeling_candidate,5,15,7,10,0,1,2
965,29,37,45,40,3,unsolvedmath-ep-705,erdos:705,Erdős Problem #705,UnsolvedMath,graph_theory,1,20,existence_claim,witness_discovery,not_counterexample_target,0,15,8,12,0,3,2
966,29,37,45,40,3,unsolvedmath-ep-74,erdos:74,Erdős Problem #74,UnsolvedMath,graph_theory,1,20,existence_claim,witness_discovery,not_counterexample_target,0,15,8,12,0,3,2
967,29,36,43,52,16,unsolvedmath-alg-006,unsolvedmath:unsolvedmath-alg-006,Zauner's Conjecture,UnsolvedMath,algebra,4,80,universal_claim,counterexample,modeling_candidate,18,15,6,6,4,1,2
968,29,36,43,50,14,unsolvedmath-geo-005,unsolvedmath:unsolvedmath-geo-005,Inscribed Square Problem (Toeplitz Conjecture),UnsolvedMath,geometry,4,80,universal_claim,counterexample,modeling_candidate,18,15,5,4,4,2,2
969,29,36,43,50,14,unsolvedmath-mod-009,unsolvedmath:unsolvedmath-mod-009,Infinite Minimal Field Algebraic Closure,UnsolvedMath,algebra,4,80,universal_claim,counterexample,modeling_candidate,18,15,6,8,0,1,2
970,29,36,43,48,12,unsolvedmath-kou-21.83,unsolvedmath:unsolvedmath-kou-21.83,Kourovka Notebook Problem 21.83,UnsolvedMath,group_theory,3,60,unclassified_question,formal_modeling,modeling_candidate,5,15,10,14,0,2,2
971,29,36,43,48,12,unsolvedmath-kp-3.49,unsolvedmath:unsolvedmath-kp-3.49,Kirby Problem 3.49,UnsolvedMath,topology,3,60,universal_claim,counterexample,needs_status_audit,18,15,2,7,0,4,2
972,29,36,43,48,12,unsolvedmath-kp-3.64,unsolvedmath:unsolvedmath-kp-3.64,Kirby Problem 3.64,UnsolvedMath,topology,3,60,universal_claim,counterexample,needs_status_audit,18,15,2,7,0,4,2
973,29,36,43,48,12,formal-conjectures-finite-equation677-implies-equation255,formal_conjectures:formal-conjectures-finite-equation677-implies-equation255,Formal Conjectures: Finite.Equation677_implies_Equation255,Google DeepMind Formal Conjectures,research_mathematics,,50,universal_claim,counterexample,modeling_candidate,20,15,4,3,0,2,4
974,29,36,43,47,11,formal-conjectures-discretetopology-of-t2-of-torontospace,formal_conjectures:formal-conjectures-discretetopology-of-t2-of-torontospace,Formal Conjectures: DiscreteTopology.of_t2_of_torontoSpace,Google DeepMind Formal Conjectures,research_mathematics,,50,universal_claim,counterexample,modeling_candidate,20,15,3,3,0,2,4
975,29,36,43,47,11,formal-conjectures-hilbert-smith-conjecture,formal_conjectures:formal-conjectures-hilbert-smith-conjecture,Formal Conjectures: hilbert_smith_conjecture,Google DeepMind Formal Conjectures,research_mathematics,,50,universal_claim,counterexample,modeling_candidate,20,15,3,3,0,2,4
976,29,36,43,47,11,formal-conjectures-idempotent-conjecture,formal_conjectures:formal-conjectures-idempotent-conjecture,Formal Conjectures: idempotent_conjecture,Google DeepMind Formal Conjectures,research_mathematics,,50,universal_claim,counterexample,modeling_candidate,20,15,3,3,0,2,4
977,29,36,43,47,11,formal-conjectures-kotheconjecture,formal_conjectures:formal-conjectures-kotheconjecture,Formal Conjectures: KotheConjecture,Google DeepMind Formal Conjectures,research_mathematics,,50,universal_claim,counterexample,modeling_candidate,20,15,3,3,0,2,4
978,29,36,43,47,11,formal-conjectures-kotherconjecture-variants-le-kotherradical,formal_conjectures:formal-conjectures-kotherconjecture-variants-le-kotherradical,Formal Conjectures: KotherConjecture.variants.le_KotherRadical,Google DeepMind Formal Conjectures,research_mathematics,,50,universal_claim,counterexample,modeling_candidate,20,15,3,3,0,2,4
979,29,36,43,46,10,unsolvedmath-graph-015,unsolvedmath:unsolvedmath-graph-015,Albertson Conjecture,UnsolvedMath,graph_theory,4,80,unclassified_question,formal_modeling,modeling_candidate,5,15,8,12,0,4,2
980,29,36,43,46,10,unsolvedmath-graph-050,unsolvedmath:unsolvedmath-graph-050,Translating Graph Problems to Word Problems,UnsolvedMath,graph_theory,4,80,unclassified_question,formal_modeling,modeling_candidate,5,15,9,14,0,1,2
981,29,36,43,46,10,unsolvedmath-comb-001,unsolvedmath:unsolvedmath-comb-001,The Hadwiger-Nelson Problem,UnsolvedMath,combinatorics,3,60,classification_or_optimization,subclaim_decomposition,not_counterexample_target,8,15,8,8,0,5,2
982,29,36,43,45,9,unsolvedmath-green-037,unsolvedmath:unsolvedmath-green-037,Primes with p-2 Having Odd Omega,UnsolvedMath,number_theory,1,20,classification_or_optimization,subclaim_decomposition,not_counterexample_target,8,15,8,12,0,0,2
983,29,36,43,44,8,unsolvedmath-game-003,unsolvedmath:unsolvedmath-game-003,Maximum Givens in Minimal Sudoku,UnsolvedMath,combinatorics,2,40,classification_or_optimization,subclaim_decomposition,not_counterexample_target,8,15,7,8,0,4,2
984,29,36,43,44,8,unsolvedmath-green-080,unsolvedmath:unsolvedmath-green-080,Cap Sets in F_7^n,UnsolvedMath,combinatorics,2,40,classification_or_optimization,subclaim_decomposition,not_counterexample_target,8,15,7,10,0,2,2
985,29,36,43,43,7,unsolvedmath-green-022,unsolvedmath:unsolvedmath-green-022,Small Sieve Maximal Sets,UnsolvedMath,number_theory,1,20,classification_or_optimization,subclaim_decomposition,not_counterexample_target,8,15,7,8,0,3,2
986,29,36,43,43,7,unsolvedmath-opg-144,unsolvedmath:unsolvedmath-opg-144,Packing T-joins,UnsolvedMath,graph_theory,1,20,mixed_quantifiers,subclaim_decomposition,not_counterexample_target,8,15,7,8,0,3,2
987,29,36,43,43,7,unsolvedmath-opg-41335,unsolvedmath:unsolvedmath-opg-41335,Inequality for square summable complex series,UnsolvedMath,analysis,1,20,universal_claim,counterexample,modeling_candidate,18,15,4,3,0,1,2
988,29,36,43,42,6,unsolvedmath-game-009,unsolvedmath:unsolvedmath-game-009,Grundy's Game Periodicity,UnsolvedMath,combinatorics,3,60,unclassified_question,formal_modeling,modeling_candidate,5,15,7,12,0,1,2
989,29,36,43,42,6,unsolvedmath-graph-043,unsolvedmath:unsolvedmath-graph-043,Word-Representable Graphs: Letter Copies Bound,UnsolvedMath,graph_theory,3,60,existence_claim,witness_discovery,not_counterexample_target,0,15,9,14,0,2,2
990,29,36,43,40,4,unsolvedmath-green-012,unsolvedmath:unsolvedmath-green-012,Tuples in Dense Sets,UnsolvedMath,combinatorics,2,40,existence_claim,witness_discovery,not_counterexample_target,0,15,8,12,0,3,2
991,29,36,43,40,4,unsolvedmath-opg-660,unsolvedmath:unsolvedmath-opg-660,F_d versus F_{d+1},UnsolvedMath,logic,2,40,mixed_quantifiers,subclaim_decomposition,not_counterexample_target,8,15,5,9,0,1,2
992,29,36,43,39,3,unsolvedmath-green-030,unsolvedmath:unsolvedmath-green-030,Φ(G) and Φ'(G) Coincidence,UnsolvedMath,algebra,1,20,unclassified_question,formal_modeling,modeling_candidate,5,15,6,10,0,1,2
993,29,36,43,39,3,unsolvedmath-green-066,unsolvedmath:unsolvedmath-green-066,Monochromatic x+y and xy,UnsolvedMath,combinatorics,1,20,existence_claim,witness_discovery,not_counterexample_target,0,15,8,12,0,2,2
994,29,36,43,39,3,unsolvedmath-green-075,unsolvedmath:unsolvedmath-green-075,Large Gaps in Dilates,UnsolvedMath,combinatorics,1,20,existence_claim,witness_discovery,not_counterexample_target,0,15,7,12,0,3,2
995,29,36,43,39,3,unsolvedmath-opg-37081,unsolvedmath:unsolvedmath-opg-37081,Number of Cliques in Minor-Closed Classes,UnsolvedMath,graph_theory,1,20,existence_claim,witness_discovery,not_counterexample_target,0,15,7,12,0,3,2
996,29,36,43,39,3,unsolvedmath-opg-562,unsolvedmath:unsolvedmath-opg-562,"Three-chromatic (0,2)-graphs",UnsolvedMath,graph_theory,1,20,existence_claim,witness_discovery,not_counterexample_target,0,15,8,12,0,2,2
997,29,36,43,39,3,unsolvedmath-opg-830,unsolvedmath:unsolvedmath-opg-830,4-regular 4-chromatic graphs of high girth,UnsolvedMath,graph_theory,1,20,existence_claim,witness_discovery,not_counterexample_target,0,15,8,12,0,2,2
998,28,38,48,41,3,unsolvedmath-ep-1091,erdos:1091,Erdős Problem #1091,UnsolvedMath,graph_theory,1,20,existence_claim,witness_discovery,needs_atomic_split,0,15,8,12,0,4,2
999,28,38,48,41,3,unsolvedmath-ep-161,erdos:161,Erdős Problem #161,UnsolvedMath,graph_theory,1,20,existence_claim,witness_discovery,needs_atomic_split,0,15,7,12,2,3,2
1000,28,38,48,41,3,unsolvedmath-ep-208,erdos:208,Erdős Problem #208,UnsolvedMath,combinatorics,1,20,universal_claim,counterexample,needs_atomic_split,4,15,7,12,0,1,2
1001,28,38,48,41,3,unsolvedmath-ep-271,erdos:271,Erdős Problem #271,UnsolvedMath,number_theory,1,20,universal_claim,counterexample,needs_atomic_split,4,15,7,10,0,3,2
1002,28,38,48,41,3,unsolvedmath-ep-338,erdos:338,Erdős Problem #338,UnsolvedMath,number_theory,1,20,universal_claim,counterexample,needs_atomic_split,4,15,8,10,0,2,2
1003,28,38,48,41,3,unsolvedmath-ep-382,erdos:382,Erdős Problem #382,UnsolvedMath,number_theory,1,20,equivalence_claim,counterexample,needs_atomic_split,4,15,7,10,0,3,2
1004,28,38,48,41,3,unsolvedmath-ep-409,erdos:409,Erdős Problem #409,UnsolvedMath,number_theory,1,20,classification_or_optimization,subclaim_decomposition,needs_atomic_split,4,15,7,10,0,3,2
1005,28,38,48,41,3,unsolvedmath-ep-422,erdos:422,Erdős Problem #422,UnsolvedMath,number_theory,1,20,classification_or_optimization,subclaim_decomposition,needs_atomic_split,4,15,7,12,1,0,2
1006,28,38,48,41,3,unsolvedmath-ep-662,erdos:662,Erdős Problem #662,UnsolvedMath,geometry,1,20,universal_claim,counterexample,needs_atomic_split,4,15,6,10,0,4,2
1007,28,38,48,41,3,unsolvedmath-ep-770,erdos:770,Erdős Problem #770,UnsolvedMath,number_theory,1,20,mixed_quantifiers,subclaim_decomposition,needs_atomic_split,4,15,7,12,1,0,2
1008,28,38,48,41,3,unsolvedmath-ep-836,erdos:836,Erdős Problem #836,UnsolvedMath,number_theory,1,20,universal_claim,counterexample,needs_atomic_split,4,15,8,10,0,2,2
1009,28,37,46,41,4,unsolvedmath-kou-21.32,unsolvedmath:unsolvedmath-kou-21.32,Kourovka Notebook Problem 21.32,UnsolvedMath,group_theory,2,40,classification_or_optimization,subclaim_decomposition,needs_atomic_split,4,15,7,12,0,1,2
1010,28,37,46,41,4,unsolvedmath-opg-36884,unsolvedmath:unsolvedmath-opg-36884,Refuting random 3SAT-instances on $O(n)$ clauses (weak form),UnsolvedMath,computer_science,2,40,universal_claim,counterexample,needs_atomic_split,4,15,5,10,0,5,2
1011,28,37,46,41,4,unsolvedmath-opg-48232,unsolvedmath:unsolvedmath-opg-48232,The Bollobás-Eldridge-Catlin Conjecture on graph packing,UnsolvedMath,graph_theory,2,40,unclassified_question,formal_modeling,needs_atomic_split,4,15,7,12,0,1,2
1012,28,36,44,45,9,unsolvedmath-ep-414,erdos:414,Erdős Problem #414,UnsolvedMath,number_theory,1,20,mixed_quantifiers,subclaim_decomposition,not_counterexample_target,8,15,7,10,0,3,2
1013,28,36,44,45,9,unsolvedmath-ep-50,erdos:50,Erdős Problem #50,UnsolvedMath,combinatorics,1,20,mixed_quantifiers,subclaim_decomposition,not_counterexample_target,8,15,7,10,1,2,2
1014,28,36,44,45,9,unsolvedmath-ep-776,erdos:776,Erdős Problem #776,UnsolvedMath,combinatorics,1,20,classification_or_optimization,subclaim_decomposition,not_counterexample_target,8,15,7,10,0,3,2
1015,28,36,44,43,7,unsolvedmath-ep-102,erdos:102,Erdős Problem #102,UnsolvedMath,combinatorics,1,20,classification_or_optimization,subclaim_decomposition,not_counterexample_target,8,15,7,8,0,3,2
1016,28,36,44,43,7,unsolvedmath-ep-1084,erdos:1084,Erdős Problem #1084,UnsolvedMath,number_theory,1,20,classification_or_optimization,subclaim_decomposition,not_counterexample_target,8,15,8,6,0,4,2
1017,28,36,44,43,7,unsolvedmath-ep-311,erdos:311,Erdős Problem #311,UnsolvedMath,graph_theory,1,20,mixed_quantifiers,subclaim_decomposition,not_counterexample_target,8,15,7,10,0,1,2
1018,28,36,44,43,7,unsolvedmath-ep-573,erdos:573,Erdős Problem #573,UnsolvedMath,graph_theory,1,20,unclassified_question,formal_modeling,modeling_candidate,5,15,8,10,0,3,2
1019,28,36,44,43,7,unsolvedmath-ep-888,erdos:888,Erdős Problem #888,UnsolvedMath,number_theory,1,20,classification_or_optimization,subclaim_decomposition,not_counterexample_target,8,15,7,8,0,3,2
1020,28,36,44,43,7,unsolvedmath-ep-896,erdos:896,Erdős Problem #896,UnsolvedMath,combinatorics,1,20,classification_or_optimization,subclaim_decomposition,not_counterexample_target,8,15,7,8,0,3,2
1021,28,36,44,41,5,unsolvedmath-ep-406,erdos:406,Erdős Problem #406,UnsolvedMath,number_theory,1,20,unclassified_question,formal_modeling,modeling_candidate,5,15,7,10,0,2,2
1022,28,36,44,39,3,unsolvedmath-ep-348,erdos:348,Erdős Problem #348,UnsolvedMath,number_theory,1,20,existence_claim,witness_discovery,not_counterexample_target,0,15,7,12,2,1,2
1023,28,36,44,39,3,unsolvedmath-ep-387,erdos:387,Erdős Problem #387,UnsolvedMath,number_theory,1,20,existence_claim,witness_discovery,not_counterexample_target,0,15,8,12,1,1,2
1024,28,36,44,39,3,unsolvedmath-ep-584,erdos:584,Erdős Problem #584,UnsolvedMath,graph_theory,1,20,existence_claim,witness_discovery,not_counterexample_target,0,15,7,12,0,3,2
1025,28,36,44,39,3,unsolvedmath-ep-595,erdos:595,Erdős Problem #595,UnsolvedMath,number_theory,1,20,existence_claim,witness_discovery,not_counterexample_target,0,15,8,12,0,2,2
1026,28,36,44,39,3,unsolvedmath-ep-689,erdos:689,Erdős Problem #689,UnsolvedMath,number_theory,1,20,existence_claim,witness_discovery,not_counterexample_target,0,15,7,12,1,2,2
1027,28,36,44,39,3,unsolvedmath-ep-810,erdos:810,Erdős Problem #810,UnsolvedMath,graph_theory,1,20,existence_claim,witness_discovery,not_counterexample_target,0,15,7,14,1,0,2
1028,28,36,44,39,3,unsolvedmath-ep-887,erdos:887,Erdős Problem #887,UnsolvedMath,number_theory,1,20,existence_claim,witness_discovery,not_counterexample_target,0,15,8,12,1,1,2
1029,28,35,42,62,27,unsolvedmath-nt-002,unsolvedmath:unsolvedmath-nt-002,Collatz Conjecture,UnsolvedMath,number_theory,4,80,universal_claim,counterexample,modeling_candidate,18,15,10,12,2,1,4
1030,28,35,42,51,16,unsolvedmath-geo-020,unsolvedmath:unsolvedmath-geo-020,The Osserman Conjecture,UnsolvedMath,geometry,4,80,universal_claim,counterexample,modeling_candidate,18,15,6,4,4,2,2
1031,28,35,42,49,14,unsolvedmath-geo-013,unsolvedmath:unsolvedmath-geo-013,The Carathéodory Conjecture,UnsolvedMath,geometry,4,80,universal_claim,counterexample,modeling_candidate,18,15,5,4,4,1,2
1032,28,35,42,47,12,unsolvedmath-kp-4.34,unsolvedmath:unsolvedmath-kp-4.34,Kirby Problem 4.34,UnsolvedMath,topology,3,60,universal_claim,counterexample,needs_status_audit,18,15,2,7,0,3,2
1033,28,35,42,47,12,unsolvedmath-kp-4.8,unsolvedmath:unsolvedmath-kp-4.8,Kirby Problem 4.8,UnsolvedMath,topology,3,60,equivalence_claim,counterexample,needs_status_audit,18,15,2,7,0,3,2
1034,28,35,42,47,12,formal-conjectures-abc,formal_conjectures:formal-conjectures-abc,Formal Conjectures: abc,Google DeepMind Formal Conjectures,research_mathematics,,50,universal_claim,counterexample,modeling_candidate,20,15,3,3,0,2,4
1035,28,35,42,47,12,formal-conjectures-abc-variants-quality,formal_conjectures:formal-conjectures-abc-variants-quality,Formal Conjectures: abc.variants.quality,Google DeepMind Formal Conjectures,research_mathematics,,50,universal_claim,counterexample,modeling_candidate,20,15,3,3,0,2,4
1036,28,35,42,47,12,formal-conjectures-gottschalk-surjunctivity-conjecture,formal_conjectures:formal-conjectures-gottschalk-surjunctivity-conjecture,Formal Conjectures: gottschalk_surjunctivity_conjecture,Google DeepMind Formal Conjectures,research_mathematics,,50,universal_claim,counterexample,modeling_candidate,20,15,3,3,0,2,4
1037,28,35,42,47,12,formal-conjectures-isequidistributedmoduloone-transcendental-three-halves-pow,formal_conjectures:formal-conjectures-isequidistributedmoduloone-transcendental-three-halves-pow,Formal Conjectures: isEquidistributedModuloOne_transcendental_three_halves_pow,Google DeepMind Formal Conjectures,research_mathematics,,50,universal_claim,counterexample,modeling_candidate,20,15,3,3,0,2,4
1038,28,35,42,47,12,formal-conjectures-volume-frontier-multibrotset-eq-zero,formal_conjectures:formal-conjectures-volume-frontier-multibrotset-eq-zero,Formal Conjectures: volume_frontier_multibrotSet_eq_zero,Google DeepMind Formal Conjectures,research_mathematics,,50,universal_claim,counterexample,modeling_candidate,20,15,3,3,0,2,4
1039,28,35,42,45,10,unsolvedmath-graph-045,unsolvedmath:unsolvedmath-graph-045,Word-Representable Graphs: Forbidden Subgraph Characterization,UnsolvedMath,graph_theory,4,80,classification_or_optimization,subclaim_decomposition,not_counterexample_target,8,15,7,12,0,1,2
1040,28,35,42,45,10,unsolvedmath-game-004,unsolvedmath:unsolvedmath-game-004,Tic-Tac-Toe Winning Dimension,UnsolvedMath,combinatorics,3,60,classification_or_optimization,subclaim_decomposition,not_counterexample_target,8,15,7,8,2,3,2
1041,28,35,42,45,10,unsolvedmath-game-010,unsolvedmath:unsolvedmath-game-010,Rendezvous Problem,UnsolvedMath,combinatorics,3,60,classification_or_optimization,subclaim_decomposition,not_counterexample_target,8,15,7,10,2,1,2
1042,28,35,42,45,10,unsolvedmath-geom-026,unsolvedmath:unsolvedmath-geom-026,Borromean Rings Question,UnsolvedMath,geometry,3,60,universal_claim,counterexample,modeling_candidate,18,15,5,4,0,1,2
1043,28,35,42,45,10,unsolvedmath-kou-21.104,unsolvedmath:unsolvedmath-kou-21.104,Kourovka Notebook Problem 21.104,UnsolvedMath,group_theory,3,60,mixed_quantifiers,subclaim_decomposition,not_counterexample_target,8,15,8,10,1,1,2
1044,28,35,42,45,10,unsolvedmath-green-028,unsolvedmath:unsolvedmath-green-028,Gowers Box Norms over Finite Fields,UnsolvedMath,combinatorics,2,40,unclassified_question,formal_modeling,modeling_candidate,5,15,10,12,0,1,2
1045,28,35,42,45,10,unsolvedmath-opg-36936,unsolvedmath:unsolvedmath-opg-36936,Graphs with a forbidden induced tree are chi-bounded,UnsolvedMath,graph_theory,2,40,mixed_quantifiers,subclaim_decomposition,not_counterexample_target,8,15,7,12,0,1,2
1046,28,35,42,42,7,unsolvedmath-green-010,unsolvedmath:unsolvedmath-green-010,Roth's Theorem with Random Common Differences,UnsolvedMath,combinatorics,1,20,classification_or_optimization,subclaim_decomposition,not_counterexample_target,8,15,7,8,0,2,2
1047,28,35,42,42,7,unsolvedmath-green-061,unsolvedmath:unsolvedmath-green-061,N Queens Problem Asymptotics,UnsolvedMath,combinatorics,1,20,classification_or_optimization,subclaim_decomposition,not_counterexample_target,8,15,7,8,0,2,2
1048,28,35,42,41,6,unsolvedmath-opg-37302,unsolvedmath:unsolvedmath-opg-37302,Which lattices occur as intervals in subgroup lattices of finite groups?,UnsolvedMath,group_theory,3,60,existence_claim,witness_discovery,not_counterexample_target,0,15,9,14,0,1,2
1049,28,35,42,39,4,unsolvedmath-green-002,unsolvedmath:unsolvedmath-green-002,Restricted Sumset Problem,UnsolvedMath,combinatorics,2,40,existence_claim,witness_discovery,not_counterexample_target,0,15,7,12,0,3,2
1050,28,35,42,38,3,unsolvedmath-green-018,unsolvedmath:unsolvedmath-green-018,Corner Problem in Product Sets,UnsolvedMath,combinatorics,1,20,existence_claim,witness_discovery,not_counterexample_target,0,15,7,12,0,2,2
1051,28,35,42,38,3,unsolvedmath-opg-500,unsolvedmath:unsolvedmath-opg-500,Geodesic cycles and Tutte's Theorem,UnsolvedMath,graph_theory,1,20,existence_claim,witness_discovery,not_counterexample_target,0,15,7,12,0,2,2
1052,27,37,47,46,9,unsolvedmath-ep-1016,erdos:1016,Erdős Problem #1016,UnsolvedMath,graph_theory,1,20,classification_or_optimization,subclaim_decomposition,needs_atomic_split,4,15,7,14,1,3,2
1053,27,37,47,40,3,unsolvedmath-ep-1060,erdos:1060,Erdős Problem #1060,UnsolvedMath,number_theory,1,20,equivalence_claim,counterexample,needs_atomic_split,4,15,7,10,0,2,2
1054,27,37,47,40,3,unsolvedmath-ep-1132,erdos:1132,Erdős Problem #1132,UnsolvedMath,combinatorics,1,20,mixed_quantifiers,subclaim_decomposition,needs_atomic_split,4,15,7,12,0,0,2
1055,27,37,47,40,3,unsolvedmath-ep-263,erdos:263,Erdős Problem #263,UnsolvedMath,number_theory,1,20,universal_claim,counterexample,needs_atomic_split,4,15,7,10,0,2,2
1056,27,37,47,40,3,unsolvedmath-ep-282,erdos:282,Erdős Problem #282,UnsolvedMath,number_theory,1,20,classification_or_optimization,subclaim_decomposition,needs_atomic_split,4,15,7,10,0,2,2
1057,27,37,47,40,3,unsolvedmath-ep-456,erdos:456,Erdős Problem #456,UnsolvedMath,number_theory,1,20,classification_or_optimization,subclaim_decomposition,needs_atomic_split,4,15,7,10,2,0,2
1058,27,37,47,40,3,unsolvedmath-ep-695,erdos:695,Erdős Problem #695,UnsolvedMath,number_theory,1,20,existence_claim,witness_discovery,needs_atomic_split,0,15,9,12,2,0,2
1059,27,37,47,40,3,unsolvedmath-ep-700,erdos:700,Erdős Problem #700,UnsolvedMath,number_theory,1,20,existence_claim,witness_discovery,needs_atomic_split,0,15,7,12,3,1,2
1060,27,37,47,40,3,unsolvedmath-ep-713,erdos:713,Erdős Problem #713,UnsolvedMath,number_theory,1,20,mixed_quantifiers,subclaim_decomposition,needs_atomic_split,4,15,7,10,0,2,2
1061,27,37,47,40,3,unsolvedmath-ep-782,erdos:782,Erdős Problem #782,UnsolvedMath,combinatorics,1,20,existence_claim,witness_discovery,needs_atomic_split,0,15,9,14,0,0,2
1062,27,37,47,40,3,unsolvedmath-ep-892,erdos:892,Erdős Problem #892,UnsolvedMath,number_theory,1,20,existence_claim,witness_discovery,needs_atomic_split,0,15,8,12,1,2,2
1063,27,37,47,40,3,unsolvedmath-ep-945,erdos:945,Erdős Problem #945,UnsolvedMath,number_theory,1,20,classification_or_optimization,subclaim_decomposition,needs_atomic_split,4,15,7,10,0,2,2
1064,27,36,45,40,4,unsolvedmath-opg-51618,unsolvedmath:unsolvedmath-opg-51618,P vs. BPP,UnsolvedMath,computer_science,2,40,universal_claim,counterexample,needs_atomic_split,4,15,5,10,0,4,2
1065,27,36,45,39,3,unsolvedmath-opg-506,unsolvedmath:unsolvedmath-opg-506,Divisibility of central binomial coefficients,UnsolvedMath,number_theory,1,20,equivalence_claim,counterexample,needs_atomic_split,4,15,8,10,0,0,2
1066,27,35,43,42,7,unsolvedmath-ep-1086,erdos:1086,Erdős Problem #1086,UnsolvedMath,graph_theory,1,20,classification_or_optimization,subclaim_decomposition,not_counterexample_target,8,15,7,8,0,2,2
1067,27,35,43,42,7,unsolvedmath-ep-152,erdos:152,Erdős Problem #152,UnsolvedMath,combinatorics,1,20,mixed_quantifiers,subclaim_decomposition,not_counterexample_target,8,15,7,8,0,2,2
1068,27,35,43,42,7,unsolvedmath-ep-170,erdos:170,Erdős Problem #170,UnsolvedMath,combinatorics,1,20,unclassified_question,formal_modeling,modeling_candidate,5,15,7,8,2,3,2
1069,27,35,43,42,7,unsolvedmath-ep-320,erdos:320,Erdős Problem #320,UnsolvedMath,combinatorics,1,20,classification_or_optimization,subclaim_decomposition,not_counterexample_target,8,15,7,8,0,2,2
1070,27,35,43,42,7,unsolvedmath-ep-326,erdos:326,Erdős Problem #326,UnsolvedMath,combinatorics,1,20,mixed_quantifiers,subclaim_decomposition,not_counterexample_target,8,15,8,8,0,1,2
1071,27,35,43,42,7,unsolvedmath-ep-332,erdos:332,Erdős Problem #332,UnsolvedMath,number_theory,1,20,unclassified_question,formal_modeling,modeling_candidate,5,15,8,8,0,4,2
1072,27,35,43,42,7,unsolvedmath-ep-411,erdos:411,Erdős Problem #411,UnsolvedMath,number_theory,1,20,classification_or_optimization,subclaim_decomposition,not_counterexample_target,8,15,7,8,1,1,2
1073,27,35,43,42,7,unsolvedmath-ep-44,erdos:44,Erdős Problem #44,UnsolvedMath,combinatorics,1,20,mixed_quantifiers,subclaim_decomposition,not_counterexample_target,8,15,7,8,0,2,2
1074,27,35,43,42,7,unsolvedmath-ep-528,erdos:528,Erdős Problem #528,UnsolvedMath,combinatorics,1,20,classification_or_optimization,subclaim_decomposition,not_counterexample_target,8,15,7,8,0,2,2
1075,27,35,43,42,7,unsolvedmath-ep-539,erdos:539,Erdős Problem #539,UnsolvedMath,combinatorics,1,20,classification_or_optimization,subclaim_decomposition,not_counterexample_target,8,15,7,8,0,2,2
1076,27,35,43,42,7,unsolvedmath-ep-960,erdos:960,Erdős Problem #960,UnsolvedMath,combinatorics,1,20,classification_or_optimization,subclaim_decomposition,not_counterexample_target,8,15,7,8,0,2,2
1077,27,35,43,38,3,unsolvedmath-ep-279,erdos:279,Erdős Problem #279,UnsolvedMath,number_theory,1,20,existence_claim,witness_discovery,not_counterexample_target,0,15,7,12,1,1,2
1078,27,35,43,38,3,unsolvedmath-ep-377,erdos:377,Erdős Problem #377,UnsolvedMath,number_theory,1,20,existence_claim,witness_discovery,not_counterexample_target,0,15,7,12,1,1,2
1079,27,35,43,38,3,unsolvedmath-ep-421,erdos:421,Erdős Problem #421,UnsolvedMath,combinatorics,1,20,existence_claim,witness_discovery,not_counterexample_target,0,15,7,12,0,2,2
1080,27,35,43,38,3,unsolvedmath-ep-472,erdos:472,Erdős Problem #472,UnsolvedMath,number_theory,1,20,existence_claim,witness_discovery,not_counterexample_target,0,15,7,10,2,2,2
1081,27,35,43,38,3,unsolvedmath-ep-851,erdos:851,Erdős Problem #851,UnsolvedMath,number_theory,1,20,existence_claim,witness_discovery,not_counterexample_target,0,15,7,10,0,4,2
1082,27,34,41,55,21,unsolvedmath-nt-075,unsolvedmath:unsolvedmath-nt-075,Transcendence of Apéry's Constant,UnsolvedMath,number_theory,5,100,equivalence_claim,counterexample,needs_status_audit,18,15,7,8,2,3,2
1083,27,34,41,55,21,unsolvedmath-num-015,unsolvedmath:unsolvedmath-num-015,Siegel Zeros,UnsolvedMath,number_theory,5,100,equivalence_claim,counterexample,needs_status_audit,18,15,7,8,2,3,2
1084,27,34,41,53,19,unsolvedmath-nt-076,unsolvedmath:unsolvedmath-nt-076,Littlewood Conjecture,UnsolvedMath,number_theory,5,100,universal_claim,counterexample,modeling_candidate,18,15,8,8,2,0,2
1085,27,34,41,50,16,unsolvedmath-hil-013,unsolvedmath:unsolvedmath-hil-013,Hilbert's 13th Problem: Seventh Degree Equations,UnsolvedMath,algebra,4,80,universal_claim,counterexample,modeling_candidate,18,15,7,6,0,2,2
1086,27,34,41,50,16,unsolvedmath-nt-034,unsolvedmath:unsolvedmath-nt-034,Hall's Conjecture,UnsolvedMath,number_theory,4,80,mixed_quantifiers,subclaim_decomposition,not_counterexample_target,8,15,10,8,6,1,2
1087,27,34,41,50,16,unsolvedmath-nt-038,unsolvedmath:unsolvedmath-nt-038,Newman's Conjecture,UnsolvedMath,number_theory,4,80,universal_claim,counterexample,modeling_candidate,18,15,7,8,0,0,2
1088,27,34,41,49,15,unsolvedmath-hil-016,unsolvedmath:unsolvedmath-hil-016,Hilbert's 16th Problem: Topology of Algebraic Curves and Limit Cycles,UnsolvedMath,geometry,5,100,classification_or_optimization,subclaim_decomposition,not_counterexample_target,8,15,8,12,0,4,2
1089,27,34,41,49,15,unsolvedmath-nt-084,unsolvedmath:unsolvedmath-nt-084,Bunyakovsky Conjecture,UnsolvedMath,number_theory,5,100,mixed_quantifiers,subclaim_decomposition,not_counterexample_target,8,15,10,12,2,0,2
1090,27,34,41,49,15,unsolvedmath-set-001,unsolvedmath:unsolvedmath-set-001,Continuum Hypothesis,UnsolvedMath,set_theory,5,100,universal_claim,counterexample,needs_status_audit,18,15,4,7,0,3,2
1091,27,34,41,48,14,unsolvedmath-alg-005,unsolvedmath:unsolvedmath-alg-005,Jacobson's Conjecture,UnsolvedMath,algebra,4,80,universal_claim,counterexample,modeling_candidate,18,15,6,6,0,1,2
1092,27,34,41,48,14,unsolvedmath-alg-032,unsolvedmath:unsolvedmath-alg-032,The Surjunctivity Conjecture,UnsolvedMath,algebra,4,80,universal_claim,counterexample,modeling_candidate,18,15,6,6,0,1,2
1093,27,34,41,48,14,unsolvedmath-geo-022,unsolvedmath:unsolvedmath-geo-022,The Hadwiger Covering Conjecture,UnsolvedMath,geometry,4,80,universal_claim,counterexample,modeling_candidate,18,15,5,4,0,4,2
1094,27,34,41,46,12,unsolvedmath-kp-3.65,unsolvedmath:unsolvedmath-kp-3.65,Kirby Problem 3.65,UnsolvedMath,topology,3,60,equivalence_claim,counterexample,modeling_candidate,18,15,3,7,0,1,2
1095,27,34,41,46,12,formal-conjectures-hasaddvcndimatmost-two-one-of-convex-r3,formal_conjectures:formal-conjectures-hasaddvcndimatmost-two-one-of-convex-r3,Formal Conjectures: hasAddVCNDimAtMost_two_one_of_convex_r3,Google DeepMind Formal Conjectures,research_mathematics,,50,universal_claim,counterexample,modeling_candidate,20,15,3,1,0,3,4
1096,27,34,41,46,12,formal-conjectures-mahler-conjecture,formal_conjectures:formal-conjectures-mahler-conjecture,Formal Conjectures: mahler_conjecture,Google DeepMind Formal Conjectures,research_mathematics,,50,universal_claim,counterexample,modeling_candidate,20,15,4,1,0,2,4
1097,27,34,41,46,12,formal-conjectures-mathoverflow-339137,formal_conjectures:formal-conjectures-mathoverflow-339137,Formal Conjectures: mathoverflow_339137,Google DeepMind Formal Conjectures,research_mathematics,,50,universal_claim,counterexample,modeling_candidate,20,15,4,1,0,2,4
1098,27,34,41,46,12,formal-conjectures-spectrum-xi-alpha-pow-countable,formal_conjectures:formal-conjectures-spectrum-xi-alpha-pow-countable,Formal Conjectures: spectrum_xi_alpha_pow_countable,Google DeepMind Formal Conjectures,research_mathematics,,50,universal_claim,counterexample,modeling_candidate,20,15,4,1,0,2,4
1099,27,34,41,44,10,unsolvedmath-ag-002,unsolvedmath:unsolvedmath-ag-002,The Abundance Conjecture,UnsolvedMath,algebraic_geometry,4,80,unclassified_question,formal_modeling,modeling_candidate,5,15,3,9,8,2,2
1100,27,34,41,44,10,unsolvedmath-nt-061,unsolvedmath:unsolvedmath-nt-061,Skolem Problem,UnsolvedMath,number_theory,4,80,classification_or_optimization,subclaim_decomposition,not_counterexample_target,8,15,8,10,0,1,2
1101,27,34,41,44,10,unsolvedmath-kp-1.4,unsolvedmath:unsolvedmath-kp-1.4,Kirby Problem 1.4,UnsolvedMath,topology,3,60,universal_claim,counterexample,modeling_candidate,18,15,2,3,0,4,2
1102,27,34,41,43,9,unsolvedmath-opg-34908,unsolvedmath:unsolvedmath-opg-34908,Book Thickness of Subdivisions,UnsolvedMath,graph_theory,1,20,existence_claim,witness_discovery,not_counterexample_target,0,15,10,14,0,2,2
1103,27,34,41,42,8,unsolvedmath-game-002,unsolvedmath:unsolvedmath-game-002,Sudoku: Minimal Puzzles Count,UnsolvedMath,combinatorics,2,40,classification_or_optimization,subclaim_decomposition,not_counterexample_target,8,15,7,8,0,2,2
1104,27,34,41,42,8,unsolvedmath-green-017,unsolvedmath:unsolvedmath-green-017,Progressions in F_3^n with Boolean Common Differences,UnsolvedMath,combinatorics,2,40,classification_or_optimization,subclaim_decomposition,not_counterexample_target,8,15,7,8,0,2,2
1105,27,34,41,42,8,unsolvedmath-green-056,unsolvedmath:unsolvedmath-green-056,Almost Invariant Sets Under Affine Maps,UnsolvedMath,combinatorics,2,40,classification_or_optimization,subclaim_decomposition,not_counterexample_target,8,15,7,8,0,2,2
1106,27,34,41,42,8,unsolvedmath-kou-21.67,unsolvedmath:unsolvedmath-kou-21.67,Kourovka Notebook Problem 21.67,UnsolvedMath,group_theory,2,40,unclassified_question,formal_modeling,modeling_candidate,5,15,8,10,0,2,2
1107,27,34,41,42,8,unsolvedmath-kou-21.9,unsolvedmath:unsolvedmath-kou-21.9,Kourovka Notebook Problem 21.9,UnsolvedMath,group_theory,2,40,mixed_quantifiers,subclaim_decomposition,not_counterexample_target,8,15,8,8,0,1,2
1108,27,34,41,41,7,formal-conjectures-erdos-23,erdos:23,Formal Conjectures: erdos_23,Google DeepMind Formal Conjectures,research_mathematics,,50,answer_query,answer_discovery,not_counterexample_target,0,15,6,13,1,2,4
1109,27,34,41,41,7,unsolvedmath-opg-37230,unsolvedmath:unsolvedmath-opg-37230,Transversal achievement game on a square grid,UnsolvedMath,combinatorics,1,20,classification_or_optimization,subclaim_decomposition,not_counterexample_target,8,15,7,8,0,1,2
1110,27,34,41,41,7,unsolvedmath-opg-37282,unsolvedmath:unsolvedmath-opg-37282,Outer reloid of restricted funcoid,UnsolvedMath,topology,1,20,universal_claim,counterexample,modeling_candidate,18,15,2,3,0,1,2
1111,27,34,41,41,7,unsolvedmath-opg-37295,unsolvedmath:unsolvedmath-opg-37295,Nonseparating planar continuum,UnsolvedMath,topology,1,20,universal_claim,counterexample,modeling_candidate,18,15,2,3,0,1,2
1112,27,34,41,41,7,unsolvedmath-opg-56573,unsolvedmath:unsolvedmath-opg-56573,Decomposition of completions of reloids,UnsolvedMath,topology,1,20,equivalence_claim,counterexample,modeling_candidate,18,15,2,3,0,1,2
1113,27,34,41,41,7,unsolvedmath-opg-57401,unsolvedmath:unsolvedmath-opg-57401,Every metamonovalued funcoid is monovalued,UnsolvedMath,topology,1,20,universal_claim,counterexample,modeling_candidate,18,15,2,3,0,1,2
1114,27,34,41,41,7,unsolvedmath-opg-57403,unsolvedmath:unsolvedmath-opg-57403,Every metamonovalued reloid is monovalued,UnsolvedMath,topology,1,20,universal_claim,counterexample,modeling_candidate,18,15,2,3,0,1,2
1115,27,34,41,41,7,unsolvedmath-opg-59970,unsolvedmath:unsolvedmath-opg-59970,Another conjecture about reloids and funcoids,UnsolvedMath,topology,1,20,universal_claim,counterexample,modeling_candidate,18,15,2,3,0,1,2
1116,27,34,41,41,7,unsolvedmath-opg-60017,unsolvedmath:unsolvedmath-opg-60017,Infinite distributivity of meet over join for a principal funcoid,UnsolvedMath,topology,1,20,equivalence_claim,counterexample,modeling_candidate,18,15,2,3,0,1,2
1117,27,34,41,41,7,unsolvedmath-opg-60020,unsolvedmath:unsolvedmath-opg-60020,Outward reloid of composition vs composition of outward reloids,UnsolvedMath,topology,1,20,universal_claim,counterexample,modeling_candidate,18,15,2,3,0,1,2
1118,27,34,41,41,7,unsolvedmath-opg-751,unsolvedmath:unsolvedmath-opg-751,S(S(f)) = S(f) for reloids,UnsolvedMath,topology,1,20,universal_claim,counterexample,modeling_candidate,18,15,2,3,0,1,2
1119,27,34,41,41,7,unsolvedmath-opg-757,unsolvedmath:unsolvedmath-opg-757,Inscribed Square Problem,UnsolvedMath,topology,1,20,universal_claim,counterexample,modeling_candidate,18,15,2,3,0,1,2
1120,27,34,41,40,6,unsolvedmath-guy-a17,unsolvedmath:unsolvedmath-guy-a17,Giuga's Conjecture on Prime Characterization,UnsolvedMath,number_theory,3,60,unclassified_question,formal_modeling,modeling_candidate,5,15,7,10,0,1,2
1121,27,34,41,37,3,unsolvedmath-opg-37232,unsolvedmath:unsolvedmath-opg-37232,Algorithm for graph homomorphisms,UnsolvedMath,graph_theory,1,20,existence_claim,witness_discovery,not_counterexample_target,0,15,7,12,0,1,2
1122,27,34,41,37,3,unsolvedmath-opg-46952,unsolvedmath:unsolvedmath-opg-46952,Switching reconstruction of digraphs,UnsolvedMath,graph_theory,1,20,existence_claim,witness_discovery,not_counterexample_target,0,15,7,12,0,1,2
1123,26,36,46,45,9,unsolvedmath-ep-1040,erdos:1040,Erdős Problem #1040,UnsolvedMath,combinatorics,1,20,universal_claim,counterexample,needs_atomic_split,4,15,10,12,0,2,2
1124,26,36,46,45,9,unsolvedmath-ep-1054,erdos:1054,Erdős Problem #1054,UnsolvedMath,number_theory,1,20,universal_claim,counterexample,needs_atomic_split,4,15,7,12,2,3,2
1125,26,36,46,43,7,unsolvedmath-ep-168,erdos:168,Erdős Problem #168,UnsolvedMath,combinatorics,1,20,classification_or_optimization,subclaim_decomposition,needs_atomic_split,4,15,7,10,0,5,2
1126,26,36,46,39,3,unsolvedmath-ep-1074,erdos:1074,Erdős Problem #1074,UnsolvedMath,number_theory,1,20,classification_or_optimization,subclaim_decomposition,needs_atomic_split,4,15,7,10,0,1,2
1127,26,36,46,39,3,unsolvedmath-ep-1097,erdos:1097,Erdős Problem #1097,UnsolvedMath,number_theory,1,20,classification_or_optimization,subclaim_decomposition,needs_atomic_split,4,15,7,10,0,1,2
1128,26,36,46,39,3,unsolvedmath-ep-124,erdos:124,Erdős Problem #124,UnsolvedMath,number_theory,1,20,universal_claim,counterexample,needs_atomic_split,4,15,7,10,0,1,2
1129,26,36,46,39,3,unsolvedmath-ep-256,erdos:256,Erdős Problem #256,UnsolvedMath,number_theory,1,20,classification_or_optimization,subclaim_decomposition,needs_atomic_split,4,15,7,10,0,1,2
1130,26,36,46,39,3,unsolvedmath-ep-357,erdos:357,Erdős Problem #357,UnsolvedMath,number_theory,1,20,universal_claim,counterexample,needs_atomic_split,4,15,7,10,0,1,2
1131,26,36,46,39,3,unsolvedmath-ep-708,erdos:708,Erdős Problem #708,UnsolvedMath,number_theory,1,20,mixed_quantifiers,subclaim_decomposition,needs_atomic_split,4,15,7,10,0,1,2
1132,26,36,46,39,3,unsolvedmath-ep-919,erdos:919,Erdős Problem #919,UnsolvedMath,graph_theory,1,20,existence_claim,witness_discovery,needs_atomic_split,0,15,8,12,0,2,2
1133,26,36,46,39,3,unsolvedmath-ep-987,erdos:987,Erdős Problem #987,UnsolvedMath,number_theory,1,20,equivalence_claim,counterexample,needs_atomic_split,4,15,7,10,0,1,2
1134,26,36,46,39,3,unsolvedmath-ep-992,erdos:992,Erdős Problem #992,UnsolvedMath,number_theory,1,20,universal_claim,counterexample,needs_atomic_split,4,15,7,10,0,1,2
1135,26,35,44,45,10,unsolvedmath-kou-21.110,unsolvedmath:unsolvedmath-kou-21.110,Kourovka Notebook Problem 21.110,UnsolvedMath,group_theory,3,60,classification_or_optimization,subclaim_decomposition,needs_atomic_split,4,15,8,8,4,4,2
1136,26,34,42,41,7,unsolvedmath-ep-20,erdos:20,Erdős Problem #20,UnsolvedMath,combinatorics,1,20,mixed_quantifiers,subclaim_decomposition,not_counterexample_target,8,15,7,8,0,1,2
1137,26,34,42,41,7,unsolvedmath-ep-524,erdos:524,Erdős Problem #524,UnsolvedMath,combinatorics,1,20,classification_or_optimization,subclaim_decomposition,not_counterexample_target,8,15,8,8,0,0,2
1138,26,34,42,41,7,unsolvedmath-ep-633,erdos:633,Erdős Problem #633,UnsolvedMath,number_theory,1,20,classification_or_optimization,subclaim_decomposition,not_counterexample_target,8,15,7,6,0,3,2
1139,26,34,42,41,7,unsolvedmath-ep-78,erdos:78,Erdős Problem #78,UnsolvedMath,graph_theory,1,20,mixed_quantifiers,subclaim_decomposition,not_counterexample_target,8,15,7,8,0,1,2
1140,26,34,42,41,7,unsolvedmath-ep-788,erdos:788,Erdős Problem #788,UnsolvedMath,combinatorics,1,20,classification_or_optimization,subclaim_decomposition,not_counterexample_target,8,15,7,8,0,1,2
1141,26,34,42,41,7,unsolvedmath-ep-789,erdos:789,Erdős Problem #789,UnsolvedMath,combinatorics,1,20,classification_or_optimization,subclaim_decomposition,not_counterexample_target,8,15,7,8,0,1,2
1142,26,34,42,41,7,unsolvedmath-ep-796,erdos:796,Erdős Problem #796,UnsolvedMath,number_theory,1,20,mixed_quantifiers,subclaim_decomposition,not_counterexample_target,8,15,7,6,0,3,2
1143,26,34,42,41,7,unsolvedmath-ep-821,erdos:821,Erdős Problem #821,UnsolvedMath,number_theory,1,20,mixed_quantifiers,subclaim_decomposition,not_counterexample_target,8,15,7,8,1,0,2
1144,26,34,42,41,7,unsolvedmath-ep-827,erdos:827,Erdős Problem #827,UnsolvedMath,combinatorics,1,20,classification_or_optimization,subclaim_decomposition,not_counterexample_target,8,15,7,8,0,1,2
1145,26,34,42,41,7,unsolvedmath-ep-96,erdos:96,Erdős Problem #96,UnsolvedMath,graph_theory,1,20,unclassified_question,formal_modeling,modeling_candidate,5,15,8,8,0,3,2
1146,26,34,42,41,7,unsolvedmath-ep-986,erdos:986,Erdős Problem #986,UnsolvedMath,graph_theory,1,20,mixed_quantifiers,subclaim_decomposition,not_counterexample_target,8,15,7,8,0,1,2
1147,26,34,42,37,3,unsolvedmath-ep-1056,erdos:1056,Erdős Problem #1056,UnsolvedMath,number_theory,1,20,existence_claim,witness_discovery,not_counterexample_target,0,15,7,12,1,0,2
1148,26,34,42,37,3,unsolvedmath-ep-1112,erdos:1112,Erdős Problem #1112,UnsolvedMath,number_theory,1,20,existence_claim,witness_discovery,not_counterexample_target,0,15,7,12,1,0,2
1149,26,34,42,37,3,unsolvedmath-ep-213,erdos:213,Erdős Problem #213,UnsolvedMath,number_theory,1,20,existence_claim,witness_discovery,not_counterexample_target,0,15,8,10,0,2,2
1150,26,34,42,37,3,unsolvedmath-ep-312,erdos:312,Erdős Problem #312,UnsolvedMath,number_theory,1,20,existence_claim,witness_discovery,not_counterexample_target,0,15,7,12,1,0,2
1151,26,34,42,37,3,unsolvedmath-ep-428,erdos:428,Erdős Problem #428,UnsolvedMath,number_theory,1,20,existence_claim,witness_discovery,not_counterexample_target,0,15,7,12,1,0,2
1152,26,34,42,37,3,unsolvedmath-ep-510,erdos:510,Erdős Problem #510,UnsolvedMath,combinatorics,1,20,existence_claim,witness_discovery,not_counterexample_target,0,15,7,12,0,1,2
1153,26,34,42,37,3,unsolvedmath-ep-701,erdos:701,Erdős Problem #701,UnsolvedMath,graph_theory,1,20,existence_claim,witness_discovery,not_counterexample_target,0,15,7,12,0,1,2
1154,26,34,42,37,3,unsolvedmath-ep-730,erdos:730,Erdős Problem #730,UnsolvedMath,number_theory,1,20,existence_claim,witness_discovery,not_counterexample_target,0,15,8,12,0,0,2
1155,26,34,42,37,3,unsolvedmath-ep-938,erdos:938,Erdős Problem #938,UnsolvedMath,combinatorics,1,20,existence_claim,witness_discovery,not_counterexample_target,0,15,7,12,0,1,2
1156,26,34,42,37,3,unsolvedmath-ep-971,erdos:971,Erdős Problem #971,UnsolvedMath,number_theory,1,20,existence_claim,witness_discovery,not_counterexample_target,0,15,7,12,1,0,2
1157,26,33,40,52,19,unsolvedmath-geom-018,unsolvedmath:unsolvedmath-geom-018,Yau's Conjecture on First Eigenvalue,UnsolvedMath,geometry,5,100,equivalence_claim,counterexample,modeling_candidate,18,15,6,4,4,3,2
1158,26,33,40,52,19,unsolvedmath-hil-012,unsolvedmath:unsolvedmath-hil-012,Hilbert's 12th Problem: Extension of Kronecker-Weber Theorem,UnsolvedMath,number_theory,5,100,universal_claim,counterexample,needs_status_audit,18,15,7,6,0,4,2
1159,26,33,40,49,16,unsolvedmath-geo-021,unsolvedmath:unsolvedmath-geo-021,Yau's Conjecture on First Eigenvalues,UnsolvedMath,geometry,4,80,equivalence_claim,counterexample,modeling_candidate,18,15,6,4,2,2,2
1160,26,33,40,48,15,unsolvedmath-geo-032,unsolvedmath:unsolvedmath-geo-032,Sphere Packing in High Dimensions,UnsolvedMath,geometry,5,100,classification_or_optimization,subclaim_decomposition,not_counterexample_target,8,15,7,10,4,2,2
1161,26,33,40,45,12,formal-conjectures-complete-for-alpha-in-ioo-one-to-goldenratio,erdos:349,Formal Conjectures: complete_for_alpha_in_Ioo_one_to_goldenRatio,Google DeepMind Formal Conjectures,research_mathematics,,50,universal_claim,counterexample,modeling_candidate,20,15,3,1,0,2,4
1162,26,33,40,45,12,formal-conjectures-erdos-1,erdos:1,Formal Conjectures: erdos_1,Google DeepMind Formal Conjectures,research_mathematics,,50,mixed_quantifiers,subclaim_decomposition,not_counterexample_target,8,15,6,9,1,2,4
1163,26,33,40,45,12,formal-conjectures-two-pow-three-pow-transcendental,formal_conjectures:formal-conjectures-two-pow-three-pow-transcendental,Formal Conjectures: two_pow_three_pow_transcendental,Google DeepMind Formal Conjectures,research_mathematics,,50,universal_claim,counterexample,modeling_candidate,20,15,3,1,0,2,4
1164,26,33,40,45,12,formal-conjectures-weak-hall-conjecture,formal_conjectures:formal-conjectures-weak-hall-conjecture,Formal Conjectures: weak_hall_conjecture,Google DeepMind Formal Conjectures,research_mathematics,,50,universal_claim,counterexample,modeling_candidate,20,15,3,1,0,2,4
1165,26,33,40,43,10,unsolvedmath-alg-036,unsolvedmath:unsolvedmath-alg-036,The Demazure Conjecture,UnsolvedMath,algebra,4,80,unclassified_question,formal_modeling,modeling_candidate,5,15,6,10,4,1,2
1166,26,33,40,43,10,unsolvedmath-guy-a5b,unsolvedmath:unsolvedmath-guy-a5b,Erdős $3000 Conjecture on Arithmetic Progressions,UnsolvedMath,number_theory,4,80,classification_or_optimization,subclaim_decomposition,not_counterexample_target,8,15,7,10,0,1,2
1167,26,33,40,43,10,unsolvedmath-sma-004,unsolvedmath:unsolvedmath-sma-004,Smale's 4th Problem: Integer Zeros of Polynomials,UnsolvedMath,computer_science,4,80,unclassified_question,formal_modeling,modeling_candidate,5,15,8,12,0,1,2
1168,26,33,40,43,10,unsolvedmath-game-005,unsolvedmath:unsolvedmath-game-005,Perfect Chess,UnsolvedMath,combinatorics,3,60,classification_or_optimization,subclaim_decomposition,not_counterexample_target,8,15,7,10,0,1,2
1169,26,33,40,43,10,unsolvedmath-kp-2.2,unsolvedmath:unsolvedmath-kp-2.2,Kirby Problem 2.2,UnsolvedMath,topology,3,60,universal_claim,counterexample,needs_status_audit,18,15,2,3,0,3,2
1170,26,33,40,43,10,unsolvedmath-kp-3.11,unsolvedmath:unsolvedmath-kp-3.11,Kirby Problem 3.11,UnsolvedMath,topology,3,60,universal_claim,counterexample,modeling_candidate,18,15,2,3,0,3,2
1171,26,33,40,43,10,unsolvedmath-green-029,unsolvedmath:unsolvedmath-green-029,Inverse Theorem for Gowers Norms,UnsolvedMath,combinatorics,2,40,classification_or_optimization,subclaim_decomposition,not_counterexample_target,8,15,7,10,0,1,2
1172,26,33,40,41,8,unsolvedmath-game-001,unsolvedmath:unsolvedmath-game-001,Sudoku: Unique Solution Puzzles,UnsolvedMath,combinatorics,2,40,classification_or_optimization,subclaim_decomposition,not_counterexample_target,8,15,7,8,0,1,2
1173,26,33,40,41,8,unsolvedmath-green-008,unsolvedmath:unsolvedmath-green-008,Almost Sum-Free Sets,UnsolvedMath,combinatorics,2,40,mixed_quantifiers,subclaim_decomposition,not_counterexample_target,8,15,7,8,0,1,2
1174,26,33,40,41,8,unsolvedmath-green-023,unsolvedmath:unsolvedmath-green-023,Large Cosets in Iterated Sumsets,UnsolvedMath,combinatorics,2,40,unclassified_question,formal_modeling,modeling_candidate,5,15,7,8,0,4,2
1175,26,33,40,41,8,unsolvedmath-green-036,unsolvedmath:unsolvedmath-green-036,Multiplicatively Closed Set Density,UnsolvedMath,number_theory,2,40,unclassified_question,formal_modeling,modeling_candidate,5,15,7,6,2,4,2
1176,26,33,40,41,8,unsolvedmath-green-057,unsolvedmath:unsolvedmath-green-057,Trace Reconstruction,UnsolvedMath,combinatorics,2,40,classification_or_optimization,subclaim_decomposition,not_counterexample_target,8,15,7,8,0,1,2
1177,26,33,40,41,8,unsolvedmath-green-068,unsolvedmath:unsolvedmath-green-068,Restricted Sumsets in Partitions,UnsolvedMath,combinatorics,2,40,classification_or_optimization,subclaim_decomposition,not_counterexample_target,8,15,7,8,0,1,2
1178,26,33,40,41,8,unsolvedmath-green-076,unsolvedmath:unsolvedmath-green-076,Optimal Sidon Bases,UnsolvedMath,combinatorics,2,40,classification_or_optimization,subclaim_decomposition,not_counterexample_target,8,15,8,8,0,0,2
1179,26,33,40,40,7,formal-conjectures-erdos-421,erdos:421,Formal Conjectures: erdos_421,Google DeepMind Formal Conjectures,research_mathematics,,50,answer_query,answer_discovery,not_counterexample_target,0,15,6,11,1,3,4
1180,26,33,40,40,7,formal-conjectures-exists-maximal-star,formal_conjectures:formal-conjectures-exists-maximal-star,Formal Conjectures: exists_maximal_star,Google DeepMind Formal Conjectures,research_mathematics,,50,mixed_quantifiers,subclaim_decomposition,not_counterexample_target,8,15,4,7,0,2,4
1181,26,33,40,40,7,formal-conjectures-grimm-conjecture,formal_conjectures:formal-conjectures-grimm-conjecture,Formal Conjectures: grimm_conjecture,Google DeepMind Formal Conjectures,research_mathematics,,50,mixed_quantifiers,subclaim_decomposition,not_counterexample_target,8,15,4,7,0,2,4
1182,26,33,40,40,7,formal-conjectures-grimm-conjecture-weak,formal_conjectures:formal-conjectures-grimm-conjecture-weak,Formal Conjectures: grimm_conjecture_weak,Google DeepMind Formal Conjectures,research_mathematics,,50,mixed_quantifiers,subclaim_decomposition,not_counterexample_target,8,15,4,7,0,2,4
1183,26,33,40,40,7,unsolvedmath-green-047,unsolvedmath:unsolvedmath-green-047,No 5 Points on 2-plane in [N]^d,UnsolvedMath,geometry,1,20,classification_or_optimization,subclaim_decomposition,not_counterexample_target,8,15,5,6,0,4,2
1184,26,33,40,39,6,unsolvedmath-kp-2.13,unsolvedmath:unsolvedmath-kp-2.13,Kirby Problem 2.13,UnsolvedMath,topology,3,60,classification_or_optimization,subclaim_decomposition,not_counterexample_target,8,15,4,9,0,1,2
1185,26,33,40,37,4,unsolvedmath-kou-21.118,unsolvedmath:unsolvedmath-kou-21.118,Kourovka Notebook Problem 21.118,UnsolvedMath,group_theory,2,40,existence_claim,witness_discovery,not_counterexample_target,0,15,7,12,0,1,2
1186,26,33,40,37,4,unsolvedmath-kou-21.132,unsolvedmath:unsolvedmath-kou-21.132,Kourovka Notebook Problem 21.132,UnsolvedMath,group_theory,2,40,existence_claim,witness_discovery,not_counterexample_target,0,15,7,12,0,1,2
1187,26,33,40,37,4,unsolvedmath-kou-21.95,unsolvedmath:unsolvedmath-kou-21.95,Kourovka Notebook Problem 21.95,UnsolvedMath,group_theory,2,40,existence_claim,witness_discovery,not_counterexample_target,0,15,7,12,0,1,2
1188,26,33,40,37,4,unsolvedmath-opg-160,unsolvedmath:unsolvedmath-opg-160,57-regular Moore graph?,UnsolvedMath,graph_theory,2,40,existence_claim,witness_discovery,not_counterexample_target,0,15,8,12,0,0,2
1189,26,33,40,37,4,unsolvedmath-opg-172,unsolvedmath:unsolvedmath-opg-172,Consecutive non-orientable embedding obstructions,UnsolvedMath,graph_theory,2,40,existence_claim,witness_discovery,not_counterexample_target,0,15,7,12,0,1,2
1190,26,33,40,37,4,unsolvedmath-opg-345,unsolvedmath:unsolvedmath-opg-345,Triangle free strongly regular graphs,UnsolvedMath,graph_theory,2,40,existence_claim,witness_discovery,not_counterexample_target,0,15,7,12,0,1,2
1191,26,33,40,36,3,unsolvedmath-green-043,unsolvedmath:unsolvedmath-green-043,Erdős-Szekeres with Visibility,UnsolvedMath,geometry,1,20,existence_claim,witness_discovery,not_counterexample_target,0,15,7,10,0,2,2
1192,26,33,40,36,3,unsolvedmath-opg-146,unsolvedmath:unsolvedmath-opg-146,Partitioning edge-connectivity,UnsolvedMath,graph_theory,1,20,existence_claim,witness_discovery,not_counterexample_target,0,15,7,12,0,0,2
1193,26,33,40,36,3,unsolvedmath-opg-2379,unsolvedmath:unsolvedmath-opg-2379,Termination of the sixth Goodstein Sequence,UnsolvedMath,logic,1,20,classification_or_optimization,subclaim_decomposition,not_counterexample_target,8,15,3,7,0,1,2
1194,26,33,40,36,3,unsolvedmath-opg-37196,unsolvedmath:unsolvedmath-opg-37196,Perfect 2-error-correcting codes over arbitrary finite alphabets.,UnsolvedMath,combinatorics,1,20,existence_claim,witness_discovery,not_counterexample_target,0,15,7,12,0,0,2
1195,26,33,40,36,3,unsolvedmath-opg-827,unsolvedmath:unsolvedmath-opg-827,Coloring random subgraphs,UnsolvedMath,graph_theory,1,20,existence_claim,witness_discovery,not_counterexample_target,0,15,7,12,0,0,2
1196,25,35,45,44,9,unsolvedmath-ep-1106,erdos:1106,Erdős Problem #1106,UnsolvedMath,number_theory,1,20,universal_claim,counterexample,needs_atomic_split,4,15,8,12,1,2,2
1197,25,35,45,44,9,unsolvedmath-ep-805,erdos:805,Erdős Problem #805,UnsolvedMath,graph_theory,1,20,classification_or_optimization,subclaim_decomposition,needs_atomic_split,4,15,7,14,1,1,2
1198,25,35,45,44,9,unsolvedmath-ep-970,erdos:970,Erdős Problem #970,UnsolvedMath,number_theory,1,20,classification_or_optimization,subclaim_decomposition,needs_atomic_split,4,15,8,10,0,5,2
1199,25,35,45,42,7,unsolvedmath-ep-1088,erdos:1088,Erdős Problem #1088,UnsolvedMath,combinatorics,1,20,classification_or_optimization,subclaim_decomposition,needs_atomic_split,4,15,8,10,0,3,2
1200,25,35,45,42,7,unsolvedmath-ep-132,erdos:132,Erdős Problem #132,UnsolvedMath,graph_theory,1,20,universal_claim,counterexample,needs_atomic_split,4,15,8,8,0,5,2
1201,25,35,45,42,7,unsolvedmath-ep-301,erdos:301,Erdős Problem #301,UnsolvedMath,number_theory,1,20,classification_or_optimization,subclaim_decomposition,needs_atomic_split,4,15,8,8,0,5,2
1202,25,35,45,42,7,unsolvedmath-ep-773,erdos:773,Erdős Problem #773,UnsolvedMath,number_theory,1,20,classification_or_optimization,subclaim_decomposition,needs_atomic_split,4,15,8,8,0,5,2
1203,25,35,45,40,5,unsolvedmath-ep-374,erdos:374,Erdős Problem #374,UnsolvedMath,number_theory,1,20,classification_or_optimization,subclaim_decomposition,needs_atomic_split,4,15,8,10,0,1,2
1204,25,35,45,40,5,unsolvedmath-ep-769,erdos:769,Erdős Problem #769,UnsolvedMath,number_theory,1,20,unclassified_question,formal_modeling,needs_atomic_split,4,15,7,10,0,2,2
1205,25,35,45,38,3,unsolvedmath-ep-1072,erdos:1072,Erdős Problem #1072,UnsolvedMath,number_theory,1,20,classification_or_optimization,subclaim_decomposition,needs_atomic_split,4,15,7,10,0,0,2
1206,25,35,45,38,3,unsolvedmath-ep-261,erdos:261,Erdős Problem #261,UnsolvedMath,number_theory,1,20,existence_claim,witness_discovery,needs_atomic_split,0,15,7,12,1,1,2
1207,25,35,45,38,3,unsolvedmath-ep-342,erdos:342,Erdős Problem #342,UnsolvedMath,number_theory,1,20,equivalence_claim,counterexample,needs_atomic_split,4,15,7,10,0,0,2
1208,25,35,45,38,3,unsolvedmath-ep-679,erdos:679,Erdős Problem #679,UnsolvedMath,number_theory,1,20,existence_claim,witness_discovery,needs_atomic_split,0,15,8,12,1,0,2
1209,25,35,45,38,3,unsolvedmath-ep-940,erdos:940,Erdős Problem #940,UnsolvedMath,number_theory,1,20,existence_claim,witness_discovery,needs_atomic_split,0,15,7,12,1,1,2
1210,25,34,43,42,8,unsolvedmath-kou-21.65,unsolvedmath:unsolvedmath-kou-21.65,Kourovka Notebook Problem 21.65,UnsolvedMath,group_theory,2,40,universal_claim,counterexample,needs_atomic_split,4,15,7,10,0,4,2
1211,25,34,43,37,3,unsolvedmath-opg-37357,unsolvedmath:unsolvedmath-opg-37357,Obstacle number of planar graphs,UnsolvedMath,graph_theory,1,20,existence_claim,witness_discovery,needs_atomic_split,0,15,7,12,0,1,2
1212,25,34,43,37,3,unsolvedmath-opg-37424,unsolvedmath:unsolvedmath-opg-37424,Fixed-point logic with counting,UnsolvedMath,logic,1,20,classification_or_optimization,subclaim_decomposition,needs_atomic_split,4,15,6,9,0,1,2
1213,25,33,41,42,9,unsolvedmath-ep-1039,erdos:1039,Erdős Problem #1039,UnsolvedMath,combinatorics,1,20,classification_or_optimization,subclaim_decomposition,not_counterexample_target,8,15,7,8,0,2,2
1214,25,33,41,42,9,unsolvedmath-ep-1122,erdos:1122,Erdős Problem #1122,UnsolvedMath,combinatorics,1,20,mixed_quantifiers,subclaim_decomposition,not_counterexample_target,8,15,7,8,0,2,2
1215,25,33,41,42,9,unsolvedmath-ep-513,erdos:513,Erdős Problem #513,UnsolvedMath,combinatorics,1,20,classification_or_optimization,subclaim_decomposition,not_counterexample_target,8,15,7,8,0,2,2
1216,25,33,41,40,7,unsolvedmath-ep-104,erdos:104,Erdős Problem #104,UnsolvedMath,graph_theory,1,20,unclassified_question,formal_modeling,modeling_candidate,5,15,7,8,0,3,2
1217,25,33,41,40,7,unsolvedmath-ep-272,erdos:272,Erdős Problem #272,UnsolvedMath,number_theory,1,20,classification_or_optimization,subclaim_decomposition,not_counterexample_target,8,15,7,6,0,2,2
1218,25,33,41,40,7,unsolvedmath-ep-634,erdos:634,Erdős Problem #634,UnsolvedMath,number_theory,1,20,classification_or_optimization,subclaim_decomposition,not_counterexample_target,8,15,7,6,0,2,2
1219,25,33,41,40,7,unsolvedmath-ep-652,erdos:652,Erdős Problem #652,UnsolvedMath,geometry,1,20,mixed_quantifiers,subclaim_decomposition,not_counterexample_target,8,15,6,6,1,2,2
1220,25,33,41,40,7,unsolvedmath-ep-828,erdos:828,Erdős Problem #828,UnsolvedMath,number_theory,1,20,mixed_quantifiers,subclaim_decomposition,not_counterexample_target,8,15,7,8,0,0,2
1221,25,33,41,40,7,unsolvedmath-ep-829,erdos:829,Erdős Problem #829,UnsolvedMath,combinatorics,1,20,unclassified_question,formal_modeling,modeling_candidate,5,15,8,10,0,0,2
1222,25,33,41,40,7,unsolvedmath-ep-856,erdos:856,Erdős Problem #856,UnsolvedMath,number_theory,1,20,classification_or_optimization,subclaim_decomposition,not_counterexample_target,8,15,7,6,0,2,2
1223,25,33,41,36,3,unsolvedmath-ep-10,erdos:10,Erdős Problem #10,UnsolvedMath,number_theory,1,20,existence_claim,witness_discovery,not_counterexample_target,0,15,7,10,0,2,2
1224,25,33,41,36,3,unsolvedmath-ep-1113,erdos:1113,Erdős Problem #1113,UnsolvedMath,number_theory,1,20,existence_claim,witness_discovery,not_counterexample_target,0,15,8,10,0,1,2
1225,25,33,41,36,3,unsolvedmath-ep-276,erdos:276,Erdős Problem #276,UnsolvedMath,number_theory,1,20,existence_claim,witness_discovery,not_counterexample_target,0,15,8,10,0,1,2
1226,25,33,41,36,3,unsolvedmath-ep-457,erdos:457,Erdős Problem #457,UnsolvedMath,number_theory,1,20,existence_claim,witness_discovery,not_counterexample_target,0,15,7,12,0,0,2
1227,25,33,41,36,3,unsolvedmath-ep-850,erdos:850,Erdős Problem #850,UnsolvedMath,number_theory,1,20,existence_claim,witness_discovery,not_counterexample_target,0,15,8,10,0,1,2
1228,25,33,41,36,3,unsolvedmath-ep-931,erdos:931,Erdős Problem #931,UnsolvedMath,number_theory,1,20,existence_claim,witness_discovery,not_counterexample_target,0,15,8,10,0,1,2
1229,25,32,39,53,21,unsolvedmath-mpp-002,unsolvedmath:unsolvedmath-mpp-002,The Riemann Hypothesis,UnsolvedMath,number_theory,5,100,universal_claim,counterexample,needs_status_audit,18,15,7,8,0,3,2
1230,25,32,39,53,21,unsolvedmath-mpp-005,unsolvedmath:unsolvedmath-mpp-005,Birch and Swinnerton-Dyer Conjecture,UnsolvedMath,number_theory,5,100,equivalence_claim,counterexample,needs_status_audit,18,15,8,6,0,4,2
1231,25,32,39,53,21,unsolvedmath-nt-069,unsolvedmath:unsolvedmath-nt-069,Grand Riemann Hypothesis,UnsolvedMath,number_theory,5,100,universal_claim,counterexample,needs_status_audit,18,15,7,8,0,3,2
1232,25,32,39,51,19,unsolvedmath-alg-004,unsolvedmath:unsolvedmath-alg-004,Connes Embedding Problem,UnsolvedMath,algebra,5,100,universal_claim,counterexample,needs_status_audit,18,15,7,6,0,3,2
1233,25,32,39,51,19,unsolvedmath-alg-013,unsolvedmath:unsolvedmath-alg-013,Serre's Conjecture II,UnsolvedMath,algebra,5,100,equivalence_claim,counterexample,modeling_candidate,18,15,7,6,2,1,2
1234,25,32,39,51,19,unsolvedmath-alg-031,unsolvedmath:unsolvedmath-alg-031,Finiteness of Finitely Presented Periodic Groups,UnsolvedMath,algebra,5,100,universal_claim,counterexample,needs_status_audit,18,15,7,6,0,3,2
1235,25,32,39,51,19,unsolvedmath-alg-039,unsolvedmath:unsolvedmath-alg-039,The Cherlin-Zilber Conjecture,UnsolvedMath,algebra,5,100,universal_claim,counterexample,modeling_candidate,18,15,7,6,2,1,2
1236,25,32,39,51,19,unsolvedmath-num-008,unsolvedmath:unsolvedmath-num-008,Pi Normality,UnsolvedMath,number_theory,5,100,universal_claim,counterexample,needs_status_audit,18,15,7,6,0,3,2
1237,25,32,39,47,15,unsolvedmath-hl-a,unsolvedmath:unsolvedmath-hl-a,Hardy-Littlewood Conjecture A (Prime k-tuples),UnsolvedMath,number_theory,5,100,mixed_quantifiers,subclaim_decomposition,not_counterexample_target,8,15,8,12,1,1,2
1238,25,32,39,47,15,unsolvedmath-num-020,unsolvedmath:unsolvedmath-num-020,Integer Factorization Polynomial Time,UnsolvedMath,number_theory,5,100,unclassified_question,formal_modeling,modeling_candidate,5,15,10,14,0,1,2
1239,25,32,39,46,14,unsolvedmath-game-007,unsolvedmath:unsolvedmath-game-007,Cap Set Problem,UnsolvedMath,combinatorics,4,80,classification_or_optimization,subclaim_decomposition,not_counterexample_target,8,15,8,10,0,3,2
1240,25,32,39,44,12,unsolvedmath-graph-035,unsolvedmath:unsolvedmath-graph-035,Cubic Graph Pathwidth,UnsolvedMath,graph_theory,3,60,classification_or_optimization,subclaim_decomposition,not_counterexample_target,8,15,7,10,0,2,2
1241,25,32,39,44,12,unsolvedmath-kp-4.43,unsolvedmath:unsolvedmath-kp-4.43,Kirby Problem 4.43,UnsolvedMath,topology,3,60,universal_claim,counterexample,needs_status_audit,18,15,3,3,0,3,2
1242,25,32,39,44,12,unsolvedmath-sma-007,unsolvedmath:unsolvedmath-sma-007,Smale's 7th Problem: Distribution of Points on the 2-Sphere,UnsolvedMath,geometry,3,60,classification_or_optimization,subclaim_decomposition,not_counterexample_target,8,15,7,8,2,2,2
1243,25,32,39,42,10,unsolvedmath-graph-042,unsolvedmath:unsolvedmath-graph-042,Hamiltonian Decomposition of Hypergraphs,UnsolvedMath,graph_theory,4,80,unclassified_question,formal_modeling,modeling_candidate,5,15,7,12,0,1,2
1244,25,32,39,42,10,unsolvedmath-graph-052,unsolvedmath:unsolvedmath-graph-052,Implicit Graph Conjecture,UnsolvedMath,graph_theory,4,80,unclassified_question,formal_modeling,modeling_candidate,5,15,7,12,0,1,2
1245,25,32,39,42,10,unsolvedmath-guy-a9,unsolvedmath:unsolvedmath-guy-a9,General Patterns of Consecutive Primes,UnsolvedMath,number_theory,4,80,mixed_quantifiers,subclaim_decomposition,not_counterexample_target,8,15,7,10,0,0,2
1246,25,32,39,42,10,unsolvedmath-sma-009,unsolvedmath:unsolvedmath-sma-009,Smale's 9th Problem: Linear Programming in Polynomial Time,UnsolvedMath,computer_science,4,80,unclassified_question,formal_modeling,modeling_candidate,5,15,5,10,2,3,2
1247,25,32,39,42,10,unsolvedmath-kp-1.73,unsolvedmath:unsolvedmath-kp-1.73,Kirby Problem 1.73,UnsolvedMath,topology,3,60,equivalence_claim,counterexample,modeling_candidate,18,15,2,3,0,2,2
1248,25,32,39,42,10,unsolvedmath-kp-2.22,unsolvedmath:unsolvedmath-kp-2.22,Kirby Problem 2.22,UnsolvedMath,topology,3,60,universal_claim,counterexample,modeling_candidate,18,15,2,3,0,2,2
1249,25,32,39,42,10,unsolvedmath-opg-725,unsolvedmath:unsolvedmath-opg-725,$$C^r$ Stability Conjecture,UnsolvedMath,analysis,3,60,universal_claim,counterexample,modeling_candidate,18,15,3,3,0,1,2
1250,25,32,39,41,9,formal-conjectures-erdos-683-variant-exp-sqrt,erdos:683,Formal Conjectures: erdos_683.variant.exp_sqrt,Google DeepMind Formal Conjectures,research_mathematics,,50,mixed_quantifiers,subclaim_decomposition,not_counterexample_target,8,15,4,7,1,2,4
1251,25,32,39,41,9,unsolvedmath-opg-323,unsolvedmath:unsolvedmath-opg-323,Antichains in the cycle continuous order,UnsolvedMath,graph_theory,1,20,existence_claim,witness_discovery,not_counterexample_target,0,15,10,14,0,0,2
1252,25,32,39,41,9,unsolvedmath-opg-37185,unsolvedmath:unsolvedmath-opg-37185,Something like Picard for 1-forms,UnsolvedMath,analysis,1,20,universal_claim,counterexample,modeling_candidate,18,15,4,1,0,1,2
1253,25,32,39,40,8,unsolvedmath-green-073,unsolvedmath:unsolvedmath-green-073,Structured Subsets with Bounded Doubling,UnsolvedMath,combinatorics,2,40,unclassified_question,formal_modeling,modeling_candidate,5,15,7,10,0,1,2
1254,25,32,39,40,8,unsolvedmath-kou-21.13,unsolvedmath:unsolvedmath-kou-21.13,Kourovka Notebook Problem 21.13,UnsolvedMath,group_theory,2,40,unclassified_question,formal_modeling,modeling_candidate,5,15,8,8,0,2,2
1255,25,32,39,39,7,formal-conjectures-conjecture-formalconjectures-oeis-239957-lean,formal_conjectures:formal-conjectures-conjecture-formalconjectures-oeis-239957-lean,Formal Conjectures: conjecture,Google DeepMind Formal Conjectures,research_mathematics,,50,existence_claim,witness_discovery,not_counterexample_target,0,15,6,11,1,2,4
1256,25,32,39,39,7,formal-conjectures-erdos-172,erdos:172,Formal Conjectures: erdos_172,Google DeepMind Formal Conjectures,research_mathematics,,50,answer_query,answer_discovery,not_counterexample_target,0,15,6,11,1,2,4
1257,25,32,39,39,7,formal-conjectures-erdos-319,erdos:319,Formal Conjectures: erdos_319,Google DeepMind Formal Conjectures,research_mathematics,,50,answer_query,answer_discovery,not_counterexample_target,0,15,6,11,1,2,4
1258,25,32,39,39,7,formal-conjectures-erdos-486,erdos:486,Formal Conjectures: erdos_486,Google DeepMind Formal Conjectures,research_mathematics,,50,answer_query,answer_discovery,not_counterexample_target,0,15,5,11,1,3,4
1259,25,32,39,39,7,formal-conjectures-erdos-686,erdos:686,Formal Conjectures: erdos_686,Google DeepMind Formal Conjectures,research_mathematics,,50,answer_query,answer_discovery,not_counterexample_target,0,15,6,11,1,2,4
1260,25,32,39,39,7,formal-conjectures-erdos-686-variants-four,erdos:686,Formal Conjectures: erdos_686.variants.four,Google DeepMind Formal Conjectures,research_mathematics,,50,answer_query,answer_discovery,not_counterexample_target,0,15,6,11,1,2,4
1261,25,32,39,39,7,formal-conjectures-erdos-686-variants-square,erdos:686,Formal Conjectures: erdos_686.variants.square,Google DeepMind Formal Conjectures,research_mathematics,,50,answer_query,answer_discovery,not_counterexample_target,0,15,6,11,1,2,4
1262,25,32,39,39,7,formal-conjectures-erdos-686-variants-twenty-five,erdos:686,Formal Conjectures: erdos_686.variants.twenty_five,Google DeepMind Formal Conjectures,research_mathematics,,50,answer_query,answer_discovery,not_counterexample_target,0,15,6,11,1,2,4
1263,25,32,39,39,7,formal-conjectures-erdos-931-variants-exists-prime,erdos:931,Formal Conjectures: erdos_931.variants.exists_prime,Google DeepMind Formal Conjectures,research_mathematics,,50,existence_claim,witness_discovery,not_counterexample_target,0,15,6,11,1,2,4
1264,25,32,39,39,7,formal-conjectures-green-16,formal_conjectures:formal-conjectures-green-16,Formal Conjectures: green_16,Google DeepMind Formal Conjectures,research_mathematics,,50,answer_query,answer_discovery,not_counterexample_target,0,15,6,11,1,2,4
1265,25,32,39,39,7,unsolvedmath-green-031,unsolvedmath:unsolvedmath-green-031,Sumsets Containing Composites,UnsolvedMath,number_theory,1,20,unclassified_question,formal_modeling,modeling_candidate,5,15,7,8,0,2,2
1266,25,32,39,39,7,unsolvedmath-opg-3031,unsolvedmath:unsolvedmath-opg-3031,trace inequality,UnsolvedMath,algebra,1,20,unclassified_question,formal_modeling,modeling_candidate,5,15,7,8,1,1,2
1267,25,32,39,39,7,unsolvedmath-opg-59888,unsolvedmath:unsolvedmath-opg-59888,Dirac's Conjecture,UnsolvedMath,geometry,1,20,mixed_quantifiers,subclaim_decomposition,not_counterexample_target,8,15,5,6,1,2,2
1268,25,32,39,38,6,unsolvedmath-alg-012,unsolvedmath:unsolvedmath-alg-012,Existence of Perfect Cuboids,UnsolvedMath,algebra,3,60,existence_claim,witness_discovery,not_counterexample_target,0,15,9,12,0,0,2
1269,25,32,39,38,6,unsolvedmath-alg-029,unsolvedmath:unsolvedmath-alg-029,Infinitude of Leinster Groups,UnsolvedMath,algebra,3,60,existence_claim,witness_discovery,not_counterexample_target,0,15,9,12,0,0,2
1270,25,32,39,38,6,unsolvedmath-graph-002,unsolvedmath:unsolvedmath-graph-002,Eternal Domination vs Domination Number,UnsolvedMath,graph_theory,3,60,existence_claim,witness_discovery,not_counterexample_target,0,15,7,12,0,2,2
1271,25,32,39,38,6,unsolvedmath-kp-3.41,unsolvedmath:unsolvedmath-kp-3.41,Kirby Problem 3.41,UnsolvedMath,topology,3,60,mixed_quantifiers,subclaim_decomposition,not_counterexample_target,8,15,2,9,1,1,2
1272,25,32,39,36,4,unsolvedmath-kou-21.38,unsolvedmath:unsolvedmath-kou-21.38,Kourovka Notebook Problem 21.38,UnsolvedMath,group_theory,2,40,existence_claim,witness_discovery,not_counterexample_target,0,15,7,12,0,0,2
1273,25,32,39,36,4,unsolvedmath-opg-326,unsolvedmath:unsolvedmath-opg-326,Universal point sets for planar graphs,UnsolvedMath,graph_theory,2,40,existence_claim,witness_discovery,not_counterexample_target,0,15,7,12,0,0,2
1274,25,32,39,36,4,unsolvedmath-opg-349,unsolvedmath:unsolvedmath-opg-349,Unions of triangle free graphs,UnsolvedMath,graph_theory,2,40,existence_claim,witness_discovery,not_counterexample_target,0,15,7,12,0,0,2
1275,25,32,39,36,4,unsolvedmath-opg-677,unsolvedmath:unsolvedmath-opg-677,Universal highly arc transitive digraphs,UnsolvedMath,graph_theory,2,40,existence_claim,witness_discovery,not_counterexample_target,0,15,7,12,0,0,2
1276,25,32,39,35,3,unsolvedmath-opg-37389,unsolvedmath:unsolvedmath-opg-37389,Graph product of multifuncoids,UnsolvedMath,topology,1,20,mixed_quantifiers,subclaim_decomposition,not_counterexample_target,8,15,2,7,0,1,2
1277,24,34,44,43,9,unsolvedmath-ep-1089,erdos:1089,Erdős Problem #1089,UnsolvedMath,graph_theory,1,20,classification_or_optimization,subclaim_decomposition,needs_atomic_split,4,15,8,10,0,4,2
1278,24,34,44,43,9,unsolvedmath-ep-408,erdos:408,Erdős Problem #408,UnsolvedMath,number_theory,1,20,universal_claim,counterexample,needs_atomic_split,4,15,8,10,0,4,2
1279,24,34,44,41,7,unsolvedmath-ep-1062,erdos:1062,Erdős Problem #1062,UnsolvedMath,combinatorics,1,20,universal_claim,counterexample,needs_atomic_split,4,15,8,8,0,4,2
1280,24,34,44,41,7,unsolvedmath-ep-812,erdos:812,Erdős Problem #812,UnsolvedMath,combinatorics,1,20,mixed_quantifiers,subclaim_decomposition,needs_atomic_split,4,15,7,10,1,2,2
1281,24,34,44,37,3,unsolvedmath-ep-1055,erdos:1055,Erdős Problem #1055,UnsolvedMath,number_theory,1,20,existence_claim,witness_discovery,needs_atomic_split,0,15,8,10,0,2,2
1282,24,34,44,37,3,unsolvedmath-ep-1071,erdos:1071,Erdős Problem #1071,UnsolvedMath,combinatorics,1,20,existence_claim,witness_discovery,needs_atomic_split,0,15,7,12,0,1,2
1283,24,34,44,37,3,unsolvedmath-ep-1110,erdos:1110,Erdős Problem #1110,UnsolvedMath,number_theory,1,20,existence_claim,witness_discovery,needs_atomic_split,0,15,7,12,1,0,2
1284,24,34,44,37,3,unsolvedmath-ep-18,erdos:18,Erdős Problem #18,UnsolvedMath,number_theory,1,20,existence_claim,witness_discovery,needs_atomic_split,0,15,7,12,1,0,2
1285,24,34,44,37,3,unsolvedmath-ep-413,erdos:413,Erdős Problem #413,UnsolvedMath,number_theory,1,20,existence_claim,witness_discovery,needs_atomic_split,0,15,7,12,1,0,2
1286,24,33,42,41,8,unsolvedmath-green-009,unsolvedmath:unsolvedmath-green-009,Progressions in Subsets of Z/NZ,UnsolvedMath,combinatorics,2,40,equivalence_claim,counterexample,needs_atomic_split,4,15,7,10,0,3,2
1287,24,33,42,40,7,formal-conjectures-agrawal-conjecture,formal_conjectures:formal-conjectures-agrawal-conjecture,Formal Conjectures: agrawal_conjecture,Google DeepMind Formal Conjectures,research_mathematics,,50,answer_query,answer_discovery,not_counterexample_target,0,15,5,13,1,2,4
1288,24,33,42,40,7,formal-conjectures-green-14-variant-2r2,formal_conjectures:formal-conjectures-green-14-variant-2r2,Formal Conjectures: green_14_variant_2r2,Google DeepMind Formal Conjectures,research_mathematics,,50,answer_query,answer_discovery,not_counterexample_target,0,15,6,11,0,4,4
1289,24,33,42,39,6,unsolvedmath-opg-36892,unsolvedmath:unsolvedmath-opg-36892,P vs. PSPACE,UnsolvedMath,computer_science,3,60,equivalence_claim,counterexample,needs_atomic_split,4,15,5,10,0,3,2
1290,24,33,42,39,6,unsolvedmath-opg-37289,unsolvedmath:unsolvedmath-opg-37289,Polignac's Conjecture,UnsolvedMath,number_theory,3,60,mixed_quantifiers,subclaim_decomposition,needs_atomic_split,4,15,7,10,0,1,2
1291,24,33,42,37,4,unsolvedmath-kou-21.72,unsolvedmath:unsolvedmath-kou-21.72,Kourovka Notebook Problem 21.72,UnsolvedMath,group_theory,2,40,existence_claim,witness_discovery,needs_atomic_split,0,15,7,12,0,1,2
1292,24,33,42,37,4,unsolvedmath-opg-445,unsolvedmath:unsolvedmath-opg-445,The robustness of the tensor product,UnsolvedMath,computer_science,2,40,unclassified_question,formal_modeling,needs_atomic_split,4,15,5,10,0,1,2
1293,24,33,42,36,3,unsolvedmath-opg-37540,unsolvedmath:unsolvedmath-opg-37540,A conjecture about direct product of funcoids,UnsolvedMath,topology,1,20,mixed_quantifiers,subclaim_decomposition,needs_atomic_split,4,15,3,9,1,2,2
1294,24,32,40,41,9,unsolvedmath-ep-975,erdos:975,Erdős Problem #975,UnsolvedMath,number_theory,1,20,existence_claim,witness_discovery,not_counterexample_target,0,15,9,14,1,0,2
1295,24,32,40,39,7,unsolvedmath-ep-1073,erdos:1073,Erdős Problem #1073,UnsolvedMath,number_theory,1,20,unclassified_question,formal_modeling,modeling_candidate,5,15,7,8,0,2,2
1296,24,32,40,39,7,unsolvedmath-ep-669,erdos:669,Erdős Problem #669,UnsolvedMath,geometry,1,20,classification_or_optimization,subclaim_decomposition,not_counterexample_target,8,15,6,4,0,4,2
1297,24,32,40,39,7,unsolvedmath-ep-68,erdos:68,Erdős Problem #68,UnsolvedMath,number_theory,1,20,unclassified_question,formal_modeling,modeling_candidate,5,15,7,8,0,2,2
1298,24,32,40,39,7,unsolvedmath-ep-725,erdos:725,Erdős Problem #725,UnsolvedMath,combinatorics,1,20,unclassified_question,formal_modeling,modeling_candidate,5,15,7,8,0,2,2
1299,24,32,40,39,7,unsolvedmath-ep-792,erdos:792,Erdős Problem #792,UnsolvedMath,number_theory,1,20,classification_or_optimization,subclaim_decomposition,not_counterexample_target,8,15,7,6,0,1,2
1300,24,32,40,35,3,unsolvedmath-ep-1059,erdos:1059,Erdős Problem #1059,UnsolvedMath,number_theory,1,20,existence_claim,witness_discovery,not_counterexample_target,0,15,8,10,0,0,2
1301,24,32,40,35,3,unsolvedmath-ep-203,erdos:203,Erdős Problem #203,UnsolvedMath,number_theory,1,20,existence_claim,witness_discovery,not_counterexample_target,0,15,7,10,0,1,2
1302,24,32,40,35,3,unsolvedmath-ep-273,erdos:273,Erdős Problem #273,UnsolvedMath,number_theory,1,20,existence_claim,witness_discovery,not_counterexample_target,0,15,7,10,0,1,2
1303,24,32,40,35,3,unsolvedmath-ep-306,erdos:306,Erdős Problem #306,UnsolvedMath,number_theory,1,20,existence_claim,witness_discovery,not_counterexample_target,0,15,7,10,0,1,2
1304,24,32,40,35,3,unsolvedmath-ep-5,erdos:5,Erdős Problem #5,UnsolvedMath,number_theory,1,20,existence_claim,witness_discovery,not_counterexample_target,0,15,7,10,0,1,2
1305,24,32,40,35,3,unsolvedmath-ep-825,erdos:825,Erdős Problem #825,UnsolvedMath,number_theory,1,20,existence_claim,witness_discovery,not_counterexample_target,0,15,7,10,0,1,2
1306,24,32,40,35,3,unsolvedmath-ep-913,erdos:913,Erdős Problem #913,UnsolvedMath,number_theory,1,20,existence_claim,witness_discovery,not_counterexample_target,0,15,8,10,0,0,2
1307,24,32,40,35,3,unsolvedmath-ep-996,erdos:996,Erdős Problem #996,UnsolvedMath,number_theory,1,20,existence_claim,witness_discovery,not_counterexample_target,0,15,7,10,0,1,2
1308,24,31,38,52,21,unsolvedmath-nt-065,unsolvedmath:unsolvedmath-nt-065,Hilbert's Twelfth Problem,UnsolvedMath,number_theory,5,100,universal_claim,counterexample,needs_status_audit,18,15,7,6,0,4,2
1309,24,31,38,47,16,unsolvedmath-dyn-001,unsolvedmath:unsolvedmath-dyn-001,The Weinstein Conjecture,UnsolvedMath,dynamical_systems,4,80,universal_claim,counterexample,modeling_candidate,18,15,3,5,2,2,2
1310,24,31,38,46,15,unsolvedmath-nt-029,unsolvedmath:unsolvedmath-nt-029,Artin's Conjecture on Primitive Roots,UnsolvedMath,number_theory,5,100,classification_or_optimization,subclaim_decomposition,not_counterexample_target,8,15,9,12,0,0,2
1311,24,31,38,46,15,unsolvedmath-geo-028,unsolvedmath:unsolvedmath-geo-028,Ehrhart's Volume Conjecture,UnsolvedMath,geometry,4,80,unclassified_question,formal_modeling,modeling_candidate,5,15,7,8,6,3,2
1312,24,31,38,45,14,unsolvedmath-graph-046,unsolvedmath:unsolvedmath-graph-046,Word-Representable Near-Triangulations,UnsolvedMath,graph_theory,4,80,classification_or_optimization,subclaim_decomposition,not_counterexample_target,8,15,7,10,2,1,2
1313,24,31,38,43,12,unsolvedmath-kp-2.17,unsolvedmath:unsolvedmath-kp-2.17,Kirby Problem 2.17,UnsolvedMath,topology,3,60,universal_claim,counterexample,modeling_candidate,18,15,2,3,0,3,2
1314,24,31,38,43,12,unsolvedmath-kp-3.42,unsolvedmath:unsolvedmath-kp-3.42,Kirby Problem 3.42,UnsolvedMath,topology,3,60,universal_claim,counterexample,needs_status_audit,18,15,2,3,0,3,2
1315,24,31,38,43,12,unsolvedmath-kp-4.55,unsolvedmath:unsolvedmath-kp-4.55,Kirby Problem 4.55,UnsolvedMath,topology,3,60,equivalence_claim,counterexample,needs_status_audit,18,15,2,3,0,3,2
1316,24,31,38,41,10,unsolvedmath-game-006,unsolvedmath:unsolvedmath-game-006,Perfect Komi in Go,UnsolvedMath,combinatorics,3,60,classification_or_optimization,subclaim_decomposition,not_counterexample_target,8,15,7,8,0,1,2
1317,24,31,38,41,10,unsolvedmath-kp-1.1,unsolvedmath:unsolvedmath-kp-1.1,Kirby Problem 1.1,UnsolvedMath,topology,3,60,equivalence_claim,counterexample,modeling_candidate,18,15,2,3,0,1,2
1318,24,31,38,41,10,unsolvedmath-kp-1.30,unsolvedmath:unsolvedmath-kp-1.30,Kirby Problem 1.30,UnsolvedMath,topology,3,60,universal_claim,counterexample,modeling_candidate,18,15,2,3,0,1,2
1319,24,31,38,41,10,unsolvedmath-kp-1.51,unsolvedmath:unsolvedmath-kp-1.51,Kirby Problem 1.51,UnsolvedMath,topology,3,60,universal_claim,counterexample,modeling_candidate,18,15,2,3,0,1,2
1320,24,31,38,41,10,unsolvedmath-kp-1.65,unsolvedmath:unsolvedmath-kp-1.65,Kirby Problem 1.65,UnsolvedMath,topology,3,60,universal_claim,counterexample,modeling_candidate,18,15,2,3,0,1,2
1321,24,31,38,41,10,unsolvedmath-kp-1.69,unsolvedmath:unsolvedmath-kp-1.69,Kirby Problem 1.69,UnsolvedMath,topology,3,60,universal_claim,counterexample,modeling_candidate,18,15,2,3,0,1,2
1322,24,31,38,41,10,unsolvedmath-kp-3.53,unsolvedmath:unsolvedmath-kp-3.53,Kirby Problem 3.53,UnsolvedMath,topology,3,60,universal_claim,counterexample,modeling_candidate,18,15,2,3,0,1,2
1323,24,31,38,41,10,unsolvedmath-kp-4.111,unsolvedmath:unsolvedmath-kp-4.111,Kirby Problem 4.111,UnsolvedMath,topology,3,60,universal_claim,counterexample,modeling_candidate,18,15,2,3,0,1,2
1324,24,31,38,41,10,unsolvedmath-kp-4.112,unsolvedmath:unsolvedmath-kp-4.112,Kirby Problem 4.112,UnsolvedMath,topology,3,60,universal_claim,counterexample,modeling_candidate,18,15,2,3,0,1,2
1325,24,31,38,41,10,unsolvedmath-kp-4.31,unsolvedmath:unsolvedmath-kp-4.31,Kirby Problem 4.31,UnsolvedMath,topology,3,60,universal_claim,counterexample,modeling_candidate,18,15,2,3,0,1,2
1326,24,31,38,41,10,unsolvedmath-kp-4.37,unsolvedmath:unsolvedmath-kp-4.37,Kirby Problem 4.37,UnsolvedMath,topology,3,60,universal_claim,counterexample,modeling_candidate,18,15,2,3,0,1,2
1327,24,31,38,41,10,unsolvedmath-kp-4.38,unsolvedmath:unsolvedmath-kp-4.38,Kirby Problem 4.38,UnsolvedMath,topology,3,60,universal_claim,counterexample,modeling_candidate,18,15,2,3,0,1,2
1328,24,31,38,41,10,unsolvedmath-kp-4.40,unsolvedmath:unsolvedmath-kp-4.40,Kirby Problem 4.40,UnsolvedMath,topology,3,60,universal_claim,counterexample,modeling_candidate,18,15,2,3,0,1,2
1329,24,31,38,41,10,unsolvedmath-kp-4.46,unsolvedmath:unsolvedmath-kp-4.46,Kirby Problem 4.46,UnsolvedMath,topology,3,60,universal_claim,counterexample,modeling_candidate,18,15,2,3,0,1,2
1330,24,31,38,41,10,unsolvedmath-kp-4.59,unsolvedmath:unsolvedmath-kp-4.59,Kirby Problem 4.59,UnsolvedMath,topology,3,60,equivalence_claim,counterexample,modeling_candidate,18,15,2,3,0,1,2
1331,24,31,38,41,10,unsolvedmath-kp-4.73,unsolvedmath:unsolvedmath-kp-4.73,Kirby Problem 4.73,UnsolvedMath,topology,3,60,equivalence_claim,counterexample,modeling_candidate,18,15,2,3,0,1,2
1332,24,31,38,41,10,unsolvedmath-kp-4.9,unsolvedmath:unsolvedmath-kp-4.9,Kirby Problem 4.9,UnsolvedMath,topology,3,60,universal_claim,counterexample,modeling_candidate,18,15,2,3,0,1,2
1333,24,31,38,41,10,unsolvedmath-kp-4.92,unsolvedmath:unsolvedmath-kp-4.92,Kirby Problem 4.92,UnsolvedMath,topology,3,60,universal_claim,counterexample,modeling_candidate,18,15,2,3,0,1,2
1334,24,31,38,41,10,unsolvedmath-kp-4.93,unsolvedmath:unsolvedmath-kp-4.93,Kirby Problem 4.93,UnsolvedMath,topology,3,60,universal_claim,counterexample,modeling_candidate,18,15,2,3,0,1,2
1335,24,31,38,41,10,unsolvedmath-kp-5.1,unsolvedmath:unsolvedmath-kp-5.1,Kirby Problem 5.1,UnsolvedMath,topology,3,60,universal_claim,counterexample,modeling_candidate,18,15,2,3,0,1,2
1336,24,31,38,41,10,unsolvedmath-kp-5.11,unsolvedmath:unsolvedmath-kp-5.11,Kirby Problem 5.11,UnsolvedMath,topology,3,60,universal_claim,counterexample,modeling_candidate,18,15,2,3,0,1,2
1337,24,31,38,40,9,unsolvedmath-opg-36697,unsolvedmath:unsolvedmath-opg-36697,Invariant subspace problem,UnsolvedMath,analysis,2,40,universal_claim,counterexample,modeling_candidate,18,15,3,1,0,1,2
1338,24,31,38,39,8,unsolvedmath-green-026,unsolvedmath:unsolvedmath-green-026,Partitions and Large Cosets,UnsolvedMath,combinatorics,2,40,unclassified_question,formal_modeling,modeling_candidate,5,15,7,8,0,2,2
1339,24,31,38,38,7,formal-conjectures-erdos-740,erdos:740,Formal Conjectures: erdos_740,Google DeepMind Formal Conjectures,research_mathematics,,50,answer_query,answer_discovery,not_counterexample_target,0,15,6,9,1,3,4
1340,24,31,38,38,7,unsolvedmath-green-021,unsolvedmath:unsolvedmath-green-021,Large Sieve and Quadratic Sets,UnsolvedMath,number_theory,1,20,unclassified_question,formal_modeling,modeling_candidate,5,15,7,8,0,1,2
1341,24,31,38,38,7,unsolvedmath-opg-1825,unsolvedmath:unsolvedmath-opg-1825,3-accessibility of Fibonacci numbers,UnsolvedMath,combinatorics,1,20,unclassified_question,formal_modeling,modeling_candidate,5,15,7,8,0,1,2
1342,24,31,38,38,7,unsolvedmath-opg-624,unsolvedmath:unsolvedmath-opg-624,Universal Steiner triple systems,UnsolvedMath,graph_theory,1,20,unclassified_question,formal_modeling,modeling_candidate,5,15,7,8,0,1,2
1343,24,31,38,37,6,unsolvedmath-guy-a16,unsolvedmath:unsolvedmath-guy-a16,Walking to Infinity on Gaussian Primes,UnsolvedMath,number_theory,3,60,existence_claim,witness_discovery,not_counterexample_target,0,15,7,10,0,3,2
1344,24,31,38,36,5,formal-conjectures-pollock-tetrahedral,formal_conjectures:formal-conjectures-pollock-tetrahedral,Formal Conjectures: pollock_tetrahedral,Google DeepMind Formal Conjectures,research_mathematics,,50,existence_claim,witness_discovery,not_counterexample_target,0,15,3,11,1,2,4
1345,24,31,38,34,3,unsolvedmath-green-052,unsolvedmath:unsolvedmath-green-052,Equidistribution of Integer Multiples,UnsolvedMath,number_theory,1,20,existence_claim,witness_discovery,not_counterexample_target,0,15,7,10,0,0,2
1346,24,31,38,34,3,unsolvedmath-opg-37448,unsolvedmath:unsolvedmath-opg-37448,MSO alternation hierarchy over pictures,UnsolvedMath,logic,1,20,unclassified_question,formal_modeling,modeling_candidate,5,15,3,7,0,2,2
1347,23,33,43,40,7,unsolvedmath-ep-1083,erdos:1083,Erdős Problem #1083,UnsolvedMath,combinatorics,1,20,classification_or_optimization,subclaim_decomposition,needs_atomic_split,4,15,8,8,0,3,2
1348,23,33,43,40,7,unsolvedmath-ep-1087,erdos:1087,Erdős Problem #1087,UnsolvedMath,combinatorics,1,20,classification_or_optimization,subclaim_decomposition,needs_atomic_split,4,15,8,8,0,3,2
1349,23,33,43,40,7,unsolvedmath-ep-176,erdos:176,Erdős Problem #176,UnsolvedMath,combinatorics,1,20,mixed_quantifiers,subclaim_decomposition,needs_atomic_split,4,15,7,10,0,2,2
1350,23,33,43,40,7,unsolvedmath-ep-963,erdos:963,Erdős Problem #963,UnsolvedMath,combinatorics,1,20,classification_or_optimization,subclaim_decomposition,needs_atomic_split,4,15,7,10,1,1,2
1351,23,33,43,36,3,unsolvedmath-ep-1101,erdos:1101,Erdős Problem #1101,UnsolvedMath,number_theory,1,20,existence_claim,witness_discovery,needs_atomic_split,0,15,8,10,0,1,2
1352,23,32,41,45,13,formal-conjectures-erdos-1-variants-real,erdos:1,Formal Conjectures: erdos_1.variants.real,Google DeepMind Formal Conjectures,research_mathematics,,50,mixed_quantifiers,subclaim_decomposition,not_counterexample_target,8,15,6,9,1,2,4
1353,23,32,41,45,13,formal-conjectures-sofaconstant-eq-volume-iff-eq-gerverssofa,formal_conjectures:formal-conjectures-sofaconstant-eq-volume-iff-eq-gerverssofa,Formal Conjectures: sofaConstant_eq_volume_iff_eq_gerversSofa,Google DeepMind Formal Conjectures,research_mathematics,,50,equivalence_claim,counterexample,modeling_candidate,20,15,3,1,0,2,4
1354,23,32,41,42,10,unsolvedmath-alg-002,unsolvedmath:unsolvedmath-alg-002,Kaplansky's Conjectures,UnsolvedMath,algebra,4,80,universal_claim,counterexample,needs_atomic_split,4,15,6,10,2,3,2
1355,23,32,41,42,10,unsolvedmath-green-053,unsolvedmath:unsolvedmath-green-053,Random Permutations Fixing k-Sets,UnsolvedMath,combinatorics,2,40,equivalence_claim,counterexample,needs_atomic_split,4,15,7,12,0,2,2
1356,23,32,41,41,9,formal-conjectures-erdos-477-variants-monomial,erdos:477,Formal Conjectures: erdos_477.variants.monomial,Google DeepMind Formal Conjectures,research_mathematics,,50,mixed_quantifiers,subclaim_decomposition,not_counterexample_target,8,15,4,7,1,2,4
1357,23,32,41,40,8,unsolvedmath-kou-21.3,unsolvedmath:unsolvedmath-kou-21.3,Kourovka Notebook Problem 21.3,UnsolvedMath,group_theory,2,40,universal_claim,counterexample,needs_atomic_split,4,15,7,10,1,1,2
1358,23,32,41,36,4,unsolvedmath-kou-21.117,unsolvedmath:unsolvedmath-kou-21.117,Kourovka Notebook Problem 21.117,UnsolvedMath,group_theory,2,40,existence_claim,witness_discovery,needs_atomic_split,0,15,7,12,0,0,2
1359,23,31,39,40,9,unsolvedmath-ep-122,erdos:122,Erdős Problem #122,UnsolvedMath,number_theory,1,20,classification_or_optimization,subclaim_decomposition,not_counterexample_target,8,15,7,8,0,0,2
1360,23,31,39,40,9,unsolvedmath-ep-509,erdos:509,Erdős Problem #509,UnsolvedMath,combinatorics,1,20,unclassified_question,formal_modeling,modeling_candidate,5,15,7,10,0,1,2
1361,23,31,39,38,7,unsolvedmath-ep-165,erdos:165,Erdős Problem #165,UnsolvedMath,graph_theory,1,20,unclassified_question,formal_modeling,modeling_candidate,5,15,7,8,0,1,2
1362,23,31,39,38,7,unsolvedmath-ep-288,erdos:288,Erdős Problem #288,UnsolvedMath,combinatorics,1,20,unclassified_question,formal_modeling,modeling_candidate,5,15,7,8,0,1,2
1363,23,31,39,38,7,unsolvedmath-ep-66,erdos:66,Erdős Problem #66,UnsolvedMath,combinatorics,1,20,existence_claim,witness_discovery,not_counterexample_target,0,15,7,10,2,2,2
1364,23,31,39,38,7,unsolvedmath-ep-936,erdos:936,Erdős Problem #936,UnsolvedMath,combinatorics,1,20,unclassified_question,formal_modeling,modeling_candidate,5,15,7,8,0,1,2
1365,23,31,39,38,7,unsolvedmath-ep-98,erdos:98,Erdős Problem #98,UnsolvedMath,geometry,1,20,classification_or_optimization,subclaim_decomposition,not_counterexample_target,8,15,6,4,0,3,2
1366,23,31,39,35,4,unsolvedmath-ep-952,erdos:952,Erdős Problem #952,UnsolvedMath,number_theory,2,40,existence_claim,witness_discovery,not_counterexample_target,0,15,7,10,0,1,2
1367,23,31,39,34,3,unsolvedmath-ep-17,erdos:17,Erdős Problem #17,UnsolvedMath,number_theory,1,20,existence_claim,witness_discovery,not_counterexample_target,0,15,7,10,0,0,2
1368,23,31,39,34,3,unsolvedmath-ep-313,erdos:313,Erdős Problem #313,UnsolvedMath,number_theory,1,20,existence_claim,witness_discovery,not_counterexample_target,0,15,7,10,0,0,2
1369,23,31,39,34,3,unsolvedmath-ep-330,erdos:330,Erdős Problem #330,UnsolvedMath,number_theory,1,20,existence_claim,witness_discovery,not_counterexample_target,0,15,7,10,0,0,2
1370,23,31,39,34,3,unsolvedmath-ep-376,erdos:376,Erdős Problem #376,UnsolvedMath,number_theory,1,20,existence_claim,witness_discovery,not_counterexample_target,0,15,7,10,0,0,2
1371,23,30,37,46,16,unsolvedmath-top-009,unsolvedmath:unsolvedmath-top-009,Zeeman Conjecture,UnsolvedMath,topology,4,80,universal_claim,counterexample,needs_status_audit,18,15,2,5,1,3,2
1372,23,30,37,45,15,unsolvedmath-top-002,unsolvedmath:unsolvedmath-top-002,The Volume Conjecture,UnsolvedMath,topology,4,80,equivalence_claim,counterexample,modeling_candidate,18,15,2,5,2,1,2
1373,23,30,37,44,14,unsolvedmath-geo-026,unsolvedmath:unsolvedmath-geo-026,The Unit Distance Problem,UnsolvedMath,geometry,4,80,classification_or_optimization,subclaim_decomposition,not_counterexample_target,8,15,6,6,2,5,2
1374,23,30,37,44,14,unsolvedmath-set-002,unsolvedmath:unsolvedmath-set-002,Singular Cardinals Hypothesis,UnsolvedMath,set_theory,4,80,equivalence_claim,counterexample,modeling_candidate,18,15,4,3,0,2,2
1375,23,30,37,42,12,unsolvedmath-kp-3.34,unsolvedmath:unsolvedmath-kp-3.34,Kirby Problem 3.34,UnsolvedMath,topology,3,60,universal_claim,counterexample,modeling_candidate,18,15,2,3,0,2,2
1376,23,30,37,42,12,formal-conjectures-erdos-535-variants-sunflower-strong,erdos:535,Formal Conjectures: erdos_535.variants.sunflower_strong,Google DeepMind Formal Conjectures,research_mathematics,,50,mixed_quantifiers,subclaim_decomposition,not_counterexample_target,8,15,6,7,0,2,4
1377,23,30,37,40,10,unsolvedmath-alg-025,unsolvedmath:unsolvedmath-alg-025,The Guralnick-Thompson Conjecture,UnsolvedMath,algebra,4,80,unclassified_question,formal_modeling,modeling_candidate,5,15,7,10,0,1,2
1378,23,30,37,40,10,unsolvedmath-graph-023,unsolvedmath:unsolvedmath-graph-023,Conference Graph Existence,UnsolvedMath,graph_theory,4,80,existence_claim,witness_discovery,not_counterexample_target,0,15,9,14,0,0,2
1379,23,30,37,40,10,unsolvedmath-mod-007,unsolvedmath:unsolvedmath-mod-007,Henson Graphs Finite Model Property,UnsolvedMath,algebra,4,80,unclassified_question,formal_modeling,modeling_candidate,5,15,7,10,0,1,2
1380,23,30,37,40,10,unsolvedmath-geo-004,unsolvedmath:unsolvedmath-geo-004,The Moving Sofa Problem,UnsolvedMath,geometry,3,60,classification_or_optimization,subclaim_decomposition,not_counterexample_target,8,15,5,4,2,4,2
1381,23,30,37,40,10,unsolvedmath-geom-025,unsolvedmath:unsolvedmath-geom-025,Bellman's Lost-in-a-Forest Problem,UnsolvedMath,geometry,3,60,classification_or_optimization,subclaim_decomposition,not_counterexample_target,8,15,6,6,0,3,2
1382,23,30,37,40,10,unsolvedmath-kou-21.109,unsolvedmath:unsolvedmath-kou-21.109,Kourovka Notebook Problem 21.109,UnsolvedMath,group_theory,3,60,unclassified_question,formal_modeling,modeling_candidate,5,15,7,8,0,3,2
1383,23,30,37,40,10,unsolvedmath-nt-049,unsolvedmath:unsolvedmath-nt-049,Lychrel Numbers in Base 10,UnsolvedMath,number_theory,3,60,unclassified_question,formal_modeling,modeling_candidate,5,15,7,6,2,3,2
1384,23,30,37,39,9,unsolvedmath-opg-36880,unsolvedmath:unsolvedmath-opg-36880,Does the chromatic symmetric function distinguish between trees?,UnsolvedMath,graph_theory,1,20,existence_claim,witness_discovery,not_counterexample_target,0,15,8,12,0,2,2
1385,23,30,37,38,8,unsolvedmath-green-020,unsolvedmath:unsolvedmath-green-020,Multidimensional Szemerédi Theorem Bounds,UnsolvedMath,combinatorics,2,40,unclassified_question,formal_modeling,modeling_candidate,5,15,7,8,0,1,2
1386,23,30,37,38,8,unsolvedmath-green-025,unsolvedmath:unsolvedmath-green-025,Additive Complements and Cosets,UnsolvedMath,combinatorics,2,40,unclassified_question,formal_modeling,modeling_candidate,5,15,7,8,0,1,2
1387,23,30,37,38,8,unsolvedmath-kou-21.103,unsolvedmath:unsolvedmath-kou-21.103,Kourovka Notebook Problem 21.103,UnsolvedMath,group_theory,2,40,unclassified_question,formal_modeling,modeling_candidate,5,15,7,8,0,1,2
1388,23,30,37,38,8,unsolvedmath-kou-21.22,unsolvedmath:unsolvedmath-kou-21.22,Kourovka Notebook Problem 21.22,UnsolvedMath,group_theory,2,40,unclassified_question,formal_modeling,modeling_candidate,5,15,7,8,0,1,2
1389,23,30,37,38,8,unsolvedmath-kou-21.40,unsolvedmath:unsolvedmath-kou-21.40,Kourovka Notebook Problem 21.40,UnsolvedMath,group_theory,2,40,unclassified_question,formal_modeling,modeling_candidate,5,15,7,8,0,1,2
1390,23,30,37,38,8,unsolvedmath-kou-21.73,unsolvedmath:unsolvedmath-kou-21.73,Kourovka Notebook Problem 21.73,UnsolvedMath,group_theory,2,40,unclassified_question,formal_modeling,modeling_candidate,5,15,7,8,0,1,2
1391,23,30,37,38,8,unsolvedmath-kou-21.98,unsolvedmath:unsolvedmath-kou-21.98,Kourovka Notebook Problem 21.98,UnsolvedMath,group_theory,2,40,unclassified_question,formal_modeling,modeling_candidate,5,15,7,8,0,1,2
1392,23,30,37,38,8,unsolvedmath-opg-373,unsolvedmath:unsolvedmath-opg-373,The large sets conjecture,UnsolvedMath,combinatorics,2,40,unclassified_question,formal_modeling,modeling_candidate,5,15,7,8,0,1,2
1393,23,30,37,37,7,formal-conjectures-erdos-938,erdos:938,Formal Conjectures: erdos_938,Google DeepMind Formal Conjectures,research_mathematics,,50,answer_query,answer_discovery,not_counterexample_target,0,15,6,9,0,3,4
1394,23,30,37,36,6,unsolvedmath-opg-59977,unsolvedmath:unsolvedmath-opg-59977,Are there infinite number of Mersenne Primes?,UnsolvedMath,number_theory,3,60,existence_claim,witness_discovery,not_counterexample_target,0,15,7,10,0,2,2
1395,22,32,42,41,9,unsolvedmath-ep-1100,erdos:1100,Erdős Problem #1100,UnsolvedMath,number_theory,1,20,classification_or_optimization,subclaim_decomposition,needs_atomic_split,4,15,7,12,1,0,2
1396,22,32,42,41,9,unsolvedmath-ep-404,erdos:404,Erdős Problem #404,UnsolvedMath,number_theory,1,20,classification_or_optimization,subclaim_decomposition,needs_atomic_split,4,15,8,10,0,2,2
1397,22,32,42,41,9,unsolvedmath-ep-415,erdos:415,Erdős Problem #415,UnsolvedMath,number_theory,1,20,mixed_quantifiers,subclaim_decomposition,needs_atomic_split,4,15,8,10,0,2,2
1398,22,32,42,39,7,unsolvedmath-ep-1070,erdos:1070,Erdős Problem #1070,UnsolvedMath,graph_theory,1,20,classification_or_optimization,subclaim_decomposition,needs_atomic_split,4,15,8,8,0,2,2
1399,22,32,42,39,7,unsolvedmath-ep-529,erdos:529,Erdős Problem #529,UnsolvedMath,graph_theory,1,20,universal_claim,counterexample,needs_atomic_split,4,15,8,8,0,2,2
1400,22,32,42,39,7,unsolvedmath-ep-790,erdos:790,Erdős Problem #790,UnsolvedMath,combinatorics,1,20,classification_or_optimization,subclaim_decomposition,needs_atomic_split,4,15,7,10,0,1,2
1401,22,32,42,39,7,unsolvedmath-ep-863,erdos:863,Erdős Problem #863,UnsolvedMath,combinatorics,1,20,mixed_quantifiers,subclaim_decomposition,needs_atomic_split,4,15,7,8,0,3,2
1402,22,32,42,39,7,unsolvedmath-ep-864,erdos:864,Erdős Problem #864,UnsolvedMath,combinatorics,1,20,classification_or_optimization,subclaim_decomposition,needs_atomic_split,4,15,7,8,0,3,2
1403,22,32,42,35,3,unsolvedmath-ep-1093,erdos:1093,Erdős Problem #1093,UnsolvedMath,number_theory,1,20,existence_claim,witness_discovery,needs_atomic_split,0,15,8,10,0,0,2
1404,22,32,42,35,3,unsolvedmath-ep-32,erdos:32,Erdős Problem #32,UnsolvedMath,number_theory,1,20,existence_claim,witness_discovery,needs_atomic_split,0,15,7,10,0,1,2
1405,22,31,40,41,10,unsolvedmath-kou-21.146,unsolvedmath:unsolvedmath-kou-21.146,Kourovka Notebook Problem 21.146,UnsolvedMath,group_theory,3,60,universal_claim,counterexample,needs_atomic_split,4,15,7,10,1,2,2
1406,22,31,40,40,9,formal-conjectures-erdos-218-variants-le,erdos:218,Formal Conjectures: erdos_218.variants.le,Google DeepMind Formal Conjectures,research_mathematics,,50,closed_relation,formal_modeling,modeling_candidate,5,15,4,7,1,4,4
1407,22,31,40,39,8,unsolvedmath-kou-21.124,unsolvedmath:unsolvedmath-kou-21.124,Kourovka Notebook Problem 21.124,UnsolvedMath,group_theory,2,40,universal_claim,counterexample,needs_atomic_split,4,15,7,8,0,3,2
1408,22,31,40,37,6,unsolvedmath-kp-1.25,unsolvedmath:unsolvedmath-kp-1.25,Kirby Problem 1.25,UnsolvedMath,topology,3,60,equivalence_claim,counterexample,needs_atomic_split,4,15,5,9,0,2,2
1409,22,31,40,37,6,unsolvedmath-kp-1.7,unsolvedmath:unsolvedmath-kp-1.7,Kirby Problem 1.7,UnsolvedMath,topology,3,60,unclassified_question,formal_modeling,needs_atomic_split,4,15,5,9,0,2,2
1410,22,30,38,39,9,unsolvedmath-ep-463,erdos:463,Erdős Problem #463,UnsolvedMath,number_theory,1,20,existence_claim,witness_discovery,not_counterexample_target,0,15,8,12,1,1,2
1411,22,30,38,39,9,unsolvedmath-ep-906,erdos:906,Erdős Problem #906,UnsolvedMath,combinatorics,1,20,existence_claim,witness_discovery,not_counterexample_target,0,15,9,12,0,1,2
1412,22,30,38,39,9,unsolvedmath-ep-948,erdos:948,Erdős Problem #948,UnsolvedMath,number_theory,1,20,existence_claim,witness_discovery,not_counterexample_target,0,15,10,12,0,0,2
1413,22,30,38,37,7,unsolvedmath-ep-197,erdos:197,Erdős Problem #197,UnsolvedMath,number_theory,1,20,unclassified_question,formal_modeling,modeling_candidate,5,15,7,6,0,2,2
1414,22,30,38,37,7,unsolvedmath-ep-660,erdos:660,Erdős Problem #660,UnsolvedMath,graph_theory,1,20,existence_claim,witness_discovery,not_counterexample_target,0,15,8,8,0,4,2
1415,22,30,38,36,6,unsolvedmath-ep-141,erdos:141,Erdős Problem #141,UnsolvedMath,number_theory,3,60,existence_claim,witness_discovery,not_counterexample_target,0,15,7,10,2,0,2
1416,22,30,38,36,6,unsolvedmath-ep-972,erdos:972,Erdős Problem #972,UnsolvedMath,number_theory,3,60,existence_claim,witness_discovery,not_counterexample_target,0,15,7,12,0,0,2
1417,22,30,38,35,5,unsolvedmath-ep-727,erdos:727,Erdős Problem #727,UnsolvedMath,number_theory,1,20,existence_claim,witness_discovery,not_counterexample_target,0,15,8,10,0,0,2
1418,22,29,36,45,16,unsolvedmath-comb-010,unsolvedmath:unsolvedmath-comb-010,The Cap Set Problem,UnsolvedMath,combinatorics,4,80,classification_or_optimization,subclaim_decomposition,not_counterexample_target,8,15,8,8,0,4,2
1419,22,29,36,45,16,unsolvedmath-top-003,unsolvedmath:unsolvedmath-top-003,The Whitehead Conjecture,UnsolvedMath,topology,4,80,universal_claim,counterexample,modeling_candidate,18,15,2,5,2,1,2
1420,22,29,36,44,15,unsolvedmath-ag-004,unsolvedmath:unsolvedmath-ag-004,The Tate Conjecture,UnsolvedMath,algebraic_geometry,5,100,unclassified_question,formal_modeling,modeling_candidate,5,15,5,11,4,2,2
1421,22,29,36,44,15,unsolvedmath-nt-005,unsolvedmath:unsolvedmath-nt-005,ABC Conjecture,UnsolvedMath,number_theory,5,100,mixed_quantifiers,subclaim_decomposition,not_counterexample_target,8,15,8,10,0,1,2
1422,22,29,36,43,14,unsolvedmath-comb-006,unsolvedmath:unsolvedmath-comb-006,Sunflower Conjecture,UnsolvedMath,combinatorics,4,80,mixed_quantifiers,subclaim_decomposition,not_counterexample_target,8,15,7,8,0,3,2
1423,22,29,36,41,12,unsolvedmath-kp-3.3,unsolvedmath:unsolvedmath-kp-3.3,Kirby Problem 3.3,UnsolvedMath,topology,3,60,universal_claim,counterexample,modeling_candidate,18,15,2,3,0,1,2
1424,22,29,36,41,12,unsolvedmath-kp-3.36,unsolvedmath:unsolvedmath-kp-3.36,Kirby Problem 3.36,UnsolvedMath,topology,3,60,universal_claim,counterexample,modeling_candidate,18,15,2,3,0,1,2
1425,22,29,36,41,12,unsolvedmath-kp-3.38,unsolvedmath:unsolvedmath-kp-3.38,Kirby Problem 3.38,UnsolvedMath,topology,3,60,universal_claim,counterexample,modeling_candidate,18,15,2,3,0,1,2
1426,22,29,36,41,12,unsolvedmath-kp-3.40,unsolvedmath:unsolvedmath-kp-3.40,Kirby Problem 3.40,UnsolvedMath,topology,3,60,universal_claim,counterexample,modeling_candidate,18,15,2,3,0,1,2
1427,22,29,36,41,12,unsolvedmath-kp-3.58,unsolvedmath:unsolvedmath-kp-3.58,Kirby Problem 3.58,UnsolvedMath,topology,3,60,equivalence_claim,counterexample,modeling_candidate,18,15,2,3,0,1,2
1428,22,29,36,41,12,unsolvedmath-kp-4.100,unsolvedmath:unsolvedmath-kp-4.100,Kirby Problem 4.100,UnsolvedMath,topology,3,60,equivalence_claim,counterexample,modeling_candidate,18,15,2,3,0,1,2
1429,22,29,36,41,12,unsolvedmath-kp-4.109,unsolvedmath:unsolvedmath-kp-4.109,Kirby Problem 4.109,UnsolvedMath,topology,3,60,equivalence_claim,counterexample,modeling_candidate,18,15,2,3,0,1,2
1430,22,29,36,41,12,unsolvedmath-kp-4.117,unsolvedmath:unsolvedmath-kp-4.117,Kirby Problem 4.117,UnsolvedMath,topology,3,60,equivalence_claim,counterexample,modeling_candidate,18,15,2,3,0,1,2
1431,22,29,36,41,12,unsolvedmath-kp-4.119,unsolvedmath:unsolvedmath-kp-4.119,Kirby Problem 4.119,UnsolvedMath,topology,3,60,universal_claim,counterexample,modeling_candidate,18,15,2,3,0,1,2
1432,22,29,36,41,12,unsolvedmath-kp-4.123,unsolvedmath:unsolvedmath-kp-4.123,Kirby Problem 4.123,UnsolvedMath,topology,3,60,universal_claim,counterexample,modeling_candidate,18,15,2,3,0,1,2
1433,22,29,36,41,12,unsolvedmath-kp-4.15,unsolvedmath:unsolvedmath-kp-4.15,Kirby Problem 4.15,UnsolvedMath,topology,3,60,universal_claim,counterexample,modeling_candidate,18,15,2,3,0,1,2
1434,22,29,36,41,12,unsolvedmath-kp-4.21,unsolvedmath:unsolvedmath-kp-4.21,Kirby Problem 4.21,UnsolvedMath,topology,3,60,universal_claim,counterexample,modeling_candidate,18,15,2,3,0,1,2
1435,22,29,36,41,12,unsolvedmath-kp-4.26,unsolvedmath:unsolvedmath-kp-4.26,Kirby Problem 4.26,UnsolvedMath,topology,3,60,equivalence_claim,counterexample,modeling_candidate,18,15,2,3,0,1,2
1436,22,29,36,41,12,unsolvedmath-kp-4.5,unsolvedmath:unsolvedmath-kp-4.5,Kirby Problem 4.5,UnsolvedMath,topology,3,60,universal_claim,counterexample,modeling_candidate,18,15,2,3,0,1,2
1437,22,29,36,41,12,unsolvedmath-kp-4.6,unsolvedmath:unsolvedmath-kp-4.6,Kirby Problem 4.6,UnsolvedMath,topology,3,60,universal_claim,counterexample,modeling_candidate,18,15,2,3,0,1,2
1438,22,29,36,41,12,unsolvedmath-kp-4.90,unsolvedmath:unsolvedmath-kp-4.90,Kirby Problem 4.90,UnsolvedMath,topology,3,60,universal_claim,counterexample,modeling_candidate,18,15,2,3,0,1,2
1439,22,29,36,41,12,unsolvedmath-kp-4.99,unsolvedmath:unsolvedmath-kp-4.99,Kirby Problem 4.99,UnsolvedMath,topology,3,60,universal_claim,counterexample,modeling_candidate,18,15,2,3,0,1,2
1440,22,29,36,41,12,formal-conjectures-exists-hasaddvcndimatmost-n-of-convex-rn-add-one,formal_conjectures:formal-conjectures-exists-hasaddvcndimatmost-n-of-convex-rn-add-one,Formal Conjectures: exists_hasAddVCNDimAtMost_n_of_convex_rn_add_one,Google DeepMind Formal Conjectures,research_mathematics,,50,mixed_quantifiers,subclaim_decomposition,not_counterexample_target,8,15,3,7,1,3,4
1441,22,29,36,39,10,unsolvedmath-kou-21.81,unsolvedmath:unsolvedmath-kou-21.81,Kourovka Notebook Problem 21.81,UnsolvedMath,group_theory,3,60,unclassified_question,formal_modeling,modeling_candidate,5,15,8,8,0,1,2
1442,22,29,36,39,10,unsolvedmath-kou-21.126,unsolvedmath:unsolvedmath-kou-21.126,Kourovka Notebook Problem 21.126,UnsolvedMath,group_theory,2,40,existence_claim,witness_discovery,not_counterexample_target,0,15,8,12,0,2,2
1443,22,29,36,37,8,unsolvedmath-green-089,unsolvedmath:unsolvedmath-green-089,Random Walk Mixing on Alternating Groups,UnsolvedMath,algebra,2,40,unclassified_question,formal_modeling,modeling_candidate,5,15,6,8,0,1,2
1444,22,29,36,37,8,unsolvedmath-opg-1820,unsolvedmath:unsolvedmath-opg-1820,Simplexity of the n-cube,UnsolvedMath,geometry,2,40,classification_or_optimization,subclaim_decomposition,not_counterexample_target,8,15,6,4,0,2,2
1445,22,29,36,36,7,formal-conjectures-erdos-306,erdos:306,Formal Conjectures: erdos_306,Google DeepMind Formal Conjectures,research_mathematics,,50,answer_query,answer_discovery,not_counterexample_target,0,15,6,9,0,2,4
1446,22,29,36,36,7,formal-conjectures-erdos-307,erdos:307,Formal Conjectures: erdos_307,Google DeepMind Formal Conjectures,research_mathematics,,50,answer_query,answer_discovery,not_counterexample_target,0,15,6,9,0,2,4
1447,22,29,36,36,7,formal-conjectures-erdos-307-variants-coprime-one-notmem,erdos:307,Formal Conjectures: erdos_307.variants.coprime_one_notMem,Google DeepMind Formal Conjectures,research_mathematics,,50,answer_query,answer_discovery,not_counterexample_target,0,15,6,9,0,2,4
1448,22,29,36,36,7,formal-conjectures-erdos-885,erdos:885,Formal Conjectures: erdos_885,Google DeepMind Formal Conjectures,research_mathematics,,50,answer_query,answer_discovery,not_counterexample_target,0,15,6,9,0,2,4
1449,22,29,36,36,7,formal-conjectures-erdos-szekeres-strengthening,erdos:699,Formal Conjectures: erdos_szekeres_strengthening,Google DeepMind Formal Conjectures,research_mathematics,,50,answer_query,answer_discovery,not_counterexample_target,0,15,6,9,0,2,4
1450,22,29,36,36,7,formal-conjectures-green-37,formal_conjectures:formal-conjectures-green-37,Formal Conjectures: green_37,Google DeepMind Formal Conjectures,research_mathematics,,50,answer_query,answer_discovery,not_counterexample_target,0,15,6,9,0,2,4
1451,22,29,36,36,7,unsolvedmath-green-034,unsolvedmath:unsolvedmath-green-034,Covering Squares with Sumsets,UnsolvedMath,number_theory,1,20,unclassified_question,formal_modeling,modeling_candidate,5,15,7,6,0,1,2
1452,22,29,36,36,7,unsolvedmath-green-049,unsolvedmath:unsolvedmath-green-049,Sparse Hitting Set for Rectangles,UnsolvedMath,geometry,1,20,mixed_quantifiers,subclaim_decomposition,not_counterexample_target,8,15,5,4,0,2,2
1453,22,29,36,36,7,unsolvedmath-opg-37221,unsolvedmath:unsolvedmath-opg-37221,Perfect cuboid,UnsolvedMath,number_theory,1,20,unclassified_question,formal_modeling,modeling_candidate,5,15,7,6,0,1,2
1454,22,29,36,35,6,unsolvedmath-guy-a12a,unsolvedmath:unsolvedmath-guy-a12a,Square Pseudoprimes,UnsolvedMath,number_theory,3,60,existence_claim,witness_discovery,not_counterexample_target,0,15,7,10,0,1,2
1455,22,29,36,35,6,unsolvedmath-guy-a18,unsolvedmath:unsolvedmath-guy-a18,Erdős-Selfridge Classification: Infinitely Many Primes in Each Class,UnsolvedMath,number_theory,3,60,existence_claim,witness_discovery,not_counterexample_target,0,15,8,10,0,0,2
1456,22,29,36,35,6,unsolvedmath-kp-2.38,unsolvedmath:unsolvedmath-kp-2.38,Kirby Problem 2.38,UnsolvedMath,topology,3,60,classification_or_optimization,subclaim_decomposition,not_counterexample_target,8,15,2,7,0,1,2
1457,21,31,41,40,9,unsolvedmath-ep-420,erdos:420,Erdős Problem #420,UnsolvedMath,number_theory,1,20,equivalence_claim,counterexample,needs_atomic_split,4,15,7,10,0,2,2
1458,21,31,41,40,9,unsolvedmath-ep-950,erdos:950,Erdős Problem #950,UnsolvedMath,number_theory,1,20,universal_claim,counterexample,needs_atomic_split,4,15,7,10,1,1,2
1459,21,31,41,38,7,unsolvedmath-ep-131,erdos:131,Erdős Problem #131,UnsolvedMath,combinatorics,1,20,classification_or_optimization,subclaim_decomposition,needs_atomic_split,4,15,7,8,0,2,2
1460,21,31,41,38,7,unsolvedmath-ep-317,erdos:317,Erdős Problem #317,UnsolvedMath,combinatorics,1,20,existence_claim,witness_discovery,needs_atomic_split,0,15,8,10,1,2,2
1461,21,31,41,38,7,unsolvedmath-ep-43,erdos:43,Erdős Problem #43,UnsolvedMath,combinatorics,1,20,mixed_quantifiers,subclaim_decomposition,needs_atomic_split,4,15,7,8,0,2,2
1462,21,31,41,38,7,unsolvedmath-ep-635,erdos:635,Erdős Problem #635,UnsolvedMath,combinatorics,1,20,unclassified_question,formal_modeling,needs_atomic_split,4,15,7,8,0,2,2
1463,21,31,41,38,7,unsolvedmath-ep-92,erdos:92,Erdős Problem #92,UnsolvedMath,graph_theory,1,20,mixed_quantifiers,subclaim_decomposition,needs_atomic_split,4,15,7,8,0,2,2
1464,21,31,41,34,3,unsolvedmath-ep-1065,erdos:1065,Erdős Problem #1065,UnsolvedMath,number_theory,1,20,existence_claim,witness_discovery,needs_atomic_split,0,15,7,10,0,0,2
1465,21,31,41,34,3,unsolvedmath-ep-12,erdos:12,Erdős Problem #12,UnsolvedMath,number_theory,1,20,existence_claim,witness_discovery,needs_atomic_split,0,15,7,10,0,0,2
1466,21,31,41,34,3,unsolvedmath-ep-470,erdos:470,Erdős Problem #470,UnsolvedMath,number_theory,1,20,existence_claim,witness_discovery,needs_atomic_split,0,15,7,10,0,0,2
1467,21,31,41,34,3,unsolvedmath-ep-939,erdos:939,Erdős Problem #939,UnsolvedMath,number_theory,1,20,existence_claim,witness_discovery,needs_atomic_split,0,15,7,10,0,0,2
1468,21,30,39,40,10,unsolvedmath-alg-009,unsolvedmath:unsolvedmath-alg-009,Bounded Burnside Problem,UnsolvedMath,algebra,4,80,classification_or_optimization,subclaim_decomposition,needs_atomic_split,4,15,7,10,0,2,2
1469,21,30,39,37,7,unsolvedmath-opg-743,unsolvedmath:unsolvedmath-opg-743,Random stable roommates,UnsolvedMath,graph_theory,1,20,unclassified_question,formal_modeling,needs_atomic_split,4,15,7,8,0,1,2
1470,21,30,39,36,6,unsolvedmath-kp-1.21,unsolvedmath:unsolvedmath-kp-1.21,Kirby Problem 1.21,UnsolvedMath,topology,3,60,mixed_quantifiers,subclaim_decomposition,needs_atomic_split,4,15,3,7,4,1,2
1471,21,30,39,33,3,unsolvedmath-opg-60024,unsolvedmath:unsolvedmath-opg-60024,A diagram about funcoids and reloids,UnsolvedMath,topology,1,20,equivalence_claim,counterexample,needs_atomic_split,4,15,3,7,0,2,2
1472,21,29,37,38,9,unsolvedmath-ep-750,erdos:750,Erdős Problem #750,UnsolvedMath,graph_theory,1,20,existence_claim,witness_discovery,not_counterexample_target,0,15,8,12,0,1,2
1473,21,29,37,36,7,unsolvedmath-ep-212,erdos:212,Erdős Problem #212,UnsolvedMath,combinatorics,1,20,existence_claim,witness_discovery,not_counterexample_target,0,15,8,8,0,3,2
1474,21,29,37,36,7,unsolvedmath-ep-329,erdos:329,Erdős Problem #329,UnsolvedMath,number_theory,1,20,unclassified_question,formal_modeling,modeling_candidate,5,15,7,6,0,1,2
1475,21,29,37,36,7,unsolvedmath-ep-507,erdos:507,Erdős Problem #507,UnsolvedMath,geometry,1,20,classification_or_optimization,subclaim_decomposition,not_counterexample_target,8,15,5,4,0,2,2
1476,21,29,37,36,7,unsolvedmath-ep-572,erdos:572,Erdős Problem #572,UnsolvedMath,number_theory,1,20,unclassified_question,formal_modeling,modeling_candidate,5,15,7,6,0,1,2
1477,21,29,37,36,7,unsolvedmath-ep-749,erdos:749,Erdős Problem #749,UnsolvedMath,combinatorics,1,20,existence_claim,witness_discovery,not_counterexample_target,0,15,7,10,1,1,2
1478,21,28,35,49,21,unsolvedmath-nt-025,unsolvedmath:unsolvedmath-nt-025,The Gauss Circle Problem,UnsolvedMath,number_theory,5,100,classification_or_optimization,subclaim_decomposition,not_counterexample_target,8,15,9,12,0,3,2
1479,21,28,35,42,14,unsolvedmath-geo-024,unsolvedmath:unsolvedmath-geo-024,The Heilbronn Triangle Problem,UnsolvedMath,geometry,4,80,classification_or_optimization,subclaim_decomposition,not_counterexample_target,8,15,6,4,2,5,2
1480,21,28,35,42,14,unsolvedmath-nt-063,unsolvedmath:unsolvedmath-nt-063,Density of Ulam Numbers,UnsolvedMath,number_theory,4,80,unclassified_question,formal_modeling,modeling_candidate,5,15,7,8,2,3,2
1481,21,28,35,42,14,unsolvedmath-set-003,unsolvedmath:unsolvedmath-set-003,Whitehead Problem,UnsolvedMath,set_theory,4,80,universal_claim,counterexample,modeling_candidate,18,15,3,3,0,1,2
1482,21,28,35,40,12,unsolvedmath-kp-3.17,unsolvedmath:unsolvedmath-kp-3.17,Kirby Problem 3.17,UnsolvedMath,topology,3,60,universal_claim,counterexample,modeling_candidate,18,15,2,1,0,2,2
1483,21,28,35,40,12,unsolvedmath-kp-3.2,unsolvedmath:unsolvedmath-kp-3.2,Kirby Problem 3.2,UnsolvedMath,topology,3,60,universal_claim,counterexample,modeling_candidate,18,15,2,1,0,2,2
1484,21,28,35,40,12,unsolvedmath-kp-3.51,unsolvedmath:unsolvedmath-kp-3.51,Kirby Problem 3.51,UnsolvedMath,topology,3,60,universal_claim,counterexample,modeling_candidate,18,15,2,1,0,2,2
1485,21,28,35,40,12,formal-conjectures-babai-seress-conjecture,formal_conjectures:formal-conjectures-babai-seress-conjecture,Formal Conjectures: babai_seress_conjecture,Google DeepMind Formal Conjectures,research_mathematics,,50,mixed_quantifiers,subclaim_decomposition,not_counterexample_target,8,15,6,5,0,2,4
1486,21,28,35,40,12,formal-conjectures-erdos-566,erdos:566,Formal Conjectures: erdos_566,Google DeepMind Formal Conjectures,research_mathematics,,50,answer_query,answer_discovery,not_counterexample_target,0,15,6,11,1,3,4
1487,21,28,35,39,11,unsolvedmath-kou-21.30,unsolvedmath:unsolvedmath-kou-21.30,Kourovka Notebook Problem 21.30,UnsolvedMath,group_theory,3,60,mixed_quantifiers,subclaim_decomposition,not_counterexample_target,8,15,7,6,0,1,2
1488,21,28,35,39,11,unsolvedmath-kp-1.27,unsolvedmath:unsolvedmath-kp-1.27,Kirby Problem 1.27,UnsolvedMath,topology,3,60,equivalence_claim,counterexample,modeling_candidate,18,15,2,1,0,1,2
1489,21,28,35,39,11,unsolvedmath-kp-3.6,unsolvedmath:unsolvedmath-kp-3.6,Kirby Problem 3.6,UnsolvedMath,topology,3,60,equivalence_claim,counterexample,modeling_candidate,18,15,2,1,0,1,2
1490,21,28,35,38,10,unsolvedmath-graph-024,unsolvedmath:unsolvedmath-graph-024,Conway's 99-Graph Problem,UnsolvedMath,graph_theory,4,80,existence_claim,witness_discovery,not_counterexample_target,0,15,7,12,2,0,2
1491,21,28,35,38,10,unsolvedmath-nt-037,unsolvedmath:unsolvedmath-nt-037,Mahler's 3/2 Problem,UnsolvedMath,number_theory,4,80,existence_claim,witness_discovery,not_counterexample_target,0,15,7,12,1,1,2
1492,21,28,35,38,10,unsolvedmath-st-010,unsolvedmath:unsolvedmath-st-010,Open Coloring Axiom and Continuum Hypothesis,UnsolvedMath,set_theory,4,80,unclassified_question,formal_modeling,modeling_candidate,5,15,6,9,0,1,2
1493,21,28,35,38,10,unsolvedmath-kou-21.143,unsolvedmath:unsolvedmath-kou-21.143,Kourovka Notebook Problem 21.143,UnsolvedMath,group_theory,3,60,unclassified_question,formal_modeling,modeling_candidate,5,15,7,8,0,1,2
1494,21,28,35,38,10,unsolvedmath-opg-760,unsolvedmath:unsolvedmath-opg-760,Burnside problem,UnsolvedMath,group_theory,3,60,unclassified_question,formal_modeling,modeling_candidate,5,15,7,8,0,1,2
1495,21,28,35,36,8,unsolvedmath-green-055,unsolvedmath:unsolvedmath-green-055,Stable Density on Subspaces,UnsolvedMath,combinatorics,2,40,existence_claim,witness_discovery,not_counterexample_target,0,15,7,10,0,2,2
1496,21,28,35,36,8,unsolvedmath-opg-1786,unsolvedmath:unsolvedmath-opg-1786,Algebraic independence of pi and e,UnsolvedMath,number_theory,2,40,unclassified_question,formal_modeling,modeling_candidate,5,15,7,6,0,1,2
1497,21,28,35,36,8,unsolvedmath-opg-37329,unsolvedmath:unsolvedmath-opg-37329,Euler-Mascheroni constant,UnsolvedMath,number_theory,2,40,unclassified_question,formal_modeling,modeling_candidate,5,15,7,6,0,1,2
1498,21,28,35,35,7,formal-conjectures-density-of-hyperbolicity-general-exponent,formal_conjectures:formal-conjectures-density-of-hyperbolicity-general-exponent,Formal Conjectures: density_of_hyperbolicity_general_exponent,Google DeepMind Formal Conjectures,research_mathematics,,50,existence_claim,witness_discovery,not_counterexample_target,0,15,6,7,0,3,4
1499,21,28,35,35,7,formal-conjectures-erdos-1056,erdos:1056,Formal Conjectures: erdos_1056,Google DeepMind Formal Conjectures,research_mathematics,,50,answer_query,answer_discovery,not_counterexample_target,0,15,4,9,1,2,4
1500,21,28,35,35,7,formal-conjectures-erdos-108,erdos:108,Formal Conjectures: erdos_108,Google DeepMind Formal Conjectures,research_mathematics,,50,answer_query,answer_discovery,not_counterexample_target,0,15,6,7,0,3,4
1501,21,28,35,35,7,formal-conjectures-erdos-930,erdos:930,Formal Conjectures: erdos_930,Google DeepMind Formal Conjectures,research_mathematics,,50,answer_query,answer_discovery,not_counterexample_target,0,15,4,9,1,2,4
1502,21,28,35,35,7,formal-conjectures-green-4,formal_conjectures:formal-conjectures-green-4,Formal Conjectures: green_4,Google DeepMind Formal Conjectures,research_mathematics,,50,answer_query,answer_discovery,not_counterexample_target,0,15,4,9,1,2,4
1503,21,28,35,35,7,unsolvedmath-green-083,unsolvedmath:unsolvedmath-green-083,Pyjama Set Covering,UnsolvedMath,geometry,1,20,classification_or_optimization,subclaim_decomposition,not_counterexample_target,8,15,5,4,0,1,2
1504,21,28,35,35,7,unsolvedmath-opg-37286,unsolvedmath:unsolvedmath-opg-37286,Point sets with no empty pentagon,UnsolvedMath,geometry,1,20,classification_or_optimization,subclaim_decomposition,not_counterexample_target,8,15,5,4,0,1,2
1505,21,28,35,35,7,unsolvedmath-opg-48715,unsolvedmath:unsolvedmath-opg-48715,Sub-atomic product of funcoids is a categorical product,UnsolvedMath,algebra,1,20,unclassified_question,formal_modeling,modeling_candidate,5,15,6,6,0,1,2
1506,21,28,35,35,7,unsolvedmath-opg-59896,unsolvedmath:unsolvedmath-opg-59896,Generalized path-connectedness in proximity spaces,UnsolvedMath,topology,1,20,mixed_quantifiers,subclaim_decomposition,not_counterexample_target,8,15,3,5,1,1,2
1507,21,28,35,35,7,unsolvedmath-opg-59984,unsolvedmath:unsolvedmath-opg-59984,Chromatic number of associahedron,UnsolvedMath,geometry,1,20,unclassified_question,formal_modeling,modeling_candidate,5,15,6,4,0,3,2
1508,21,28,35,34,6,unsolvedmath-guy-a12c,unsolvedmath:unsolvedmath-guy-a12c,Even Fibonacci Pseudoprimes,UnsolvedMath,number_theory,3,60,existence_claim,witness_discovery,not_counterexample_target,0,15,7,10,0,0,2
1509,21,28,35,34,6,unsolvedmath-opg-37283,unsolvedmath:unsolvedmath-opg-37283,Finite Lattice Representation Problem,UnsolvedMath,algebra,3,60,existence_claim,witness_discovery,not_counterexample_target,0,15,6,10,0,1,2
1510,21,28,35,33,5,formal-conjectures-exists-magic-square-squares,formal_conjectures:formal-conjectures-exists-magic-square-squares,Formal Conjectures: exists_magic_square_squares,Google DeepMind Formal Conjectures,research_mathematics,,50,answer_query,answer_discovery,not_counterexample_target,0,15,3,9,0,2,4
1511,21,28,35,33,5,formal-conjectures-exists-semi-magic-square-cubes,formal_conjectures:formal-conjectures-exists-semi-magic-square-cubes,Formal Conjectures: exists_semi_magic_square_cubes,Google DeepMind Formal Conjectures,research_mathematics,,50,answer_query,answer_discovery,not_counterexample_target,0,15,3,9,0,2,4
1512,21,28,35,33,5,formal-conjectures-four-dim-euler-brick-existence,formal_conjectures:formal-conjectures-four-dim-euler-brick-existence,Formal Conjectures: four_dim_euler_brick_existence,Google DeepMind Formal Conjectures,research_mathematics,,50,answer_query,answer_discovery,not_counterexample_target,0,15,3,9,0,2,4
1513,21,28,35,32,4,unsolvedmath-opg-316,unsolvedmath:unsolvedmath-opg-316,Fat 4-polytopes,UnsolvedMath,geometry,2,40,existence_claim,witness_discovery,not_counterexample_target,0,15,5,8,0,2,2
1514,20,30,40,39,9,unsolvedmath-ep-1061,erdos:1061,Erdős Problem #1061,UnsolvedMath,number_theory,1,20,classification_or_optimization,subclaim_decomposition,needs_atomic_split,4,15,7,10,0,1,2
1515,20,30,40,39,9,unsolvedmath-ep-1117,erdos:1117,Erdős Problem #1117,UnsolvedMath,combinatorics,1,20,equivalence_claim,counterexample,needs_atomic_split,4,15,7,8,0,3,2
1516,20,30,40,37,7,unsolvedmath-ep-1108,erdos:1108,Erdős Problem #1108,UnsolvedMath,combinatorics,1,20,equivalence_claim,counterexample,needs_atomic_split,4,15,8,8,0,0,2
1517,20,30,40,37,7,unsolvedmath-ep-1109,erdos:1109,Erdős Problem #1109,UnsolvedMath,number_theory,1,20,classification_or_optimization,subclaim_decomposition,needs_atomic_split,4,15,7,6,0,3,2
1518,20,30,40,37,7,unsolvedmath-ep-1131,erdos:1131,Erdős Problem #1131,UnsolvedMath,combinatorics,1,20,classification_or_optimization,subclaim_decomposition,needs_atomic_split,4,15,7,8,0,1,2
1519,20,30,40,37,7,unsolvedmath-ep-327,erdos:327,Erdős Problem #327,UnsolvedMath,combinatorics,1,20,universal_claim,counterexample,needs_atomic_split,4,15,7,8,0,1,2
1520,20,30,40,37,7,unsolvedmath-ep-365,erdos:365,Erdős Problem #365,UnsolvedMath,number_theory,1,20,universal_claim,counterexample,needs_atomic_split,4,15,8,8,0,0,2
1521,20,30,40,37,7,unsolvedmath-ep-417,erdos:417,Erdős Problem #417,UnsolvedMath,combinatorics,1,20,equivalence_claim,counterexample,needs_atomic_split,4,15,7,8,0,1,2
1522,20,30,40,37,7,unsolvedmath-ep-483,erdos:483,Erdős Problem #483,UnsolvedMath,number_theory,1,20,classification_or_optimization,subclaim_decomposition,needs_atomic_split,4,15,8,6,0,2,2
1523,20,30,40,37,7,unsolvedmath-ep-817,erdos:817,Erdős Problem #817,UnsolvedMath,combinatorics,1,20,classification_or_optimization,subclaim_decomposition,needs_atomic_split,4,15,7,8,0,1,2
1524,20,30,40,37,7,unsolvedmath-ep-838,erdos:838,Erdős Problem #838,UnsolvedMath,combinatorics,1,20,classification_or_optimization,subclaim_decomposition,needs_atomic_split,4,15,7,8,0,1,2
1525,20,30,40,37,7,unsolvedmath-ep-876,erdos:876,Erdős Problem #876,UnsolvedMath,combinatorics,1,20,universal_claim,counterexample,needs_atomic_split,4,15,7,8,0,1,2
1526,20,29,38,38,9,formal-conjectures-erdos-1094,erdos:1094,Formal Conjectures: erdos_1094,Google DeepMind Formal Conjectures,research_mathematics,,50,closed_relation,formal_modeling,modeling_candidate,5,15,4,7,1,2,4
1527,20,29,38,37,8,unsolvedmath-kou-21.145,unsolvedmath:unsolvedmath-kou-21.145,Kourovka Notebook Problem 21.145,UnsolvedMath,group_theory,2,40,unclassified_question,formal_modeling,needs_atomic_split,4,15,7,8,0,1,2
1528,20,29,38,35,6,unsolvedmath-kp-3.48,unsolvedmath:unsolvedmath-kp-3.48,Kirby Problem 3.48,UnsolvedMath,topology,3,60,equivalence_claim,counterexample,needs_atomic_split,4,15,3,7,0,4,2
1529,20,28,36,37,9,unsolvedmath-ep-159,erdos:159,Erdős Problem #159,UnsolvedMath,graph_theory,1,20,existence_claim,witness_discovery,not_counterexample_target,0,15,7,10,0,3,2
1530,20,28,36,37,9,unsolvedmath-ep-249,erdos:249,Erdős Problem #249,UnsolvedMath,number_theory,1,20,unclassified_question,formal_modeling,modeling_candidate,5,15,7,6,0,2,2
1531,20,28,36,37,9,unsolvedmath-ep-973,erdos:973,Erdős Problem #973,UnsolvedMath,combinatorics,1,20,existence_claim,witness_discovery,not_counterexample_target,0,15,7,12,1,0,2
1532,20,28,36,35,7,unsolvedmath-ep-826,erdos:826,Erdős Problem #826,UnsolvedMath,combinatorics,1,20,existence_claim,witness_discovery,not_counterexample_target,0,15,7,10,1,0,2
1533,20,28,36,35,7,unsolvedmath-ep-865,erdos:865,Erdős Problem #865,UnsolvedMath,number_theory,1,20,existence_claim,witness_discovery,not_counterexample_target,0,15,7,8,1,2,2
1534,20,28,36,35,7,unsolvedmath-ep-870,erdos:870,Erdős Problem #870,UnsolvedMath,number_theory,1,20,existence_claim,witness_discovery,not_counterexample_target,0,15,8,8,1,1,2
1535,20,27,34,48,21,unsolvedmath-nt-071,unsolvedmath:unsolvedmath-nt-071,Dirichlet's Divisor Problem,UnsolvedMath,number_theory,5,100,classification_or_optimization,subclaim_decomposition,not_counterexample_target,8,15,9,12,0,2,2
1536,20,27,34,42,15,unsolvedmath-nt-055,unsolvedmath:unsolvedmath-nt-055,Erdős Conjecture on Arithmetic Progressions,UnsolvedMath,number_theory,5,100,unclassified_question,formal_modeling,modeling_candidate,5,15,7,10,0,3,2
1537,20,27,34,41,14,unsolvedmath-geo-023,unsolvedmath:unsolvedmath-geo-023,The Happy Ending Problem,UnsolvedMath,geometry,4,80,classification_or_optimization,subclaim_decomposition,not_counterexample_target,8,15,5,4,2,5,2
1538,20,27,34,41,14,unsolvedmath-geo-030,unsolvedmath:unsolvedmath-geo-030,The Kissing Number Problem,UnsolvedMath,geometry,4,80,classification_or_optimization,subclaim_decomposition,not_counterexample_target,8,15,5,6,2,3,2
1539,20,27,34,39,12,unsolvedmath-kp-1.85,unsolvedmath:unsolvedmath-kp-1.85,Kirby Problem 1.85,UnsolvedMath,topology,3,60,universal_claim,counterexample,modeling_candidate,18,15,2,1,0,1,2
1540,20,27,34,39,12,unsolvedmath-kp-2.50,unsolvedmath:unsolvedmath-kp-2.50,Kirby Problem 2.50,UnsolvedMath,topology,3,60,equivalence_claim,counterexample,modeling_candidate,18,15,2,1,0,1,2
1541,20,27,34,39,12,unsolvedmath-kp-3.7,unsolvedmath:unsolvedmath-kp-3.7,Kirby Problem 3.7,UnsolvedMath,topology,3,60,universal_claim,counterexample,modeling_candidate,18,15,2,1,0,1,2
1542,20,27,34,39,12,unsolvedmath-kp-3.8,unsolvedmath:unsolvedmath-kp-3.8,Kirby Problem 3.8,UnsolvedMath,topology,3,60,universal_claim,counterexample,modeling_candidate,18,15,2,1,0,1,2
1543,20,27,34,37,10,unsolvedmath-alg-035,unsolvedmath:unsolvedmath-alg-035,Dade's Conjecture,UnsolvedMath,algebra,4,80,existence_claim,witness_discovery,not_counterexample_target,0,15,6,10,2,2,2
1544,20,27,34,37,10,unsolvedmath-num-005,unsolvedmath:unsolvedmath-num-005,Lychrel Numbers,UnsolvedMath,number_theory,3,60,unclassified_question,formal_modeling,modeling_candidate,5,15,7,6,0,2,2
1545,20,27,34,36,9,unsolvedmath-opg-2089,unsolvedmath:unsolvedmath-opg-2089,Kneser–Poulsen conjecture,UnsolvedMath,geometry,2,40,unclassified_question,formal_modeling,modeling_candidate,5,15,6,6,0,2,2
1546,20,27,34,36,9,unsolvedmath-green-015,unsolvedmath:unsolvedmath-green-015,Lipschitz AP-Free Graphs,UnsolvedMath,combinatorics,1,20,existence_claim,witness_discovery,not_counterexample_target,0,15,7,12,0,0,2
1547,20,27,34,36,9,unsolvedmath-opg-53019,unsolvedmath:unsolvedmath-opg-53019,Choosability of Graph Powers,UnsolvedMath,graph_theory,1,20,existence_claim,witness_discovery,not_counterexample_target,0,15,7,12,0,0,2
1548,20,27,34,35,8,unsolvedmath-green-039,unsolvedmath:unsolvedmath-green-039,Gaps Between Sums of Two Squares,UnsolvedMath,number_theory,2,40,existence_claim,witness_discovery,not_counterexample_target,0,15,7,6,0,5,2
1549,20,27,34,35,8,unsolvedmath-green-090,unsolvedmath:unsolvedmath-green-090,Bounds for Approximate Group Classification,UnsolvedMath,algebra,2,40,unclassified_question,formal_modeling,modeling_candidate,5,15,6,6,0,1,2
1550,20,27,34,35,8,unsolvedmath-kou-21.119,unsolvedmath:unsolvedmath-kou-21.119,Kourovka Notebook Problem 21.119,UnsolvedMath,group_theory,2,40,existence_claim,witness_discovery,not_counterexample_target,0,15,7,10,1,0,2
1551,20,27,34,35,8,unsolvedmath-kou-21.42,unsolvedmath:unsolvedmath-kou-21.42,Kourovka Notebook Problem 21.42,UnsolvedMath,group_theory,2,40,existence_claim,witness_discovery,not_counterexample_target,0,15,7,10,0,1,2
1552,20,27,34,35,8,unsolvedmath-opg-581,unsolvedmath:unsolvedmath-opg-581,Rendezvous on a line,UnsolvedMath,miscellaneous,2,40,classification_or_optimization,subclaim_decomposition,not_counterexample_target,8,15,4,3,0,3,2
1553,20,27,34,34,7,formal-conjectures-erdos-128,erdos:128,Formal Conjectures: erdos_128,Google DeepMind Formal Conjectures,research_mathematics,,50,answer_query,answer_discovery,not_counterexample_target,0,15,6,7,0,2,4
1554,20,27,34,34,7,formal-conjectures-erdos-25,erdos:25,Formal Conjectures: erdos_25,Google DeepMind Formal Conjectures,research_mathematics,,50,answer_query,answer_discovery,not_counterexample_target,0,15,5,7,0,3,4
1555,20,27,34,34,7,formal-conjectures-erdos-723,erdos:723,Formal Conjectures: erdos_723,Google DeepMind Formal Conjectures,research_mathematics,,50,answer_query,answer_discovery,not_counterexample_target,0,15,6,7,0,2,4
1556,20,27,34,34,7,formal-conjectures-green-26-variants-open,formal_conjectures:formal-conjectures-green-26-variants-open,Formal Conjectures: green_26.variants.open,Google DeepMind Formal Conjectures,research_mathematics,,50,answer_query,answer_discovery,not_counterexample_target,0,15,3,9,1,2,4
1557,20,27,34,34,7,formal-conjectures-infinitely-many-leinster-groups,formal_conjectures:formal-conjectures-infinitely-many-leinster-groups,Formal Conjectures: infinitely_many_leinster_groups,Google DeepMind Formal Conjectures,research_mathematics,,50,answer_query,answer_discovery,not_counterexample_target,0,15,6,7,0,2,4
1558,20,27,34,34,7,formal-conjectures-n-dim-euler-brick-existence,formal_conjectures:formal-conjectures-n-dim-euler-brick-existence,Formal Conjectures: n_dim_euler_brick_existence,Google DeepMind Formal Conjectures,research_mathematics,,50,answer_query,answer_discovery,not_counterexample_target,0,15,3,9,1,2,4
1559,20,27,34,34,7,unsolvedmath-green-038,unsolvedmath:unsolvedmath-green-038,Difference Sets Containing Squares,UnsolvedMath,number_theory,1,20,existence_claim,witness_discovery,not_counterexample_target,0,15,7,8,0,2,2
1560,20,27,34,34,7,unsolvedmath-opg-36887,unsolvedmath:unsolvedmath-opg-36887,Sums of independent random variables with unbounded variance,UnsolvedMath,computer_science,1,20,unclassified_question,formal_modeling,modeling_candidate,5,15,5,6,0,1,2
1561,20,27,34,34,7,unsolvedmath-opg-605,unsolvedmath:unsolvedmath-opg-605,Average diameter of a bounded cell of a simple arrangement,UnsolvedMath,geometry,1,20,unclassified_question,formal_modeling,modeling_candidate,5,15,6,4,0,2,2
1562,19,29,39,38,9,unsolvedmath-ep-318,erdos:318,Erdős Problem #318,UnsolvedMath,graph_theory,1,20,mixed_quantifiers,subclaim_decomposition,needs_atomic_split,4,15,7,8,0,2,2
1563,19,29,39,38,9,unsolvedmath-ep-501,erdos:501,Erdős Problem #501,UnsolvedMath,combinatorics,1,20,mixed_quantifiers,subclaim_decomposition,needs_atomic_split,4,15,7,8,1,1,2
1564,19,29,39,38,9,unsolvedmath-ep-623,erdos:623,Erdős Problem #623,UnsolvedMath,combinatorics,1,20,mixed_quantifiers,subclaim_decomposition,needs_atomic_split,4,15,8,8,0,1,2
1565,19,29,39,36,7,unsolvedmath-ep-354,erdos:354,Erdős Problem #354,UnsolvedMath,number_theory,1,20,universal_claim,counterexample,needs_atomic_split,4,15,7,6,0,2,2
1566,19,29,39,36,7,unsolvedmath-ep-425,erdos:425,Erdős Problem #425,UnsolvedMath,number_theory,1,20,existence_claim,witness_discovery,needs_atomic_split,0,15,7,8,1,3,2
1567,19,29,39,36,7,unsolvedmath-ep-741,erdos:741,Erdős Problem #741,UnsolvedMath,combinatorics,1,20,existence_claim,witness_discovery,needs_atomic_split,0,15,8,8,0,3,2
1568,19,29,39,36,7,unsolvedmath-ep-786,erdos:786,Erdős Problem #786,UnsolvedMath,number_theory,1,20,existence_claim,witness_discovery,needs_atomic_split,0,15,8,8,0,3,2
1569,19,28,37,37,9,unsolvedmath-opg-47646,unsolvedmath:unsolvedmath-opg-47646,PTAS for feedback arc set in tournaments,UnsolvedMath,graph_theory,1,20,existence_claim,witness_discovery,needs_atomic_split,0,15,7,12,0,1,2
1570,19,28,37,34,6,unsolvedmath-kp-1.23,unsolvedmath:unsolvedmath-kp-1.23,Kirby Problem 1.23,UnsolvedMath,topology,3,60,equivalence_claim,counterexample,needs_atomic_split,4,15,2,7,0,4,2
1571,19,28,37,34,6,unsolvedmath-kp-1.37,unsolvedmath:unsolvedmath-kp-1.37,Kirby Problem 1.37,UnsolvedMath,topology,3,60,mixed_quantifiers,subclaim_decomposition,needs_atomic_split,4,15,2,9,1,1,2
1572,19,28,37,34,6,unsolvedmath-kp-1.86,unsolvedmath:unsolvedmath-kp-1.86,Kirby Problem 1.86,UnsolvedMath,topology,3,60,universal_claim,counterexample,needs_atomic_split,4,15,2,7,0,4,2
1573,19,28,37,34,6,unsolvedmath-kp-3.56,unsolvedmath:unsolvedmath-kp-3.56,Kirby Problem 3.56,UnsolvedMath,topology,3,60,universal_claim,counterexample,needs_atomic_split,4,15,2,7,0,4,2
1574,19,27,35,36,9,unsolvedmath-ep-1003,erdos:1003,Erdős Problem #1003,UnsolvedMath,number_theory,1,20,existence_claim,witness_discovery,not_counterexample_target,0,15,8,10,0,1,2
1575,19,27,35,34,7,unsolvedmath-ep-665,erdos:665,Erdős Problem #665,UnsolvedMath,number_theory,1,20,existence_claim,witness_discovery,not_counterexample_target,0,15,7,8,1,1,2
1576,19,26,33,45,19,unsolvedmath-st-003,unsolvedmath:unsolvedmath-st-003,GCH and Diamond Principle,UnsolvedMath,set_theory,5,100,universal_claim,counterexample,modeling_candidate,18,15,4,5,0,1,2
1577,19,26,33,41,15,unsolvedmath-graph-026,unsolvedmath:unsolvedmath-graph-026,Moore Graph Existence,UnsolvedMath,graph_theory,5,100,existence_claim,witness_discovery,not_counterexample_target,0,15,8,12,0,4,2
1578,19,26,33,41,15,unsolvedmath-nt-028,unsolvedmath:unsolvedmath-nt-028,Schinzel's Hypothesis H,UnsolvedMath,number_theory,5,100,existence_claim,witness_discovery,not_counterexample_target,0,15,10,14,0,0,2
1579,19,26,33,41,15,unsolvedmath-nt-085,unsolvedmath:unsolvedmath-nt-085,Dickson's Conjecture,UnsolvedMath,number_theory,5,100,unclassified_question,formal_modeling,modeling_candidate,5,15,7,10,2,0,2
1580,19,26,33,40,14,unsolvedmath-alg-028,unsolvedmath:unsolvedmath-alg-028,The Isomorphism Problem for Coxeter Groups,UnsolvedMath,algebra,4,80,classification_or_optimization,subclaim_decomposition,not_counterexample_target,8,15,6,8,0,1,2
1581,19,26,33,40,14,unsolvedmath-darpa-002,unsolvedmath:unsolvedmath-darpa-002,The Dynamics of Networks,UnsolvedMath,graph_theory,4,80,unclassified_question,formal_modeling,modeling_candidate,5,15,7,10,0,1,2
1582,19,26,33,40,14,unsolvedmath-nt-043,unsolvedmath:unsolvedmath-nt-043,Quasiperfect Numbers,UnsolvedMath,number_theory,4,80,unclassified_question,formal_modeling,modeling_candidate,5,15,8,8,0,2,2
1583,19,26,33,38,12,formal-conjectures-babai-seress-conjecture-alternating,formal_conjectures:formal-conjectures-babai-seress-conjecture-alternating,Formal Conjectures: babai_seress_conjecture_alternating,Google DeepMind Formal Conjectures,research_mathematics,,50,mixed_quantifiers,subclaim_decomposition,not_counterexample_target,8,15,4,5,0,2,4
1584,19,26,33,38,12,formal-conjectures-erdos-364-variants-strong,erdos:364,Formal Conjectures: erdos_364.variants.strong,Google DeepMind Formal Conjectures,research_mathematics,,50,mixed_quantifiers,subclaim_decomposition,not_counterexample_target,8,15,3,5,1,2,4
1585,19,26,33,38,12,formal-conjectures-mathoverflow-10799-variants-kahn-kalai-conjecture-7,formal_conjectures:formal-conjectures-mathoverflow-10799-variants-kahn-kalai-conjecture-7,Formal Conjectures: mathoverflow_10799.variants.kahn_kalai_conjecture_7,Google DeepMind Formal Conjectures,research_mathematics,,50,answer_query,answer_discovery,not_counterexample_target,0,15,6,9,1,3,4
1586,19,26,33,34,8,unsolvedmath-green-074,unsolvedmath:unsolvedmath-green-074,Sidon Set Size Bounds,UnsolvedMath,combinatorics,2,40,existence_claim,witness_discovery,not_counterexample_target,0,15,7,8,0,2,2
1587,19,26,33,34,8,unsolvedmath-kou-21.149,unsolvedmath:unsolvedmath-kou-21.149,Kourovka Notebook Problem 21.149,UnsolvedMath,group_theory,2,40,existence_claim,witness_discovery,not_counterexample_target,0,15,8,8,0,1,2
1588,19,26,33,34,8,unsolvedmath-kou-21.16,unsolvedmath:unsolvedmath-kou-21.16,Kourovka Notebook Problem 21.16,UnsolvedMath,group_theory,2,40,existence_claim,witness_discovery,not_counterexample_target,0,15,7,8,0,2,2
1589,19,26,33,34,8,unsolvedmath-kou-21.76,unsolvedmath:unsolvedmath-kou-21.76,Kourovka Notebook Problem 21.76,UnsolvedMath,group_theory,2,40,existence_claim,witness_discovery,not_counterexample_target,0,15,8,8,0,1,2
1590,19,26,33,34,8,unsolvedmath-kou-21.79,unsolvedmath:unsolvedmath-kou-21.79,Kourovka Notebook Problem 21.79,UnsolvedMath,group_theory,2,40,existence_claim,witness_discovery,not_counterexample_target,0,15,8,8,0,1,2
1591,19,26,33,34,8,unsolvedmath-kou-21.80,unsolvedmath:unsolvedmath-kou-21.80,Kourovka Notebook Problem 21.80,UnsolvedMath,group_theory,2,40,existence_claim,witness_discovery,not_counterexample_target,0,15,8,8,0,1,2
1592,19,26,33,34,8,unsolvedmath-kou-21.88,unsolvedmath:unsolvedmath-kou-21.88,Kourovka Notebook Problem 21.88,UnsolvedMath,group_theory,2,40,existence_claim,witness_discovery,not_counterexample_target,0,15,8,8,0,1,2
1593,19,26,33,34,8,unsolvedmath-opg-36901,unsolvedmath:unsolvedmath-opg-36901,Inequality of the means,UnsolvedMath,geometry,2,40,unclassified_question,formal_modeling,modeling_candidate,5,15,6,4,0,2,2
1594,19,26,33,34,8,unsolvedmath-opg-454,unsolvedmath:unsolvedmath-opg-454,Unconditional derandomization of Arthur-Merlin games,UnsolvedMath,computer_science,2,40,unclassified_question,formal_modeling,modeling_candidate,5,15,5,6,0,1,2
1595,19,26,33,33,7,formal-conjectures-erdos-647,erdos:647,Formal Conjectures: erdos_647,Google DeepMind Formal Conjectures,research_mathematics,,50,answer_query,answer_discovery,not_counterexample_target,0,15,4,7,1,2,4
1596,19,26,33,33,7,formal-conjectures-issumofthreecubes-iff-mod-9,formal_conjectures:formal-conjectures-issumofthreecubes-iff-mod-9,Formal Conjectures: isSumOfThreeCubes_iff_mod_9,Google DeepMind Formal Conjectures,research_mathematics,,50,answer_query,answer_discovery,not_counterexample_target,0,15,5,7,0,2,4
1597,19,26,33,32,6,unsolvedmath-kp-1.11,unsolvedmath:unsolvedmath-kp-1.11,Kirby Problem 1.11,UnsolvedMath,topology,3,60,unclassified_question,formal_modeling,modeling_candidate,5,15,2,7,0,1,2
1598,19,26,33,32,6,unsolvedmath-kp-1.8,unsolvedmath:unsolvedmath-kp-1.8,Kirby Problem 1.8,UnsolvedMath,topology,3,60,unclassified_question,formal_modeling,modeling_candidate,5,15,2,7,0,1,2
1599,18,28,38,37,9,unsolvedmath-ep-359,erdos:359,Erdős Problem #359,UnsolvedMath,number_theory,1,20,mixed_quantifiers,subclaim_decomposition,needs_atomic_split,4,15,7,8,0,1,2
1600,18,28,38,35,7,unsolvedmath-ep-322,erdos:322,Erdős Problem #322,UnsolvedMath,number_theory,1,20,classification_or_optimization,subclaim_decomposition,needs_atomic_split,4,15,8,6,0,0,2
1601,18,28,38,35,7,unsolvedmath-ep-394,erdos:394,Erdős Problem #394,UnsolvedMath,number_theory,1,20,mixed_quantifiers,subclaim_decomposition,needs_atomic_split,4,15,7,6,0,1,2
1602,18,28,38,35,7,unsolvedmath-ep-604,erdos:604,Erdős Problem #604,UnsolvedMath,number_theory,1,20,universal_claim,counterexample,needs_atomic_split,4,15,7,6,0,1,2
1603,18,27,36,37,10,unsolvedmath-opg-351,unsolvedmath:unsolvedmath-opg-351,Diagonal Ramsey numbers,UnsolvedMath,combinatorics,3,60,classification_or_optimization,subclaim_decomposition,needs_atomic_split,4,15,7,8,0,1,2
1604,18,27,36,33,6,unsolvedmath-kp-5.16,unsolvedmath:unsolvedmath-kp-5.16,Kirby Problem 5.16,UnsolvedMath,topology,3,60,equivalence_claim,counterexample,needs_atomic_split,4,15,2,7,0,3,2
1605,18,27,36,33,6,unsolvedmath-kp-5.18,unsolvedmath:unsolvedmath-kp-5.18,Kirby Problem 5.18,UnsolvedMath,topology,3,60,universal_claim,counterexample,needs_atomic_split,4,15,2,7,0,3,2
1606,18,26,34,33,7,unsolvedmath-ep-1030,erdos:1030,Erdős Problem #1030,UnsolvedMath,combinatorics,1,20,existence_claim,witness_discovery,not_counterexample_target,0,15,7,8,0,1,2
1607,18,26,34,33,7,unsolvedmath-ep-38,erdos:38,Erdős Problem #38,UnsolvedMath,number_theory,1,20,existence_claim,witness_discovery,not_counterexample_target,0,15,7,8,1,0,2
1608,18,26,34,33,7,unsolvedmath-ep-39,erdos:39,Erdős Problem #39,UnsolvedMath,combinatorics,1,20,existence_claim,witness_discovery,not_counterexample_target,0,15,7,8,0,1,2
1609,18,26,34,33,7,unsolvedmath-ep-661,erdos:661,Erdős Problem #661,UnsolvedMath,geometry,1,20,existence_claim,witness_discovery,not_counterexample_target,0,15,6,6,1,3,2
1610,18,26,34,33,7,unsolvedmath-ep-793,erdos:793,Erdős Problem #793,UnsolvedMath,number_theory,1,20,existence_claim,witness_discovery,not_counterexample_target,0,15,7,6,0,3,2
1611,18,25,32,39,14,unsolvedmath-geo-031,unsolvedmath:unsolvedmath-geo-031,Ulam's Packing Conjecture,UnsolvedMath,geometry,4,80,unclassified_question,formal_modeling,modeling_candidate,5,15,5,6,2,4,2
1612,18,25,32,37,12,formal-conjectures-erdos-312,erdos:312,Formal Conjectures: erdos_312,Google DeepMind Formal Conjectures,research_mathematics,,50,answer_query,answer_discovery,not_counterexample_target,0,15,6,9,1,2,4
1613,18,25,32,37,12,formal-conjectures-erdos-61,erdos:61,Formal Conjectures: erdos_61,Google DeepMind Formal Conjectures,research_mathematics,,50,answer_query,answer_discovery,not_counterexample_target,0,15,5,11,0,2,4
1614,18,25,32,37,12,formal-conjectures-green-9-iii,formal_conjectures:formal-conjectures-green-9-iii,Formal Conjectures: green_9_iii,Google DeepMind Formal Conjectures,research_mathematics,,50,answer_query,answer_discovery,not_counterexample_target,0,15,6,9,1,2,4
1615,18,25,32,35,10,unsolvedmath-kp-1.78,unsolvedmath:unsolvedmath-kp-1.78,Kirby Problem 1.78,UnsolvedMath,topology,3,60,classification_or_optimization,subclaim_decomposition,not_counterexample_target,8,15,2,3,2,3,2
1616,18,25,32,34,9,unsolvedmath-opg-59928,unsolvedmath:unsolvedmath-opg-59928,Saturated $k$-Sperner Systems of Minimum Size,UnsolvedMath,combinatorics,1,20,existence_claim,witness_discovery,not_counterexample_target,0,15,8,8,0,1,2
1617,18,25,32,33,8,unsolvedmath-kou-21.128,unsolvedmath:unsolvedmath-kou-21.128,Kourovka Notebook Problem 21.128,UnsolvedMath,group_theory,2,40,existence_claim,witness_discovery,not_counterexample_target,0,15,7,8,0,1,2
1618,18,25,32,33,8,unsolvedmath-kou-21.131,unsolvedmath:unsolvedmath-kou-21.131,Kourovka Notebook Problem 21.131,UnsolvedMath,group_theory,2,40,existence_claim,witness_discovery,not_counterexample_target,0,15,7,8,0,1,2
1619,18,25,32,33,8,unsolvedmath-kou-21.39,unsolvedmath:unsolvedmath-kou-21.39,Kourovka Notebook Problem 21.39,UnsolvedMath,group_theory,2,40,existence_claim,witness_discovery,not_counterexample_target,0,15,7,8,0,1,2
1620,18,25,32,33,8,unsolvedmath-kou-21.61,unsolvedmath:unsolvedmath-kou-21.61,Kourovka Notebook Problem 21.61,UnsolvedMath,group_theory,2,40,existence_claim,witness_discovery,not_counterexample_target,0,15,7,8,0,1,2
1621,18,25,32,33,8,unsolvedmath-kou-21.69,unsolvedmath:unsolvedmath-kou-21.69,Kourovka Notebook Problem 21.69,UnsolvedMath,group_theory,2,40,existence_claim,witness_discovery,not_counterexample_target,0,15,7,8,0,1,2
1622,18,25,32,33,8,unsolvedmath-kou-21.71,unsolvedmath:unsolvedmath-kou-21.71,Kourovka Notebook Problem 21.71,UnsolvedMath,group_theory,2,40,existence_claim,witness_discovery,not_counterexample_target,0,15,8,8,0,0,2
1623,18,25,32,32,7,formal-conjectures-erdos-137,erdos:137,Formal Conjectures: erdos_137,Google DeepMind Formal Conjectures,research_mathematics,,50,answer_query,answer_discovery,not_counterexample_target,0,15,4,7,0,2,4
1624,18,25,32,32,7,formal-conjectures-erdos-389,erdos:389,Formal Conjectures: erdos_389,Google DeepMind Formal Conjectures,research_mathematics,,50,answer_query,answer_discovery,not_counterexample_target,0,15,4,7,0,2,4
1625,18,25,32,32,7,formal-conjectures-green-31-variants-abelian,formal_conjectures:formal-conjectures-green-31-variants-abelian,Formal Conjectures: green_31.variants.abelian,Google DeepMind Formal Conjectures,research_mathematics,,50,answer_query,answer_discovery,not_counterexample_target,0,15,4,7,0,2,4
1626,17,27,37,34,7,unsolvedmath-ep-388,erdos:388,Erdős Problem #388,UnsolvedMath,combinatorics,1,20,existence_claim,witness_discovery,needs_atomic_split,0,15,7,8,0,2,2
1627,17,27,37,34,7,unsolvedmath-ep-552,erdos:552,Erdős Problem #552,UnsolvedMath,number_theory,1,20,classification_or_optimization,subclaim_decomposition,needs_atomic_split,4,15,7,6,0,0,2
1628,17,26,35,37,11,formal-conjectures-erdos-218-variants-ge,erdos:218,Formal Conjectures: erdos_218.variants.ge,Google DeepMind Formal Conjectures,research_mathematics,,50,closed_relation,formal_modeling,modeling_candidate,5,15,4,5,0,4,4
1629,17,26,35,37,11,formal-conjectures-erdos-477-variants-x-pow-three,erdos:477,Formal Conjectures: erdos_477.variants.X_pow_three,Google DeepMind Formal Conjectures,research_mathematics,,50,mixed_quantifiers,subclaim_decomposition,not_counterexample_target,8,15,3,5,0,2,4
1630,17,26,35,34,8,unsolvedmath-green-045,unsolvedmath:unsolvedmath-green-045,No Three in Line in [N]^2,UnsolvedMath,geometry,2,40,classification_or_optimization,subclaim_decomposition,needs_atomic_split,4,15,5,6,0,2,2
1631,17,26,35,33,7,unsolvedmath-opg-467,unsolvedmath:unsolvedmath-opg-467,Complexity of square-root sum,UnsolvedMath,computer_science,1,20,classification_or_optimization,subclaim_decomposition,needs_atomic_split,4,15,5,6,0,1,2
1632,17,26,35,32,6,unsolvedmath-hil-018,unsolvedmath:unsolvedmath-hil-018,Hilbert's 18th Problem: Polyhedra and Space-Filling,UnsolvedMath,geometry,3,60,existence_claim,witness_discovery,needs_atomic_split,0,15,5,8,0,2,2
1633,17,26,35,32,6,unsolvedmath-kp-1.47,unsolvedmath:unsolvedmath-kp-1.47,Kirby Problem 1.47,UnsolvedMath,topology,3,60,classification_or_optimization,subclaim_decomposition,needs_atomic_split,4,15,2,7,0,2,2
1634,17,26,35,29,3,unsolvedmath-opg-37429,unsolvedmath:unsolvedmath-opg-37429,Order-invariant queries,UnsolvedMath,logic,1,20,existence_claim,witness_discovery,needs_atomic_split,0,15,4,7,0,1,2
1635,17,25,33,34,9,unsolvedmath-ep-520,erdos:520,Erdős Problem #520,UnsolvedMath,number_theory,1,20,existence_claim,witness_discovery,not_counterexample_target,0,15,7,10,0,0,2
1636,17,25,33,32,7,unsolvedmath-ep-156,erdos:156,Erdős Problem #156,UnsolvedMath,combinatorics,1,20,existence_claim,witness_discovery,not_counterexample_target,0,15,7,8,0,0,2
1637,17,24,31,45,21,unsolvedmath-alg-030,unsolvedmath:unsolvedmath-alg-030,Existence of Generalized Moonshine,UnsolvedMath,algebra,5,100,mixed_quantifiers,subclaim_decomposition,not_counterexample_target,8,15,8,10,0,2,2
1638,17,24,31,45,21,unsolvedmath-mpp-006,unsolvedmath:unsolvedmath-mpp-006,Hodge Conjecture,UnsolvedMath,algebraic_geometry,5,100,universal_claim,counterexample,modeling_candidate,18,15,3,5,0,2,2
1639,17,24,31,45,21,unsolvedmath-nt-070,unsolvedmath:unsolvedmath-nt-070,Montgomery's Pair Correlation Conjecture,UnsolvedMath,number_theory,5,100,unclassified_question,formal_modeling,modeling_candidate,5,15,10,10,0,3,2
1640,17,24,31,39,15,unsolvedmath-alg-022,unsolvedmath:unsolvedmath-alg-022,Serre's Positivity Conjecture,UnsolvedMath,algebra,5,100,unclassified_question,formal_modeling,modeling_candidate,5,15,6,10,0,1,2
1641,17,24,31,39,15,unsolvedmath-nt-081,unsolvedmath:unsolvedmath-nt-081,Fermat-Catalan Conjecture,UnsolvedMath,number_theory,5,100,existence_claim,witness_discovery,not_counterexample_target,0,15,8,12,1,1,2
1642,17,24,31,39,15,unsolvedmath-pde-001,unsolvedmath:unsolvedmath-pde-001,The Regularity Problem for Euler Equations,UnsolvedMath,partial_differential_equations,4,80,universal_claim,counterexample,modeling_candidate,18,15,2,1,0,1,2
1643,17,24,31,38,14,unsolvedmath-cs-001,unsolvedmath:unsolvedmath-cs-001,The Unique Games Conjecture,UnsolvedMath,computer_science,4,80,classification_or_optimization,subclaim_decomposition,not_counterexample_target,8,15,5,6,0,2,2
1644,17,24,31,38,14,unsolvedmath-darpa-008,unsolvedmath:unsolvedmath-darpa-008,Beyond Convex Optimization,UnsolvedMath,computer_science,4,80,classification_or_optimization,subclaim_decomposition,not_counterexample_target,8,15,5,6,0,2,2
1645,17,24,31,37,13,formal-conjectures-erdos-348,erdos:348,Formal Conjectures: erdos_348,Google DeepMind Formal Conjectures,research_mathematics,,50,answer_query,answer_discovery,not_counterexample_target,0,15,6,9,0,3,4
1646,17,24,31,37,13,formal-conjectures-erdos-952,erdos:952,Formal Conjectures: erdos_952,Google DeepMind Formal Conjectures,research_mathematics,,50,mixed_quantifiers,subclaim_decomposition,not_counterexample_target,8,15,3,5,0,2,4
1647,17,24,31,36,12,unsolvedmath-nt-048,unsolvedmath:unsolvedmath-nt-048,Infinitely Many Giuga Numbers,UnsolvedMath,number_theory,4,80,existence_claim,witness_discovery,not_counterexample_target,0,15,7,10,2,0,2
1648,17,24,31,36,12,unsolvedmath-geo-017,unsolvedmath:unsolvedmath-geo-017,The Closed Curve Problem,UnsolvedMath,geometry,3,60,unclassified_question,formal_modeling,modeling_candidate,5,15,5,4,4,1,2
1649,17,24,31,36,12,formal-conjectures-erdos-1038-parts-i,erdos:1038,Formal Conjectures: erdos_1038.parts.i,Google DeepMind Formal Conjectures,research_mathematics,,50,answer_query,answer_discovery,not_counterexample_target,0,15,6,7,1,3,4
1650,17,24,31,36,12,formal-conjectures-erdos-184-variants-covering,erdos:184,Formal Conjectures: erdos_184.variants.covering,Google DeepMind Formal Conjectures,research_mathematics,,50,answer_query,answer_discovery,not_counterexample_target,0,15,6,9,0,2,4
1651,17,24,31,36,12,formal-conjectures-green-18,formal_conjectures:formal-conjectures-green-18,Formal Conjectures: green_18,Google DeepMind Formal Conjectures,research_mathematics,,50,answer_query,answer_discovery,not_counterexample_target,0,15,6,9,0,2,4
1652,17,24,31,36,12,formal-conjectures-problem-10-3,formal_conjectures:formal-conjectures-problem-10-3,Formal Conjectures: problem_10_3,Google DeepMind Formal Conjectures,research_mathematics,,50,mixed_quantifiers,subclaim_decomposition,not_counterexample_target,8,15,4,3,0,2,4
1653,17,24,31,36,12,formal-conjectures-waldschmidt,formal_conjectures:formal-conjectures-waldschmidt,Formal Conjectures: waldschmidt,Google DeepMind Formal Conjectures,research_mathematics,,50,mixed_quantifiers,subclaim_decomposition,not_counterexample_target,8,15,4,3,0,2,4
1654,17,24,31,34,10,unsolvedmath-guy-a7a,unsolvedmath:unsolvedmath-guy-a7a,Infinitude of Sophie Germain Primes,UnsolvedMath,number_theory,4,80,existence_claim,witness_discovery,not_counterexample_target,0,15,7,10,0,0,2
1655,17,24,31,34,10,unsolvedmath-lan-004,unsolvedmath:unsolvedmath-lan-004,Landau's Fourth Problem: Primes of the Form n² + 1,UnsolvedMath,number_theory,4,80,existence_claim,witness_discovery,not_counterexample_target,0,15,7,10,0,0,2
1656,17,24,31,34,10,unsolvedmath-nt-007,unsolvedmath:unsolvedmath-nt-007,Are there infinitely many Mersenne primes?,UnsolvedMath,number_theory,4,80,existence_claim,witness_discovery,not_counterexample_target,0,15,7,10,0,0,2
1657,17,24,31,34,10,unsolvedmath-guy-a11,unsolvedmath:unsolvedmath-guy-a11,Erdős $100 Problem on Increasing and Decreasing Gaps,UnsolvedMath,number_theory,3,60,existence_claim,witness_discovery,not_counterexample_target,0,15,7,8,1,1,2
1658,17,24,31,34,10,unsolvedmath-guy-a7b,unsolvedmath:unsolvedmath-guy-a7b,Shanks Chains of Length 7,UnsolvedMath,number_theory,3,60,existence_claim,witness_discovery,not_counterexample_target,0,15,7,8,0,2,2
1659,17,24,31,33,9,formal-conjectures-erdos-242,erdos:242,Formal Conjectures: erdos_242,Google DeepMind Formal Conjectures,research_mathematics,,50,existence_claim,witness_discovery,not_counterexample_target,0,15,4,7,1,2,4
1660,17,24,31,33,9,formal-conjectures-erdos-273,erdos:273,Formal Conjectures: erdos_273,Google DeepMind Formal Conjectures,research_mathematics,,50,answer_query,answer_discovery,not_counterexample_target,0,15,4,7,1,2,4
1661,17,24,31,33,9,formal-conjectures-erdos-279,erdos:279,Formal Conjectures: erdos_279,Google DeepMind Formal Conjectures,research_mathematics,,50,answer_query,answer_discovery,not_counterexample_target,0,15,4,7,1,2,4
1662,17,24,31,33,9,formal-conjectures-erdos-849,erdos:849,Formal Conjectures: erdos_849,Google DeepMind Formal Conjectures,research_mathematics,,50,answer_query,answer_discovery,not_counterexample_target,0,15,4,7,1,2,4
1663,17,24,31,33,9,formal-conjectures-erdos-968,erdos:968,Formal Conjectures: erdos_968,Google DeepMind Formal Conjectures,research_mathematics,,50,answer_query,answer_discovery,not_counterexample_target,0,15,3,7,1,3,4
1664,17,24,31,33,9,formal-conjectures-mutuallyunbiasedbases,formal_conjectures:formal-conjectures-mutuallyunbiasedbases,Formal Conjectures: mutuallyUnbiasedBases,Google DeepMind Formal Conjectures,research_mathematics,,50,answer_query,answer_discovery,not_counterexample_target,0,15,4,7,1,2,4
1665,17,24,31,33,9,formal-conjectures-unbounded-rank-conjecture,formal_conjectures:formal-conjectures-unbounded-rank-conjecture,Formal Conjectures: unbounded_rank_conjecture,Google DeepMind Formal Conjectures,research_mathematics,,50,existence_claim,witness_discovery,not_counterexample_target,0,15,4,7,1,2,4
1666,17,24,31,32,8,unsolvedmath-green-033,unsolvedmath:unsolvedmath-green-033,Sumsets of Perfect Squares,UnsolvedMath,number_theory,2,40,existence_claim,witness_discovery,not_counterexample_target,0,15,7,6,0,2,2
1667,17,24,31,32,8,unsolvedmath-green-079,unsolvedmath:unsolvedmath-green-079,Disjoint Sumsets Construction,UnsolvedMath,combinatorics,2,40,existence_claim,witness_discovery,not_counterexample_target,0,15,7,8,0,0,2
1668,17,24,31,32,8,unsolvedmath-opg-702,unsolvedmath:unsolvedmath-opg-702,Growth of finitely presented groups,UnsolvedMath,group_theory,2,40,existence_claim,witness_discovery,not_counterexample_target,0,15,7,8,0,0,2
1669,17,24,31,31,7,formal-conjectures-conway99graph,formal_conjectures:formal-conjectures-conway99graph,Formal Conjectures: conway99Graph,Google DeepMind Formal Conjectures,research_mathematics,,50,answer_query,answer_discovery,not_counterexample_target,0,15,3,7,0,2,4
1670,16,26,36,35,9,unsolvedmath-ep-514,erdos:514,Erdős Problem #514,UnsolvedMath,graph_theory,1,20,existence_claim,witness_discovery,needs_atomic_split,0,15,7,10,1,0,2
1671,16,25,34,37,12,unsolvedmath-kp-5.2,unsolvedmath:unsolvedmath-kp-5.2,Kirby Problem 5.2,UnsolvedMath,topology,3,60,universal_claim,counterexample,needs_atomic_split,4,15,3,7,2,4,2
1672,16,25,34,35,10,unsolvedmath-opg-37255,unsolvedmath:unsolvedmath-opg-37255,Lindelöf hypothesis,UnsolvedMath,number_theory,3,60,universal_claim,counterexample,needs_atomic_split,4,15,7,6,0,1,2
1673,16,25,34,33,8,unsolvedmath-kou-21.62,unsolvedmath:unsolvedmath-kou-21.62,Kourovka Notebook Problem 21.62,UnsolvedMath,group_theory,2,40,existence_claim,witness_discovery,needs_atomic_split,0,15,7,8,0,1,2
1674,16,25,34,32,7,unsolvedmath-opg-60010,unsolvedmath:unsolvedmath-opg-60010,Convex Equipartitions with Extreme Perimeter,UnsolvedMath,geometry,1,20,universal_claim,counterexample,needs_atomic_split,4,15,5,4,0,2,2
1675,16,25,34,31,6,unsolvedmath-kp-1.34,unsolvedmath:unsolvedmath-kp-1.34,Kirby Problem 1.34,UnsolvedMath,topology,3,60,classification_or_optimization,subclaim_decomposition,needs_atomic_split,4,15,2,7,0,1,2
1676,16,25,34,31,6,unsolvedmath-kp-1.38,unsolvedmath:unsolvedmath-kp-1.38,Kirby Problem 1.38,UnsolvedMath,topology,3,60,classification_or_optimization,subclaim_decomposition,needs_atomic_split,4,15,3,7,0,0,2
1677,16,25,34,31,6,unsolvedmath-kp-1.59,unsolvedmath:unsolvedmath-kp-1.59,Kirby Problem 1.59,UnsolvedMath,topology,3,60,classification_or_optimization,subclaim_decomposition,needs_atomic_split,4,15,2,7,0,1,2
1678,16,25,34,31,6,unsolvedmath-kp-3.69,unsolvedmath:unsolvedmath-kp-3.69,Kirby Problem 3.69,UnsolvedMath,topology,3,60,classification_or_optimization,subclaim_decomposition,needs_atomic_split,4,15,3,7,0,0,2
1679,16,25,34,31,6,unsolvedmath-kp-4.103,unsolvedmath:unsolvedmath-kp-4.103,Kirby Problem 4.103,UnsolvedMath,topology,3,60,mixed_quantifiers,subclaim_decomposition,needs_atomic_split,4,15,2,7,0,1,2
1680,16,24,32,33,9,unsolvedmath-ep-1052,erdos:1052,Erdős Problem #1052,UnsolvedMath,number_theory,1,20,existence_claim,witness_discovery,not_counterexample_target,0,15,7,8,0,1,2
1681,16,24,32,31,7,unsolvedmath-ep-274,erdos:274,Erdős Problem #274,UnsolvedMath,number_theory,1,20,existence_claim,witness_discovery,not_counterexample_target,0,15,7,6,0,1,2
1682,16,23,30,44,21,unsolvedmath-nt-066,unsolvedmath:unsolvedmath-nt-066,Leopoldt's Conjecture,UnsolvedMath,number_theory,5,100,unclassified_question,formal_modeling,modeling_candidate,5,15,7,8,6,1,2
1683,16,23,30,39,16,unsolvedmath-graph-028,unsolvedmath:unsolvedmath-graph-028,Chvátal's Toughness Conjecture,UnsolvedMath,graph_theory,4,80,existence_claim,witness_discovery,not_counterexample_target,0,15,7,10,2,3,2
1684,16,23,30,38,15,unsolvedmath-nt-019,unsolvedmath:unsolvedmath-nt-019,Are There Infinitely Many Sophie Germain Primes?,UnsolvedMath,number_theory,5,100,existence_claim,witness_discovery,not_counterexample_target,0,15,9,12,0,0,2
1685,16,23,30,37,14,unsolvedmath-geo-012,unsolvedmath:unsolvedmath-geo-012,The Spherical Bernstein Problem,UnsolvedMath,geometry,4,80,classification_or_optimization,subclaim_decomposition,not_counterexample_target,8,15,5,6,0,1,2
1686,16,23,30,37,14,unsolvedmath-hil-007,unsolvedmath:unsolvedmath-hil-007,Hilbert's 7th Problem: Transcendence of Certain Numbers,UnsolvedMath,number_theory,4,80,unclassified_question,formal_modeling,modeling_candidate,5,15,7,6,0,2,2
1687,16,23,30,37,14,unsolvedmath-hil-011,unsolvedmath:unsolvedmath-hil-011,Hilbert's 11th Problem: Quadratic Forms over Algebraic Number Fields,UnsolvedMath,number_theory,4,80,unclassified_question,formal_modeling,modeling_candidate,5,15,8,6,0,1,2
1688,16,23,30,35,12,unsolvedmath-kp-4.84,unsolvedmath:unsolvedmath-kp-4.84,Kirby Problem 4.84,UnsolvedMath,topology,3,60,classification_or_optimization,subclaim_decomposition,not_counterexample_target,8,15,2,7,0,1,2
1689,16,23,30,35,12,unsolvedmath-kp-4.86,unsolvedmath:unsolvedmath-kp-4.86,Kirby Problem 4.86,UnsolvedMath,topology,3,60,mixed_quantifiers,subclaim_decomposition,not_counterexample_target,8,15,2,7,0,1,2
1690,16,23,30,35,12,formal-conjectures-abc-variants-lt-constant-mul,formal_conjectures:formal-conjectures-abc-variants-lt-constant-mul,Formal Conjectures: abc.variants.lt_constant_mul,Google DeepMind Formal Conjectures,research_mathematics,,50,mixed_quantifiers,subclaim_decomposition,not_counterexample_target,8,15,3,3,0,2,4
1691,16,23,30,33,10,unsolvedmath-sma-006,unsolvedmath:unsolvedmath-sma-006,Smale's 6th Problem: Finiteness of Central Configurations,UnsolvedMath,geometry,4,80,existence_claim,witness_discovery,not_counterexample_target,0,15,6,8,0,2,2
1692,16,23,30,33,10,unsolvedmath-guy-a12b,unsolvedmath:unsolvedmath-guy-a12b,Selfridge-Wagstaff-Pomerance Prize Problem,UnsolvedMath,number_theory,3,60,existence_claim,witness_discovery,not_counterexample_target,0,15,8,8,0,0,2
1693,16,23,30,33,10,unsolvedmath-kou-21.34,unsolvedmath:unsolvedmath-kou-21.34,Kourovka Notebook Problem 21.34,UnsolvedMath,group_theory,3,60,existence_claim,witness_discovery,not_counterexample_target,0,15,8,8,0,0,2
1694,16,23,30,33,10,unsolvedmath-kp-2.21,unsolvedmath:unsolvedmath-kp-2.21,Kirby Problem 2.21,UnsolvedMath,topology,3,60,classification_or_optimization,subclaim_decomposition,not_counterexample_target,8,15,3,3,0,2,2
1695,16,23,30,32,9,formal-conjectures-collatz-conjecture,formal_conjectures:formal-conjectures-collatz-conjecture,Formal Conjectures: collatz_conjecture,Google DeepMind Formal Conjectures,research_mathematics,,50,existence_claim,witness_discovery,not_counterexample_target,0,15,3,7,1,2,4
1696,16,23,30,32,9,formal-conjectures-dubner-conjecture,formal_conjectures:formal-conjectures-dubner-conjecture,Formal Conjectures: dubner_conjecture,Google DeepMind Formal Conjectures,research_mathematics,,50,existence_claim,witness_discovery,not_counterexample_target,0,15,3,7,1,2,4
1697,16,23,30,32,9,formal-conjectures-erdos-11,erdos:11,Formal Conjectures: erdos_11,Google DeepMind Formal Conjectures,research_mathematics,,50,existence_claim,witness_discovery,not_counterexample_target,0,15,3,7,1,2,4
1698,16,23,30,32,9,formal-conjectures-erdos-11-variants-not-four-dvd,erdos:11,Formal Conjectures: erdos_11.variants.not_four_dvd,Google DeepMind Formal Conjectures,research_mathematics,,50,existence_claim,witness_discovery,not_counterexample_target,0,15,3,7,1,2,4
1699,16,23,30,32,9,formal-conjectures-erdos-11-variants-two-pow-two,erdos:11,Formal Conjectures: erdos_11.variants.two_pow_two,Google DeepMind Formal Conjectures,research_mathematics,,50,existence_claim,witness_discovery,not_counterexample_target,0,15,3,7,1,2,4
1700,16,23,30,32,9,formal-conjectures-erdos-20,erdos:20,Formal Conjectures: erdos_20,Google DeepMind Formal Conjectures,research_mathematics,,50,answer_query,answer_discovery,not_counterexample_target,0,15,3,7,1,2,4
1701,16,23,30,32,9,formal-conjectures-erdos-276,erdos:276,Formal Conjectures: erdos_276,Google DeepMind Formal Conjectures,research_mathematics,,50,answer_query,answer_discovery,not_counterexample_target,0,15,3,7,1,2,4
1702,16,23,30,32,9,formal-conjectures-erdos-321,erdos:321,Formal Conjectures: erdos_321,Google DeepMind Formal Conjectures,research_mathematics,,50,answer_query,answer_discovery,not_counterexample_target,0,15,3,7,1,2,4
1703,16,23,30,32,9,formal-conjectures-erdos-409-parts-i,erdos:409,Formal Conjectures: erdos_409.parts.i,Google DeepMind Formal Conjectures,research_mathematics,,50,answer_query,answer_discovery,not_counterexample_target,0,15,3,7,1,2,4
1704,16,23,30,32,9,formal-conjectures-erdos-409-variants-sigma,erdos:409,Formal Conjectures: erdos_409.variants.sigma,Google DeepMind Formal Conjectures,research_mathematics,,50,answer_query,answer_discovery,not_counterexample_target,0,15,3,7,1,2,4
1705,16,23,30,32,9,formal-conjectures-erdos-409-variants-sigma-prime-termination,erdos:409,Formal Conjectures: erdos_409.variants.sigma_prime_termination,Google DeepMind Formal Conjectures,research_mathematics,,50,answer_query,answer_discovery,not_counterexample_target,0,15,3,7,1,2,4
1706,16,23,30,32,9,formal-conjectures-erdos-409-variants-sigma-termination,erdos:409,Formal Conjectures: erdos_409.variants.sigma_termination,Google DeepMind Formal Conjectures,research_mathematics,,50,existence_claim,witness_discovery,not_counterexample_target,0,15,3,7,1,2,4
1707,16,23,30,32,9,formal-conjectures-erdos-828-variants-lehmer-conjecture,erdos:828,Formal Conjectures: erdos_828.variants.lehmer_conjecture,Google DeepMind Formal Conjectures,research_mathematics,,50,answer_query,answer_discovery,not_counterexample_target,0,15,3,7,1,2,4
1708,16,23,30,32,9,formal-conjectures-exists-k-formalconjectures-oeis-34693-lean,formal_conjectures:formal-conjectures-exists-k-formalconjectures-oeis-34693-lean,Formal Conjectures: exists_k,Google DeepMind Formal Conjectures,research_mathematics,,50,existence_claim,witness_discovery,not_counterexample_target,0,15,3,7,1,2,4
1709,16,23,30,32,9,formal-conjectures-exists-k-stronger,formal_conjectures:formal-conjectures-exists-k-stronger,Formal Conjectures: exists_k_stronger,Google DeepMind Formal Conjectures,research_mathematics,,50,existence_claim,witness_discovery,not_counterexample_target,0,15,3,7,1,2,4
1710,16,23,30,32,9,formal-conjectures-fermat-number-are-composite,formal_conjectures:formal-conjectures-fermat-number-are-composite,Formal Conjectures: fermat_number_are_composite,Google DeepMind Formal Conjectures,research_mathematics,,50,answer_query,answer_discovery,not_counterexample_target,0,15,3,7,1,2,4
1711,16,23,30,32,9,formal-conjectures-hadamardconjecture,formal_conjectures:formal-conjectures-hadamardconjecture,Formal Conjectures: HadamardConjecture,Google DeepMind Formal Conjectures,research_mathematics,,50,existence_claim,witness_discovery,not_counterexample_target,0,15,3,7,1,2,4
1712,16,23,30,32,9,formal-conjectures-irrational-odd,formal_conjectures:formal-conjectures-irrational-odd,Formal Conjectures: irrational_odd,Google DeepMind Formal Conjectures,research_mathematics,,50,existence_claim,witness_discovery,not_counterexample_target,0,15,3,7,1,2,4
1713,16,23,30,32,9,formal-conjectures-juggler-conjecture,formal_conjectures:formal-conjectures-juggler-conjecture,Formal Conjectures: juggler_conjecture,Google DeepMind Formal Conjectures,research_mathematics,,50,existence_claim,witness_discovery,not_counterexample_target,0,15,3,7,1,2,4
1714,16,23,30,32,9,formal-conjectures-lehmer-totient,formal_conjectures:formal-conjectures-lehmer-totient,Formal Conjectures: lehmer_totient,Google DeepMind Formal Conjectures,research_mathematics,,50,answer_query,answer_discovery,not_counterexample_target,0,15,3,7,1,2,4
1715,16,23,30,32,9,formal-conjectures-lemoine-conjecture,formal_conjectures:formal-conjectures-lemoine-conjecture,Formal Conjectures: lemoine_conjecture,Google DeepMind Formal Conjectures,research_mathematics,,50,existence_claim,witness_discovery,not_counterexample_target,0,15,3,7,1,2,4
1716,16,23,30,32,9,formal-conjectures-lemoine-conjecture-extension,formal_conjectures:formal-conjectures-lemoine-conjecture-extension,Formal Conjectures: lemoine_conjecture_extension,Google DeepMind Formal Conjectures,research_mathematics,,50,existence_claim,witness_discovery,not_counterexample_target,0,15,3,7,1,2,4
1717,16,23,30,32,9,formal-conjectures-mathoverflow-31809,formal_conjectures:formal-conjectures-mathoverflow-31809,Formal Conjectures: mathoverflow_31809,Google DeepMind Formal Conjectures,research_mathematics,,50,answer_query,answer_discovery,not_counterexample_target,0,15,3,7,1,2,4
1718,16,23,30,31,8,unsolvedmath-opg-414,unsolvedmath:unsolvedmath-opg-414,Sets with distinct subset sums,UnsolvedMath,number_theory,2,40,existence_claim,witness_discovery,not_counterexample_target,0,15,7,6,0,1,2
1719,16,23,30,30,7,unsolvedmath-opg-16570,unsolvedmath:unsolvedmath-opg-16570,Magic square of squares,UnsolvedMath,number_theory,1,20,existence_claim,witness_discovery,not_counterexample_target,0,15,7,6,0,0,2
1720,15,25,35,32,7,unsolvedmath-ep-416,erdos:416,Erdős Problem #416,UnsolvedMath,number_theory,1,20,existence_claim,witness_discovery,needs_atomic_split,0,15,7,6,0,2,2
1721,15,25,35,32,7,unsolvedmath-ep-830,erdos:830,Erdős Problem #830,UnsolvedMath,combinatorics,1,20,existence_claim,witness_discovery,needs_atomic_split,0,15,7,8,0,0,2
1722,15,24,33,39,15,unsolvedmath-mpp-001,unsolvedmath:unsolvedmath-mpp-001,P versus NP Problem,UnsolvedMath,computer_science,5,100,equivalence_claim,counterexample,needs_atomic_split,4,15,5,10,0,3,2
1723,15,24,33,36,12,unsolvedmath-kp-1.76,unsolvedmath:unsolvedmath-kp-1.76,Kirby Problem 1.76,UnsolvedMath,topology,3,60,classification_or_optimization,subclaim_decomposition,needs_atomic_split,4,15,4,9,0,2,2
1724,15,24,33,36,12,formal-conjectures-green-12,formal_conjectures:formal-conjectures-green-12,Formal Conjectures: green_12,Google DeepMind Formal Conjectures,research_mathematics,,50,answer_query,answer_discovery,not_counterexample_target,0,15,6,9,0,2,4
1725,15,24,33,35,11,formal-conjectures-erdos-10-variants-granville-soundararajan-odd,erdos:10,Formal Conjectures: erdos_10.variants.granville_soundararajan_odd,Google DeepMind Formal Conjectures,research_mathematics,,50,closed_relation,formal_modeling,modeling_candidate,5,15,4,5,0,2,4
1726,15,24,33,35,11,formal-conjectures-erdos-371,erdos:371,Formal Conjectures: erdos_371,Google DeepMind Formal Conjectures,research_mathematics,,50,closed_relation,formal_modeling,modeling_candidate,5,15,3,5,0,3,4
1727,15,24,33,35,11,formal-conjectures-erdos-373-variants-suranyi,erdos:373,Formal Conjectures: erdos_373.variants.suranyi,Google DeepMind Formal Conjectures,research_mathematics,,50,closed_relation,formal_modeling,modeling_candidate,5,15,4,5,0,2,4
1728,15,24,33,35,11,formal-conjectures-rank-elkies28,formal_conjectures:formal-conjectures-rank-elkies28,Formal Conjectures: rank_elkies28,Google DeepMind Formal Conjectures,research_mathematics,,50,closed_relation,formal_modeling,modeling_candidate,5,15,4,5,0,2,4
1729,15,24,33,35,11,formal-conjectures-rank-elkiesklagsbrun29,formal_conjectures:formal-conjectures-rank-elkiesklagsbrun29,Formal Conjectures: rank_elkiesKlagsbrun29,Google DeepMind Formal Conjectures,research_mathematics,,50,closed_relation,formal_modeling,modeling_candidate,5,15,4,5,0,2,4
1730,15,24,33,34,10,unsolvedmath-guy-a6,unsolvedmath:unsolvedmath-guy-a6,Consecutive Primes in Arithmetic Progression,UnsolvedMath,number_theory,4,80,existence_claim,witness_discovery,needs_atomic_split,0,15,7,10,0,0,2
1731,15,24,33,34,10,unsolvedmath-guy-a8b,unsolvedmath:unsolvedmath-guy-a8b,Twin Prime Conjecture,UnsolvedMath,number_theory,4,80,existence_claim,witness_discovery,needs_atomic_split,0,15,7,10,0,0,2
1732,15,24,33,33,9,formal-conjectures-erdos-779,erdos:779,Formal Conjectures: erdos_779,Google DeepMind Formal Conjectures,research_mathematics,,50,existence_claim,witness_discovery,not_counterexample_target,0,15,4,7,1,2,4
1733,15,24,33,33,9,unsolvedmath-opg-59973,unsolvedmath:unsolvedmath-opg-59973,What are hyperfuncoids isomorphic to?,UnsolvedMath,topology,1,20,universal_claim,counterexample,needs_atomic_split,4,15,2,7,0,3,2
1734,15,23,31,32,9,unsolvedmath-ep-1004,erdos:1004,Erdős Problem #1004,UnsolvedMath,number_theory,1,20,existence_claim,witness_discovery,not_counterexample_target,0,15,7,8,0,0,2
1735,15,23,31,30,7,unsolvedmath-ep-655,erdos:655,Erdős Problem #655,UnsolvedMath,geometry,1,20,existence_claim,witness_discovery,not_counterexample_target,0,15,6,4,0,3,2
1736,15,22,29,41,19,unsolvedmath-dyn-004,unsolvedmath:unsolvedmath-dyn-004,Birkhoff Conjecture,UnsolvedMath,partial_differential_equations,5,100,universal_claim,counterexample,modeling_candidate,18,15,1,3,0,2,2
1737,15,22,29,41,19,unsolvedmath-mod-003,unsolvedmath:unsolvedmath-mod-003,Hilbert's Tenth Problem for Number Fields,UnsolvedMath,algebra,5,100,classification_or_optimization,subclaim_decomposition,not_counterexample_target,8,15,7,8,0,1,2
1738,15,22,29,37,15,unsolvedmath-nt-026,unsolvedmath:unsolvedmath-nt-026,The Odd Perfect Number Conjecture,UnsolvedMath,number_theory,5,100,existence_claim,witness_discovery,not_counterexample_target,0,15,8,10,0,2,2
1739,15,22,29,36,14,unsolvedmath-alg-018,unsolvedmath:unsolvedmath-alg-018,Hilbert's Fifteenth Problem,UnsolvedMath,algebra,4,80,unclassified_question,formal_modeling,modeling_candidate,5,15,6,6,0,2,2
1740,15,22,29,36,14,unsolvedmath-darpa-020,unsolvedmath:unsolvedmath-darpa-020,Computation at Scale,UnsolvedMath,computer_science,4,80,unclassified_question,formal_modeling,modeling_candidate,5,15,6,6,0,2,2
1741,15,22,29,36,14,unsolvedmath-nt-045,unsolvedmath:unsolvedmath-nt-045,The Number of Idoneal Numbers,UnsolvedMath,number_theory,4,80,existence_claim,witness_discovery,not_counterexample_target,0,15,7,8,0,4,2
1742,15,22,29,35,13,formal-conjectures-problem-4-2,formal_conjectures:formal-conjectures-problem-4-2,Formal Conjectures: problem_4_2,Google DeepMind Formal Conjectures,research_mathematics,,50,answer_query,answer_discovery,not_counterexample_target,0,15,6,7,1,2,4
1743,15,22,29,34,12,unsolvedmath-opg-59968,unsolvedmath:unsolvedmath-opg-59968,One-way functions exist,UnsolvedMath,computer_science,3,60,unclassified_question,formal_modeling,modeling_candidate,5,15,5,6,0,1,2
1744,15,22,29,34,12,formal-conjectures-erdos-1055-variants-selfridge-limit,erdos:1055,Formal Conjectures: erdos_1055.variants.selfridge_limit,Google DeepMind Formal Conjectures,research_mathematics,,50,mixed_quantifiers,subclaim_decomposition,not_counterexample_target,8,15,4,1,0,2,4
1745,15,22,29,34,12,formal-conjectures-erdos-1097,erdos:1097,Formal Conjectures: erdos_1097,Google DeepMind Formal Conjectures,research_mathematics,,50,answer_query,answer_discovery,not_counterexample_target,0,15,6,7,0,2,4
1746,15,22,29,34,12,formal-conjectures-erdos-1210,erdos:1210,Formal Conjectures: erdos_1210,Google DeepMind Formal Conjectures,research_mathematics,,50,answer_query,answer_discovery,not_counterexample_target,0,15,6,7,0,2,4
1747,15,22,29,34,12,formal-conjectures-erdos-52,erdos:52,Formal Conjectures: erdos_52,Google DeepMind Formal Conjectures,research_mathematics,,50,answer_query,answer_discovery,not_counterexample_target,0,15,6,7,0,2,4
1748,15,22,29,34,12,formal-conjectures-erdos-982,erdos:982,Formal Conjectures: erdos_982,Google DeepMind Formal Conjectures,research_mathematics,,50,existence_claim,witness_discovery,not_counterexample_target,0,15,4,7,1,3,4
1749,15,22,29,34,12,formal-conjectures-green-60,formal_conjectures:formal-conjectures-green-60,Formal Conjectures: green_60,Google DeepMind Formal Conjectures,research_mathematics,,50,answer_query,answer_discovery,not_counterexample_target,0,15,6,7,0,2,4
1750,15,22,29,32,10,unsolvedmath-darpa-009,unsolvedmath:unsolvedmath-darpa-009,Physical Consequences of Perelman's Proof,UnsolvedMath,topology,4,80,unclassified_question,formal_modeling,modeling_candidate,5,15,2,7,0,1,2
1751,15,22,29,32,10,unsolvedmath-top-006,unsolvedmath:unsolvedmath-top-006,Unknotting Problem,UnsolvedMath,topology,4,80,unclassified_question,formal_modeling,modeling_candidate,5,15,2,7,0,1,2
1752,15,22,29,32,10,unsolvedmath-kou-21.45,unsolvedmath:unsolvedmath-kou-21.45,Kourovka Notebook Problem 21.45,UnsolvedMath,group_theory,3,60,existence_claim,witness_discovery,not_counterexample_target,0,15,7,8,0,0,2
1753,15,22,29,32,10,unsolvedmath-kou-21.46,unsolvedmath:unsolvedmath-kou-21.46,Kourovka Notebook Problem 21.46,UnsolvedMath,group_theory,3,60,existence_claim,witness_discovery,not_counterexample_target,0,15,7,8,0,0,2
1754,15,22,29,32,10,unsolvedmath-kou-21.47,unsolvedmath:unsolvedmath-kou-21.47,Kourovka Notebook Problem 21.47,UnsolvedMath,group_theory,3,60,existence_claim,witness_discovery,not_counterexample_target,0,15,7,8,0,0,2
1755,15,22,29,32,10,unsolvedmath-kp-1.42,unsolvedmath:unsolvedmath-kp-1.42,Kirby Problem 1.42,UnsolvedMath,topology,3,60,classification_or_optimization,subclaim_decomposition,not_counterexample_target,8,15,2,5,0,0,2
1756,15,22,29,32,10,unsolvedmath-opg-37145,unsolvedmath:unsolvedmath-opg-37145,Which homology 3-spheres bound homology 4-balls?,UnsolvedMath,topology,3,60,classification_or_optimization,subclaim_decomposition,not_counterexample_target,8,15,2,3,0,2,2
1757,15,22,29,32,10,unsolvedmath-opg-37159,unsolvedmath:unsolvedmath-opg-37159,What is the homotopy type of the group of diffeomorphisms of the 4-sphere?,UnsolvedMath,topology,3,60,classification_or_optimization,subclaim_decomposition,not_counterexample_target,8,15,3,3,0,1,2
1758,15,22,29,32,10,unsolvedmath-green-084,unsolvedmath:unsolvedmath-green-084,Cohn-Elkies Scheme for Circle Packings,UnsolvedMath,geometry,2,40,unclassified_question,formal_modeling,modeling_candidate,5,15,5,4,0,1,2
1759,15,22,29,30,8,unsolvedmath-green-042,unsolvedmath:unsolvedmath-green-042,Collinear Triples and Cubic Curves,UnsolvedMath,geometry,2,40,existence_claim,witness_discovery,not_counterexample_target,0,15,5,6,0,2,2
1760,15,22,29,30,8,unsolvedmath-green-072,unsolvedmath:unsolvedmath-green-072,Large Subsets of Approximate Groups,UnsolvedMath,algebra,2,40,existence_claim,witness_discovery,not_counterexample_target,0,15,6,6,0,1,2
1761,15,22,29,28,6,unsolvedmath-kp-1.72,unsolvedmath:unsolvedmath-kp-1.72,Kirby Problem 1.72,UnsolvedMath,topology,3,60,existence_claim,witness_discovery,not_counterexample_target,0,15,2,7,0,2,2
1762,14,24,34,33,9,unsolvedmath-ep-1002,erdos:1002,Erdős Problem #1002,UnsolvedMath,combinatorics,1,20,existence_claim,witness_discovery,needs_atomic_split,0,15,7,8,0,1,2
1763,14,23,32,40,17,unsolvedmath-geo-001,unsolvedmath:unsolvedmath-geo-001,Sphere Packing Problem in Higher Dimensions,UnsolvedMath,geometry,5,100,classification_or_optimization,subclaim_decomposition,needs_atomic_split,4,15,5,8,4,2,2
1764,14,23,32,36,13,formal-conjectures-lehmer-mahler-measure-problem,formal_conjectures:formal-conjectures-lehmer-mahler-measure-problem,Formal Conjectures: lehmer_mahler_measure_problem,Google DeepMind Formal Conjectures,research_mathematics,,50,mixed_quantifiers,subclaim_decomposition,not_counterexample_target,8,15,4,3,0,2,4
1765,14,23,32,35,12,unsolvedmath-kp-4.80,unsolvedmath:unsolvedmath-kp-4.80,Kirby Problem 4.80,UnsolvedMath,topology,3,60,classification_or_optimization,subclaim_decomposition,needs_atomic_split,4,15,3,9,1,1,2
1766,14,23,32,34,11,formal-conjectures-erdos-324-variants-quintic,erdos:324,Formal Conjectures: erdos_324.variants.quintic,Google DeepMind Formal Conjectures,research_mathematics,,50,closed_relation,formal_modeling,modeling_candidate,5,15,3,5,0,2,4
1767,14,23,32,34,11,formal-conjectures-regularprime-conjecture,formal_conjectures:formal-conjectures-regularprime-conjecture,Formal Conjectures: regularprime_conjecture,Google DeepMind Formal Conjectures,research_mathematics,,50,unclassified_question,formal_modeling,modeling_candidate,5,15,3,5,0,2,4
1768,14,23,32,34,11,formal-conjectures-selfridge-seq-conjecture,formal_conjectures:formal-conjectures-selfridge-seq-conjecture,Formal Conjectures: selfridge_seq_conjecture,Google DeepMind Formal Conjectures,research_mathematics,,50,unclassified_question,formal_modeling,modeling_candidate,5,15,4,3,0,3,4
1769,14,23,32,34,11,formal-conjectures-zero-divisor-conjecture,formal_conjectures:formal-conjectures-zero-divisor-conjecture,Formal Conjectures: zero_divisor_conjecture,Google DeepMind Formal Conjectures,research_mathematics,,50,unclassified_question,formal_modeling,modeling_candidate,5,15,3,5,0,2,4
1770,14,23,32,33,10,unsolvedmath-kou-21.120,unsolvedmath:unsolvedmath-kou-21.120,Kourovka Notebook Problem 21.120,UnsolvedMath,group_theory,2,40,existence_claim,witness_discovery,needs_atomic_split,0,15,8,8,0,0,2
1771,14,23,32,30,7,unsolvedmath-opg-37386,unsolvedmath:unsolvedmath-opg-37386,Atomicity of the poset of completary multifuncoids,UnsolvedMath,topology,1,20,universal_claim,counterexample,needs_atomic_split,4,15,2,5,1,1,2
1772,14,23,32,30,7,unsolvedmath-opg-37388,unsolvedmath:unsolvedmath-opg-37388,Atomicity of the poset of multifuncoids,UnsolvedMath,topology,1,20,universal_claim,counterexample,needs_atomic_split,4,15,2,5,1,1,2
1773,14,22,30,31,9,unsolvedmath-ep-352,erdos:352,Erdős Problem #352,UnsolvedMath,graph_theory,1,20,existence_claim,witness_discovery,not_counterexample_target,0,15,7,6,0,1,2
1774,14,21,28,42,21,unsolvedmath-graph-017,unsolvedmath:unsolvedmath-graph-017,GNRS Conjecture,UnsolvedMath,graph_theory,5,100,unclassified_question,formal_modeling,modeling_candidate,5,15,7,12,0,1,2
1775,14,21,28,40,19,unsolvedmath-nt-073,unsolvedmath:unsolvedmath-nt-073,Four Exponentials Conjecture,UnsolvedMath,number_theory,5,100,unclassified_question,formal_modeling,modeling_candidate,5,15,8,8,0,2,2
1776,14,21,28,37,16,unsolvedmath-geo-018,unsolvedmath:unsolvedmath-geo-018,The Filling Area Conjecture,UnsolvedMath,geometry,4,80,classification_or_optimization,subclaim_decomposition,not_counterexample_target,8,15,6,2,0,4,2
1777,14,21,28,35,14,unsolvedmath-darpa-007,unsolvedmath:unsolvedmath-darpa-007,Occam's Razor in Many Dimensions,UnsolvedMath,computer_science,4,80,unclassified_question,formal_modeling,modeling_candidate,5,15,5,6,0,2,2
1778,14,21,28,35,14,unsolvedmath-geo-010,unsolvedmath:unsolvedmath-geo-010,The Shephard's Problem,UnsolvedMath,geometry,4,80,unclassified_question,formal_modeling,modeling_candidate,5,15,5,4,2,2,2
1779,14,21,28,35,14,unsolvedmath-guy-a13,unsolvedmath:unsolvedmath-guy-a13,Erdős Conjecture on Carmichael Numbers,UnsolvedMath,number_theory,4,80,unclassified_question,formal_modeling,modeling_candidate,5,15,7,6,0,0,2
1780,14,21,28,35,14,unsolvedmath-sma-012,unsolvedmath:unsolvedmath-sma-012,Smale's 12th Problem: Centralizers of Diffeomorphisms,UnsolvedMath,geometry,4,80,classification_or_optimization,subclaim_decomposition,not_counterexample_target,8,15,5,4,0,1,2
1781,14,21,28,33,12,formal-conjectures-erdos-234,erdos:234,Formal Conjectures: erdos_234,Google DeepMind Formal Conjectures,research_mathematics,,50,answer_query,answer_discovery,not_counterexample_target,0,15,4,5,1,4,4
1782,14,21,28,33,12,formal-conjectures-lonely-runner-conjecture,formal_conjectures:formal-conjectures-lonely-runner-conjecture,Formal Conjectures: lonely_runner_conjecture,Google DeepMind Formal Conjectures,research_mathematics,,50,existence_claim,witness_discovery,not_counterexample_target,0,15,4,7,1,2,4
1783,14,21,28,31,10,unsolvedmath-kp-1.14,unsolvedmath:unsolvedmath-kp-1.14,Kirby Problem 1.14,UnsolvedMath,topology,3,60,classification_or_optimization,subclaim_decomposition,not_counterexample_target,8,15,2,3,0,1,2
1784,14,21,28,31,10,unsolvedmath-kp-1.6,unsolvedmath:unsolvedmath-kp-1.6,Kirby Problem 1.6,UnsolvedMath,topology,3,60,classification_or_optimization,subclaim_decomposition,not_counterexample_target,8,15,2,3,0,1,2
1785,14,21,28,31,10,unsolvedmath-kp-1.67,unsolvedmath:unsolvedmath-kp-1.67,Kirby Problem 1.67,UnsolvedMath,topology,3,60,classification_or_optimization,subclaim_decomposition,not_counterexample_target,8,15,2,3,0,1,2
1786,14,21,28,31,10,unsolvedmath-kp-1.68,unsolvedmath:unsolvedmath-kp-1.68,Kirby Problem 1.68,UnsolvedMath,topology,3,60,classification_or_optimization,subclaim_decomposition,not_counterexample_target,8,15,2,3,0,1,2
1787,14,21,28,31,10,unsolvedmath-kp-2.11,unsolvedmath:unsolvedmath-kp-2.11,Kirby Problem 2.11,UnsolvedMath,topology,3,60,unclassified_question,formal_modeling,modeling_candidate,5,15,3,3,0,3,2
1788,14,21,28,31,10,unsolvedmath-kp-2.25,unsolvedmath:unsolvedmath-kp-2.25,Kirby Problem 2.25,UnsolvedMath,topology,3,60,unclassified_question,formal_modeling,modeling_candidate,5,15,2,5,1,1,2
1789,14,21,28,31,10,unsolvedmath-kp-2.29,unsolvedmath:unsolvedmath-kp-2.29,Kirby Problem 2.29,UnsolvedMath,topology,3,60,classification_or_optimization,subclaim_decomposition,not_counterexample_target,8,15,2,3,0,1,2
1790,14,21,28,31,10,unsolvedmath-kp-2.31,unsolvedmath:unsolvedmath-kp-2.31,Kirby Problem 2.31,UnsolvedMath,topology,3,60,unclassified_question,formal_modeling,modeling_candidate,5,15,2,3,0,4,2
1791,14,21,28,31,10,unsolvedmath-kp-2.4,unsolvedmath:unsolvedmath-kp-2.4,Kirby Problem 2.4,UnsolvedMath,topology,3,60,classification_or_optimization,subclaim_decomposition,not_counterexample_target,8,15,2,3,0,1,2
1792,14,21,28,31,10,unsolvedmath-kp-2.41,unsolvedmath:unsolvedmath-kp-2.41,Kirby Problem 2.41,UnsolvedMath,topology,3,60,classification_or_optimization,subclaim_decomposition,not_counterexample_target,8,15,2,3,0,1,2
1793,14,21,28,31,10,unsolvedmath-kp-2.45,unsolvedmath:unsolvedmath-kp-2.45,Kirby Problem 2.45,UnsolvedMath,topology,3,60,classification_or_optimization,subclaim_decomposition,not_counterexample_target,8,15,2,3,0,1,2
1794,14,21,28,31,10,unsolvedmath-kp-2.5,unsolvedmath:unsolvedmath-kp-2.5,Kirby Problem 2.5,UnsolvedMath,topology,3,60,classification_or_optimization,subclaim_decomposition,not_counterexample_target,8,15,2,3,0,1,2
1795,14,21,28,31,10,unsolvedmath-kp-2.7,unsolvedmath:unsolvedmath-kp-2.7,Kirby Problem 2.7,UnsolvedMath,topology,3,60,classification_or_optimization,subclaim_decomposition,not_counterexample_target,8,15,2,3,0,1,2
1796,14,21,28,31,10,unsolvedmath-kp-3.32,unsolvedmath:unsolvedmath-kp-3.32,Kirby Problem 3.32,UnsolvedMath,topology,3,60,classification_or_optimization,subclaim_decomposition,not_counterexample_target,8,15,2,3,0,1,2
1797,14,21,28,31,10,unsolvedmath-kp-3.76,unsolvedmath:unsolvedmath-kp-3.76,Kirby Problem 3.76,UnsolvedMath,topology,3,60,classification_or_optimization,subclaim_decomposition,not_counterexample_target,8,15,2,3,0,1,2
1798,14,21,28,31,10,unsolvedmath-opg-37154,unsolvedmath:unsolvedmath-opg-37154,Which compact boundaryless 3-manifolds embed smoothly in the 4-sphere?,UnsolvedMath,topology,2,40,classification_or_optimization,subclaim_decomposition,not_counterexample_target,8,15,2,3,0,1,2
1799,14,21,28,29,8,unsolvedmath-opg-60052,unsolvedmath:unsolvedmath-opg-60052,KPZ Universality Conjecture,UnsolvedMath,probability,2,40,unclassified_question,formal_modeling,modeling_candidate,5,15,3,3,0,1,2
1800,14,21,28,27,6,unsolvedmath-kp-1.10,unsolvedmath:unsolvedmath-kp-1.10,Kirby Problem 1.10,UnsolvedMath,topology,3,60,existence_claim,witness_discovery,not_counterexample_target,0,15,2,7,0,1,2
1801,14,21,28,27,6,unsolvedmath-kp-3.57,unsolvedmath:unsolvedmath-kp-3.57,Kirby Problem 3.57,UnsolvedMath,topology,3,60,existence_claim,witness_discovery,not_counterexample_target,0,15,2,7,0,1,2
1802,13,22,31,36,14,formal-conjectures-dickson-conjecture,formal_conjectures:formal-conjectures-dickson-conjecture,Formal Conjectures: dickson_conjecture,Google DeepMind Formal Conjectures,research_mathematics,,50,global_or_asymptotic_claim,formal_modeling,modeling_candidate,5,15,4,4,1,3,4
1803,13,22,31,35,13,formal-conjectures-erdos-97-variants-k-equidistant,erdos:97,Formal Conjectures: erdos_97.variants.k_equidistant,Google DeepMind Formal Conjectures,research_mathematics,,50,answer_query,answer_discovery,not_counterexample_target,0,15,6,7,0,3,4
1804,13,22,31,34,12,formal-conjectures-green-50,formal_conjectures:formal-conjectures-green-50,Formal Conjectures: green_50,Google DeepMind Formal Conjectures,research_mathematics,,50,answer_query,answer_discovery,not_counterexample_target,0,15,6,7,0,2,4
1805,13,22,31,33,11,formal-conjectures-erdos-1074-variants-ehsnumbers-one-half,erdos:1074,Formal Conjectures: erdos_1074.variants.EHSNumbers_one_half,Google DeepMind Formal Conjectures,research_mathematics,,50,unclassified_question,formal_modeling,modeling_candidate,5,15,3,3,0,3,4
1806,13,22,31,33,11,formal-conjectures-erdos-340-variants-sub-hasposdensity,erdos:340,Formal Conjectures: erdos_340.variants.sub_hasPosDensity,Google DeepMind Formal Conjectures,research_mathematics,,50,unclassified_question,formal_modeling,modeling_candidate,5,15,3,3,0,3,4
1807,13,22,31,33,11,formal-conjectures-finite-twentyone-lt-finrank,formal_conjectures:formal-conjectures-finite-twentyone-lt-finrank,Formal Conjectures: finite_twentyone_lt_finrank,Google DeepMind Formal Conjectures,research_mathematics,,50,closed_relation,formal_modeling,modeling_candidate,5,15,4,3,0,2,4
1808,13,22,31,33,11,formal-conjectures-np-ne-conp,formal_conjectures:formal-conjectures-np-ne-conp,Formal Conjectures: NP_ne_coNP,Google DeepMind Formal Conjectures,research_mathematics,,50,closed_relation,formal_modeling,modeling_candidate,5,15,4,3,0,2,4
1809,13,22,31,33,11,formal-conjectures-p-ne-np,formal_conjectures:formal-conjectures-p-ne-np,Formal Conjectures: P_ne_NP,Google DeepMind Formal Conjectures,research_mathematics,,50,closed_relation,formal_modeling,modeling_candidate,5,15,4,3,0,2,4
1810,13,20,27,41,21,unsolvedmath-geo-009,unsolvedmath:unsolvedmath-geo-009,Falconer's Conjecture,UnsolvedMath,geometry,5,100,classification_or_optimization,subclaim_decomposition,not_counterexample_target,8,15,6,6,2,2,2
1811,13,20,27,41,21,unsolvedmath-geo-019,unsolvedmath:unsolvedmath-geo-019,The Hopf Conjectures,UnsolvedMath,geometry,5,100,classification_or_optimization,subclaim_decomposition,not_counterexample_target,8,15,5,6,4,1,2
1812,13,20,27,41,21,unsolvedmath-nt-088,unsolvedmath:unsolvedmath-nt-088,Elliott-Halberstam Conjecture,UnsolvedMath,number_theory,5,100,unclassified_question,formal_modeling,modeling_candidate,5,15,7,12,0,0,2
1813,13,20,27,39,19,unsolvedmath-geom-001,unsolvedmath:unsolvedmath-geom-001,Sphere Packing Problem Higher Dimensions,UnsolvedMath,geometry,5,100,classification_or_optimization,subclaim_decomposition,not_counterexample_target,8,15,6,6,0,2,2
1814,13,20,27,39,19,unsolvedmath-mod-010,unsolvedmath:unsolvedmath-mod-010,Keisler's Order,UnsolvedMath,algebra,5,100,classification_or_optimization,subclaim_decomposition,not_counterexample_target,8,15,7,6,0,1,2
1815,13,20,27,36,16,unsolvedmath-geom-016,unsolvedmath:unsolvedmath-geom-016,Chern's Conjecture (Affine Geometry),UnsolvedMath,geometry,4,80,unclassified_question,formal_modeling,modeling_candidate,5,15,5,4,4,1,2
1816,13,20,27,34,14,unsolvedmath-darpa-006,unsolvedmath:unsolvedmath-darpa-006,Computational Duality,UnsolvedMath,computer_science,4,80,unclassified_question,formal_modeling,modeling_candidate,5,15,5,6,0,1,2
1817,13,20,27,34,14,unsolvedmath-darpa-011,unsolvedmath:unsolvedmath-darpa-011,Optimal Nanostructures,UnsolvedMath,geometry,4,80,unclassified_question,formal_modeling,modeling_candidate,5,15,5,6,0,1,2
1818,13,20,27,34,14,unsolvedmath-darpa-013,unsolvedmath:unsolvedmath-darpa-013,Game Theory at Scale,UnsolvedMath,computer_science,4,80,unclassified_question,formal_modeling,modeling_candidate,5,15,5,6,0,1,2
1819,13,20,27,34,14,unsolvedmath-darpa-015,unsolvedmath:unsolvedmath-darpa-015,The Geometry of Genome Space,UnsolvedMath,geometry,4,80,unclassified_question,formal_modeling,modeling_candidate,5,15,6,4,0,2,2
1820,13,20,27,34,14,unsolvedmath-sma-005,unsolvedmath:unsolvedmath-sma-005,Smale's 5th Problem: Height Bounds for Diophantine Curves,UnsolvedMath,algebraic_geometry,4,80,unclassified_question,formal_modeling,modeling_candidate,5,15,4,5,0,3,2
1821,13,20,27,32,12,unsolvedmath-kp-4.85,unsolvedmath:unsolvedmath-kp-4.85,Kirby Problem 4.85,UnsolvedMath,topology,3,60,classification_or_optimization,subclaim_decomposition,not_counterexample_target,8,15,3,3,0,1,2
1822,13,20,27,32,12,formal-conjectures-erdos-74-variants-sqrt,erdos:74,Formal Conjectures: erdos_74.variants.sqrt,Google DeepMind Formal Conjectures,research_mathematics,,50,answer_query,answer_discovery,not_counterexample_target,0,15,4,5,1,3,4
1823,13,20,27,32,12,formal-conjectures-green-15,formal_conjectures:formal-conjectures-green-15,Formal Conjectures: green_15,Google DeepMind Formal Conjectures,research_mathematics,,50,answer_query,answer_discovery,not_counterexample_target,0,15,4,5,1,3,4
1824,13,20,27,31,11,formal-conjectures-artin-primitive-roots-parts-i,formal_conjectures:formal-conjectures-artin-primitive-roots-parts-i,Formal Conjectures: artin_primitive_roots.parts.i,Google DeepMind Formal Conjectures,research_mathematics,,50,existence_claim,witness_discovery,not_counterexample_target,0,15,4,5,0,3,4
1825,13,20,27,31,11,formal-conjectures-erdos-1176,erdos:1176,Formal Conjectures: erdos_1176,Google DeepMind Formal Conjectures,research_mathematics,,50,answer_query,answer_discovery,not_counterexample_target,0,15,4,5,0,3,4
1826,13,20,27,31,11,formal-conjectures-erdos-141,erdos:141,Formal Conjectures: erdos_141,Google DeepMind Formal Conjectures,research_mathematics,,50,answer_query,answer_discovery,not_counterexample_target,0,15,4,5,0,3,4
1827,13,20,27,31,11,formal-conjectures-erdos-330-statement,erdos:330,Formal Conjectures: erdos_330_statement,Google DeepMind Formal Conjectures,research_mathematics,,50,answer_query,answer_discovery,not_counterexample_target,0,15,4,5,0,3,4
1828,13,20,27,31,11,formal-conjectures-erdos-477,erdos:477,Formal Conjectures: erdos_477,Google DeepMind Formal Conjectures,research_mathematics,,50,answer_query,answer_discovery,not_counterexample_target,0,15,4,5,0,3,4
1829,13,20,27,31,11,formal-conjectures-erdos-918-parts-i,erdos:918,Formal Conjectures: erdos_918.parts.i,Google DeepMind Formal Conjectures,research_mathematics,,50,answer_query,answer_discovery,not_counterexample_target,0,15,4,5,0,3,4
1830,13,20,27,31,11,formal-conjectures-erdos-918-parts-ii,erdos:918,Formal Conjectures: erdos_918.parts.ii,Google DeepMind Formal Conjectures,research_mathematics,,50,answer_query,answer_discovery,not_counterexample_target,0,15,4,5,0,3,4
1831,13,20,27,31,11,formal-conjectures-erdos-918-variants-all-subgraphs-parts-i,erdos:918,Formal Conjectures: erdos_918.variants.all_subgraphs.parts.i,Google DeepMind Formal Conjectures,research_mathematics,,50,answer_query,answer_discovery,not_counterexample_target,0,15,4,5,0,3,4
1832,13,20,27,31,11,formal-conjectures-erdos-918-variants-all-subgraphs-parts-ii,erdos:918,Formal Conjectures: erdos_918.variants.all_subgraphs.parts.ii,Google DeepMind Formal Conjectures,research_mathematics,,50,answer_query,answer_discovery,not_counterexample_target,0,15,4,5,0,3,4
1833,13,20,27,31,11,formal-conjectures-erdos-940,erdos:940,Formal Conjectures: erdos_940,Google DeepMind Formal Conjectures,research_mathematics,,50,answer_query,answer_discovery,not_counterexample_target,0,15,4,5,0,3,4
1834,13,20,27,31,11,formal-conjectures-erdos-940-variants-three-cubes,erdos:940,Formal Conjectures: erdos_940.variants.three_cubes,Google DeepMind Formal Conjectures,research_mathematics,,50,answer_query,answer_discovery,not_counterexample_target,0,15,4,5,0,3,4
1835,13,20,27,30,10,unsolvedmath-kp-1.26,unsolvedmath:unsolvedmath-kp-1.26,Kirby Problem 1.26,UnsolvedMath,topology,3,60,unclassified_question,formal_modeling,modeling_candidate,5,15,3,3,0,2,2
1836,13,20,27,30,10,unsolvedmath-kp-4.27,unsolvedmath:unsolvedmath-kp-4.27,Kirby Problem 4.27,UnsolvedMath,topology,3,60,unclassified_question,formal_modeling,modeling_candidate,5,15,3,5,0,0,2
1837,13,20,27,29,9,unsolvedmath-opg-1790,unsolvedmath:unsolvedmath-opg-1790,Tarski's exponential function problem,UnsolvedMath,logic,1,20,unclassified_question,formal_modeling,modeling_candidate,5,15,3,3,0,1,2
1838,13,20,27,28,8,unsolvedmath-opg-1761,unsolvedmath:unsolvedmath-opg-1761,Dense rational distance sets in the plane,UnsolvedMath,geometry,2,40,existence_claim,witness_discovery,not_counterexample_target,0,15,6,4,0,1,2
1839,13,20,27,27,7,unsolvedmath-green-048,unsolvedmath:unsolvedmath-green-048,Balanced Ham Sandwich Line,UnsolvedMath,geometry,1,20,existence_claim,witness_discovery,not_counterexample_target,0,15,5,4,0,1,2
1840,13,20,27,26,6,unsolvedmath-kp-2.28,unsolvedmath:unsolvedmath-kp-2.28,Kirby Problem 2.28,UnsolvedMath,topology,3,60,existence_claim,witness_discovery,not_counterexample_target,0,15,2,7,0,0,2
1841,13,20,27,26,6,unsolvedmath-kp-3.71,unsolvedmath:unsolvedmath-kp-3.71,Kirby Problem 3.71,UnsolvedMath,topology,3,60,existence_claim,witness_discovery,not_counterexample_target,0,15,2,7,0,0,2
1842,12,21,30,36,15,unsolvedmath-ag-001,unsolvedmath:unsolvedmath-ag-001,The Standard Conjectures on Algebraic Cycles,UnsolvedMath,algebraic_geometry,5,100,unclassified_question,formal_modeling,needs_atomic_split,4,15,5,9,0,1,2
1843,12,21,30,35,14,formal-conjectures-schinzel-conjecture,formal_conjectures:formal-conjectures-schinzel-conjecture,Formal Conjectures: schinzel_conjecture,Google DeepMind Formal Conjectures,research_mathematics,,50,global_or_asymptotic_claim,formal_modeling,modeling_candidate,5,15,4,4,1,2,4
1844,12,21,30,33,12,unsolvedmath-kp-4.50,unsolvedmath:unsolvedmath-kp-4.50,Kirby Problem 4.50,UnsolvedMath,topology,3,60,classification_or_optimization,subclaim_decomposition,needs_atomic_split,4,15,3,7,0,2,2
1845,12,21,30,33,12,formal-conjectures-harthshorne-conjecture,formal_conjectures:formal-conjectures-harthshorne-conjecture,Formal Conjectures: harthshorne_conjecture,Google DeepMind Formal Conjectures,research_mathematics,,50,existence_claim,witness_discovery,not_counterexample_target,0,15,4,7,1,2,4
1846,12,21,30,32,11,formal-conjectures-a-unbounded,formal_conjectures:formal-conjectures-a-unbounded,Formal Conjectures: a_unbounded,Google DeepMind Formal Conjectures,research_mathematics,,50,unclassified_question,formal_modeling,modeling_candidate,5,15,3,3,0,2,4
1847,12,21,30,32,11,formal-conjectures-agoh-giuga,formal_conjectures:formal-conjectures-agoh-giuga,Formal Conjectures: agoh_giuga,Google DeepMind Formal Conjectures,research_mathematics,,50,unclassified_question,formal_modeling,modeling_candidate,5,15,3,3,0,2,4
1848,12,21,30,32,11,formal-conjectures-agoh-giuga-variants-giuga,formal_conjectures:formal-conjectures-agoh-giuga-variants-giuga,Formal Conjectures: agoh_giuga.variants.giuga,Google DeepMind Formal Conjectures,research_mathematics,,50,unclassified_question,formal_modeling,modeling_candidate,5,15,3,3,0,2,4
1849,12,21,30,32,11,formal-conjectures-beal-conjecture,formal_conjectures:formal-conjectures-beal-conjecture,Formal Conjectures: beal_conjecture,Google DeepMind Formal Conjectures,research_mathematics,,50,unclassified_question,formal_modeling,modeling_candidate,5,15,3,3,0,2,4
1850,12,21,30,32,11,formal-conjectures-blochconstant-exact-value,formal_conjectures:formal-conjectures-blochconstant-exact-value,Formal Conjectures: blochConstant_exact_value,Google DeepMind Formal Conjectures,research_mathematics,,50,closed_relation,formal_modeling,modeling_candidate,5,15,3,3,0,2,4
1851,12,21,30,32,11,formal-conjectures-brennan-universalspectrum,formal_conjectures:formal-conjectures-brennan-universalspectrum,Formal Conjectures: brennan_universalSpectrum,Google DeepMind Formal Conjectures,research_mathematics,,50,closed_relation,formal_modeling,modeling_candidate,5,15,3,3,0,2,4
1852,12,21,30,32,11,formal-conjectures-brennan-universalspectrumbounded,formal_conjectures:formal-conjectures-brennan-universalspectrumbounded,Formal Conjectures: brennan_universalSpectrumBounded,Google DeepMind Formal Conjectures,research_mathematics,,50,closed_relation,formal_modeling,modeling_candidate,5,15,3,3,0,2,4
1853,12,21,30,32,11,formal-conjectures-buchi-problem-m5,formal_conjectures:formal-conjectures-buchi-problem-m5,Formal Conjectures: buchi_problem_M5,Google DeepMind Formal Conjectures,research_mathematics,,50,unclassified_question,formal_modeling,modeling_candidate,5,15,3,3,0,2,4
1854,12,21,30,32,11,formal-conjectures-conjecture,formal_conjectures:formal-conjectures-conjecture,Formal Conjectures: conjecture,Google DeepMind Formal Conjectures,research_mathematics,,50,closed_relation,formal_modeling,modeling_candidate,5,15,3,3,0,2,4
1855,12,21,30,32,11,formal-conjectures-cuboidthree,formal_conjectures:formal-conjectures-cuboidthree,Formal Conjectures: cuboidThree,Google DeepMind Formal Conjectures,research_mathematics,,50,unclassified_question,formal_modeling,modeling_candidate,5,15,3,3,0,2,4
1856,12,21,30,32,11,formal-conjectures-cuboidtwo,formal_conjectures:formal-conjectures-cuboidtwo,Formal Conjectures: cuboidTwo,Google DeepMind Formal Conjectures,research_mathematics,,50,unclassified_question,formal_modeling,modeling_candidate,5,15,3,3,0,2,4
1857,12,21,30,32,11,formal-conjectures-erdos-1084-variants-triangular-optimal-d2,erdos:1084,Formal Conjectures: erdos_1084.variants.triangular_optimal_d2,Google DeepMind Formal Conjectures,research_mathematics,,50,closed_relation,formal_modeling,modeling_candidate,5,15,3,3,0,2,4
1858,12,21,30,32,11,formal-conjectures-erdos-1135,erdos:1135,Formal Conjectures: erdos_1135,Google DeepMind Formal Conjectures,research_mathematics,,50,unclassified_question,formal_modeling,modeling_candidate,5,15,3,3,0,2,4
1859,12,21,30,32,11,formal-conjectures-erdos-373,erdos:373,Formal Conjectures: erdos_373,Google DeepMind Formal Conjectures,research_mathematics,,50,unclassified_question,formal_modeling,modeling_candidate,5,15,3,3,0,2,4
1860,12,21,30,32,11,formal-conjectures-erdos-406-variants-one-two,erdos:406,Formal Conjectures: erdos_406.variants.one_two,Google DeepMind Formal Conjectures,research_mathematics,,50,unclassified_question,formal_modeling,modeling_candidate,5,15,3,3,0,2,4
1861,12,21,30,32,11,formal-conjectures-erdos-835-variants-johnson,erdos:835,Formal Conjectures: erdos_835.variants.johnson,Google DeepMind Formal Conjectures,research_mathematics,,50,answer_query,answer_discovery,not_counterexample_target,0,15,4,5,1,3,4
1862,12,21,30,32,11,formal-conjectures-existsweaklyfirstcountablecompactnotfirstcountable,formal_conjectures:formal-conjectures-existsweaklyfirstcountablecompactnotfirstcountable,Formal Conjectures: existsWeaklyFirstCountableCompactNotFirstCountable,Google DeepMind Formal Conjectures,research_mathematics,,50,unclassified_question,formal_modeling,modeling_candidate,5,15,3,3,0,2,4
1863,12,21,30,32,11,formal-conjectures-exp-add-pi-transcendental,formal_conjectures:formal-conjectures-exp-add-pi-transcendental,Formal Conjectures: exp_add_pi_transcendental,Google DeepMind Formal Conjectures,research_mathematics,,50,unclassified_question,formal_modeling,modeling_candidate,5,15,3,3,0,2,4
1864,12,21,30,32,11,formal-conjectures-exp-exp-transcendental,formal_conjectures:formal-conjectures-exp-exp-transcendental,Formal Conjectures: exp_exp_transcendental,Google DeepMind Formal Conjectures,research_mathematics,,50,unclassified_question,formal_modeling,modeling_candidate,5,15,3,3,0,2,4
1865,12,21,30,32,11,formal-conjectures-exp-mul-pi-transcendental,formal_conjectures:formal-conjectures-exp-mul-pi-transcendental,Formal Conjectures: exp_mul_pi_transcendental,Google DeepMind Formal Conjectures,research_mathematics,,50,unclassified_question,formal_modeling,modeling_candidate,5,15,3,3,0,2,4
1866,12,21,30,32,11,formal-conjectures-exp-pow-pi-sq-transcendental,formal_conjectures:formal-conjectures-exp-pow-pi-sq-transcendental,Formal Conjectures: exp_pow_pi_sq_transcendental,Google DeepMind Formal Conjectures,research_mathematics,,50,unclassified_question,formal_modeling,modeling_candidate,5,15,3,3,0,2,4
1867,12,21,30,32,11,formal-conjectures-fermat-catalan,formal_conjectures:formal-conjectures-fermat-catalan,Formal Conjectures: fermat_catalan,Google DeepMind Formal Conjectures,research_mathematics,,50,unclassified_question,formal_modeling,modeling_candidate,5,15,3,3,0,2,4
1868,12,21,30,32,11,formal-conjectures-flagged-open-missing-docstring,formal_conjectures:formal-conjectures-flagged-open-missing-docstring,Formal Conjectures: flagged_open_missing_docstring,Google DeepMind Formal Conjectures,research_mathematics,,50,unclassified_question,formal_modeling,modeling_candidate,5,15,3,3,0,2,4
1869,12,21,30,32,11,formal-conjectures-green-19-lower,formal_conjectures:formal-conjectures-green-19-lower,Formal Conjectures: green_19.lower,Google DeepMind Formal Conjectures,research_mathematics,,50,closed_relation,formal_modeling,modeling_candidate,5,15,3,3,0,2,4
1870,12,21,30,32,11,formal-conjectures-green-19-upper,formal_conjectures:formal-conjectures-green-19-upper,Formal Conjectures: green_19.upper,Google DeepMind Formal Conjectures,research_mathematics,,50,closed_relation,formal_modeling,modeling_candidate,5,15,3,3,0,2,4
1871,12,21,30,32,11,formal-conjectures-hall-conjecture,formal_conjectures:formal-conjectures-hall-conjecture,Formal Conjectures: hall_conjecture,Google DeepMind Formal Conjectures,research_mathematics,,50,unclassified_question,formal_modeling,modeling_candidate,5,15,3,3,0,2,4
1872,12,21,30,32,11,formal-conjectures-infinitely-many-amicable,formal_conjectures:formal-conjectures-infinitely-many-amicable,Formal Conjectures: infinitely_many_amicable,Google DeepMind Formal Conjectures,research_mathematics,,50,unclassified_question,formal_modeling,modeling_candidate,5,15,3,3,0,2,4
1873,12,21,30,32,11,formal-conjectures-landauconstant-exact-value,formal_conjectures:formal-conjectures-landauconstant-exact-value,Formal Conjectures: landauConstant_exact_value,Google DeepMind Formal Conjectures,research_mathematics,,50,closed_relation,formal_modeling,modeling_candidate,5,15,3,3,0,2,4
1874,12,21,30,32,11,formal-conjectures-mlc,formal_conjectures:formal-conjectures-mlc,Formal Conjectures: MLC,Google DeepMind Formal Conjectures,research_mathematics,,50,unclassified_question,formal_modeling,modeling_candidate,5,15,3,3,0,2,4
1875,12,21,30,32,11,formal-conjectures-not-flagged-with-docstring,formal_conjectures:formal-conjectures-not-flagged-with-docstring,Formal Conjectures: not_flagged_with_docstring,Google DeepMind Formal Conjectures,research_mathematics,,50,unclassified_question,formal_modeling,modeling_candidate,5,15,3,3,0,2,4
1876,12,21,30,32,11,formal-conjectures-pi-normal-base-ten,formal_conjectures:formal-conjectures-pi-normal-base-ten,Formal Conjectures: pi_normal_base_ten,Google DeepMind Formal Conjectures,research_mathematics,,50,unclassified_question,formal_modeling,modeling_candidate,5,15,3,3,0,2,4
1877,12,21,30,32,11,formal-conjectures-pi-pow-exp-transcendental,formal_conjectures:formal-conjectures-pi-pow-exp-transcendental,Formal Conjectures: pi_pow_exp_transcendental,Google DeepMind Formal Conjectures,research_mathematics,,50,unclassified_question,formal_modeling,modeling_candidate,5,15,3,3,0,2,4
1878,12,21,30,32,11,formal-conjectures-pi-pow-pi-pow-pi-pow-pi-transcendental,formal_conjectures:formal-conjectures-pi-pow-pi-pow-pi-pow-pi-transcendental,Formal Conjectures: pi_pow_pi_pow_pi_pow_pi_transcendental,Google DeepMind Formal Conjectures,research_mathematics,,50,unclassified_question,formal_modeling,modeling_candidate,5,15,3,3,0,2,4
1879,12,21,30,32,11,formal-conjectures-pi-pow-pi-pow-pi-transcendental,formal_conjectures:formal-conjectures-pi-pow-pi-pow-pi-transcendental,Formal Conjectures: pi_pow_pi_pow_pi_transcendental,Google DeepMind Formal Conjectures,research_mathematics,,50,unclassified_question,formal_modeling,modeling_candidate,5,15,3,3,0,2,4
1880,12,21,30,32,11,formal-conjectures-pi-pow-pi-transcendental,formal_conjectures:formal-conjectures-pi-pow-pi-transcendental,Formal Conjectures: pi_pow_pi_transcendental,Google DeepMind Formal Conjectures,research_mathematics,,50,unclassified_question,formal_modeling,modeling_candidate,5,15,3,3,0,2,4
1881,12,21,30,32,11,formal-conjectures-pi-pow-sqrt-two-transcendental,formal_conjectures:formal-conjectures-pi-pow-sqrt-two-transcendental,Formal Conjectures: pi_pow_sqrt_two_transcendental,Google DeepMind Formal Conjectures,research_mathematics,,50,unclassified_question,formal_modeling,modeling_candidate,5,15,3,3,0,2,4
1882,12,21,30,32,11,formal-conjectures-poincare-conjecture-variants-smooth-dimension-four,formal_conjectures:formal-conjectures-poincare-conjecture-variants-smooth-dimension-four,Formal Conjectures: poincare_conjecture.variants.smooth_dimension_four,Google DeepMind Formal Conjectures,research_mathematics,,50,unclassified_question,formal_modeling,modeling_candidate,5,15,3,3,0,2,4
1883,12,21,30,32,11,formal-conjectures-pollock-tetrahedral-salzer-levine,formal_conjectures:formal-conjectures-pollock-tetrahedral-salzer-levine,Formal Conjectures: pollock_tetrahedral.salzer_levine,Google DeepMind Formal Conjectures,research_mathematics,,50,unclassified_question,formal_modeling,modeling_candidate,5,15,3,3,0,2,4
1884,12,21,30,32,11,formal-conjectures-riemannhypothesis,formal_conjectures:formal-conjectures-riemannhypothesis,Formal Conjectures: riemannHypothesis,Google DeepMind Formal Conjectures,research_mathematics,,50,unclassified_question,formal_modeling,modeling_candidate,5,15,3,3,0,2,4
1885,12,21,30,32,11,formal-conjectures-rlog-pi-transcendental,formal_conjectures:formal-conjectures-rlog-pi-transcendental,Formal Conjectures: rlog_pi_transcendental,Google DeepMind Formal Conjectures,research_mathematics,,50,unclassified_question,formal_modeling,modeling_candidate,5,15,3,3,0,2,4
1886,12,21,30,32,11,formal-conjectures-sin-exp-transcendental,formal_conjectures:formal-conjectures-sin-exp-transcendental,Formal Conjectures: sin_exp_transcendental,Google DeepMind Formal Conjectures,research_mathematics,,50,unclassified_question,formal_modeling,modeling_candidate,5,15,3,3,0,2,4
1887,12,21,30,32,11,formal-conjectures-transcendental-catalanconstant,formal_conjectures:formal-conjectures-transcendental-catalanconstant,Formal Conjectures: transcendental_catalanConstant,Google DeepMind Formal Conjectures,research_mathematics,,50,unclassified_question,formal_modeling,modeling_candidate,5,15,3,3,0,2,4
1888,12,21,30,32,11,formal-conjectures-transcendental-gompertzconstant,formal_conjectures:formal-conjectures-transcendental-gompertzconstant,Formal Conjectures: transcendental_gompertzConstant,Google DeepMind Formal Conjectures,research_mathematics,,50,unclassified_question,formal_modeling,modeling_candidate,5,15,3,3,0,2,4
1889,12,21,30,31,10,unsolvedmath-kp-1.64,unsolvedmath:unsolvedmath-kp-1.64,Kirby Problem 1.64,UnsolvedMath,topology,3,60,universal_claim,counterexample,needs_atomic_split,4,15,3,5,1,1,2
1890,12,21,30,28,7,unsolvedmath-opg-37385,unsolvedmath:unsolvedmath-opg-37385,Upgrading a completary multifuncoid,UnsolvedMath,topology,1,20,universal_claim,counterexample,needs_atomic_split,4,15,3,3,0,1,2
1891,12,21,30,28,7,unsolvedmath-opg-59900,unsolvedmath:unsolvedmath-opg-59900,Direct proof of a theorem about compact funcoids,UnsolvedMath,topology,1,20,mixed_quantifiers,subclaim_decomposition,needs_atomic_split,4,15,2,3,0,2,2
1892,12,21,30,28,7,unsolvedmath-opg-60019,unsolvedmath:unsolvedmath-opg-60019,A funcoid related to directed topological spaces,UnsolvedMath,topology,1,20,equivalence_claim,counterexample,needs_atomic_split,4,15,3,3,0,1,2
1893,12,21,30,27,6,unsolvedmath-kp-1.60,unsolvedmath:unsolvedmath-kp-1.60,Kirby Problem 1.60,UnsolvedMath,topology,3,60,existence_claim,witness_discovery,needs_atomic_split,0,15,2,7,0,1,2
1894,12,21,30,27,6,unsolvedmath-kp-2.30,unsolvedmath:unsolvedmath-kp-2.30,Kirby Problem 2.30,UnsolvedMath,topology,3,60,existence_claim,witness_discovery,needs_atomic_split,0,15,2,7,0,1,2
1895,12,19,26,40,21,unsolvedmath-nt-068,unsolvedmath:unsolvedmath-nt-068,Hilbert-Pólya Conjecture,UnsolvedMath,number_theory,5,100,unclassified_question,formal_modeling,modeling_candidate,5,15,8,8,0,2,2
1896,12,19,26,38,19,unsolvedmath-nt-051,unsolvedmath:unsolvedmath-nt-051,Normality of Pi,UnsolvedMath,number_theory,5,100,unclassified_question,formal_modeling,modeling_candidate,5,15,7,8,0,1,2
1897,12,19,26,35,16,unsolvedmath-geo-006,unsolvedmath:unsolvedmath-geo-006,The Knaster Problem,UnsolvedMath,geometry,4,80,unclassified_question,formal_modeling,modeling_candidate,5,15,5,4,2,2,2
1898,12,19,26,35,16,unsolvedmath-geom-027,unsolvedmath:unsolvedmath-geom-027,Danzer's Problem,UnsolvedMath,geometry,4,80,unclassified_question,formal_modeling,modeling_candidate,5,15,6,2,0,5,2
1899,12,19,26,33,14,unsolvedmath-sma-010,unsolvedmath:unsolvedmath-sma-010,Smale's 10th Problem: The Pugh Closing Lemma,UnsolvedMath,geometry,4,80,unclassified_question,formal_modeling,modeling_candidate,5,15,6,4,0,1,2
1900,12,19,26,31,12,unsolvedmath-kp-1.77,unsolvedmath:unsolvedmath-kp-1.77,Kirby Problem 1.77,UnsolvedMath,topology,3,60,classification_or_optimization,subclaim_decomposition,not_counterexample_target,8,15,2,3,0,1,2
1901,12,19,26,31,12,unsolvedmath-kp-2.18,unsolvedmath:unsolvedmath-kp-2.18,Kirby Problem 2.18,UnsolvedMath,topology,3,60,classification_or_optimization,subclaim_decomposition,not_counterexample_target,8,15,2,1,0,3,2
1902,12,19,26,31,12,unsolvedmath-kp-3.28,unsolvedmath:unsolvedmath-kp-3.28,Kirby Problem 3.28,UnsolvedMath,topology,3,60,classification_or_optimization,subclaim_decomposition,not_counterexample_target,8,15,2,3,0,1,2
1903,12,19,26,31,12,unsolvedmath-kp-3.60,unsolvedmath:unsolvedmath-kp-3.60,Kirby Problem 3.60,UnsolvedMath,topology,3,60,classification_or_optimization,subclaim_decomposition,not_counterexample_target,8,15,2,3,0,1,2
1904,12,19,26,31,12,unsolvedmath-kp-4.114,unsolvedmath:unsolvedmath-kp-4.114,Kirby Problem 4.114,UnsolvedMath,topology,3,60,classification_or_optimization,subclaim_decomposition,not_counterexample_target,8,15,2,3,0,1,2
1905,12,19,26,31,12,unsolvedmath-kp-4.39,unsolvedmath:unsolvedmath-kp-4.39,Kirby Problem 4.39,UnsolvedMath,topology,3,60,classification_or_optimization,subclaim_decomposition,not_counterexample_target,8,15,2,3,0,1,2
1906,12,19,26,31,12,unsolvedmath-kp-4.45,unsolvedmath:unsolvedmath-kp-4.45,Kirby Problem 4.45,UnsolvedMath,topology,3,60,classification_or_optimization,subclaim_decomposition,not_counterexample_target,8,15,2,3,0,1,2
1907,12,19,26,31,12,unsolvedmath-kp-4.77,unsolvedmath:unsolvedmath-kp-4.77,Kirby Problem 4.77,UnsolvedMath,topology,3,60,classification_or_optimization,subclaim_decomposition,not_counterexample_target,8,15,2,3,0,1,2
1908,12,19,26,31,12,unsolvedmath-kp-4.81,unsolvedmath:unsolvedmath-kp-4.81,Kirby Problem 4.81,UnsolvedMath,topology,3,60,classification_or_optimization,subclaim_decomposition,not_counterexample_target,8,15,2,3,0,1,2
1909,12,19,26,31,12,formal-conjectures-erdos-377,erdos:377,Formal Conjectures: erdos_377,Google DeepMind Formal Conjectures,research_mathematics,,50,answer_query,answer_discovery,not_counterexample_target,0,15,4,5,1,2,4
1910,12,19,26,31,12,formal-conjectures-erdos-387,erdos:387,Formal Conjectures: erdos_387,Google DeepMind Formal Conjectures,research_mathematics,,50,answer_query,answer_discovery,not_counterexample_target,0,15,4,5,1,2,4
1911,12,19,26,31,12,formal-conjectures-erdos-409-parts-iii,erdos:409,Formal Conjectures: erdos_409.parts.iii,Google DeepMind Formal Conjectures,research_mathematics,,50,answer_query,answer_discovery,not_counterexample_target,0,15,3,5,1,3,4
1912,12,19,26,31,12,formal-conjectures-erdos-503,erdos:503,Formal Conjectures: erdos_503,Google DeepMind Formal Conjectures,research_mathematics,,50,answer_query,answer_discovery,not_counterexample_target,0,15,4,5,1,2,4
1913,12,19,26,30,11,formal-conjectures-buchi-problem,formal_conjectures:formal-conjectures-buchi-problem,Formal Conjectures: buchi_problem,Google DeepMind Formal Conjectures,research_mathematics,,50,answer_query,answer_discovery,not_counterexample_target,0,15,4,5,0,2,4
1914,12,19,26,30,11,formal-conjectures-catalans-mersenne-conjecture,formal_conjectures:formal-conjectures-catalans-mersenne-conjecture,Formal Conjectures: catalans_mersenne_conjecture,Google DeepMind Formal Conjectures,research_mathematics,,50,answer_query,answer_discovery,not_counterexample_target,0,15,4,5,0,2,4
1915,12,19,26,30,11,formal-conjectures-conjecture198a,formal_conjectures:formal-conjectures-conjecture198a,Formal Conjectures: conjecture198a,Google DeepMind Formal Conjectures,research_mathematics,,50,existence_claim,witness_discovery,not_counterexample_target,0,15,4,5,0,2,4
1916,12,19,26,30,11,formal-conjectures-curling-number-conjecture,formal_conjectures:formal-conjectures-curling-number-conjecture,Formal Conjectures: curling_number_conjecture,Google DeepMind Formal Conjectures,research_mathematics,,50,existence_claim,witness_discovery,not_counterexample_target,0,15,4,5,0,2,4
1917,12,19,26,30,11,formal-conjectures-density-of-hyperbolicity,formal_conjectures:formal-conjectures-density-of-hyperbolicity,Formal Conjectures: density_of_hyperbolicity,Google DeepMind Formal Conjectures,research_mathematics,,50,existence_claim,witness_discovery,not_counterexample_target,0,15,3,5,0,3,4
1918,12,19,26,30,11,formal-conjectures-eqsystem-no-solution-ge6-ge3-int,formal_conjectures:formal-conjectures-eqsystem-no-solution-ge6-ge3-int,Formal Conjectures: eqSystem_no_solution_ge6_ge3_int,Google DeepMind Formal Conjectures,research_mathematics,,50,answer_query,answer_discovery,not_counterexample_target,0,15,4,5,0,2,4
1919,12,19,26,30,11,formal-conjectures-eqsystem-no-solution-ge6-ge3-trinary-int,formal_conjectures:formal-conjectures-eqsystem-no-solution-ge6-ge3-trinary-int,Formal Conjectures: eqSystem_no_solution_ge6_ge3_trinary_int,Google DeepMind Formal Conjectures,research_mathematics,,50,answer_query,answer_discovery,not_counterexample_target,0,15,4,5,0,2,4
1920,12,19,26,30,11,formal-conjectures-eqsystem6-no-solution-ge3-int,formal_conjectures:formal-conjectures-eqsystem6-no-solution-ge3-int,Formal Conjectures: eqSystem6_no_solution_ge3_int,Google DeepMind Formal Conjectures,research_mathematics,,50,answer_query,answer_discovery,not_counterexample_target,0,15,4,5,0,2,4
1921,12,19,26,30,11,formal-conjectures-eqsystem6-no-solution-ge3-trinary-int,formal_conjectures:formal-conjectures-eqsystem6-no-solution-ge3-trinary-int,Formal Conjectures: eqSystem6_no_solution_ge3_trinary_int,Google DeepMind Formal Conjectures,research_mathematics,,50,answer_query,answer_discovery,not_counterexample_target,0,15,4,5,0,2,4
1922,12,19,26,30,11,formal-conjectures-erdos-1074-parts-iii,erdos:1074,Formal Conjectures: erdos_1074.parts.iii,Google DeepMind Formal Conjectures,research_mathematics,,50,answer_query,answer_discovery,not_counterexample_target,0,15,3,5,0,3,4
1923,12,19,26,30,11,formal-conjectures-erdos-1074-parts-iv,erdos:1074,Formal Conjectures: erdos_1074.parts.iv,Google DeepMind Formal Conjectures,research_mathematics,,50,answer_query,answer_discovery,not_counterexample_target,0,15,3,5,0,3,4
1924,12,19,26,30,11,formal-conjectures-erdos-141-variants-eleven,erdos:141,Formal Conjectures: erdos_141.variants.eleven,Google DeepMind Formal Conjectures,research_mathematics,,50,answer_query,answer_discovery,not_counterexample_target,0,15,3,5,0,3,4
1925,12,19,26,30,11,formal-conjectures-erdos-195,erdos:195,Formal Conjectures: erdos_195,Google DeepMind Formal Conjectures,research_mathematics,,50,answer_query,answer_discovery,not_counterexample_target,0,15,3,5,0,3,4
1926,12,19,26,30,11,formal-conjectures-erdos-196,erdos:196,Formal Conjectures: erdos_196,Google DeepMind Formal Conjectures,research_mathematics,,50,answer_query,answer_discovery,not_counterexample_target,0,15,3,5,0,3,4
1927,12,19,26,30,11,formal-conjectures-erdos-197,erdos:197,Formal Conjectures: erdos_197,Google DeepMind Formal Conjectures,research_mathematics,,50,answer_query,answer_discovery,not_counterexample_target,0,15,3,5,0,3,4
1928,12,19,26,30,11,formal-conjectures-erdos-213,erdos:213,Formal Conjectures: erdos_213,Google DeepMind Formal Conjectures,research_mathematics,,50,answer_query,answer_discovery,not_counterexample_target,0,15,4,5,0,2,4
1929,12,19,26,30,11,formal-conjectures-erdos-264-parts-ii,erdos:264,Formal Conjectures: erdos_264.parts.ii,Google DeepMind Formal Conjectures,research_mathematics,,50,answer_query,answer_discovery,not_counterexample_target,0,15,4,5,0,2,4
1930,12,19,26,30,11,formal-conjectures-erdos-274,erdos:274,Formal Conjectures: erdos_274,Google DeepMind Formal Conjectures,research_mathematics,,50,answer_query,answer_discovery,not_counterexample_target,0,15,4,5,0,2,4
1931,12,19,26,30,11,formal-conjectures-erdos-329,erdos:329,Formal Conjectures: erdos_329,Google DeepMind Formal Conjectures,research_mathematics,,50,answer_query,answer_discovery,not_counterexample_target,0,15,3,5,0,3,4
1932,12,19,26,30,11,formal-conjectures-erdos-340-variants-co-density-zero-sub,erdos:340,Formal Conjectures: erdos_340.variants.co_density_zero_sub,Google DeepMind Formal Conjectures,research_mathematics,,50,answer_query,answer_discovery,not_counterexample_target,0,15,3,5,0,3,4
1933,12,19,26,30,11,formal-conjectures-erdos-342-parts-iii,erdos:342,Formal Conjectures: erdos_342.parts.iii,Google DeepMind Formal Conjectures,research_mathematics,,50,answer_query,answer_discovery,not_counterexample_target,0,15,3,5,0,3,4
1934,12,19,26,30,11,formal-conjectures-erdos-366,erdos:366,Formal Conjectures: erdos_366,Google DeepMind Formal Conjectures,research_mathematics,,50,answer_query,answer_discovery,not_counterexample_target,0,15,3,5,1,2,4
1935,12,19,26,30,11,formal-conjectures-erdos-366-variants-weaker,erdos:366,Formal Conjectures: erdos_366.variants.weaker,Google DeepMind Formal Conjectures,research_mathematics,,50,answer_query,answer_discovery,not_counterexample_target,0,15,3,5,1,2,4
1936,12,19,26,30,11,formal-conjectures-erdos-396,erdos:396,Formal Conjectures: erdos_396,Google DeepMind Formal Conjectures,research_mathematics,,50,answer_query,answer_discovery,not_counterexample_target,0,15,4,5,0,2,4
1937,12,19,26,30,11,formal-conjectures-erdos-418-variants-density,erdos:418,Formal Conjectures: erdos_418.variants.density,Google DeepMind Formal Conjectures,research_mathematics,,50,answer_query,answer_discovery,not_counterexample_target,0,15,3,5,0,3,4
1938,12,19,26,30,11,formal-conjectures-erdos-42-variants-constructive,erdos:42,Formal Conjectures: erdos_42.variants.constructive,Google DeepMind Formal Conjectures,research_mathematics,,50,answer_query,answer_discovery,not_counterexample_target,0,15,4,5,0,2,4
1939,12,19,26,30,11,formal-conjectures-erdos-694-variants-carmichael,erdos:694,Formal Conjectures: erdos_694.variants.carmichael,Google DeepMind Formal Conjectures,research_mathematics,,50,answer_query,answer_discovery,not_counterexample_target,0,15,3,5,1,2,4
1940,12,19,26,30,11,formal-conjectures-erdos-699,erdos:699,Formal Conjectures: erdos_699,Google DeepMind Formal Conjectures,research_mathematics,,50,answer_query,answer_discovery,not_counterexample_target,0,15,4,5,0,2,4
1941,12,19,26,30,11,formal-conjectures-erdos-7,erdos:7,Formal Conjectures: erdos_7,Google DeepMind Formal Conjectures,research_mathematics,,50,answer_query,answer_discovery,not_counterexample_target,0,15,4,5,0,2,4
1942,12,19,26,30,11,formal-conjectures-erdos-723-variants-eq-12,erdos:723,Formal Conjectures: erdos_723.variants.eq_12,Google DeepMind Formal Conjectures,research_mathematics,,50,answer_query,answer_discovery,not_counterexample_target,0,15,4,5,0,2,4
1943,12,19,26,30,11,formal-conjectures-erdos-741-variants-lower,erdos:741,Formal Conjectures: erdos_741.variants.lower,Google DeepMind Formal Conjectures,research_mathematics,,50,answer_query,answer_discovery,not_counterexample_target,0,15,3,5,0,3,4
1944,12,19,26,30,11,formal-conjectures-erdos-770-parts-i,erdos:770,Formal Conjectures: erdos_770.parts.i,Google DeepMind Formal Conjectures,research_mathematics,,50,answer_query,answer_discovery,not_counterexample_target,0,15,3,5,0,3,4
1945,12,19,26,30,11,formal-conjectures-erdos-835,erdos:835,Formal Conjectures: erdos_835,Google DeepMind Formal Conjectures,research_mathematics,,50,answer_query,answer_discovery,not_counterexample_target,0,15,3,5,1,2,4
1946,12,19,26,30,11,formal-conjectures-erdos-850,erdos:850,Formal Conjectures: erdos_850,Google DeepMind Formal Conjectures,research_mathematics,,50,answer_query,answer_discovery,not_counterexample_target,0,15,4,5,0,2,4
1947,12,19,26,30,11,formal-conjectures-erdos-944,erdos:944,Formal Conjectures: erdos_944,Google DeepMind Formal Conjectures,research_mathematics,,50,answer_query,answer_discovery,not_counterexample_target,0,15,4,5,0,2,4
1948,12,19,26,30,11,formal-conjectures-erdos-944-variants-dirac-conjecture,erdos:944,Formal Conjectures: erdos_944.variants.dirac_conjecture,Google DeepMind Formal Conjectures,research_mathematics,,50,answer_query,answer_discovery,not_counterexample_target,0,15,4,5,0,2,4
1949,12,19,26,30,11,formal-conjectures-green-7-variants-positive-density,formal_conjectures:formal-conjectures-green-7-variants-positive-density,Formal Conjectures: green_7.variants.positive_density,Google DeepMind Formal Conjectures,research_mathematics,,50,answer_query,answer_discovery,not_counterexample_target,0,15,3,5,0,3,4
1950,12,19,26,30,11,formal-conjectures-kourovka-19-25,formal_conjectures:formal-conjectures-kourovka-19-25,Formal Conjectures: kourovka.«19.25»,Google DeepMind Formal Conjectures,research_mathematics,,50,answer_query,answer_discovery,not_counterexample_target,0,15,4,5,0,2,4
1951,12,19,26,30,11,formal-conjectures-legendre-conjecture,formal_conjectures:formal-conjectures-legendre-conjecture,Formal Conjectures: legendre_conjecture,Google DeepMind Formal Conjectures,research_mathematics,,50,answer_query,answer_discovery,not_counterexample_target,0,15,4,5,0,2,4
1952,12,19,26,30,11,formal-conjectures-oppermann-conjecture,formal_conjectures:formal-conjectures-oppermann-conjecture,Formal Conjectures: oppermann_conjecture,Google DeepMind Formal Conjectures,research_mathematics,,50,existence_claim,witness_discovery,not_counterexample_target,0,15,4,5,0,2,4
1953,12,19,26,30,11,formal-conjectures-oppermann-conjecture-parts-i,formal_conjectures:formal-conjectures-oppermann-conjecture-parts-i,Formal Conjectures: oppermann_conjecture.parts.i,Google DeepMind Formal Conjectures,research_mathematics,,50,existence_claim,witness_discovery,not_counterexample_target,0,15,4,5,0,2,4
1954,12,19,26,30,11,formal-conjectures-oppermann-conjecture-parts-ii,formal_conjectures:formal-conjectures-oppermann-conjecture-parts-ii,Formal Conjectures: oppermann_conjecture.parts.ii,Google DeepMind Formal Conjectures,research_mathematics,,50,existence_claim,witness_discovery,not_counterexample_target,0,15,4,5,0,2,4
1955,12,19,26,30,11,formal-conjectures-oqp-35,formal_conjectures:formal-conjectures-oqp-35,Formal Conjectures: oqp_35,Google DeepMind Formal Conjectures,research_mathematics,,50,answer_query,answer_discovery,not_counterexample_target,0,15,4,5,0,2,4
1956,12,19,26,30,11,formal-conjectures-relatively-prime-amicable,formal_conjectures:formal-conjectures-relatively-prime-amicable,Formal Conjectures: relatively_prime_amicable,Google DeepMind Formal Conjectures,research_mathematics,,50,answer_query,answer_discovery,not_counterexample_target,0,15,4,5,0,2,4
1957,12,19,26,30,11,formal-conjectures-sicpovms,formal_conjectures:formal-conjectures-sicpovms,Formal Conjectures: sicPOVMs,Google DeepMind Formal Conjectures,research_mathematics,,50,answer_query,answer_discovery,not_counterexample_target,0,15,4,5,0,2,4
1958,12,19,26,30,11,formal-conjectures-taxicab-for-5-2-n,formal_conjectures:formal-conjectures-taxicab-for-5-2-n,Formal Conjectures: taxicab_for_5_2_n,Google DeepMind Formal Conjectures,research_mathematics,,50,answer_query,answer_discovery,not_counterexample_target,0,15,4,5,0,2,4
1959,12,19,26,30,11,formal-conjectures-zagier-conjecture,formal_conjectures:formal-conjectures-zagier-conjecture,Formal Conjectures: zagier_conjecture,Google DeepMind Formal Conjectures,research_mathematics,,50,answer_query,answer_discovery,not_counterexample_target,0,15,4,5,0,2,4
1960,12,19,26,29,10,unsolvedmath-st-004,unsolvedmath:unsolvedmath-st-004,GCH and Suslin Trees,UnsolvedMath,set_theory,4,80,existence_claim,witness_discovery,not_counterexample_target,0,15,4,7,0,1,2
1961,12,19,26,29,10,unsolvedmath-kp-1.66,unsolvedmath:unsolvedmath-kp-1.66,Kirby Problem 1.66,UnsolvedMath,topology,3,60,unclassified_question,formal_modeling,modeling_candidate,5,15,3,3,0,1,2
1962,12,19,26,29,10,unsolvedmath-kp-2.1,unsolvedmath:unsolvedmath-kp-2.1,Kirby Problem 2.1,UnsolvedMath,topology,3,60,unclassified_question,formal_modeling,modeling_candidate,5,15,2,3,0,2,2
1963,12,19,26,29,10,unsolvedmath-kp-2.16,unsolvedmath:unsolvedmath-kp-2.16,Kirby Problem 2.16,UnsolvedMath,topology,3,60,unclassified_question,formal_modeling,modeling_candidate,5,15,2,3,0,2,2
1964,12,19,26,29,10,unsolvedmath-kp-2.35,unsolvedmath:unsolvedmath-kp-2.35,Kirby Problem 2.35,UnsolvedMath,topology,3,60,unclassified_question,formal_modeling,modeling_candidate,5,15,3,3,0,1,2
1965,12,19,26,29,10,unsolvedmath-kp-2.36,unsolvedmath:unsolvedmath-kp-2.36,Kirby Problem 2.36,UnsolvedMath,topology,3,60,unclassified_question,formal_modeling,modeling_candidate,5,15,3,3,0,1,2
1966,12,19,26,28,9,unsolvedmath-opg-37297,unsolvedmath:unsolvedmath-opg-37297,Hilbert-Smith conjecture,UnsolvedMath,topology,1,20,unclassified_question,formal_modeling,modeling_candidate,5,15,2,3,0,1,2
1967,11,20,29,34,14,unsolvedmath-alg-015,unsolvedmath:unsolvedmath-alg-015,Are All Groups Surjunctive?,UnsolvedMath,algebra,4,80,universal_claim,counterexample,needs_atomic_split,4,15,6,6,0,1,2
1968,11,20,29,34,14,formal-conjectures-bunyakovsky-conjecture,formal_conjectures:formal-conjectures-bunyakovsky-conjecture,Formal Conjectures: bunyakovsky_conjecture,Google DeepMind Formal Conjectures,research_mathematics,,50,global_or_asymptotic_claim,formal_modeling,modeling_candidate,5,15,3,4,1,2,4
1969,11,20,29,34,14,formal-conjectures-class-number-problem,formal_conjectures:formal-conjectures-class-number-problem,Formal Conjectures: class_number_problem,Google DeepMind Formal Conjectures,research_mathematics,,50,global_or_asymptotic_claim,formal_modeling,modeling_candidate,5,15,3,4,1,2,4
1970,11,20,29,34,14,formal-conjectures-erdos-218-variants-infinite-equal-prime-gap,erdos:218,Formal Conjectures: erdos_218.variants.infinite_equal_prime_gap,Google DeepMind Formal Conjectures,research_mathematics,,50,global_or_asymptotic_claim,formal_modeling,modeling_candidate,5,15,3,4,0,3,4
1971,11,20,29,34,14,formal-conjectures-erdos-89,erdos:89,Formal Conjectures: erdos_89,Google DeepMind Formal Conjectures,research_mathematics,,50,global_or_asymptotic_claim,formal_modeling,modeling_candidate,5,15,4,2,1,3,4
1972,11,20,29,34,14,formal-conjectures-erdos-932,erdos:932,Formal Conjectures: erdos_932,Google DeepMind Formal Conjectures,research_mathematics,,50,global_or_asymptotic_claim,formal_modeling,modeling_candidate,5,15,4,4,0,2,4
1973,11,20,29,34,14,formal-conjectures-infinite-iswallsunsunprime-of-disc-eq,formal_conjectures:formal-conjectures-infinite-iswallsunsunprime-of-disc-eq,Formal Conjectures: infinite_isWallSunSunPrime_of_disc_eq,Google DeepMind Formal Conjectures,research_mathematics,,50,global_or_asymptotic_claim,formal_modeling,modeling_candidate,5,15,4,4,0,2,4
1974,11,20,29,34,14,formal-conjectures-polignac-conjecture,formal_conjectures:formal-conjectures-polignac-conjecture,Formal Conjectures: polignac_conjecture,Google DeepMind Formal Conjectures,research_mathematics,,50,global_or_asymptotic_claim,formal_modeling,modeling_candidate,5,15,3,4,1,2,4
1975,11,20,29,34,14,formal-conjectures-prime-tuples-conjecture,formal_conjectures:formal-conjectures-prime-tuples-conjecture,Formal Conjectures: prime_tuples_conjecture,Google DeepMind Formal Conjectures,research_mathematics,,50,global_or_asymptotic_claim,formal_modeling,modeling_candidate,5,15,4,4,0,2,4
1976,11,20,29,34,14,formal-conjectures-singmaster,formal_conjectures:formal-conjectures-singmaster,Formal Conjectures: singmaster,Google DeepMind Formal Conjectures,research_mathematics,,50,global_or_asymptotic_claim,formal_modeling,modeling_candidate,5,15,4,4,0,2,4
1977,11,20,29,32,12,unsolvedmath-kp-3.23,unsolvedmath:unsolvedmath-kp-3.23,Kirby Problem 3.23,UnsolvedMath,topology,3,60,classification_or_optimization,subclaim_decomposition,needs_atomic_split,4,15,2,5,3,1,2
1978,11,20,29,32,12,unsolvedmath-kp-3.29,unsolvedmath:unsolvedmath-kp-3.29,Kirby Problem 3.29,UnsolvedMath,topology,3,60,existence_claim,witness_discovery,needs_atomic_split,0,15,3,7,0,5,2
1979,11,20,29,32,12,unsolvedmath-kp-4.28,unsolvedmath:unsolvedmath-kp-4.28,Kirby Problem 4.28,UnsolvedMath,topology,3,60,existence_claim,witness_discovery,needs_atomic_split,0,15,2,9,2,2,2
1980,11,20,29,32,12,unsolvedmath-kp-4.44,unsolvedmath:unsolvedmath-kp-4.44,Kirby Problem 4.44,UnsolvedMath,topology,3,60,mixed_quantifiers,subclaim_decomposition,needs_atomic_split,4,15,2,7,2,0,2
1981,11,20,29,32,12,unsolvedmath-kp-4.65,unsolvedmath:unsolvedmath-kp-4.65,Kirby Problem 4.65,UnsolvedMath,topology,3,60,equivalence_claim,counterexample,needs_atomic_split,4,15,3,7,0,1,2
1982,11,20,29,32,12,unsolvedmath-kp-4.72,unsolvedmath:unsolvedmath-kp-4.72,Kirby Problem 4.72,UnsolvedMath,topology,3,60,universal_claim,counterexample,needs_atomic_split,4,15,2,5,1,3,2
1983,11,20,29,32,12,formal-conjectures-isequidistributedmoduloone-three-halves-pow,formal_conjectures:formal-conjectures-isequidistributedmoduloone-three-halves-pow,Formal Conjectures: isEquidistributedModuloOne_three_halves_pow,Google DeepMind Formal Conjectures,research_mathematics,,50,closed_relation,formal_modeling,modeling_candidate,5,15,3,3,0,2,4
1984,11,20,29,30,10,unsolvedmath-kp-1.31,unsolvedmath:unsolvedmath-kp-1.31,Kirby Problem 1.31,UnsolvedMath,topology,3,60,universal_claim,counterexample,needs_atomic_split,4,15,2,5,1,1,2
1985,11,20,29,30,10,unsolvedmath-kp-1.35,unsolvedmath:unsolvedmath-kp-1.35,Kirby Problem 1.35,UnsolvedMath,topology,3,60,unclassified_question,formal_modeling,needs_atomic_split,4,15,3,5,0,1,2
1986,11,20,29,30,10,unsolvedmath-kp-1.44,unsolvedmath:unsolvedmath-kp-1.44,Kirby Problem 1.44,UnsolvedMath,topology,3,60,universal_claim,counterexample,needs_atomic_split,4,15,2,5,1,1,2
1987,11,20,29,30,10,unsolvedmath-kp-1.5,unsolvedmath:unsolvedmath-kp-1.5,Kirby Problem 1.5,UnsolvedMath,topology,3,60,mixed_quantifiers,subclaim_decomposition,needs_atomic_split,4,15,2,5,1,1,2
1988,11,20,29,30,10,unsolvedmath-kp-2.12,unsolvedmath:unsolvedmath-kp-2.12,Kirby Problem 2.12,UnsolvedMath,topology,3,60,classification_or_optimization,subclaim_decomposition,needs_atomic_split,4,15,3,3,0,3,2
1989,11,20,29,30,10,unsolvedmath-kp-3.24,unsolvedmath:unsolvedmath-kp-3.24,Kirby Problem 3.24,UnsolvedMath,topology,3,60,universal_claim,counterexample,needs_atomic_split,4,15,2,3,0,4,2
1990,11,20,29,30,10,unsolvedmath-opg-48767,unsolvedmath:unsolvedmath-opg-48767,Closing Lemma for Diffeomorphism (Dynamical Systems),UnsolvedMath,topology,3,60,universal_claim,counterexample,needs_atomic_split,4,15,2,5,1,1,2
1991,11,20,29,27,7,unsolvedmath-opg-37131,unsolvedmath:unsolvedmath-opg-37131,Realisation problem for the space of knots in the 3-sphere,UnsolvedMath,topology,1,20,mixed_quantifiers,subclaim_decomposition,needs_atomic_split,4,15,2,3,0,1,2
1992,11,20,29,27,7,unsolvedmath-opg-37245,unsolvedmath:unsolvedmath-opg-37245,"The 4x5 chessboard complex is the complement of a link, which link?",UnsolvedMath,topology,1,20,unclassified_question,formal_modeling,needs_atomic_split,4,15,2,3,0,1,2
1993,11,20,29,27,7,unsolvedmath-opg-37293,unsolvedmath:unsolvedmath-opg-37293,Sticky Cantor sets,UnsolvedMath,topology,1,20,classification_or_optimization,subclaim_decomposition,needs_atomic_split,4,15,2,3,0,1,2
1994,11,20,29,27,7,unsolvedmath-opg-37339,unsolvedmath:unsolvedmath-opg-37339,Strict inequalities for products of filters,UnsolvedMath,topology,1,20,equivalence_claim,counterexample,needs_atomic_split,4,15,2,3,0,1,2
1995,11,20,29,27,7,unsolvedmath-opg-37378,unsolvedmath:unsolvedmath-opg-37378,Funcoidal products inside an inward reloid,UnsolvedMath,topology,1,20,universal_claim,counterexample,needs_atomic_split,4,15,2,3,0,1,2
1996,11,20,29,27,7,unsolvedmath-opg-60026,unsolvedmath:unsolvedmath-opg-60026,Which outer reloids are equal to inner ones,UnsolvedMath,topology,1,20,equivalence_claim,counterexample,needs_atomic_split,4,15,2,3,0,1,2
1997,11,20,29,26,6,unsolvedmath-kp-1.24,unsolvedmath:unsolvedmath-kp-1.24,Kirby Problem 1.24,UnsolvedMath,topology,3,60,existence_claim,witness_discovery,needs_atomic_split,0,15,2,7,0,0,2
1998,11,20,29,26,6,unsolvedmath-kp-4.13,unsolvedmath:unsolvedmath-kp-4.13,Kirby Problem 4.13,UnsolvedMath,topology,3,60,existence_claim,witness_discovery,needs_atomic_split,0,15,2,7,0,0,2
1999,11,19,27,34,15,unsolvedmath-ep-1135,erdos:1135,Erdős Problem #1135,UnsolvedMath,number_theory,5,100,existence_claim,witness_discovery,not_counterexample_target,0,15,7,10,0,0,2
2000,11,18,25,39,21,unsolvedmath-ana-006,unsolvedmath:unsolvedmath-ana-006,Navier-Stokes Regularity,UnsolvedMath,partial_differential_equations,5,100,universal_claim,counterexample,modeling_candidate,18,15,2,1,0,1,2
2001,11,18,25,37,19,unsolvedmath-logic-001,unsolvedmath:unsolvedmath-logic-001,Vaught Conjecture,UnsolvedMath,algebra,5,100,unclassified_question,formal_modeling,modeling_candidate,5,15,7,6,0,2,2
2002,11,18,25,37,19,unsolvedmath-nt-074,unsolvedmath:unsolvedmath-nt-074,Irrationality of Euler's Constant,UnsolvedMath,number_theory,5,100,unclassified_question,formal_modeling,modeling_candidate,5,15,7,6,0,2,2
2003,11,18,25,34,16,unsolvedmath-geo-014,unsolvedmath:unsolvedmath-geo-014,The Cartan-Hadamard Conjecture,UnsolvedMath,geometry,4,80,unclassified_question,formal_modeling,modeling_candidate,5,15,6,2,2,2,2
2004,11,18,25,34,16,unsolvedmath-geo-015,unsolvedmath:unsolvedmath-geo-015,Chern's Affine Conjecture,UnsolvedMath,geometry,4,80,unclassified_question,formal_modeling,modeling_candidate,5,15,5,4,2,1,2
2005,11,18,25,32,14,unsolvedmath-darpa-010,unsolvedmath:unsolvedmath-darpa-010,Algorithmic Origami and Biology,UnsolvedMath,geometry,4,80,unclassified_question,formal_modeling,modeling_candidate,5,15,5,4,0,1,2
2006,11,18,25,32,14,unsolvedmath-geo-016,unsolvedmath:unsolvedmath-geo-016,Chern's Conjecture for Hypersurfaces in Spheres,UnsolvedMath,geometry,4,80,unclassified_question,formal_modeling,modeling_candidate,5,15,5,4,0,1,2
2007,11,18,25,32,14,unsolvedmath-nt-047,unsolvedmath:unsolvedmath-nt-047,Infinitely Many Amicable Pairs,UnsolvedMath,number_theory,4,80,existence_claim,witness_discovery,not_counterexample_target,0,15,7,8,0,0,2
2008,11,18,25,31,13,formal-conjectures-mathoverflow-21003,formal_conjectures:formal-conjectures-mathoverflow-21003,Formal Conjectures: mathoverflow_21003,Google DeepMind Formal Conjectures,research_mathematics,,50,answer_query,answer_discovery,not_counterexample_target,0,15,3,7,0,2,4
2009,11,18,25,30,12,unsolvedmath-kp-3.33,unsolvedmath:unsolvedmath-kp-3.33,Kirby Problem 3.33,UnsolvedMath,topology,3,60,unclassified_question,formal_modeling,modeling_candidate,5,15,3,3,0,2,2
2010,11,18,25,30,12,unsolvedmath-kp-3.46,unsolvedmath:unsolvedmath-kp-3.46,Kirby Problem 3.46,UnsolvedMath,topology,3,60,mixed_quantifiers,subclaim_decomposition,not_counterexample_target,8,15,2,3,0,0,2
2011,11,18,25,30,12,unsolvedmath-kp-4.48,unsolvedmath:unsolvedmath-kp-4.48,Kirby Problem 4.48,UnsolvedMath,topology,3,60,unclassified_question,formal_modeling,modeling_candidate,5,15,3,3,0,2,2
2012,11,18,25,30,12,unsolvedmath-kp-4.83,unsolvedmath:unsolvedmath-kp-4.83,Kirby Problem 4.83,UnsolvedMath,topology,3,60,classification_or_optimization,subclaim_decomposition,not_counterexample_target,8,15,2,3,0,0,2
2013,11,18,25,30,12,formal-conjectures-erdos-1049,erdos:1049,Formal Conjectures: erdos_1049,Google DeepMind Formal Conjectures,research_mathematics,,50,answer_query,answer_discovery,not_counterexample_target,0,15,3,5,1,2,4
2014,11,18,25,30,12,formal-conjectures-erdos-1210-variants-er80-correction,erdos:1210,Formal Conjectures: erdos_1210.variants.er80_correction,Google DeepMind Formal Conjectures,research_mathematics,,50,answer_query,answer_discovery,not_counterexample_target,0,15,3,5,1,2,4
2015,11,18,25,30,12,formal-conjectures-erdos-13-variants-general,erdos:13,Formal Conjectures: erdos_13.variants.general,Google DeepMind Formal Conjectures,research_mathematics,,50,answer_query,answer_discovery,not_counterexample_target,0,15,4,5,0,2,4
2016,11,18,25,30,12,formal-conjectures-erdos-332,erdos:332,Formal Conjectures: erdos_332,Google DeepMind Formal Conjectures,research_mathematics,,50,answer_query,answer_discovery,not_counterexample_target,0,15,3,5,0,3,4
2017,11,18,25,30,12,formal-conjectures-erdos-683,erdos:683,Formal Conjectures: erdos_683,Google DeepMind Formal Conjectures,research_mathematics,,50,answer_query,answer_discovery,not_counterexample_target,0,15,3,5,1,2,4
2018,11,18,25,30,12,formal-conjectures-green-29,formal_conjectures:formal-conjectures-green-29,Formal Conjectures: green_29,Google DeepMind Formal Conjectures,research_mathematics,,50,answer_query,answer_discovery,not_counterexample_target,0,15,4,5,0,2,4
2019,11,18,25,30,12,formal-conjectures-green-9-ii,formal_conjectures:formal-conjectures-green-9-ii,Formal Conjectures: green_9_ii,Google DeepMind Formal Conjectures,research_mathematics,,50,answer_query,answer_discovery,not_counterexample_target,0,15,3,5,1,2,4
2020,11,18,25,30,12,formal-conjectures-herzog-schonheim,erdos:274,Formal Conjectures: herzog_schonheim,Google DeepMind Formal Conjectures,research_mathematics,,50,existence_claim,witness_discovery,not_counterexample_target,0,15,4,5,0,2,4
2021,11,18,25,29,11,formal-conjectures-all-fermat-squarefree,formal_conjectures:formal-conjectures-all-fermat-squarefree,Formal Conjectures: all_fermat_squarefree,Google DeepMind Formal Conjectures,research_mathematics,,50,answer_query,answer_discovery,not_counterexample_target,0,15,3,5,0,2,4
2022,11,18,25,29,11,formal-conjectures-casas-alvero-conjecture,formal_conjectures:formal-conjectures-casas-alvero-conjecture,Formal Conjectures: casas_alvero_conjecture,Google DeepMind Formal Conjectures,research_mathematics,,50,existence_claim,witness_discovery,not_counterexample_target,0,15,4,3,0,3,4
2023,11,18,25,29,11,formal-conjectures-complexity-two-pow,formal_conjectures:formal-conjectures-complexity-two-pow,Formal Conjectures: complexity_two_pow,Google DeepMind Formal Conjectures,research_mathematics,,50,answer_query,answer_discovery,not_counterexample_target,0,15,3,5,0,2,4
2024,11,18,25,29,11,formal-conjectures-eqsystem10-no-solution-d3-int,formal_conjectures:formal-conjectures-eqsystem10-no-solution-d3-int,Formal Conjectures: eqSystem10_no_solution_d3_int,Google DeepMind Formal Conjectures,research_mathematics,,50,answer_query,answer_discovery,not_counterexample_target,0,15,3,5,0,2,4
2025,11,18,25,29,11,formal-conjectures-eqsystem10-no-solution-d3-trinary-int,formal_conjectures:formal-conjectures-eqsystem10-no-solution-d3-trinary-int,Formal Conjectures: eqSystem10_no_solution_d3_trinary_int,Google DeepMind Formal Conjectures,research_mathematics,,50,answer_query,answer_discovery,not_counterexample_target,0,15,3,5,0,2,4
2026,11,18,25,29,11,formal-conjectures-eqsystem4-no-solution-d4-trinary-int,formal_conjectures:formal-conjectures-eqsystem4-no-solution-d4-trinary-int,Formal Conjectures: eqSystem4_no_solution_d4_trinary_int,Google DeepMind Formal Conjectures,research_mathematics,,50,answer_query,answer_discovery,not_counterexample_target,0,15,3,5,0,2,4
2027,11,18,25,29,11,formal-conjectures-eqsystem6-no-solution-d3-int,formal_conjectures:formal-conjectures-eqsystem6-no-solution-d3-int,Formal Conjectures: eqSystem6_no_solution_d3_int,Google DeepMind Formal Conjectures,research_mathematics,,50,answer_query,answer_discovery,not_counterexample_target,0,15,3,5,0,2,4
2028,11,18,25,29,11,formal-conjectures-eqsystem6-no-solution-d3-trinary-int,formal_conjectures:formal-conjectures-eqsystem6-no-solution-d3-trinary-int,Formal Conjectures: eqSystem6_no_solution_d3_trinary_int,Google DeepMind Formal Conjectures,research_mathematics,,50,answer_query,answer_discovery,not_counterexample_target,0,15,3,5,0,2,4
2029,11,18,25,29,11,formal-conjectures-eqsystem6-no-solution-d5-int,formal_conjectures:formal-conjectures-eqsystem6-no-solution-d5-int,Formal Conjectures: eqSystem6_no_solution_d5_int,Google DeepMind Formal Conjectures,research_mathematics,,50,answer_query,answer_discovery,not_counterexample_target,0,15,3,5,0,2,4
2030,11,18,25,29,11,formal-conjectures-eqsystem6-no-solution-d5-trinary-int,formal_conjectures:formal-conjectures-eqsystem6-no-solution-d5-trinary-int,Formal Conjectures: eqSystem6_no_solution_d5_trinary_int,Google DeepMind Formal Conjectures,research_mathematics,,50,answer_query,answer_discovery,not_counterexample_target,0,15,3,5,0,2,4
2031,11,18,25,29,11,formal-conjectures-eqsystem8-no-solution-d3-int,formal_conjectures:formal-conjectures-eqsystem8-no-solution-d3-int,Formal Conjectures: eqSystem8_no_solution_d3_int,Google DeepMind Formal Conjectures,research_mathematics,,50,answer_query,answer_discovery,not_counterexample_target,0,15,3,5,0,2,4
2032,11,18,25,29,11,formal-conjectures-eqsystem8-no-solution-d3-trinary-int,formal_conjectures:formal-conjectures-eqsystem8-no-solution-d3-trinary-int,Formal Conjectures: eqSystem8_no_solution_d3_trinary_int,Google DeepMind Formal Conjectures,research_mathematics,,50,answer_query,answer_discovery,not_counterexample_target,0,15,3,5,0,2,4
2033,11,18,25,29,11,formal-conjectures-erdos-10,erdos:10,Formal Conjectures: erdos_10,Google DeepMind Formal Conjectures,research_mathematics,,50,answer_query,answer_discovery,not_counterexample_target,0,15,3,5,0,2,4
2034,11,18,25,29,11,formal-conjectures-erdos-1113,erdos:1113,Formal Conjectures: erdos_1113,Google DeepMind Formal Conjectures,research_mathematics,,50,answer_query,answer_discovery,not_counterexample_target,0,15,3,5,0,2,4
2035,11,18,25,29,11,formal-conjectures-erdos-123,erdos:123,Formal Conjectures: erdos_123,Google DeepMind Formal Conjectures,research_mathematics,,50,answer_query,answer_discovery,not_counterexample_target,0,15,3,5,0,2,4
2036,11,18,25,29,11,formal-conjectures-erdos-203,erdos:203,Formal Conjectures: erdos_203,Google DeepMind Formal Conjectures,research_mathematics,,50,answer_query,answer_discovery,not_counterexample_target,0,15,3,5,0,2,4
2037,11,18,25,29,11,formal-conjectures-erdos-249,erdos:249,Formal Conjectures: erdos_249,Google DeepMind Formal Conjectures,research_mathematics,,50,answer_query,answer_discovery,not_counterexample_target,0,15,3,5,0,2,4
2038,11,18,25,29,11,formal-conjectures-erdos-251,erdos:251,Formal Conjectures: erdos_251,Google DeepMind Formal Conjectures,research_mathematics,,50,answer_query,answer_discovery,not_counterexample_target,0,15,3,5,0,2,4
2039,11,18,25,29,11,formal-conjectures-erdos-263-parts-i,erdos:263,Formal Conjectures: erdos_263.parts.i,Google DeepMind Formal Conjectures,research_mathematics,,50,answer_query,answer_discovery,not_counterexample_target,0,15,3,5,0,2,4
2040,11,18,25,29,11,formal-conjectures-erdos-283,erdos:283,Formal Conjectures: erdos_283,Google DeepMind Formal Conjectures,research_mathematics,,50,answer_query,answer_discovery,not_counterexample_target,0,15,3,5,0,2,4
2041,11,18,25,29,11,formal-conjectures-erdos-324,erdos:324,Formal Conjectures: erdos_324,Google DeepMind Formal Conjectures,research_mathematics,,50,answer_query,answer_discovery,not_counterexample_target,0,15,3,5,0,2,4
2042,11,18,25,29,11,formal-conjectures-erdos-351,erdos:351,Formal Conjectures: erdos_351,Google DeepMind Formal Conjectures,research_mathematics,,50,answer_query,answer_discovery,not_counterexample_target,0,15,4,3,0,3,4
2043,11,18,25,29,11,formal-conjectures-erdos-458,erdos:458,Formal Conjectures: erdos_458,Google DeepMind Formal Conjectures,research_mathematics,,50,answer_query,answer_discovery,not_counterexample_target,0,15,3,5,0,2,4
2044,11,18,25,29,11,formal-conjectures-erdos-470-parts-i,erdos:470,Formal Conjectures: erdos_470.parts.i,Google DeepMind Formal Conjectures,research_mathematics,,50,answer_query,answer_discovery,not_counterexample_target,0,15,3,5,0,2,4
2045,11,18,25,29,11,formal-conjectures-erdos-888,erdos:888,Formal Conjectures: erdos_888,Google DeepMind Formal Conjectures,research_mathematics,,50,answer_query,answer_discovery,not_counterexample_target,0,15,3,5,0,2,4
2046,11,18,25,29,11,formal-conjectures-erdos-944-variants-dirac-conjecture-k-eq-four,erdos:944,Formal Conjectures: erdos_944.variants.dirac_conjecture.k_eq_four,Google DeepMind Formal Conjectures,research_mathematics,,50,answer_query,answer_discovery,not_counterexample_target,0,15,3,5,0,2,4
2047,11,18,25,29,11,formal-conjectures-exists-almost-perfect-not-power-of-two,formal_conjectures:formal-conjectures-exists-almost-perfect-not-power-of-two,Formal Conjectures: exists_almost_perfect_not_power_of_two,Google DeepMind Formal Conjectures,research_mathematics,,50,answer_query,answer_discovery,not_counterexample_target,0,15,3,5,0,2,4
2048,11,18,25,29,11,formal-conjectures-exists-iswallsunsunprime,formal_conjectures:formal-conjectures-exists-iswallsunsunprime,Formal Conjectures: exists_isWallSunSunPrime,Google DeepMind Formal Conjectures,research_mathematics,,50,existence_claim,witness_discovery,not_counterexample_target,0,15,3,5,0,2,4
2049,11,18,25,29,11,formal-conjectures-goldbach,formal_conjectures:formal-conjectures-goldbach,Formal Conjectures: goldbach,Google DeepMind Formal Conjectures,research_mathematics,,50,answer_query,answer_discovery,not_counterexample_target,0,15,3,5,0,2,4
2050,11,18,25,29,11,formal-conjectures-idoneal-numbers-completeness,formal_conjectures:formal-conjectures-idoneal-numbers-completeness,Formal Conjectures: idoneal_numbers_completeness,Google DeepMind Formal Conjectures,research_mathematics,,50,answer_query,answer_discovery,not_counterexample_target,0,15,3,5,0,2,4
2051,11,18,25,29,11,formal-conjectures-johnson-chromaticnumber,erdos:835,Formal Conjectures: johnson_chromaticNumber,Google DeepMind Formal Conjectures,research_mathematics,,50,answer_query,answer_discovery,not_counterexample_target,0,15,4,3,0,3,4
2052,11,18,25,29,11,formal-conjectures-no-lychrel-numbers-base10,formal_conjectures:formal-conjectures-no-lychrel-numbers-base10,Formal Conjectures: no_lychrel_numbers_base10,Google DeepMind Formal Conjectures,research_mathematics,,50,answer_query,answer_discovery,not_counterexample_target,0,15,3,5,0,2,4
2053,11,18,25,29,11,formal-conjectures-opposite-parity-amicable,formal_conjectures:formal-conjectures-opposite-parity-amicable,Formal Conjectures: opposite_parity_amicable,Google DeepMind Formal Conjectures,research_mathematics,,50,answer_query,answer_discovery,not_counterexample_target,0,15,3,5,0,2,4
2054,11,18,25,29,11,formal-conjectures-perfect-euler-brick-existence,formal_conjectures:formal-conjectures-perfect-euler-brick-existence,Formal Conjectures: perfect_euler_brick_existence,Google DeepMind Formal Conjectures,research_mathematics,,50,answer_query,answer_discovery,not_counterexample_target,0,15,3,5,0,2,4
2055,11,18,25,29,11,formal-conjectures-prime-sierpinski-problem,formal_conjectures:formal-conjectures-prime-sierpinski-problem,Formal Conjectures: prime_sierpinski_problem,Google DeepMind Formal Conjectures,research_mathematics,,50,answer_query,answer_discovery,not_counterexample_target,0,15,3,5,0,2,4
2056,11,18,25,29,11,formal-conjectures-rectangles-cover-unit-square,formal_conjectures:formal-conjectures-rectangles-cover-unit-square,Formal Conjectures: rectangles_cover_unit_square,Google DeepMind Formal Conjectures,research_mathematics,,50,answer_query,answer_discovery,not_counterexample_target,0,15,3,5,0,2,4
2057,11,18,25,29,11,formal-conjectures-rectangles-pack-unit-square,formal_conjectures:formal-conjectures-rectangles-pack-unit-square,Formal Conjectures: rectangles_pack_unit_square,Google DeepMind Formal Conjectures,research_mathematics,,50,answer_query,answer_discovery,not_counterexample_target,0,15,3,5,0,2,4
2058,11,18,25,29,11,formal-conjectures-same-parity-betrothed,formal_conjectures:formal-conjectures-same-parity-betrothed,Formal Conjectures: same_parity_betrothed,Google DeepMind Formal Conjectures,research_mathematics,,50,answer_query,answer_discovery,not_counterexample_target,0,15,3,5,0,2,4
2059,11,18,25,29,11,formal-conjectures-taxicab-for-5-2-2,formal_conjectures:formal-conjectures-taxicab-for-5-2-2,Formal Conjectures: taxicab_for_5_2_2,Google DeepMind Formal Conjectures,research_mathematics,,50,answer_query,answer_discovery,not_counterexample_target,0,15,3,5,0,2,4
2060,11,18,25,28,10,unsolvedmath-kp-1.17,unsolvedmath:unsolvedmath-kp-1.17,Kirby Problem 1.17,UnsolvedMath,topology,3,60,unclassified_question,formal_modeling,modeling_candidate,5,15,2,3,0,1,2
2061,11,18,25,28,10,unsolvedmath-kp-1.22,unsolvedmath:unsolvedmath-kp-1.22,Kirby Problem 1.22,UnsolvedMath,topology,3,60,unclassified_question,formal_modeling,modeling_candidate,5,15,2,3,0,1,2
2062,11,18,25,28,10,unsolvedmath-kp-1.36,unsolvedmath:unsolvedmath-kp-1.36,Kirby Problem 1.36,UnsolvedMath,topology,3,60,unclassified_question,formal_modeling,modeling_candidate,5,15,2,3,0,1,2
2063,11,18,25,28,10,unsolvedmath-kp-1.43,unsolvedmath:unsolvedmath-kp-1.43,Kirby Problem 1.43,UnsolvedMath,topology,3,60,unclassified_question,formal_modeling,modeling_candidate,5,15,2,3,0,1,2
2064,11,18,25,28,10,unsolvedmath-kp-1.56,unsolvedmath:unsolvedmath-kp-1.56,Kirby Problem 1.56,UnsolvedMath,topology,3,60,unclassified_question,formal_modeling,modeling_candidate,5,15,2,3,0,1,2
2065,11,18,25,28,10,unsolvedmath-kp-1.71,unsolvedmath:unsolvedmath-kp-1.71,Kirby Problem 1.71,UnsolvedMath,topology,3,60,unclassified_question,formal_modeling,modeling_candidate,5,15,2,3,0,1,2
2066,11,18,25,28,10,unsolvedmath-kp-1.84,unsolvedmath:unsolvedmath-kp-1.84,Kirby Problem 1.84,UnsolvedMath,topology,3,60,unclassified_question,formal_modeling,modeling_candidate,5,15,2,3,0,1,2
2067,11,18,25,28,10,unsolvedmath-kp-1.9,unsolvedmath:unsolvedmath-kp-1.9,Kirby Problem 1.9,UnsolvedMath,topology,3,60,unclassified_question,formal_modeling,modeling_candidate,5,15,2,3,0,1,2
2068,11,18,25,28,10,unsolvedmath-kp-2.15,unsolvedmath:unsolvedmath-kp-2.15,Kirby Problem 2.15,UnsolvedMath,topology,3,60,unclassified_question,formal_modeling,modeling_candidate,5,15,2,3,0,1,2
2069,11,18,25,28,10,unsolvedmath-kp-2.27,unsolvedmath:unsolvedmath-kp-2.27,Kirby Problem 2.27,UnsolvedMath,topology,3,60,unclassified_question,formal_modeling,modeling_candidate,5,15,2,3,0,1,2
2070,11,18,25,28,10,unsolvedmath-kp-2.3,unsolvedmath:unsolvedmath-kp-2.3,Kirby Problem 2.3,UnsolvedMath,topology,3,60,unclassified_question,formal_modeling,modeling_candidate,5,15,2,3,0,1,2
2071,11,18,25,28,10,unsolvedmath-kp-2.37,unsolvedmath:unsolvedmath-kp-2.37,Kirby Problem 2.37,UnsolvedMath,topology,3,60,unclassified_question,formal_modeling,modeling_candidate,5,15,2,3,0,1,2
2072,11,18,25,28,10,unsolvedmath-kp-3.14,unsolvedmath:unsolvedmath-kp-3.14,Kirby Problem 3.14,UnsolvedMath,topology,3,60,unclassified_question,formal_modeling,modeling_candidate,5,15,2,3,0,1,2
2073,11,18,25,28,10,unsolvedmath-kp-3.50,unsolvedmath:unsolvedmath-kp-3.50,Kirby Problem 3.50,UnsolvedMath,topology,3,60,unclassified_question,formal_modeling,modeling_candidate,5,15,2,3,0,1,2
2074,11,18,25,28,10,unsolvedmath-kp-3.59,unsolvedmath:unsolvedmath-kp-3.59,Kirby Problem 3.59,UnsolvedMath,topology,3,60,unclassified_question,formal_modeling,modeling_candidate,5,15,2,3,0,1,2
2075,11,18,25,28,10,unsolvedmath-kp-3.61,unsolvedmath:unsolvedmath-kp-3.61,Kirby Problem 3.61,UnsolvedMath,topology,3,60,unclassified_question,formal_modeling,modeling_candidate,5,15,2,3,0,1,2
2076,11,18,25,28,10,unsolvedmath-kp-4.23,unsolvedmath:unsolvedmath-kp-4.23,Kirby Problem 4.23,UnsolvedMath,topology,3,60,unclassified_question,formal_modeling,modeling_candidate,5,15,2,3,0,1,2
2077,11,18,25,28,10,unsolvedmath-kp-4.36,unsolvedmath:unsolvedmath-kp-4.36,Kirby Problem 4.36,UnsolvedMath,topology,3,60,unclassified_question,formal_modeling,modeling_candidate,5,15,2,3,0,1,2
2078,11,18,25,28,10,unsolvedmath-kp-5.10,unsolvedmath:unsolvedmath-kp-5.10,Kirby Problem 5.10,UnsolvedMath,topology,3,60,unclassified_question,formal_modeling,modeling_candidate,5,15,2,3,0,1,2
2079,11,18,25,28,10,unsolvedmath-kp-5.5,unsolvedmath:unsolvedmath-kp-5.5,Kirby Problem 5.5,UnsolvedMath,topology,3,60,unclassified_question,formal_modeling,modeling_candidate,5,15,2,3,0,1,2
2080,11,18,25,28,10,unsolvedmath-opg-37129,unsolvedmath:unsolvedmath-opg-37129,Slice-ribbon problem,UnsolvedMath,topology,3,60,unclassified_question,formal_modeling,modeling_candidate,5,15,2,3,0,1,2
2081,10,19,28,33,14,formal-conjectures-erdos-10-variants-grechuk,erdos:10,Formal Conjectures: erdos_10.variants.grechuk,Google DeepMind Formal Conjectures,research_mathematics,,50,global_or_asymptotic_claim,formal_modeling,modeling_candidate,5,15,3,4,0,2,4
2082,10,19,28,33,14,formal-conjectures-erdos-100-variants-strong,erdos:100,Formal Conjectures: erdos_100.variants.strong,Google DeepMind Formal Conjectures,research_mathematics,,50,global_or_asymptotic_claim,formal_modeling,modeling_candidate,5,15,4,2,0,3,4
2083,10,19,28,33,14,formal-conjectures-erdos-1055,erdos:1055,Formal Conjectures: erdos_1055,Google DeepMind Formal Conjectures,research_mathematics,,50,global_or_asymptotic_claim,formal_modeling,modeling_candidate,5,15,3,4,0,2,4
2084,10,19,28,33,14,formal-conjectures-erdos-1060-parts-i,erdos:1060,Formal Conjectures: erdos_1060.parts.i,Google DeepMind Formal Conjectures,research_mathematics,,50,global_or_asymptotic_claim,formal_modeling,modeling_candidate,5,15,4,2,1,2,4
2085,10,19,28,33,14,formal-conjectures-erdos-1060-parts-ii,erdos:1060,Formal Conjectures: erdos_1060.parts.ii,Google DeepMind Formal Conjectures,research_mathematics,,50,global_or_asymptotic_claim,formal_modeling,modeling_candidate,5,15,4,2,1,2,4
2086,10,19,28,33,14,formal-conjectures-erdos-1095-variants-upper-conjecture,erdos:1095,Formal Conjectures: erdos_1095.variants.upper_conjecture,Google DeepMind Formal Conjectures,research_mathematics,,50,global_or_asymptotic_claim,formal_modeling,modeling_candidate,5,15,4,2,1,2,4
2087,10,19,28,33,14,formal-conjectures-erdos-126-variants-islittleo,erdos:126,Formal Conjectures: erdos_126.variants.isLittleO,Google DeepMind Formal Conjectures,research_mathematics,,50,global_or_asymptotic_claim,formal_modeling,modeling_candidate,5,15,4,2,1,2,4
2088,10,19,28,33,14,formal-conjectures-erdos-137-variants-multiple-powerful-factors,erdos:137,Formal Conjectures: erdos_137.variants.multiple_powerful_factors,Google DeepMind Formal Conjectures,research_mathematics,,50,global_or_asymptotic_claim,formal_modeling,modeling_candidate,5,15,4,2,1,2,4
2089,10,19,28,33,14,formal-conjectures-erdos-233,erdos:233,Formal Conjectures: erdos_233,Google DeepMind Formal Conjectures,research_mathematics,,50,global_or_asymptotic_claim,formal_modeling,modeling_candidate,5,15,4,2,0,3,4
2090,10,19,28,33,14,formal-conjectures-erdos-242-variants-schinzel-generalization,erdos:242,Formal Conjectures: erdos_242.variants.schinzel_generalization,Google DeepMind Formal Conjectures,research_mathematics,,50,global_or_asymptotic_claim,formal_modeling,modeling_candidate,5,15,4,2,1,2,4
2091,10,19,28,33,14,formal-conjectures-erdos-535,erdos:535,Formal Conjectures: erdos_535,Google DeepMind Formal Conjectures,research_mathematics,,50,global_or_asymptotic_claim,formal_modeling,modeling_candidate,5,15,4,2,1,2,4
2092,10,19,28,33,14,formal-conjectures-erdos-535-variants-first-open-case,erdos:535,Formal Conjectures: erdos_535.variants.first_open_case,Google DeepMind Formal Conjectures,research_mathematics,,50,global_or_asymptotic_claim,formal_modeling,modeling_candidate,5,15,4,2,1,2,4
2093,10,19,28,33,14,formal-conjectures-erdos-701,erdos:701,Formal Conjectures: erdos_701,Google DeepMind Formal Conjectures,research_mathematics,,50,global_or_asymptotic_claim,formal_modeling,modeling_candidate,5,15,4,3,0,2,4
2094,10,19,28,33,14,formal-conjectures-erdos-865,erdos:865,Formal Conjectures: erdos_865,Google DeepMind Formal Conjectures,research_mathematics,,50,global_or_asymptotic_claim,formal_modeling,modeling_candidate,5,15,4,2,1,2,4
2095,10,19,28,33,14,formal-conjectures-erdos-865-variants-sos,erdos:865,Formal Conjectures: erdos_865.variants.sos,Google DeepMind Formal Conjectures,research_mathematics,,50,global_or_asymptotic_claim,formal_modeling,modeling_candidate,5,15,4,2,1,2,4
2096,10,19,28,33,14,formal-conjectures-erdos-887-variants-rosenfeld-4,erdos:887,Formal Conjectures: erdos_887.variants.rosenfeld_4,Google DeepMind Formal Conjectures,research_mathematics,,50,global_or_asymptotic_claim,formal_modeling,modeling_candidate,5,15,4,2,1,2,4
2097,10,19,28,33,14,formal-conjectures-erdos-891-variants-weisenberg,erdos:891,Formal Conjectures: erdos_891.variants.weisenberg,Google DeepMind Formal Conjectures,research_mathematics,,50,global_or_asymptotic_claim,formal_modeling,modeling_candidate,5,15,4,2,1,2,4
2098,10,19,28,33,14,formal-conjectures-erdos-913-variants-infinite-many-8p-sq-add-one-primes,erdos:913,Formal Conjectures: erdos_913.variants.infinite_many_8p_sq_add_one_primes,Google DeepMind Formal Conjectures,research_mathematics,,50,global_or_asymptotic_claim,formal_modeling,modeling_candidate,5,15,3,4,0,2,4
2099,10,19,28,33,14,formal-conjectures-fib-primes-infinite,formal_conjectures:formal-conjectures-fib-primes-infinite,Formal Conjectures: fib_primes_infinite,Google DeepMind Formal Conjectures,research_mathematics,,50,global_or_asymptotic_claim,formal_modeling,modeling_candidate,5,15,3,4,0,2,4
2100,10,19,28,33,14,formal-conjectures-fib-primes-infinite-variant,formal_conjectures:formal-conjectures-fib-primes-infinite-variant,Formal Conjectures: fib_primes_infinite.variant,Google DeepMind Formal Conjectures,research_mathematics,,50,global_or_asymptotic_claim,formal_modeling,modeling_candidate,5,15,3,4,0,2,4
2101,10,19,28,33,14,formal-conjectures-half-rank-zero-and-half-rank-one,formal_conjectures:formal-conjectures-half-rank-zero-and-half-rank-one,Formal Conjectures: half_rank_zero_and_half_rank_one,Google DeepMind Formal Conjectures,research_mathematics,,50,global_or_asymptotic_claim,formal_modeling,modeling_candidate,5,15,4,2,1,2,4
2102,10,19,28,33,14,formal-conjectures-infinite-cousin-primes,formal_conjectures:formal-conjectures-infinite-cousin-primes,Formal Conjectures: infinite_cousin_primes,Google DeepMind Formal Conjectures,research_mathematics,,50,global_or_asymptotic_claim,formal_modeling,modeling_candidate,5,15,3,4,0,2,4
2103,10,19,28,33,14,formal-conjectures-infinite-iswallsunsunprime,formal_conjectures:formal-conjectures-infinite-iswallsunsunprime,Formal Conjectures: infinite_isWallSunSunPrime,Google DeepMind Formal Conjectures,research_mathematics,,50,global_or_asymptotic_claim,formal_modeling,modeling_candidate,5,15,3,4,0,2,4
2104,10,19,28,33,14,formal-conjectures-infinite-pellnumber-primes,formal_conjectures:formal-conjectures-infinite-pellnumber-primes,Formal Conjectures: infinite_pellNumber_primes,Google DeepMind Formal Conjectures,research_mathematics,,50,global_or_asymptotic_claim,formal_modeling,modeling_candidate,5,15,3,4,0,2,4
2105,10,19,28,33,14,formal-conjectures-infinite-safe-primes,formal_conjectures:formal-conjectures-infinite-safe-primes,Formal Conjectures: infinite_safe_primes,Google DeepMind Formal Conjectures,research_mathematics,,50,global_or_asymptotic_claim,formal_modeling,modeling_candidate,5,15,3,4,0,2,4
2106,10,19,28,33,14,formal-conjectures-infinite-sexy-primes,formal_conjectures:formal-conjectures-infinite-sexy-primes,Formal Conjectures: infinite_sexy_primes,Google DeepMind Formal Conjectures,research_mathematics,,50,global_or_asymptotic_claim,formal_modeling,modeling_candidate,5,15,3,4,0,2,4
2107,10,19,28,33,14,formal-conjectures-infinitely-many-woodall-primes,formal_conjectures:formal-conjectures-infinitely-many-woodall-primes,Formal Conjectures: infinitely_many_woodall_primes,Google DeepMind Formal Conjectures,research_mathematics,,50,global_or_asymptotic_claim,formal_modeling,modeling_candidate,5,15,3,4,0,2,4
2108,10,19,28,33,14,formal-conjectures-rank-height-count-asymptotic,formal_conjectures:formal-conjectures-rank-height-count-asymptotic,Formal Conjectures: rank_height_count_asymptotic,Google DeepMind Formal Conjectures,research_mathematics,,50,global_or_asymptotic_claim,formal_modeling,modeling_candidate,5,15,4,2,1,2,4
2109,10,19,28,33,14,formal-conjectures-wolstenholme-prime-infinite,formal_conjectures:formal-conjectures-wolstenholme-prime-infinite,Formal Conjectures: wolstenholme_prime_infinite,Google DeepMind Formal Conjectures,research_mathematics,,50,global_or_asymptotic_claim,formal_modeling,modeling_candidate,5,15,3,4,0,2,4
2110,10,19,28,32,13,formal-conjectures-problem-4-3,formal_conjectures:formal-conjectures-problem-4-3,Formal Conjectures: problem_4_3,Google DeepMind Formal Conjectures,research_mathematics,,50,answer_query,answer_discovery,not_counterexample_target,0,15,6,5,0,2,4
2111,10,19,28,31,12,unsolvedmath-kp-4.12,unsolvedmath:unsolvedmath-kp-4.12,Kirby Problem 4.12,UnsolvedMath,topology,3,60,universal_claim,counterexample,needs_atomic_split,4,15,3,5,1,1,2
2112,10,19,28,31,12,unsolvedmath-kp-4.54,unsolvedmath:unsolvedmath-kp-4.54,Kirby Problem 4.54,UnsolvedMath,topology,3,60,unclassified_question,formal_modeling,needs_atomic_split,4,15,2,7,0,1,2
2113,10,19,28,30,11,formal-conjectures-erdos-358-variants-prime-set-density-representation,erdos:358,Formal Conjectures: erdos_358.variants.prime_set_density_representation,Google DeepMind Formal Conjectures,research_mathematics,,50,existence_claim,witness_discovery,not_counterexample_target,0,15,3,5,0,3,4
2114,10,19,28,29,10,unsolvedmath-kp-1.62,unsolvedmath:unsolvedmath-kp-1.62,Kirby Problem 1.62,UnsolvedMath,topology,3,60,universal_claim,counterexample,needs_atomic_split,4,15,2,3,2,1,2
2115,10,17,24,38,21,unsolvedmath-alg-034,unsolvedmath:unsolvedmath-alg-034,Arthur's Conjectures,UnsolvedMath,algebra,5,100,classification_or_optimization,subclaim_decomposition,not_counterexample_target,8,15,6,6,0,1,2
2116,10,17,24,36,19,unsolvedmath-hil-009,unsolvedmath:unsolvedmath-hil-009,Hilbert's 9th Problem: Reciprocity Laws,UnsolvedMath,number_theory,5,100,unclassified_question,formal_modeling,modeling_candidate,5,15,7,6,0,1,2
2117,10,17,24,30,13,formal-conjectures-erdos-352,erdos:352,Formal Conjectures: erdos_352,Google DeepMind Formal Conjectures,research_mathematics,,50,answer_query,answer_discovery,not_counterexample_target,0,15,4,5,0,2,4
2118,10,17,24,29,12,formal-conjectures-erdos-749,erdos:749,Formal Conjectures: erdos_749,Google DeepMind Formal Conjectures,research_mathematics,,50,answer_query,answer_discovery,not_counterexample_target,0,15,4,3,0,3,4
2119,10,17,24,29,12,formal-conjectures-erdos-786-parts-i,erdos:786,Formal Conjectures: erdos_786.parts.i,Google DeepMind Formal Conjectures,research_mathematics,,50,answer_query,answer_discovery,not_counterexample_target,0,15,4,3,0,3,4
2120,10,17,24,28,11,formal-conjectures-countablymonolithicspace-card-lt,formal_conjectures:formal-conjectures-countablymonolithicspace-card-lt,Formal Conjectures: countablyMonolithicSpace_card_lt,Google DeepMind Formal Conjectures,research_mathematics,,50,answer_query,answer_discovery,not_counterexample_target,0,15,4,3,0,2,4
2121,10,17,24,28,11,formal-conjectures-erdos-107,erdos:107,Formal Conjectures: erdos_107,Google DeepMind Formal Conjectures,research_mathematics,,50,answer_query,answer_discovery,not_counterexample_target,0,15,4,3,0,2,4
2122,10,17,24,28,11,formal-conjectures-erdos-1074-parts-i,erdos:1074,Formal Conjectures: erdos_1074.parts.i,Google DeepMind Formal Conjectures,research_mathematics,,50,answer_query,answer_discovery,not_counterexample_target,0,15,3,3,0,3,4
2123,10,17,24,28,11,formal-conjectures-erdos-1074-parts-ii,erdos:1074,Formal Conjectures: erdos_1074.parts.ii,Google DeepMind Formal Conjectures,research_mathematics,,50,answer_query,answer_discovery,not_counterexample_target,0,15,3,3,0,3,4
2124,10,17,24,28,11,formal-conjectures-erdos-1108-parts-ii,erdos:1108,Formal Conjectures: erdos_1108.parts.ii,Google DeepMind Formal Conjectures,research_mathematics,,50,answer_query,answer_discovery,not_counterexample_target,0,15,4,3,0,2,4
2125,10,17,24,28,11,formal-conjectures-erdos-125-variants-positive-unequal-density,erdos:125,Formal Conjectures: erdos_125.variants.positive_unequal_density,Google DeepMind Formal Conjectures,research_mathematics,,50,answer_query,answer_discovery,not_counterexample_target,0,15,3,3,0,3,4
2126,10,17,24,28,11,formal-conjectures-erdos-125-variants-positive-upper-density,erdos:125,Formal Conjectures: erdos_125.variants.positive_upper_density,Google DeepMind Formal Conjectures,research_mathematics,,50,answer_query,answer_discovery,not_counterexample_target,0,15,3,3,0,3,4
2127,10,17,24,28,11,formal-conjectures-erdos-125-variants-zero-density,erdos:125,Formal Conjectures: erdos_125.variants.zero_density,Google DeepMind Formal Conjectures,research_mathematics,,50,answer_query,answer_discovery,not_counterexample_target,0,15,3,3,0,3,4
2128,10,17,24,28,11,formal-conjectures-erdos-125-variants-zero-lower-positive-upper-density,erdos:125,Formal Conjectures: erdos_125.variants.zero_lower_positive_upper_density,Google DeepMind Formal Conjectures,research_mathematics,,50,answer_query,answer_discovery,not_counterexample_target,0,15,3,3,0,3,4
2129,10,17,24,28,11,formal-conjectures-erdos-252,erdos:252,Formal Conjectures: erdos_252,Google DeepMind Formal Conjectures,research_mathematics,,50,answer_query,answer_discovery,not_counterexample_target,0,15,4,3,0,2,4
2130,10,17,24,28,11,formal-conjectures-erdos-252-variants-k-ge-five,erdos:252,Formal Conjectures: erdos_252.variants.k_ge_five,Google DeepMind Formal Conjectures,research_mathematics,,50,answer_query,answer_discovery,not_counterexample_target,0,15,4,3,0,2,4
2131,10,17,24,28,11,formal-conjectures-erdos-424,erdos:424,Formal Conjectures: erdos_424,Google DeepMind Formal Conjectures,research_mathematics,,50,answer_query,answer_discovery,not_counterexample_target,0,15,3,3,0,3,4
2132,10,17,24,28,11,formal-conjectures-erdos-592,erdos:592,Formal Conjectures: erdos_592,Google DeepMind Formal Conjectures,research_mathematics,,50,answer_query,answer_discovery,not_counterexample_target,0,15,4,3,0,2,4
2133,10,17,24,28,11,formal-conjectures-erdos-9,erdos:9,Formal Conjectures: erdos_9,Google DeepMind Formal Conjectures,research_mathematics,,50,answer_query,answer_discovery,not_counterexample_target,0,15,3,3,0,3,4
2134,10,17,24,28,11,formal-conjectures-erdos-936-variants-factorial-add-one,erdos:936,Formal Conjectures: erdos_936.variants.factorial_add_one,Google DeepMind Formal Conjectures,research_mathematics,,50,answer_query,answer_discovery,not_counterexample_target,0,15,4,3,0,2,4
2135,10,17,24,28,11,formal-conjectures-erdos-936-variants-factorial-sub-one,erdos:936,Formal Conjectures: erdos_936.variants.factorial_sub_one,Google DeepMind Formal Conjectures,research_mathematics,,50,answer_query,answer_discovery,not_counterexample_target,0,15,4,3,0,2,4
2136,10,17,24,28,11,formal-conjectures-erdos-939,erdos:939,Formal Conjectures: erdos_939,Google DeepMind Formal Conjectures,research_mathematics,,50,answer_query,answer_discovery,not_counterexample_target,0,15,4,3,0,2,4
2137,10,17,24,28,11,formal-conjectures-green-32,formal_conjectures:formal-conjectures-green-32,Formal Conjectures: green_32,Google DeepMind Formal Conjectures,research_mathematics,,50,answer_query,answer_discovery,not_counterexample_target,0,15,3,3,0,3,4
2138,10,17,24,28,11,formal-conjectures-hasg-singletons-lindelof-card,formal_conjectures:formal-conjectures-hasg-singletons-lindelof-card,Formal Conjectures: HasGδSingletons.lindelof_card,Google DeepMind Formal Conjectures,research_mathematics,,50,existence_claim,witness_discovery,not_counterexample_target,0,15,4,3,0,2,4
2139,10,17,24,28,11,formal-conjectures-large-steiner-systems,formal_conjectures:formal-conjectures-large-steiner-systems,Formal Conjectures: large_steiner_systems,Google DeepMind Formal Conjectures,research_mathematics,,50,formal_definition,not_counterexample,not_counterexample_target,0,15,3,3,0,3,4
2140,10,17,24,28,11,formal-conjectures-latinsquareorder11transversal,formal_conjectures:formal-conjectures-latinsquareorder11transversal,Formal Conjectures: latinSquareOrder11Transversal,Google DeepMind Formal Conjectures,research_mathematics,,50,answer_query,answer_discovery,not_counterexample_target,0,15,4,3,0,2,4
2141,10,17,24,28,11,formal-conjectures-oddorderlatinsquaretransversal,formal_conjectures:formal-conjectures-oddorderlatinsquaretransversal,Formal Conjectures: oddOrderLatinSquareTransversal,Google DeepMind Formal Conjectures,research_mathematics,,50,answer_query,answer_discovery,not_counterexample_target,0,15,4,3,0,2,4
2142,10,17,24,28,11,formal-conjectures-union-closed,formal_conjectures:formal-conjectures-union-closed,Formal Conjectures: union_closed,Google DeepMind Formal Conjectures,research_mathematics,,50,existence_claim,witness_discovery,not_counterexample_target,0,15,4,3,0,2,4
2143,10,17,24,28,11,formal-conjectures-w-3-20-lower,formal_conjectures:formal-conjectures-w-3-20-lower,Formal Conjectures: W_3_20_lower,Google DeepMind Formal Conjectures,research_mathematics,,50,answer_query,answer_discovery,not_counterexample_target,0,15,4,3,0,2,4
2144,10,17,24,28,11,formal-conjectures-w-3-21-lower,formal_conjectures:formal-conjectures-w-3-21-lower,Formal Conjectures: W_3_21_lower,Google DeepMind Formal Conjectures,research_mathematics,,50,answer_query,answer_discovery,not_counterexample_target,0,15,4,3,0,2,4
2145,10,17,24,28,11,formal-conjectures-w-3-22-lower,formal_conjectures:formal-conjectures-w-3-22-lower,Formal Conjectures: W_3_22_lower,Google DeepMind Formal Conjectures,research_mathematics,,50,answer_query,answer_discovery,not_counterexample_target,0,15,4,3,0,2,4
2146,10,17,24,28,11,formal-conjectures-w-3-23-lower,formal_conjectures:formal-conjectures-w-3-23-lower,Formal Conjectures: W_3_23_lower,Google DeepMind Formal Conjectures,research_mathematics,,50,answer_query,answer_discovery,not_counterexample_target,0,15,4,3,0,2,4
2147,10,17,24,28,11,formal-conjectures-w-3-24-lower,formal_conjectures:formal-conjectures-w-3-24-lower,Formal Conjectures: W_3_24_lower,Google DeepMind Formal Conjectures,research_mathematics,,50,answer_query,answer_discovery,not_counterexample_target,0,15,4,3,0,2,4
2148,10,17,24,28,11,formal-conjectures-w-3-25-lower,formal_conjectures:formal-conjectures-w-3-25-lower,Formal Conjectures: W_3_25_lower,Google DeepMind Formal Conjectures,research_mathematics,,50,answer_query,answer_discovery,not_counterexample_target,0,15,4,3,0,2,4
2149,10,17,24,28,11,formal-conjectures-w-3-26-lower,formal_conjectures:formal-conjectures-w-3-26-lower,Formal Conjectures: W_3_26_lower,Google DeepMind Formal Conjectures,research_mathematics,,50,answer_query,answer_discovery,not_counterexample_target,0,15,4,3,0,2,4
2150,10,17,24,28,11,formal-conjectures-w-3-27-lower,formal_conjectures:formal-conjectures-w-3-27-lower,Formal Conjectures: W_3_27_lower,Google DeepMind Formal Conjectures,research_mathematics,,50,answer_query,answer_discovery,not_counterexample_target,0,15,4,3,0,2,4
2151,10,17,24,28,11,formal-conjectures-w-3-28-lower,formal_conjectures:formal-conjectures-w-3-28-lower,Formal Conjectures: W_3_28_lower,Google DeepMind Formal Conjectures,research_mathematics,,50,answer_query,answer_discovery,not_counterexample_target,0,15,4,3,0,2,4
2152,10,17,24,28,11,formal-conjectures-w-3-29-lower,formal_conjectures:formal-conjectures-w-3-29-lower,Formal Conjectures: W_3_29_lower,Google DeepMind Formal Conjectures,research_mathematics,,50,answer_query,answer_discovery,not_counterexample_target,0,15,4,3,0,2,4
2153,10,17,24,28,11,formal-conjectures-w-3-30-lower,formal_conjectures:formal-conjectures-w-3-30-lower,Formal Conjectures: W_3_30_lower,Google DeepMind Formal Conjectures,research_mathematics,,50,answer_query,answer_discovery,not_counterexample_target,0,15,4,3,0,2,4
2154,9,18,27,32,14,formal-conjectures-a-infinite,formal_conjectures:formal-conjectures-a-infinite,Formal Conjectures: a.infinite,Google DeepMind Formal Conjectures,research_mathematics,,50,global_or_asymptotic_claim,formal_modeling,modeling_candidate,5,15,3,3,0,2,4
2155,9,18,27,32,14,formal-conjectures-bateman-horn-conjecture,formal_conjectures:formal-conjectures-bateman-horn-conjecture,Formal Conjectures: bateman_horn_conjecture,Google DeepMind Formal Conjectures,research_mathematics,,50,global_or_asymptotic_claim,formal_modeling,modeling_candidate,5,15,4,2,0,2,4
2156,9,18,27,32,14,formal-conjectures-conjecture-4-4,formal_conjectures:formal-conjectures-conjecture-4-4,Formal Conjectures: conjecture_4_4,Google DeepMind Formal Conjectures,research_mathematics,,50,global_or_asymptotic_claim,formal_modeling,modeling_candidate,5,15,3,2,1,2,4
2157,9,18,27,32,14,formal-conjectures-erdos-1072-variants-littleo,erdos:1072,Formal Conjectures: erdos_1072.variants.littleo,Google DeepMind Formal Conjectures,research_mathematics,,50,global_or_asymptotic_claim,formal_modeling,modeling_candidate,5,15,4,2,0,2,4
2158,9,18,27,32,14,formal-conjectures-erdos-142-variants-lower,erdos:142,Formal Conjectures: erdos_142.variants.lower,Google DeepMind Formal Conjectures,research_mathematics,,50,global_or_asymptotic_claim,formal_modeling,modeling_candidate,5,15,3,2,1,2,4
2159,9,18,27,32,14,formal-conjectures-erdos-184,erdos:184,Formal Conjectures: erdos_184,Google DeepMind Formal Conjectures,research_mathematics,,50,global_or_asymptotic_claim,formal_modeling,modeling_candidate,5,15,4,2,0,2,4
2160,9,18,27,32,14,formal-conjectures-erdos-254,erdos:254,Formal Conjectures: erdos_254,Google DeepMind Formal Conjectures,research_mathematics,,50,global_or_asymptotic_claim,formal_modeling,modeling_candidate,5,15,4,2,0,2,4
2161,9,18,27,32,14,formal-conjectures-erdos-272-variants-szabo-strong,erdos:272,Formal Conjectures: erdos_272.variants.szabo_strong,Google DeepMind Formal Conjectures,research_mathematics,,50,global_or_asymptotic_claim,formal_modeling,modeling_candidate,5,15,4,2,0,2,4
2162,9,18,27,32,14,formal-conjectures-erdos-28,erdos:28,Formal Conjectures: erdos_28,Google DeepMind Formal Conjectures,research_mathematics,,50,global_or_asymptotic_claim,formal_modeling,modeling_candidate,5,15,3,2,1,2,4
2163,9,18,27,32,14,formal-conjectures-erdos-313-variants-primary-pseudoperfect-are-infinite,erdos:313,Formal Conjectures: erdos_313.variants.primary_pseudoperfect_are_infinite,Google DeepMind Formal Conjectures,research_mathematics,,50,global_or_asymptotic_claim,formal_modeling,modeling_candidate,5,15,3,3,0,2,4
2164,9,18,27,32,14,formal-conjectures-erdos-340,erdos:340,Formal Conjectures: erdos_340,Google DeepMind Formal Conjectures,research_mathematics,,50,global_or_asymptotic_claim,formal_modeling,modeling_candidate,5,15,4,2,0,2,4
2165,9,18,27,32,14,formal-conjectures-erdos-41,erdos:41,Formal Conjectures: erdos_41,Google DeepMind Formal Conjectures,research_mathematics,,50,global_or_asymptotic_claim,formal_modeling,modeling_candidate,5,15,4,2,0,2,4
2166,9,18,27,32,14,formal-conjectures-erdos-539-variants-sq-cube-root-isbigo,erdos:539,Formal Conjectures: erdos_539.variants.sq_cube_root_isBigO,Google DeepMind Formal Conjectures,research_mathematics,,50,global_or_asymptotic_claim,formal_modeling,modeling_candidate,5,15,4,2,0,2,4
2167,9,18,27,32,14,formal-conjectures-erdos-770-variants-three,erdos:770,Formal Conjectures: erdos_770.variants.three,Google DeepMind Formal Conjectures,research_mathematics,,50,global_or_asymptotic_claim,formal_modeling,modeling_candidate,5,15,3,3,0,2,4
2168,9,18,27,32,14,formal-conjectures-erdos-859,erdos:859,Formal Conjectures: erdos_859,Google DeepMind Formal Conjectures,research_mathematics,,50,global_or_asymptotic_claim,formal_modeling,modeling_candidate,5,15,3,2,0,3,4
2169,9,18,27,32,14,formal-conjectures-littlewood-conjecture,formal_conjectures:formal-conjectures-littlewood-conjecture,Formal Conjectures: littlewood_conjecture,Google DeepMind Formal Conjectures,research_mathematics,,50,global_or_asymptotic_claim,formal_modeling,modeling_candidate,5,15,3,2,1,2,4
2170,9,18,27,32,14,formal-conjectures-padic-littlewood-conjecture,formal_conjectures:formal-conjectures-padic-littlewood-conjecture,Formal Conjectures: padic_littlewood_conjecture,Google DeepMind Formal Conjectures,research_mathematics,,50,global_or_asymptotic_claim,formal_modeling,modeling_candidate,5,15,3,2,1,2,4
2171,9,18,27,32,14,formal-conjectures-pierce-birkhoff-conjecture,formal_conjectures:formal-conjectures-pierce-birkhoff-conjecture,Formal Conjectures: pierce_birkhoff_conjecture,Google DeepMind Formal Conjectures,research_mathematics,,50,global_or_asymptotic_claim,formal_modeling,modeling_candidate,5,15,4,2,0,2,4
2172,9,18,27,32,14,formal-conjectures-problem-10-5,formal_conjectures:formal-conjectures-problem-10-5,Formal Conjectures: problem_10_5,Google DeepMind Formal Conjectures,research_mathematics,,50,global_or_asymptotic_claim,formal_modeling,modeling_candidate,5,15,4,2,0,2,4
2173,9,18,27,32,14,formal-conjectures-twentyone-le-rank-height-count-asymptotic,formal_conjectures:formal-conjectures-twentyone-le-rank-height-count-asymptotic,Formal Conjectures: twentyone_le_rank_height_count_asymptotic,Google DeepMind Formal Conjectures,research_mathematics,,50,global_or_asymptotic_claim,formal_modeling,modeling_candidate,5,15,4,2,0,2,4
2174,9,18,27,32,14,formal-conjectures-voronovskaja-theorem-bezier-bernstein-operators-variants-eventually-smooth-limit-exists,formal_conjectures:formal-conjectures-voronovskaja-theorem-bezier-bernstein-operators-variants-eventually-smooth-limit-exists,Formal Conjectures: voronovskaja_theorem.bezier_bernstein_operators.variants.eventually_smooth.limit_exists,Google DeepMind Formal Conjectures,research_mathematics,,50,global_or_asymptotic_claim,formal_modeling,modeling_candidate,5,15,4,2,0,2,4
2175,9,18,27,32,14,formal-conjectures-zhao-question,formal_conjectures:formal-conjectures-zhao-question,Formal Conjectures: zhao_question,Google DeepMind Formal Conjectures,research_mathematics,,50,global_or_asymptotic_claim,formal_modeling,modeling_candidate,5,15,4,2,0,2,4
2176,9,18,27,31,13,formal-conjectures-erdos-1082-parts-i,erdos:1082,Formal Conjectures: erdos_1082.parts.i,Google DeepMind Formal Conjectures,research_mathematics,,50,answer_query,answer_discovery,not_counterexample_target,0,15,4,5,0,3,4
2177,9,18,27,31,13,formal-conjectures-erdos-906,erdos:906,Formal Conjectures: erdos_906,Google DeepMind Formal Conjectures,research_mathematics,,50,answer_query,answer_discovery,not_counterexample_target,0,15,5,5,0,2,4
2178,9,18,27,31,13,formal-conjectures-erdos-97,erdos:97,Formal Conjectures: erdos_97,Google DeepMind Formal Conjectures,research_mathematics,,50,answer_query,answer_discovery,not_counterexample_target,0,15,4,5,0,3,4
2179,9,18,27,30,12,unsolvedmath-kp-3.9,unsolvedmath:unsolvedmath-kp-3.9,Kirby Problem 3.9,UnsolvedMath,topology,3,60,universal_claim,counterexample,needs_atomic_split,4,15,2,5,0,2,2
2180,9,18,27,30,12,unsolvedmath-kp-4.19,unsolvedmath:unsolvedmath-kp-4.19,Kirby Problem 4.19,UnsolvedMath,topology,3,60,classification_or_optimization,subclaim_decomposition,needs_atomic_split,4,15,2,3,2,2,2
2181,9,18,27,30,12,formal-conjectures-an-open-problem,formal_conjectures:formal-conjectures-an-open-problem,Formal Conjectures: an_open_problem,Google DeepMind Formal Conjectures,research_mathematics,,50,unclassified_question,formal_modeling,modeling_candidate,5,15,3,1,0,2,4
2182,9,18,27,30,12,formal-conjectures-erdos-189-variants-parallelogram,erdos:189,Formal Conjectures: erdos_189.variants.parallelogram,Google DeepMind Formal Conjectures,research_mathematics,,50,unclassified_question,formal_modeling,modeling_candidate,5,15,3,1,0,2,4
2183,9,18,27,30,12,formal-conjectures-green-16-lower-bound,formal_conjectures:formal-conjectures-green-16-lower-bound,Formal Conjectures: green_16_lower_bound,Google DeepMind Formal Conjectures,research_mathematics,,50,unclassified_question,formal_modeling,modeling_candidate,5,15,3,1,0,2,4
2184,9,18,27,30,12,formal-conjectures-rlog-rlog-two-transcendental,formal_conjectures:formal-conjectures-rlog-rlog-two-transcendental,Formal Conjectures: rlog_rlog_two_transcendental,Google DeepMind Formal Conjectures,research_mathematics,,50,unclassified_question,formal_modeling,modeling_candidate,5,15,3,1,0,2,4
2185,9,18,27,28,10,unsolvedmath-kp-1.53,unsolvedmath:unsolvedmath-kp-1.53,Kirby Problem 1.53,UnsolvedMath,topology,3,60,unclassified_question,formal_modeling,needs_atomic_split,4,15,2,3,0,2,2
2186,9,18,27,28,10,unsolvedmath-kp-1.74,unsolvedmath:unsolvedmath-kp-1.74,Kirby Problem 1.74,UnsolvedMath,topology,3,60,universal_claim,counterexample,needs_atomic_split,4,15,2,3,0,2,2
2187,9,18,27,28,10,unsolvedmath-kp-2.6,unsolvedmath:unsolvedmath-kp-2.6,Kirby Problem 2.6,UnsolvedMath,topology,3,60,unclassified_question,formal_modeling,needs_atomic_split,4,15,2,3,0,2,2
2188,9,18,27,28,10,unsolvedmath-kp-3.47,unsolvedmath:unsolvedmath-kp-3.47,Kirby Problem 3.47,UnsolvedMath,topology,3,60,universal_claim,counterexample,needs_atomic_split,4,15,2,3,0,2,2
2189,9,18,27,28,10,unsolvedmath-kp-3.55,unsolvedmath:unsolvedmath-kp-3.55,Kirby Problem 3.55,UnsolvedMath,topology,3,60,universal_claim,counterexample,needs_atomic_split,4,15,2,3,0,2,2
2190,9,18,27,28,10,unsolvedmath-kp-4.102,unsolvedmath:unsolvedmath-kp-4.102,Kirby Problem 4.102,UnsolvedMath,topology,3,60,universal_claim,counterexample,needs_atomic_split,4,15,2,3,0,2,2
2191,9,16,23,35,19,unsolvedmath-alg-020,unsolvedmath:unsolvedmath-alg-020,The Uniform Boundedness Conjecture,UnsolvedMath,algebra,5,100,existence_claim,witness_discovery,not_counterexample_target,0,15,7,6,0,5,2
2192,9,16,23,35,19,unsolvedmath-darpa-012,unsolvedmath:unsolvedmath-darpa-012,Mathematics of Quantum Computing,UnsolvedMath,computer_science,5,100,unclassified_question,formal_modeling,modeling_candidate,5,15,5,6,0,2,2
2193,9,16,23,32,16,unsolvedmath-nt-041,unsolvedmath:unsolvedmath-nt-041,Infinitely Many Perfect Numbers,UnsolvedMath,number_theory,4,80,existence_claim,witness_discovery,not_counterexample_target,0,15,7,8,0,0,2
2194,9,16,23,30,14,unsolvedmath-geo-033,unsolvedmath:unsolvedmath-geo-033,Erdős-Ulam Problem,UnsolvedMath,geometry,4,80,existence_claim,witness_discovery,not_counterexample_target,0,15,6,4,0,3,2
2195,9,16,23,30,14,unsolvedmath-num-007,unsolvedmath:unsolvedmath-num-007,Infinitude of Amicable Pairs,UnsolvedMath,number_theory,4,80,existence_claim,witness_discovery,not_counterexample_target,0,15,7,6,0,0,2
2196,9,16,23,28,12,unsolvedmath-kp-2.19,unsolvedmath:unsolvedmath-kp-2.19,Kirby Problem 2.19,UnsolvedMath,topology,3,60,unclassified_question,formal_modeling,modeling_candidate,5,15,2,3,0,1,2
2197,9,16,23,28,12,unsolvedmath-kp-3.16,unsolvedmath:unsolvedmath-kp-3.16,Kirby Problem 3.16,UnsolvedMath,topology,3,60,mixed_quantifiers,subclaim_decomposition,not_counterexample_target,8,15,2,1,0,0,2
2198,9,16,23,28,12,unsolvedmath-kp-3.20,unsolvedmath:unsolvedmath-kp-3.20,Kirby Problem 3.20,UnsolvedMath,topology,3,60,unclassified_question,formal_modeling,modeling_candidate,5,15,2,3,0,1,2
2199,9,16,23,28,12,unsolvedmath-kp-3.63,unsolvedmath:unsolvedmath-kp-3.63,Kirby Problem 3.63,UnsolvedMath,topology,3,60,unclassified_question,formal_modeling,modeling_candidate,5,15,2,3,0,1,2
2200,9,16,23,28,12,unsolvedmath-kp-3.67,unsolvedmath:unsolvedmath-kp-3.67,Kirby Problem 3.67,UnsolvedMath,topology,3,60,unclassified_question,formal_modeling,modeling_candidate,5,15,2,3,0,1,2
2201,9,16,23,28,12,unsolvedmath-kp-4.106,unsolvedmath:unsolvedmath-kp-4.106,Kirby Problem 4.106,UnsolvedMath,topology,3,60,unclassified_question,formal_modeling,modeling_candidate,5,15,2,3,0,1,2
2202,9,16,23,28,12,unsolvedmath-kp-4.127,unsolvedmath:unsolvedmath-kp-4.127,Kirby Problem 4.127,UnsolvedMath,topology,3,60,unclassified_question,formal_modeling,modeling_candidate,5,15,2,3,0,1,2
2203,9,16,23,28,12,unsolvedmath-kp-4.41,unsolvedmath:unsolvedmath-kp-4.41,Kirby Problem 4.41,UnsolvedMath,topology,3,60,unclassified_question,formal_modeling,modeling_candidate,5,15,2,3,0,1,2
2204,9,16,23,28,12,unsolvedmath-kp-4.49,unsolvedmath:unsolvedmath-kp-4.49,Kirby Problem 4.49,UnsolvedMath,topology,3,60,unclassified_question,formal_modeling,modeling_candidate,5,15,2,3,0,1,2
2205,9,16,23,28,12,unsolvedmath-kp-4.51,unsolvedmath:unsolvedmath-kp-4.51,Kirby Problem 4.51,UnsolvedMath,topology,3,60,unclassified_question,formal_modeling,modeling_candidate,5,15,2,3,0,1,2
2206,9,16,23,28,12,unsolvedmath-kp-4.56,unsolvedmath:unsolvedmath-kp-4.56,Kirby Problem 4.56,UnsolvedMath,topology,3,60,unclassified_question,formal_modeling,modeling_candidate,5,15,2,3,0,1,2
2207,9,16,23,28,12,unsolvedmath-kp-4.61,unsolvedmath:unsolvedmath-kp-4.61,Kirby Problem 4.61,UnsolvedMath,topology,3,60,unclassified_question,formal_modeling,modeling_candidate,5,15,2,3,0,1,2
2208,9,16,23,28,12,unsolvedmath-kp-4.64,unsolvedmath:unsolvedmath-kp-4.64,Kirby Problem 4.64,UnsolvedMath,topology,3,60,unclassified_question,formal_modeling,modeling_candidate,5,15,2,3,0,1,2
2209,9,16,23,28,12,unsolvedmath-kp-4.66,unsolvedmath:unsolvedmath-kp-4.66,Kirby Problem 4.66,UnsolvedMath,topology,3,60,unclassified_question,formal_modeling,modeling_candidate,5,15,2,3,0,1,2
2210,9,16,23,28,12,unsolvedmath-kp-4.78,unsolvedmath:unsolvedmath-kp-4.78,Kirby Problem 4.78,UnsolvedMath,topology,3,60,unclassified_question,formal_modeling,modeling_candidate,5,15,2,3,0,1,2
2211,9,16,23,28,12,unsolvedmath-kp-5.15,unsolvedmath:unsolvedmath-kp-5.15,Kirby Problem 5.15,UnsolvedMath,topology,3,60,unclassified_question,formal_modeling,modeling_candidate,5,15,2,3,0,1,2
2212,9,16,23,28,12,unsolvedmath-kp-5.4,unsolvedmath:unsolvedmath-kp-5.4,Kirby Problem 5.4,UnsolvedMath,topology,3,60,unclassified_question,formal_modeling,modeling_candidate,5,15,2,3,0,1,2
2213,9,16,23,28,12,unsolvedmath-opg-37125,unsolvedmath:unsolvedmath-opg-37125,Smooth 4-dimensional Poincare conjecture,UnsolvedMath,topology,3,60,unclassified_question,formal_modeling,modeling_candidate,5,15,2,3,0,1,2
2214,9,16,23,28,12,formal-conjectures-conjecture194,formal_conjectures:formal-conjectures-conjecture194,Formal Conjectures: conjecture194,Google DeepMind Formal Conjectures,research_mathematics,,50,existence_claim,witness_discovery,not_counterexample_target,0,15,4,3,0,2,4
2215,9,16,23,28,12,formal-conjectures-conjecture200,formal_conjectures:formal-conjectures-conjecture200,Formal Conjectures: conjecture200,Google DeepMind Formal Conjectures,research_mathematics,,50,existence_claim,witness_discovery,not_counterexample_target,0,15,3,3,0,3,4
2216,9,16,23,28,12,formal-conjectures-erdos-244,erdos:244,Formal Conjectures: erdos_244,Google DeepMind Formal Conjectures,research_mathematics,,50,answer_query,answer_discovery,not_counterexample_target,0,15,3,3,0,3,4
2217,9,16,23,28,12,formal-conjectures-erdos-68,erdos:68,Formal Conjectures: erdos_68,Google DeepMind Formal Conjectures,research_mathematics,,50,answer_query,answer_discovery,not_counterexample_target,0,15,4,3,0,2,4
2218,9,16,23,28,12,formal-conjectures-erdos-920,erdos:920,Formal Conjectures: erdos_920,Google DeepMind Formal Conjectures,research_mathematics,,50,answer_query,answer_discovery,not_counterexample_target,0,15,4,3,0,2,4
2219,9,16,23,28,12,formal-conjectures-green-41-variants-polynomial-bound,formal_conjectures:formal-conjectures-green-41-variants-polynomial-bound,Formal Conjectures: green_41.variants.polynomial_bound,Google DeepMind Formal Conjectures,research_mathematics,,50,answer_query,answer_discovery,not_counterexample_target,0,15,4,3,0,2,4
2220,9,16,23,28,12,formal-conjectures-inscribed-rectangle-problem,formal_conjectures:formal-conjectures-inscribed-rectangle-problem,Formal Conjectures: inscribed_rectangle_problem,Google DeepMind Formal Conjectures,research_mathematics,,50,answer_query,answer_discovery,not_counterexample_target,0,15,3,3,1,2,4
2221,9,16,23,27,11,formal-conjectures-algebraicindependent-e-pi,formal_conjectures:formal-conjectures-algebraicindependent-e-pi,Formal Conjectures: algebraicIndependent_e_pi,Google DeepMind Formal Conjectures,research_mathematics,,50,answer_query,answer_discovery,not_counterexample_target,0,15,3,3,0,2,4
2222,9,16,23,27,11,formal-conjectures-ame-10-10-open,formal_conjectures:formal-conjectures-ame-10-10-open,Formal Conjectures: ame_10_10_open,Google DeepMind Formal Conjectures,research_mathematics,,50,answer_query,answer_discovery,not_counterexample_target,0,15,3,3,0,2,4
2223,9,16,23,27,11,formal-conjectures-ame-10-6-open,formal_conjectures:formal-conjectures-ame-10-6-open,Formal Conjectures: ame_10_6_open,Google DeepMind Formal Conjectures,research_mathematics,,50,answer_query,answer_discovery,not_counterexample_target,0,15,3,3,0,2,4
2224,9,16,23,27,11,formal-conjectures-ame-11-10-open,formal_conjectures:formal-conjectures-ame-11-10-open,Formal Conjectures: ame_11_10_open,Google DeepMind Formal Conjectures,research_mathematics,,50,answer_query,answer_discovery,not_counterexample_target,0,15,3,3,0,2,4
2225,9,16,23,27,11,formal-conjectures-ame-11-3-open,formal_conjectures:formal-conjectures-ame-11-3-open,Formal Conjectures: ame_11_3_open,Google DeepMind Formal Conjectures,research_mathematics,,50,answer_query,answer_discovery,not_counterexample_target,0,15,3,3,0,2,4
2226,9,16,23,27,11,formal-conjectures-ame-11-4-open,formal_conjectures:formal-conjectures-ame-11-4-open,Formal Conjectures: ame_11_4_open,Google DeepMind Formal Conjectures,research_mathematics,,50,answer_query,answer_discovery,not_counterexample_target,0,15,3,3,0,2,4
2227,9,16,23,27,11,formal-conjectures-ame-11-6-open,formal_conjectures:formal-conjectures-ame-11-6-open,Formal Conjectures: ame_11_6_open,Google DeepMind Formal Conjectures,research_mathematics,,50,answer_query,answer_discovery,not_counterexample_target,0,15,3,3,0,2,4
2228,9,16,23,27,11,formal-conjectures-ame-12-10-open,formal_conjectures:formal-conjectures-ame-12-10-open,Formal Conjectures: ame_12_10_open,Google DeepMind Formal Conjectures,research_mathematics,,50,answer_query,answer_discovery,not_counterexample_target,0,15,3,3,0,2,4
2229,9,16,23,27,11,formal-conjectures-ame-12-5-open,formal_conjectures:formal-conjectures-ame-12-5-open,Formal Conjectures: ame_12_5_open,Google DeepMind Formal Conjectures,research_mathematics,,50,answer_query,answer_discovery,not_counterexample_target,0,15,3,3,0,2,4
2230,9,16,23,27,11,formal-conjectures-ame-12-6-open,formal_conjectures:formal-conjectures-ame-12-6-open,Formal Conjectures: ame_12_6_open,Google DeepMind Formal Conjectures,research_mathematics,,50,answer_query,answer_discovery,not_counterexample_target,0,15,3,3,0,2,4
2231,9,16,23,27,11,formal-conjectures-ame-7-10-open,formal_conjectures:formal-conjectures-ame-7-10-open,Formal Conjectures: ame_7_10_open,Google DeepMind Formal Conjectures,research_mathematics,,50,answer_query,answer_discovery,not_counterexample_target,0,15,3,3,0,2,4
2232,9,16,23,27,11,formal-conjectures-ame-7-6-open,formal_conjectures:formal-conjectures-ame-7-6-open,Formal Conjectures: ame_7_6_open,Google DeepMind Formal Conjectures,research_mathematics,,50,answer_query,answer_discovery,not_counterexample_target,0,15,3,3,0,2,4
2233,9,16,23,27,11,formal-conjectures-ame-8-10-open,formal_conjectures:formal-conjectures-ame-8-10-open,Formal Conjectures: ame_8_10_open,Google DeepMind Formal Conjectures,research_mathematics,,50,answer_query,answer_discovery,not_counterexample_target,0,15,3,3,0,2,4
2234,9,16,23,27,11,formal-conjectures-ame-8-4-open,formal_conjectures:formal-conjectures-ame-8-4-open,Formal Conjectures: ame_8_4_open,Google DeepMind Formal Conjectures,research_mathematics,,50,answer_query,answer_discovery,not_counterexample_target,0,15,3,3,0,2,4
2235,9,16,23,27,11,formal-conjectures-ame-8-6-open,formal_conjectures:formal-conjectures-ame-8-6-open,Formal Conjectures: ame_8_6_open,Google DeepMind Formal Conjectures,research_mathematics,,50,answer_query,answer_discovery,not_counterexample_target,0,15,3,3,0,2,4
2236,9,16,23,27,11,formal-conjectures-ame-9-10-open,formal_conjectures:formal-conjectures-ame-9-10-open,Formal Conjectures: ame_9_10_open,Google DeepMind Formal Conjectures,research_mathematics,,50,answer_query,answer_discovery,not_counterexample_target,0,15,3,3,0,2,4
2237,9,16,23,27,11,formal-conjectures-ame-9-6-open,formal_conjectures:formal-conjectures-ame-9-6-open,Formal Conjectures: ame_9_6_open,Google DeepMind Formal Conjectures,research_mathematics,,50,answer_query,answer_discovery,not_counterexample_target,0,15,3,3,0,2,4
2238,9,16,23,27,11,formal-conjectures-bb-6,formal_conjectures:formal-conjectures-bb-6,Formal Conjectures: BB_6,Google DeepMind Formal Conjectures,research_mathematics,,50,answer_query,answer_discovery,not_counterexample_target,0,15,3,3,0,2,4
2239,9,16,23,27,11,formal-conjectures-c1a-eq,formal_conjectures:formal-conjectures-c1a-eq,Formal Conjectures: c1a_eq,Google DeepMind Formal Conjectures,research_mathematics,,50,answer_query,answer_discovery,not_counterexample_target,0,15,3,3,0,2,4
2240,9,16,23,27,11,formal-conjectures-countablymonolithicspace-exists-nhds-generated-countable,formal_conjectures:formal-conjectures-countablymonolithicspace-exists-nhds-generated-countable,Formal Conjectures: countablyMonolithicSpace_exists_nhds_generated_countable,Google DeepMind Formal Conjectures,research_mathematics,,50,answer_query,answer_discovery,not_counterexample_target,0,15,3,3,0,2,4
2241,9,16,23,27,11,formal-conjectures-dedekind-10,formal_conjectures:formal-conjectures-dedekind-10,Formal Conjectures: Dedekind_10,Google DeepMind Formal Conjectures,research_mathematics,,50,answer_query,answer_discovery,not_counterexample_target,0,15,3,3,0,2,4
2242,9,16,23,27,11,formal-conjectures-erdos-1145,erdos:1145,Formal Conjectures: erdos_1145,Google DeepMind Formal Conjectures,research_mathematics,,50,answer_query,answer_discovery,not_counterexample_target,0,15,3,3,0,2,4
2243,9,16,23,27,11,formal-conjectures-erdos-14-parts-i,erdos:14,Formal Conjectures: erdos_14.parts.i,Google DeepMind Formal Conjectures,research_mathematics,,50,answer_query,answer_discovery,not_counterexample_target,0,15,3,3,0,2,4
2244,9,16,23,27,11,formal-conjectures-erdos-188,erdos:188,Formal Conjectures: erdos_188,Google DeepMind Formal Conjectures,research_mathematics,,50,answer_query,answer_discovery,not_counterexample_target,0,15,3,3,0,2,4
2245,9,16,23,27,11,formal-conjectures-erdos-340-variants-33-mem-sub,erdos:340,Formal Conjectures: erdos_340.variants._33_mem_sub,Google DeepMind Formal Conjectures,research_mathematics,,50,answer_query,answer_discovery,not_counterexample_target,0,15,3,3,0,2,4
2246,9,16,23,27,11,formal-conjectures-erdos-349,erdos:349,Formal Conjectures: erdos_349,Google DeepMind Formal Conjectures,research_mathematics,,50,answer_query,answer_discovery,not_counterexample_target,0,15,3,3,0,2,4
2247,9,16,23,27,11,formal-conjectures-erdos-375,erdos:375,Formal Conjectures: erdos_375,Google DeepMind Formal Conjectures,research_mathematics,,50,answer_query,answer_discovery,not_counterexample_target,0,15,3,3,0,2,4
2248,9,16,23,27,11,formal-conjectures-erdos-398,erdos:398,Formal Conjectures: erdos_398,Google DeepMind Formal Conjectures,research_mathematics,,50,answer_query,answer_discovery,not_counterexample_target,0,15,3,3,0,2,4
2249,9,16,23,27,11,formal-conjectures-erdos-40,erdos:40,Formal Conjectures: erdos_40,Google DeepMind Formal Conjectures,research_mathematics,,50,answer_query,answer_discovery,not_counterexample_target,0,15,3,3,0,2,4
2250,9,16,23,27,11,formal-conjectures-erdos-406,erdos:406,Formal Conjectures: erdos_406,Google DeepMind Formal Conjectures,research_mathematics,,50,answer_query,answer_discovery,not_counterexample_target,0,15,3,3,0,2,4
2251,9,16,23,27,11,formal-conjectures-erdos-422-variants-surjective,erdos:422,Formal Conjectures: erdos_422.variants.surjective,Google DeepMind Formal Conjectures,research_mathematics,,50,answer_query,answer_discovery,not_counterexample_target,0,15,3,3,0,2,4
2252,9,16,23,27,11,formal-conjectures-erdos-567-parts-i,erdos:567,Formal Conjectures: erdos_567.parts.i,Google DeepMind Formal Conjectures,research_mathematics,,50,answer_query,answer_discovery,not_counterexample_target,0,15,3,3,0,2,4
2253,9,16,23,27,11,formal-conjectures-erdos-567-parts-ii,erdos:567,Formal Conjectures: erdos_567.parts.ii,Google DeepMind Formal Conjectures,research_mathematics,,50,answer_query,answer_discovery,not_counterexample_target,0,15,3,3,0,2,4
2254,9,16,23,27,11,formal-conjectures-erdos-567-parts-iii,erdos:567,Formal Conjectures: erdos_567.parts.iii,Google DeepMind Formal Conjectures,research_mathematics,,50,answer_query,answer_discovery,not_counterexample_target,0,15,3,3,0,2,4
2255,9,16,23,27,11,formal-conjectures-erdos-598,erdos:598,Formal Conjectures: erdos_598,Google DeepMind Formal Conjectures,research_mathematics,,50,answer_query,answer_discovery,not_counterexample_target,0,15,3,3,0,2,4
2256,9,16,23,27,11,formal-conjectures-erdos-889-variants-v1-eq-1-finite,erdos:889,Formal Conjectures: erdos_889.variants.v1_eq_1_finite,Google DeepMind Formal Conjectures,research_mathematics,,50,answer_query,answer_discovery,not_counterexample_target,0,15,3,3,0,2,4
2257,9,16,23,27,11,formal-conjectures-erdos-889-variants-v1-eq-1-finite-formalconjectures-erdosproblems-889-lean,erdos:889,Formal Conjectures: erdos_889.variants.V1_eq_1_finite,Google DeepMind Formal Conjectures,research_mathematics,,50,answer_query,answer_discovery,not_counterexample_target,0,15,3,3,0,2,4
2258,9,16,23,27,11,formal-conjectures-erdos-936-variants-two-pow-add-one,erdos:936,Formal Conjectures: erdos_936.variants.two_pow_add_one,Google DeepMind Formal Conjectures,research_mathematics,,50,answer_query,answer_discovery,not_counterexample_target,0,15,3,3,0,2,4
2259,9,16,23,27,11,formal-conjectures-erdos-936-variants-two-pow-sub-one,erdos:936,Formal Conjectures: erdos_936.variants.two_pow_sub_one,Google DeepMind Formal Conjectures,research_mathematics,,50,answer_query,answer_discovery,not_counterexample_target,0,15,3,3,0,2,4
2260,9,16,23,27,11,formal-conjectures-erdos-945,erdos:945,Formal Conjectures: erdos_945,Google DeepMind Formal Conjectures,research_mathematics,,50,answer_query,answer_discovery,not_counterexample_target,0,15,3,3,0,2,4
2261,9,16,23,27,11,formal-conjectures-erdos-945-variants-constant,erdos:945,Formal Conjectures: erdos_945.variants.constant,Google DeepMind Formal Conjectures,research_mathematics,,50,answer_query,answer_discovery,not_counterexample_target,0,15,3,3,0,2,4
2262,9,16,23,27,11,formal-conjectures-euclid-numbers-are-square-free,formal_conjectures:formal-conjectures-euclid-numbers-are-square-free,Formal Conjectures: euclid_numbers_are_square_free,Google DeepMind Formal Conjectures,research_mathematics,,50,answer_query,answer_discovery,not_counterexample_target,0,15,3,3,0,2,4
2263,9,16,23,27,11,formal-conjectures-exists-quasiperfect,formal_conjectures:formal-conjectures-exists-quasiperfect,Formal Conjectures: exists_quasiperfect,Google DeepMind Formal Conjectures,research_mathematics,,50,answer_query,answer_discovery,not_counterexample_target,0,15,3,3,0,2,4
2264,9,16,23,27,11,formal-conjectures-existsweaklyfirstcountablecompactbig,formal_conjectures:formal-conjectures-existsweaklyfirstcountablecompactbig,Formal Conjectures: existsWeaklyFirstCountableCompactBig,Google DeepMind Formal Conjectures,research_mathematics,,50,answer_query,answer_discovery,not_counterexample_target,0,15,3,3,0,2,4
2265,9,16,23,27,11,formal-conjectures-extended-sierpinski-problem,formal_conjectures:formal-conjectures-extended-sierpinski-problem,Formal Conjectures: extended_sierpinski_problem,Google DeepMind Formal Conjectures,research_mathematics,,50,answer_query,answer_discovery,not_counterexample_target,0,15,3,3,0,2,4
2266,9,16,23,27,11,formal-conjectures-firstcountabletopology-of-countablymonolithicspace,formal_conjectures:formal-conjectures-firstcountabletopology-of-countablymonolithicspace,Formal Conjectures: firstCountableTopology_of_countablyMonolithicSpace,Google DeepMind Formal Conjectures,research_mathematics,,50,answer_query,answer_discovery,not_counterexample_target,0,15,3,3,0,2,4
2267,9,16,23,27,11,formal-conjectures-fugledeconjecture-variants-dim-1,formal_conjectures:formal-conjectures-fugledeconjecture-variants-dim-1,Formal Conjectures: FugledeConjecture.variants.dim_1,Google DeepMind Formal Conjectures,research_mathematics,,50,answer_query,answer_discovery,not_counterexample_target,0,15,3,3,0,2,4
2268,9,16,23,27,11,formal-conjectures-fugledeconjecture-variants-dim-2,formal_conjectures:formal-conjectures-fugledeconjecture-variants-dim-2,Formal Conjectures: FugledeConjecture.variants.dim_2,Google DeepMind Formal Conjectures,research_mathematics,,50,answer_query,answer_discovery,not_counterexample_target,0,15,3,3,0,2,4
2269,9,16,23,27,11,formal-conjectures-green-24,formal_conjectures:formal-conjectures-green-24,Formal Conjectures: green_24,Google DeepMind Formal Conjectures,research_mathematics,,50,answer_query,answer_discovery,not_counterexample_target,0,15,3,3,0,2,4
2270,9,16,23,27,11,formal-conjectures-green-40-f-eq-one-for-all,formal_conjectures:formal-conjectures-green-40-f-eq-one-for-all,Formal Conjectures: green_40.f_eq_one_for_all,Google DeepMind Formal Conjectures,research_mathematics,,50,answer_query,answer_discovery,not_counterexample_target,0,15,3,3,0,2,4
2271,9,16,23,27,11,formal-conjectures-green-40-f-two-eq-one,formal_conjectures:formal-conjectures-green-40-f-two-eq-one,Formal Conjectures: green_40.f_two_eq_one,Google DeepMind Formal Conjectures,research_mathematics,,50,answer_query,answer_discovery,not_counterexample_target,0,15,3,3,0,2,4
2272,9,16,23,27,11,formal-conjectures-hadamardconjecture-variants-167,formal_conjectures:formal-conjectures-hadamardconjecture-variants-167,Formal Conjectures: HadamardConjecture.variants.«167»,Google DeepMind Formal Conjectures,research_mathematics,,50,existence_claim,witness_discovery,not_counterexample_target,0,15,3,3,0,2,4
2273,9,16,23,27,11,formal-conjectures-hassicpovm-56,formal_conjectures:formal-conjectures-hassicpovm-56,Formal Conjectures: hasSICPOVM_56,Google DeepMind Formal Conjectures,research_mathematics,,50,answer_query,answer_discovery,not_counterexample_target,0,15,3,3,0,2,4
2274,9,16,23,27,11,formal-conjectures-hassicpovm-58,formal_conjectures:formal-conjectures-hassicpovm-58,Formal Conjectures: hasSICPOVM_58,Google DeepMind Formal Conjectures,research_mathematics,,50,answer_query,answer_discovery,not_counterexample_target,0,15,3,3,0,2,4
2275,9,16,23,27,11,formal-conjectures-hassicpovm-59,formal_conjectures:formal-conjectures-hassicpovm-59,Formal Conjectures: hasSICPOVM_59,Google DeepMind Formal Conjectures,research_mathematics,,50,answer_query,answer_discovery,not_counterexample_target,0,15,3,3,0,2,4
2276,9,16,23,27,11,formal-conjectures-hassicpovm-60,formal_conjectures:formal-conjectures-hassicpovm-60,Formal Conjectures: hasSICPOVM_60,Google DeepMind Formal Conjectures,research_mathematics,,50,answer_query,answer_discovery,not_counterexample_target,0,15,3,3,0,2,4
2277,9,16,23,27,11,formal-conjectures-hassicpovm-64,formal_conjectures:formal-conjectures-hassicpovm-64,Formal Conjectures: hasSICPOVM_64,Google DeepMind Formal Conjectures,research_mathematics,,50,answer_query,answer_discovery,not_counterexample_target,0,15,3,3,0,2,4
2278,9,16,23,27,11,formal-conjectures-hassicpovm-68,formal_conjectures:formal-conjectures-hassicpovm-68,Formal Conjectures: hasSICPOVM_68,Google DeepMind Formal Conjectures,research_mathematics,,50,answer_query,answer_discovery,not_counterexample_target,0,15,3,3,0,2,4
2279,9,16,23,27,11,formal-conjectures-hassicpovm-69,formal_conjectures:formal-conjectures-hassicpovm-69,Formal Conjectures: hasSICPOVM_69,Google DeepMind Formal Conjectures,research_mathematics,,50,answer_query,answer_discovery,not_counterexample_target,0,15,3,3,0,2,4
2280,9,16,23,27,11,formal-conjectures-hassicpovm-70,formal_conjectures:formal-conjectures-hassicpovm-70,Formal Conjectures: hasSICPOVM_70,Google DeepMind Formal Conjectures,research_mathematics,,50,answer_query,answer_discovery,not_counterexample_target,0,15,3,3,0,2,4
2281,9,16,23,27,11,formal-conjectures-hassicpovm-71,formal_conjectures:formal-conjectures-hassicpovm-71,Formal Conjectures: hasSICPOVM_71,Google DeepMind Formal Conjectures,research_mathematics,,50,answer_query,answer_discovery,not_counterexample_target,0,15,3,3,0,2,4
2282,9,16,23,27,11,formal-conjectures-hassicpovm-72,formal_conjectures:formal-conjectures-hassicpovm-72,Formal Conjectures: hasSICPOVM_72,Google DeepMind Formal Conjectures,research_mathematics,,50,answer_query,answer_discovery,not_counterexample_target,0,15,3,3,0,2,4
2283,9,16,23,27,11,formal-conjectures-hassicpovm-75,formal_conjectures:formal-conjectures-hassicpovm-75,Formal Conjectures: hasSICPOVM_75,Google DeepMind Formal Conjectures,research_mathematics,,50,answer_query,answer_discovery,not_counterexample_target,0,15,3,3,0,2,4
2284,9,16,23,27,11,formal-conjectures-homogeneousspace-exists-surjective,formal_conjectures:formal-conjectures-homogeneousspace-exists-surjective,Formal Conjectures: homogeneousSpace_exists_surjective,Google DeepMind Formal Conjectures,research_mathematics,,50,answer_query,answer_discovery,not_counterexample_target,0,15,3,3,0,2,4
2285,9,16,23,27,11,formal-conjectures-irrational-catalanconstant,formal_conjectures:formal-conjectures-irrational-catalanconstant,Formal Conjectures: irrational_catalanConstant,Google DeepMind Formal Conjectures,research_mathematics,,50,answer_query,answer_discovery,not_counterexample_target,0,15,3,3,0,2,4
2286,9,16,23,27,11,formal-conjectures-irrational-e-plus-pi,formal_conjectures:formal-conjectures-irrational-e-plus-pi,Formal Conjectures: irrational_e_plus_pi,Google DeepMind Formal Conjectures,research_mathematics,,50,answer_query,answer_discovery,not_counterexample_target,0,15,3,3,0,2,4
2287,9,16,23,27,11,formal-conjectures-irrational-e-times-pi,formal_conjectures:formal-conjectures-irrational-e-times-pi,Formal Conjectures: irrational_e_times_pi,Google DeepMind Formal Conjectures,research_mathematics,,50,answer_query,answer_discovery,not_counterexample_target,0,15,3,3,0,2,4
2288,9,16,23,27,11,formal-conjectures-irrational-e-to-e,formal_conjectures:formal-conjectures-irrational-e-to-e,Formal Conjectures: irrational_e_to_e,Google DeepMind Formal Conjectures,research_mathematics,,50,answer_query,answer_discovery,not_counterexample_target,0,15,3,3,0,2,4
2289,9,16,23,27,11,formal-conjectures-irrational-eleven,formal_conjectures:formal-conjectures-irrational-eleven,Formal Conjectures: irrational_eleven,Google DeepMind Formal Conjectures,research_mathematics,,50,existence_claim,witness_discovery,not_counterexample_target,0,15,3,3,0,2,4
2290,9,16,23,27,11,formal-conjectures-irrational-eulermascheroniconstant,formal_conjectures:formal-conjectures-irrational-eulermascheroniconstant,Formal Conjectures: irrational_eulerMascheroniConstant,Google DeepMind Formal Conjectures,research_mathematics,,50,answer_query,answer_discovery,not_counterexample_target,0,15,3,3,0,2,4
2291,9,16,23,27,11,formal-conjectures-irrational-five,formal_conjectures:formal-conjectures-irrational-five,Formal Conjectures: irrational_five,Google DeepMind Formal Conjectures,research_mathematics,,50,existence_claim,witness_discovery,not_counterexample_target,0,15,3,3,0,2,4
2292,9,16,23,27,11,formal-conjectures-irrational-ln-pi,formal_conjectures:formal-conjectures-irrational-ln-pi,Formal Conjectures: irrational_ln_pi,Google DeepMind Formal Conjectures,research_mathematics,,50,answer_query,answer_discovery,not_counterexample_target,0,15,3,3,0,2,4
2293,9,16,23,27,11,formal-conjectures-irrational-nine,formal_conjectures:formal-conjectures-irrational-nine,Formal Conjectures: irrational_nine,Google DeepMind Formal Conjectures,research_mathematics,,50,existence_claim,witness_discovery,not_counterexample_target,0,15,3,3,0,2,4
2294,9,16,23,27,11,formal-conjectures-irrational-pi-to-e,formal_conjectures:formal-conjectures-irrational-pi-to-e,Formal Conjectures: irrational_pi_to_e,Google DeepMind Formal Conjectures,research_mathematics,,50,answer_query,answer_discovery,not_counterexample_target,0,15,3,3,0,2,4
2295,9,16,23,27,11,formal-conjectures-irrational-pi-to-pi,formal_conjectures:formal-conjectures-irrational-pi-to-pi,Formal Conjectures: irrational_pi_to_pi,Google DeepMind Formal Conjectures,research_mathematics,,50,answer_query,answer_discovery,not_counterexample_target,0,15,3,3,0,2,4
2296,9,16,23,27,11,formal-conjectures-irrational-seven,formal_conjectures:formal-conjectures-irrational-seven,Formal Conjectures: irrational_seven,Google DeepMind Formal Conjectures,research_mathematics,,50,existence_claim,witness_discovery,not_counterexample_target,0,15,3,3,0,2,4
2297,9,16,23,27,11,formal-conjectures-islychrel10-196,formal_conjectures:formal-conjectures-islychrel10-196,Formal Conjectures: isLychrel10_196,Google DeepMind Formal Conjectures,research_mathematics,,50,answer_query,answer_discovery,not_counterexample_target,0,15,3,3,0,2,4
2298,9,16,23,27,11,formal-conjectures-latinsquareneartransversal,formal_conjectures:formal-conjectures-latinsquareneartransversal,Formal Conjectures: latinSquareNearTransversal,Google DeepMind Formal Conjectures,research_mathematics,,50,answer_query,answer_discovery,not_counterexample_target,0,15,3,3,0,2,4
2299,9,16,23,27,11,formal-conjectures-m-eq,formal_conjectures:formal-conjectures-m-eq,Formal Conjectures: M_eq,Google DeepMind Formal Conjectures,research_mathematics,,50,answer_query,answer_discovery,not_counterexample_target,0,15,3,3,0,2,4
2300,9,16,23,27,11,formal-conjectures-mem-ico-c1a,formal_conjectures:formal-conjectures-mem-ico-c1a,Formal Conjectures: mem_Ico_c1a,Google DeepMind Formal Conjectures,research_mathematics,,50,answer_query,answer_discovery,not_counterexample_target,0,15,3,3,0,2,4
2301,9,16,23,27,11,formal-conjectures-mem-ioc-c1a,formal_conjectures:formal-conjectures-mem-ioc-c1a,Formal Conjectures: mem_Ioc_c1a,Google DeepMind Formal Conjectures,research_mathematics,,50,answer_query,answer_discovery,not_counterexample_target,0,15,3,3,0,2,4
2302,9,16,23,27,11,formal-conjectures-mutuallyunbiasedbases-dim10,formal_conjectures:formal-conjectures-mutuallyunbiasedbases-dim10,Formal Conjectures: mutuallyUnbiasedBases_dim10,Google DeepMind Formal Conjectures,research_mathematics,,50,answer_query,answer_discovery,not_counterexample_target,0,15,3,3,0,2,4
2303,9,16,23,27,11,formal-conjectures-mutuallyunbiasedbases-dim12,formal_conjectures:formal-conjectures-mutuallyunbiasedbases-dim12,Formal Conjectures: mutuallyUnbiasedBases_dim12,Google DeepMind Formal Conjectures,research_mathematics,,50,answer_query,answer_discovery,not_counterexample_target,0,15,3,3,0,2,4
2304,9,16,23,27,11,formal-conjectures-mutuallyunbiasedbases-dim14,formal_conjectures:formal-conjectures-mutuallyunbiasedbases-dim14,Formal Conjectures: mutuallyUnbiasedBases_dim14,Google DeepMind Formal Conjectures,research_mathematics,,50,answer_query,answer_discovery,not_counterexample_target,0,15,3,3,0,2,4
2305,9,16,23,27,11,formal-conjectures-mutuallyunbiasedbases-dim15,formal_conjectures:formal-conjectures-mutuallyunbiasedbases-dim15,Formal Conjectures: mutuallyUnbiasedBases_dim15,Google DeepMind Formal Conjectures,research_mathematics,,50,answer_query,answer_discovery,not_counterexample_target,0,15,3,3,0,2,4
2306,9,16,23,27,11,formal-conjectures-mutuallyunbiasedbases-dim6,formal_conjectures:formal-conjectures-mutuallyunbiasedbases-dim6,Formal Conjectures: mutuallyUnbiasedBases_dim6,Google DeepMind Formal Conjectures,research_mathematics,,50,answer_query,answer_discovery,not_counterexample_target,0,15,3,3,0,2,4
2307,9,16,23,27,11,formal-conjectures-nopowerpartitionnumber,formal_conjectures:formal-conjectures-nopowerpartitionnumber,Formal Conjectures: noPowerPartitionNumber,Google DeepMind Formal Conjectures,research_mathematics,,50,answer_query,answer_discovery,not_counterexample_target,0,15,3,3,0,2,4
2308,9,16,23,27,11,formal-conjectures-ramsey-number-five-five,formal_conjectures:formal-conjectures-ramsey-number-five-five,Formal Conjectures: ramsey_number_five_five,Google DeepMind Formal Conjectures,research_mathematics,,50,answer_query,answer_discovery,not_counterexample_target,0,15,3,3,0,2,4
2309,9,16,23,27,11,formal-conjectures-selfridge-conjecture-jectures-wikipedia-sierpinskinumber-lean,formal_conjectures:formal-conjectures-selfridge-conjecture-jectures-wikipedia-sierpinskinumber-lean,Formal Conjectures: selfridge_conjecture,Google DeepMind Formal Conjectures,research_mathematics,,50,answer_query,answer_discovery,not_counterexample_target,0,15,3,3,0,2,4
2310,9,16,23,27,11,formal-conjectures-snake-dim-nine,formal_conjectures:formal-conjectures-snake-dim-nine,Formal Conjectures: snake_dim_nine,Google DeepMind Formal Conjectures,research_mathematics,,50,answer_query,answer_discovery,not_counterexample_target,0,15,3,3,0,2,4
2311,9,16,23,27,11,formal-conjectures-w-3-31-lower,formal_conjectures:formal-conjectures-w-3-31-lower,Formal Conjectures: W_3_31_lower,Google DeepMind Formal Conjectures,research_mathematics,,50,answer_query,answer_discovery,not_counterexample_target,0,15,3,3,0,2,4
2312,9,16,23,27,11,formal-conjectures-w-3-32-lower,formal_conjectures:formal-conjectures-w-3-32-lower,Formal Conjectures: W_3_32_lower,Google DeepMind Formal Conjectures,research_mathematics,,50,answer_query,answer_discovery,not_counterexample_target,0,15,3,3,0,2,4
2313,9,16,23,27,11,formal-conjectures-w-3-33-lower,formal_conjectures:formal-conjectures-w-3-33-lower,Formal Conjectures: W_3_33_lower,Google DeepMind Formal Conjectures,research_mathematics,,50,answer_query,answer_discovery,not_counterexample_target,0,15,3,3,0,2,4
2314,9,16,23,27,11,formal-conjectures-w-3-34-lower,formal_conjectures:formal-conjectures-w-3-34-lower,Formal Conjectures: W_3_34_lower,Google DeepMind Formal Conjectures,research_mathematics,,50,answer_query,answer_discovery,not_counterexample_target,0,15,3,3,0,2,4
2315,9,16,23,27,11,formal-conjectures-w-3-35-lower,formal_conjectures:formal-conjectures-w-3-35-lower,Formal Conjectures: W_3_35_lower,Google DeepMind Formal Conjectures,research_mathematics,,50,answer_query,answer_discovery,not_counterexample_target,0,15,3,3,0,2,4
2316,9,16,23,27,11,formal-conjectures-w-3-36-lower,formal_conjectures:formal-conjectures-w-3-36-lower,Formal Conjectures: W_3_36_lower,Google DeepMind Formal Conjectures,research_mathematics,,50,answer_query,answer_discovery,not_counterexample_target,0,15,3,3,0,2,4
2317,9,16,23,27,11,formal-conjectures-w-3-37-lower,formal_conjectures:formal-conjectures-w-3-37-lower,Formal Conjectures: W_3_37_lower,Google DeepMind Formal Conjectures,research_mathematics,,50,answer_query,answer_discovery,not_counterexample_target,0,15,3,3,0,2,4
2318,9,16,23,27,11,formal-conjectures-w-3-38-lower,formal_conjectures:formal-conjectures-w-3-38-lower,Formal Conjectures: W_3_38_lower,Google DeepMind Formal Conjectures,research_mathematics,,50,answer_query,answer_discovery,not_counterexample_target,0,15,3,3,0,2,4
2319,9,16,23,27,11,formal-conjectures-w-3-39-lower,formal_conjectures:formal-conjectures-w-3-39-lower,Formal Conjectures: W_3_39_lower,Google DeepMind Formal Conjectures,research_mathematics,,50,answer_query,answer_discovery,not_counterexample_target,0,15,3,3,0,2,4
2320,9,16,23,25,9,unsolvedmath-green-051,unsolvedmath:unsolvedmath-green-051,Axis-Parallel Rectangles in Dense Sets,UnsolvedMath,geometry,1,20,existence_claim,witness_discovery,not_counterexample_target,0,15,5,2,0,1,2
2321,9,16,23,23,7,unsolvedmath-opg-37151,unsolvedmath:unsolvedmath-opg-37151,Fundamental group torsion for subsets of Euclidean 3-space,UnsolvedMath,topology,1,20,existence_claim,witness_discovery,not_counterexample_target,0,15,3,3,0,0,2
2322,8,17,26,36,19,unsolvedmath-num-017,unsolvedmath:unsolvedmath-num-017,Euler-Mascheroni Constant Irrationality,UnsolvedMath,number_theory,5,100,unclassified_question,formal_modeling,needs_atomic_split,4,15,7,6,0,2,2
2323,8,17,26,31,14,formal-conjectures-erdos-1095-variants-lower-conjecture,erdos:1095,Formal Conjectures: erdos_1095.variants.lower_conjecture,Google DeepMind Formal Conjectures,research_mathematics,,50,global_or_asymptotic_claim,formal_modeling,modeling_candidate,5,15,4,1,0,2,4
2324,8,17,26,31,14,formal-conjectures-erdos-1101-parts-i,erdos:1101,Formal Conjectures: erdos_1101.parts.i,Google DeepMind Formal Conjectures,research_mathematics,,50,global_or_asymptotic_claim,formal_modeling,modeling_candidate,5,15,3,2,0,2,4
2325,8,17,26,31,14,formal-conjectures-erdos-1107,erdos:1107,Formal Conjectures: erdos_1107,Google DeepMind Formal Conjectures,research_mathematics,,50,global_or_asymptotic_claim,formal_modeling,modeling_candidate,5,15,4,1,0,2,4
2326,8,17,26,31,14,formal-conjectures-erdos-243,erdos:243,Formal Conjectures: erdos_243,Google DeepMind Formal Conjectures,research_mathematics,,50,global_or_asymptotic_claim,formal_modeling,modeling_candidate,5,15,3,2,0,2,4
2327,8,17,26,31,14,formal-conjectures-erdos-357-variants-hegyvari,erdos:357,Formal Conjectures: erdos_357.variants.hegyvari,Google DeepMind Formal Conjectures,research_mathematics,,50,global_or_asymptotic_claim,formal_modeling,modeling_candidate,5,15,3,2,0,2,4
2328,8,17,26,31,14,formal-conjectures-erdos-357-variants-infinite-set-sum,erdos:357,Formal Conjectures: erdos_357.variants.infinite_set_sum,Google DeepMind Formal Conjectures,research_mathematics,,50,global_or_asymptotic_claim,formal_modeling,modeling_candidate,5,15,3,2,0,2,4
2329,8,17,26,31,14,formal-conjectures-erdos-357-variants-monotone-parts-i,erdos:357,Formal Conjectures: erdos_357.variants.monotone.parts.i,Google DeepMind Formal Conjectures,research_mathematics,,50,global_or_asymptotic_claim,formal_modeling,modeling_candidate,5,15,3,1,0,3,4
2330,8,17,26,31,14,formal-conjectures-erdos-358-variants-one-le,erdos:358,Formal Conjectures: erdos_358.variants.one_le,Google DeepMind Formal Conjectures,research_mathematics,,50,global_or_asymptotic_claim,formal_modeling,modeling_candidate,5,15,4,1,0,2,4
2331,8,17,26,31,14,formal-conjectures-erdos-358-variants-prime-set,erdos:358,Formal Conjectures: erdos_358.variants.prime_set,Google DeepMind Formal Conjectures,research_mathematics,,50,global_or_asymptotic_claim,formal_modeling,modeling_candidate,5,15,3,2,0,2,4
2332,8,17,26,31,14,formal-conjectures-erdos-359-parts-i,erdos:359,Formal Conjectures: erdos_359.parts.i,Google DeepMind Formal Conjectures,research_mathematics,,50,global_or_asymptotic_claim,formal_modeling,modeling_candidate,5,15,3,2,0,2,4
2333,8,17,26,31,14,formal-conjectures-erdos-359-parts-ii,erdos:359,Formal Conjectures: erdos_359.parts.ii,Google DeepMind Formal Conjectures,research_mathematics,,50,global_or_asymptotic_claim,formal_modeling,modeling_candidate,5,15,3,2,0,2,4
2334,8,17,26,31,14,formal-conjectures-erdos-359-variants-isgoodfor-1-asymptotic,erdos:359,Formal Conjectures: erdos_359.variants.isGoodFor_1_asymptotic,Google DeepMind Formal Conjectures,research_mathematics,,50,global_or_asymptotic_claim,formal_modeling,modeling_candidate,5,15,3,2,0,2,4
2335,8,17,26,31,14,formal-conjectures-erdos-394-variants-factorial-gap-conjecture,erdos:394,Formal Conjectures: erdos_394.variants.factorial_gap_conjecture,Google DeepMind Formal Conjectures,research_mathematics,,50,answer_query,answer_discovery,not_counterexample_target,0,15,4,4,1,3,4
2336,8,17,26,31,14,formal-conjectures-erdos-539-variants-isbigo-sq,erdos:539,Formal Conjectures: erdos_539.variants.isBigO_sq,Google DeepMind Formal Conjectures,research_mathematics,,50,global_or_asymptotic_claim,formal_modeling,modeling_candidate,5,15,4,1,0,2,4
2337,8,17,26,31,14,formal-conjectures-erdos-539-variants-sq,erdos:539,Formal Conjectures: erdos_539.variants.sq,Google DeepMind Formal Conjectures,research_mathematics,,50,global_or_asymptotic_claim,formal_modeling,modeling_candidate,5,15,4,1,0,2,4
2338,8,17,26,31,14,formal-conjectures-erdos-539-variants-sq-cube-root,erdos:539,Formal Conjectures: erdos_539.variants.sq_cube_root,Google DeepMind Formal Conjectures,research_mathematics,,50,global_or_asymptotic_claim,formal_modeling,modeling_candidate,5,15,4,1,0,2,4
2339,8,17,26,31,14,formal-conjectures-erdos-624,erdos:624,Formal Conjectures: erdos_624,Google DeepMind Formal Conjectures,research_mathematics,,50,global_or_asymptotic_claim,formal_modeling,modeling_candidate,5,15,3,2,0,2,4
2340,8,17,26,31,14,formal-conjectures-erdos-789-variants-sq-isbigo,erdos:789,Formal Conjectures: erdos_789.variants.sq_isBigO,Google DeepMind Formal Conjectures,research_mathematics,,50,global_or_asymptotic_claim,formal_modeling,modeling_candidate,5,15,3,2,0,2,4
2341,8,17,26,31,14,formal-conjectures-erdos-887-parts-ii,erdos:887,Formal Conjectures: erdos_887.parts.ii,Google DeepMind Formal Conjectures,research_mathematics,,50,global_or_asymptotic_claim,formal_modeling,modeling_candidate,5,15,4,1,0,2,4
2342,8,17,26,31,14,formal-conjectures-erdos-978-parts-ii,erdos:978,Formal Conjectures: erdos_978.parts.ii,Google DeepMind Formal Conjectures,research_mathematics,,50,answer_query,answer_discovery,not_counterexample_target,0,15,4,4,1,3,4
2343,8,17,26,31,14,formal-conjectures-error-isbigo,formal_conjectures:formal-conjectures-error-isbigo,Formal Conjectures: error_isBigO,Google DeepMind Formal Conjectures,research_mathematics,,50,global_or_asymptotic_claim,formal_modeling,modeling_candidate,5,15,3,1,0,3,4
2344,8,17,26,31,14,formal-conjectures-problem-10-2,formal_conjectures:formal-conjectures-problem-10-2,Formal Conjectures: problem_10_2,Google DeepMind Formal Conjectures,research_mathematics,,50,global_or_asymptotic_claim,formal_modeling,modeling_candidate,5,15,3,2,0,2,4
2345,8,17,26,31,14,formal-conjectures-problem-10-5-moreover,formal_conjectures:formal-conjectures-problem-10-5-moreover,Formal Conjectures: problem_10_5_moreover,Google DeepMind Formal Conjectures,research_mathematics,,50,global_or_asymptotic_claim,formal_modeling,modeling_candidate,5,15,3,2,0,2,4
2346,8,17,26,29,12,unsolvedmath-kp-1.55,unsolvedmath:unsolvedmath-kp-1.55,Kirby Problem 1.55,UnsolvedMath,topology,3,60,unclassified_question,formal_modeling,needs_atomic_split,4,15,2,3,0,3,2
2347,8,17,26,29,12,unsolvedmath-kp-3.62,unsolvedmath:unsolvedmath-kp-3.62,Kirby Problem 3.62,UnsolvedMath,topology,3,60,unclassified_question,formal_modeling,needs_atomic_split,4,15,3,3,0,2,2
2348,8,17,26,29,12,unsolvedmath-kp-3.66,unsolvedmath:unsolvedmath-kp-3.66,Kirby Problem 3.66,UnsolvedMath,topology,3,60,equivalence_claim,counterexample,needs_atomic_split,4,15,3,3,0,2,2
2349,8,17,26,29,12,formal-conjectures-four-exponentials-conjecture,formal_conjectures:formal-conjectures-four-exponentials-conjecture,Formal Conjectures: four_exponentials_conjecture,Google DeepMind Formal Conjectures,research_mathematics,,50,existence_claim,witness_discovery,not_counterexample_target,0,15,3,5,0,2,4
2350,8,17,26,29,12,formal-conjectures-green-35-lower,formal_conjectures:formal-conjectures-green-35-lower,Formal Conjectures: green_35.lower,Google DeepMind Formal Conjectures,research_mathematics,,50,answer_query,answer_discovery,not_counterexample_target,0,15,4,3,1,2,4
2351,8,17,26,29,12,formal-conjectures-green-35-upper,formal_conjectures:formal-conjectures-green-35-upper,Formal Conjectures: green_35.upper,Google DeepMind Formal Conjectures,research_mathematics,,50,answer_query,answer_discovery,not_counterexample_target,0,15,4,3,1,2,4
2352,8,17,26,29,12,formal-conjectures-inverse-galois-problem,formal_conjectures:formal-conjectures-inverse-galois-problem,Formal Conjectures: inverse_galois_problem,Google DeepMind Formal Conjectures,research_mathematics,,50,existence_claim,witness_discovery,not_counterexample_target,0,15,3,5,0,2,4
2353,8,17,26,29,12,formal-conjectures-mean-value-problem,formal_conjectures:formal-conjectures-mean-value-problem,Formal Conjectures: mean_value_problem,Google DeepMind Formal Conjectures,research_mathematics,,50,existence_claim,witness_discovery,not_counterexample_target,0,15,4,3,0,3,4
2354,8,17,26,27,10,unsolvedmath-kp-1.16,unsolvedmath:unsolvedmath-kp-1.16,Kirby Problem 1.16,UnsolvedMath,topology,3,60,classification_or_optimization,subclaim_decomposition,needs_atomic_split,4,15,2,3,0,1,2
2355,8,17,26,27,10,unsolvedmath-kp-1.2,unsolvedmath:unsolvedmath-kp-1.2,Kirby Problem 1.2,UnsolvedMath,topology,3,60,unclassified_question,formal_modeling,needs_atomic_split,4,15,2,3,0,1,2
2356,8,17,26,27,10,unsolvedmath-kp-1.28,unsolvedmath:unsolvedmath-kp-1.28,Kirby Problem 1.28,UnsolvedMath,topology,3,60,equivalence_claim,counterexample,needs_atomic_split,4,15,2,3,0,1,2
2357,8,17,26,27,10,unsolvedmath-kp-1.3,unsolvedmath:unsolvedmath-kp-1.3,Kirby Problem 1.3,UnsolvedMath,topology,3,60,unclassified_question,formal_modeling,needs_atomic_split,4,15,2,3,0,1,2
2358,8,17,26,27,10,unsolvedmath-kp-1.33,unsolvedmath:unsolvedmath-kp-1.33,Kirby Problem 1.33,UnsolvedMath,topology,3,60,universal_claim,counterexample,needs_atomic_split,4,15,2,3,0,1,2
2359,8,17,26,27,10,unsolvedmath-kp-1.39,unsolvedmath:unsolvedmath-kp-1.39,Kirby Problem 1.39,UnsolvedMath,topology,3,60,unclassified_question,formal_modeling,needs_atomic_split,4,15,2,3,0,1,2
2360,8,17,26,27,10,unsolvedmath-kp-1.41,unsolvedmath:unsolvedmath-kp-1.41,Kirby Problem 1.41,UnsolvedMath,topology,3,60,equivalence_claim,counterexample,needs_atomic_split,4,15,2,3,0,1,2
2361,8,17,26,27,10,unsolvedmath-kp-1.45,unsolvedmath:unsolvedmath-kp-1.45,Kirby Problem 1.45,UnsolvedMath,topology,3,60,classification_or_optimization,subclaim_decomposition,needs_atomic_split,4,15,2,3,0,1,2
2362,8,17,26,27,10,unsolvedmath-kp-1.46,unsolvedmath:unsolvedmath-kp-1.46,Kirby Problem 1.46,UnsolvedMath,topology,3,60,classification_or_optimization,subclaim_decomposition,needs_atomic_split,4,15,2,3,0,1,2
2363,8,17,26,27,10,unsolvedmath-kp-1.50,unsolvedmath:unsolvedmath-kp-1.50,Kirby Problem 1.50,UnsolvedMath,topology,3,60,universal_claim,counterexample,needs_atomic_split,4,15,2,3,0,1,2
2364,8,17,26,27,10,unsolvedmath-kp-1.58,unsolvedmath:unsolvedmath-kp-1.58,Kirby Problem 1.58,UnsolvedMath,topology,3,60,unclassified_question,formal_modeling,needs_atomic_split,4,15,2,3,0,1,2
2365,8,17,26,27,10,unsolvedmath-kp-1.70,unsolvedmath:unsolvedmath-kp-1.70,Kirby Problem 1.70,UnsolvedMath,topology,3,60,equivalence_claim,counterexample,needs_atomic_split,4,15,2,3,0,1,2
2366,8,17,26,27,10,unsolvedmath-kp-1.75,unsolvedmath:unsolvedmath-kp-1.75,Kirby Problem 1.75,UnsolvedMath,topology,3,60,classification_or_optimization,subclaim_decomposition,needs_atomic_split,4,15,2,3,0,1,2
2367,8,17,26,27,10,unsolvedmath-kp-1.81,unsolvedmath:unsolvedmath-kp-1.81,Kirby Problem 1.81,UnsolvedMath,topology,3,60,universal_claim,counterexample,needs_atomic_split,4,15,2,3,0,1,2
2368,8,17,26,27,10,unsolvedmath-kp-1.82,unsolvedmath:unsolvedmath-kp-1.82,Kirby Problem 1.82,UnsolvedMath,topology,3,60,classification_or_optimization,subclaim_decomposition,needs_atomic_split,4,15,2,3,0,1,2
2369,8,17,26,27,10,unsolvedmath-kp-1.83,unsolvedmath:unsolvedmath-kp-1.83,Kirby Problem 1.83,UnsolvedMath,topology,3,60,classification_or_optimization,subclaim_decomposition,needs_atomic_split,4,15,2,3,0,1,2
2370,8,17,26,27,10,unsolvedmath-kp-2.26,unsolvedmath:unsolvedmath-kp-2.26,Kirby Problem 2.26,UnsolvedMath,topology,3,60,classification_or_optimization,subclaim_decomposition,needs_atomic_split,4,15,2,3,0,1,2
2371,8,17,26,27,10,unsolvedmath-kp-2.39,unsolvedmath:unsolvedmath-kp-2.39,Kirby Problem 2.39,UnsolvedMath,topology,3,60,universal_claim,counterexample,needs_atomic_split,4,15,2,3,0,1,2
2372,8,17,26,27,10,unsolvedmath-kp-2.42,unsolvedmath:unsolvedmath-kp-2.42,Kirby Problem 2.42,UnsolvedMath,topology,3,60,universal_claim,counterexample,needs_atomic_split,4,15,2,3,0,1,2
2373,8,17,26,27,10,unsolvedmath-kp-2.46,unsolvedmath:unsolvedmath-kp-2.46,Kirby Problem 2.46,UnsolvedMath,topology,3,60,universal_claim,counterexample,needs_atomic_split,4,15,2,3,0,1,2
2374,8,17,26,27,10,unsolvedmath-kp-2.48,unsolvedmath:unsolvedmath-kp-2.48,Kirby Problem 2.48,UnsolvedMath,topology,3,60,classification_or_optimization,subclaim_decomposition,needs_atomic_split,4,15,2,3,0,1,2
2375,8,17,26,27,10,unsolvedmath-kp-2.8,unsolvedmath:unsolvedmath-kp-2.8,Kirby Problem 2.8,UnsolvedMath,topology,3,60,classification_or_optimization,subclaim_decomposition,needs_atomic_split,4,15,2,3,0,1,2
2376,8,17,26,27,10,unsolvedmath-kp-3.43,unsolvedmath:unsolvedmath-kp-3.43,Kirby Problem 3.43,UnsolvedMath,topology,3,60,unclassified_question,formal_modeling,needs_atomic_split,4,15,2,3,0,1,2
2377,8,17,26,27,10,unsolvedmath-kp-3.72,unsolvedmath:unsolvedmath-kp-3.72,Kirby Problem 3.72,UnsolvedMath,topology,3,60,unclassified_question,formal_modeling,needs_atomic_split,4,15,2,3,0,1,2
2378,8,17,26,27,10,unsolvedmath-kp-3.73,unsolvedmath:unsolvedmath-kp-3.73,Kirby Problem 3.73,UnsolvedMath,topology,3,60,unclassified_question,formal_modeling,needs_atomic_split,4,15,2,3,0,1,2
2379,8,17,26,27,10,unsolvedmath-kp-4.10,unsolvedmath:unsolvedmath-kp-4.10,Kirby Problem 4.10,UnsolvedMath,topology,3,60,universal_claim,counterexample,needs_atomic_split,4,15,2,3,0,1,2
2380,8,17,26,27,10,unsolvedmath-kp-4.20,unsolvedmath:unsolvedmath-kp-4.20,Kirby Problem 4.20,UnsolvedMath,topology,3,60,unclassified_question,formal_modeling,needs_atomic_split,4,15,2,3,0,1,2
2381,8,17,26,27,10,unsolvedmath-kp-4.29,unsolvedmath:unsolvedmath-kp-4.29,Kirby Problem 4.29,UnsolvedMath,topology,3,60,unclassified_question,formal_modeling,needs_atomic_split,4,15,2,3,0,1,2
2382,8,17,26,27,10,unsolvedmath-kp-4.35,unsolvedmath:unsolvedmath-kp-4.35,Kirby Problem 4.35,UnsolvedMath,topology,3,60,equivalence_claim,counterexample,needs_atomic_split,4,15,2,3,0,1,2
2383,8,17,26,27,10,unsolvedmath-kp-4.67,unsolvedmath:unsolvedmath-kp-4.67,Kirby Problem 4.67,UnsolvedMath,topology,3,60,equivalence_claim,counterexample,needs_atomic_split,4,15,2,3,0,1,2
2384,8,17,26,27,10,unsolvedmath-kp-5.12,unsolvedmath:unsolvedmath-kp-5.12,Kirby Problem 5.12,UnsolvedMath,topology,3,60,unclassified_question,formal_modeling,needs_atomic_split,4,15,2,3,0,1,2
2385,8,17,26,27,10,unsolvedmath-opg-60043,unsolvedmath:unsolvedmath-opg-60043,Several ways to apply a (multivalued) multiargument function to a family of filters,UnsolvedMath,topology,2,40,universal_claim,counterexample,needs_atomic_split,4,15,2,3,0,1,2
2386,8,15,22,36,21,unsolvedmath-num-013,unsolvedmath:unsolvedmath-num-013,Hilbert's 12th Problem,UnsolvedMath,number_theory,5,100,unclassified_question,formal_modeling,modeling_candidate,5,15,7,6,0,1,2
2387,8,15,22,29,14,unsolvedmath-hil-015,unsolvedmath:unsolvedmath-hil-015,Hilbert's 15th Problem: Schubert's Enumerative Calculus,UnsolvedMath,algebraic_geometry,4,80,unclassified_question,formal_modeling,modeling_candidate,5,15,3,3,0,1,2
2388,8,15,22,28,13,formal-conjectures-green-94,formal_conjectures:formal-conjectures-green-94,Formal Conjectures: green_94,Google DeepMind Formal Conjectures,research_mathematics,,50,answer_query,answer_discovery,not_counterexample_target,0,15,4,3,0,2,4
2389,8,15,22,28,13,formal-conjectures-problem-4-1,formal_conjectures:formal-conjectures-problem-4-1,Formal Conjectures: problem_4_1,Google DeepMind Formal Conjectures,research_mathematics,,50,answer_query,answer_discovery,not_counterexample_target,0,15,3,3,0,3,4
2390,8,15,22,27,12,formal-conjectures-erdos-812-parts-ii,erdos:812,Formal Conjectures: erdos_812.parts.ii,Google DeepMind Formal Conjectures,research_mathematics,,50,answer_query,answer_discovery,not_counterexample_target,0,15,3,3,0,2,4
2391,8,15,22,27,12,formal-conjectures-mathoverflow-17560,formal_conjectures:formal-conjectures-mathoverflow-17560,Formal Conjectures: mathoverflow_17560,Google DeepMind Formal Conjectures,research_mathematics,,50,existence_claim,witness_discovery,not_counterexample_target,0,15,3,3,0,2,4
2392,8,15,22,27,12,formal-conjectures-rational-distance-problem,formal_conjectures:formal-conjectures-rational-distance-problem,Formal Conjectures: rational_distance_problem,Google DeepMind Formal Conjectures,research_mathematics,,50,answer_query,answer_discovery,not_counterexample_target,0,15,4,1,0,3,4
2393,8,15,22,25,10,unsolvedmath-kp-1.79,unsolvedmath:unsolvedmath-kp-1.79,Kirby Problem 1.79,UnsolvedMath,topology,3,60,existence_claim,witness_discovery,not_counterexample_target,0,15,2,3,0,3,2
2394,7,16,25,30,14,formal-conjectures-a-isbigo,formal_conjectures:formal-conjectures-a-isbigo,Formal Conjectures: a_isBigO,Google DeepMind Formal Conjectures,research_mathematics,,50,global_or_asymptotic_claim,formal_modeling,modeling_candidate,5,15,3,1,0,2,4
2395,7,16,25,30,14,formal-conjectures-balanced-primes-order,formal_conjectures:formal-conjectures-balanced-primes-order,Formal Conjectures: balanced_primes_order,Google DeepMind Formal Conjectures,research_mathematics,,50,answer_query,answer_discovery,not_counterexample_target,0,15,4,4,1,2,4
2396,7,16,25,30,14,formal-conjectures-beaver-math-olympiad-problem-1,formal_conjectures:formal-conjectures-beaver-math-olympiad-problem-1,Formal Conjectures: beaver_math_olympiad_problem_1,Google DeepMind Formal Conjectures,research_mathematics,,50,answer_query,answer_discovery,not_counterexample_target,0,15,4,4,1,2,4
2397,7,16,25,30,14,formal-conjectures-erdos-101,erdos:101,Formal Conjectures: erdos_101,Google DeepMind Formal Conjectures,research_mathematics,,50,global_or_asymptotic_claim,formal_modeling,modeling_candidate,5,15,3,1,0,2,4
2398,7,16,25,30,14,formal-conjectures-erdos-1055-variants-erdos-limit,erdos:1055,Formal Conjectures: erdos_1055.variants.erdos_limit,Google DeepMind Formal Conjectures,research_mathematics,,50,global_or_asymptotic_claim,formal_modeling,modeling_candidate,5,15,3,1,0,2,4
2399,7,16,25,30,14,formal-conjectures-erdos-1068,erdos:1068,Formal Conjectures: erdos_1068,Google DeepMind Formal Conjectures,research_mathematics,,50,answer_query,answer_discovery,not_counterexample_target,0,15,4,4,0,3,4
2400,7,16,25,30,14,formal-conjectures-erdos-1093-parts-i,erdos:1093,Formal Conjectures: erdos_1093.parts.i,Google DeepMind Formal Conjectures,research_mathematics,,50,answer_query,answer_discovery,not_counterexample_target,0,15,4,4,1,2,4
2401,7,16,25,30,14,formal-conjectures-erdos-1095-variants-log-equivalent,erdos:1095,Formal Conjectures: erdos_1095.variants.log_equivalent,Google DeepMind Formal Conjectures,research_mathematics,,50,global_or_asymptotic_claim,formal_modeling,modeling_candidate,5,15,3,1,0,2,4
2402,7,16,25,30,14,formal-conjectures-erdos-1101-parts-ii,erdos:1101,Formal Conjectures: erdos_1101.parts.ii,Google DeepMind Formal Conjectures,research_mathematics,,50,global_or_asymptotic_claim,formal_modeling,modeling_candidate,5,15,3,1,0,2,4
2403,7,16,25,30,14,formal-conjectures-erdos-143-parts-ii,erdos:143,Formal Conjectures: erdos_143.parts.ii,Google DeepMind Formal Conjectures,research_mathematics,,50,global_or_asymptotic_claim,formal_modeling,modeling_candidate,5,15,3,1,0,2,4
2404,7,16,25,30,14,formal-conjectures-erdos-208-variants-log-bound,erdos:208,Formal Conjectures: erdos_208.variants.log_bound,Google DeepMind Formal Conjectures,research_mathematics,,50,global_or_asymptotic_claim,formal_modeling,modeling_candidate,5,15,3,1,0,2,4
2405,7,16,25,30,14,formal-conjectures-erdos-236,erdos:236,Formal Conjectures: erdos_236,Google DeepMind Formal Conjectures,research_mathematics,,50,global_or_asymptotic_claim,formal_modeling,modeling_candidate,5,15,3,1,0,2,4
2406,7,16,25,30,14,formal-conjectures-erdos-267,erdos:267,Formal Conjectures: erdos_267,Google DeepMind Formal Conjectures,research_mathematics,,50,answer_query,answer_discovery,not_counterexample_target,0,15,4,4,1,2,4
2407,7,16,25,30,14,formal-conjectures-erdos-282,erdos:282,Formal Conjectures: erdos_282,Google DeepMind Formal Conjectures,research_mathematics,,50,global_or_asymptotic_claim,formal_modeling,modeling_candidate,5,15,3,1,0,2,4
2408,7,16,25,30,14,formal-conjectures-erdos-288-variants-exists-k-gt-2,erdos:288,Formal Conjectures: erdos_288.variants.exists_k_gt_2,Google DeepMind Formal Conjectures,research_mathematics,,50,answer_query,answer_discovery,not_counterexample_target,0,15,4,4,1,2,4
2409,7,16,25,30,14,formal-conjectures-erdos-357-parts-i,erdos:357,Formal Conjectures: erdos_357.parts.i,Google DeepMind Formal Conjectures,research_mathematics,,50,global_or_asymptotic_claim,formal_modeling,modeling_candidate,5,15,3,1,0,2,4
2410,7,16,25,30,14,formal-conjectures-erdos-394-variants-hall-conjecture,erdos:394,Formal Conjectures: erdos_394.variants.hall_conjecture,Google DeepMind Formal Conjectures,research_mathematics,,50,global_or_asymptotic_claim,formal_modeling,modeling_candidate,5,15,3,1,0,2,4
2411,7,16,25,30,14,formal-conjectures-erdos-416-parts-i,erdos:416,Formal Conjectures: erdos_416.parts.i,Google DeepMind Formal Conjectures,research_mathematics,,50,global_or_asymptotic_claim,formal_modeling,modeling_candidate,5,15,3,1,0,2,4
2412,7,16,25,30,14,formal-conjectures-erdos-488,erdos:488,Formal Conjectures: erdos_488,Google DeepMind Formal Conjectures,research_mathematics,,50,answer_query,answer_discovery,not_counterexample_target,0,15,4,4,1,2,4
2413,7,16,25,30,14,formal-conjectures-erdos-789-variants-cube-root-linearithmic,erdos:789,Formal Conjectures: erdos_789.variants.cube_root_linearithmic,Google DeepMind Formal Conjectures,research_mathematics,,50,global_or_asymptotic_claim,formal_modeling,modeling_candidate,5,15,3,1,0,2,4
2414,7,16,25,30,14,formal-conjectures-erdos-789-variants-isbigo-cube-root-linearithmic,erdos:789,Formal Conjectures: erdos_789.variants.isBigO_cube_root_linearithmic,Google DeepMind Formal Conjectures,research_mathematics,,50,global_or_asymptotic_claim,formal_modeling,modeling_candidate,5,15,3,1,0,2,4
2415,7,16,25,30,14,formal-conjectures-erdos-789-variants-sq,erdos:789,Formal Conjectures: erdos_789.variants.sq,Google DeepMind Formal Conjectures,research_mathematics,,50,global_or_asymptotic_claim,formal_modeling,modeling_candidate,5,15,3,1,0,2,4
2416,7,16,25,30,14,formal-conjectures-erdos-82,erdos:82,Formal Conjectures: erdos_82,Google DeepMind Formal Conjectures,research_mathematics,,50,global_or_asymptotic_claim,formal_modeling,modeling_candidate,5,15,3,1,0,2,4
2417,7,16,25,30,14,formal-conjectures-erdos-853-parts-i,erdos:853,Formal Conjectures: erdos_853.parts.i,Google DeepMind Formal Conjectures,research_mathematics,,50,global_or_asymptotic_claim,formal_modeling,modeling_candidate,5,15,3,1,0,2,4
2418,7,16,25,30,14,formal-conjectures-erdos-853-parts-ii,erdos:853,Formal Conjectures: erdos_853.parts.ii,Google DeepMind Formal Conjectures,research_mathematics,,50,global_or_asymptotic_claim,formal_modeling,modeling_candidate,5,15,3,1,0,2,4
2419,7,16,25,30,14,formal-conjectures-erdos-881,erdos:881,Formal Conjectures: erdos_881,Google DeepMind Formal Conjectures,research_mathematics,,50,answer_query,answer_discovery,not_counterexample_target,0,15,4,4,1,2,4
2420,7,16,25,30,14,formal-conjectures-erdos-889,erdos:889,Formal Conjectures: erdos_889,Google DeepMind Formal Conjectures,research_mathematics,,50,global_or_asymptotic_claim,formal_modeling,modeling_candidate,5,15,3,1,0,2,4
2421,7,16,25,30,14,formal-conjectures-erdos-889-variants-general,erdos:889,Formal Conjectures: erdos_889.variants.general,Google DeepMind Formal Conjectures,research_mathematics,,50,global_or_asymptotic_claim,formal_modeling,modeling_candidate,5,15,3,1,0,2,4
2422,7,16,25,30,14,formal-conjectures-erdos-912,erdos:912,Formal Conjectures: erdos_912,Google DeepMind Formal Conjectures,research_mathematics,,50,global_or_asymptotic_claim,formal_modeling,modeling_candidate,5,15,3,1,0,2,4
2423,7,16,25,30,14,formal-conjectures-erdos-912-variants-tao,erdos:912,Formal Conjectures: erdos_912.variants.tao,Google DeepMind Formal Conjectures,research_mathematics,,50,global_or_asymptotic_claim,formal_modeling,modeling_candidate,5,15,3,1,0,2,4
2424,7,16,25,30,14,formal-conjectures-erdos-985,erdos:985,Formal Conjectures: erdos_985,Google DeepMind Formal Conjectures,research_mathematics,,50,answer_query,answer_discovery,not_counterexample_target,0,15,4,4,1,2,4
2425,7,16,25,30,14,formal-conjectures-kourovka-20-76,formal_conjectures:formal-conjectures-kourovka-20-76,Formal Conjectures: kourovka.«20.76»,Google DeepMind Formal Conjectures,research_mathematics,,50,answer_query,answer_discovery,not_counterexample_target,0,15,4,4,1,2,4
2426,7,16,25,28,12,unsolvedmath-kp-1.32,unsolvedmath:unsolvedmath-kp-1.32,Kirby Problem 1.32,UnsolvedMath,topology,3,60,existence_claim,witness_discovery,needs_atomic_split,0,15,3,7,0,1,2
2427,7,16,25,28,12,unsolvedmath-kp-3.1,unsolvedmath:unsolvedmath-kp-3.1,Kirby Problem 3.1,UnsolvedMath,topology,3,60,classification_or_optimization,subclaim_decomposition,needs_atomic_split,4,15,2,1,2,2,2
2428,7,16,25,28,12,unsolvedmath-kp-3.31,unsolvedmath:unsolvedmath-kp-3.31,Kirby Problem 3.31,UnsolvedMath,topology,3,60,classification_or_optimization,subclaim_decomposition,needs_atomic_split,4,15,3,3,0,1,2
2429,7,16,25,28,12,unsolvedmath-kp-3.54,unsolvedmath:unsolvedmath-kp-3.54,Kirby Problem 3.54,UnsolvedMath,topology,3,60,classification_or_optimization,subclaim_decomposition,needs_atomic_split,4,15,2,3,0,2,2
2430,7,16,25,28,12,unsolvedmath-kp-4.75,unsolvedmath:unsolvedmath-kp-4.75,Kirby Problem 4.75,UnsolvedMath,topology,3,60,unclassified_question,formal_modeling,needs_atomic_split,4,15,3,3,0,1,2
2431,7,16,25,28,12,unsolvedmath-kp-4.82,unsolvedmath:unsolvedmath-kp-4.82,Kirby Problem 4.82,UnsolvedMath,topology,3,60,universal_claim,counterexample,needs_atomic_split,4,15,3,3,0,1,2
2432,7,16,25,28,12,unsolvedmath-kp-4.97,unsolvedmath:unsolvedmath-kp-4.97,Kirby Problem 4.97,UnsolvedMath,topology,3,60,classification_or_optimization,subclaim_decomposition,needs_atomic_split,4,15,2,3,0,2,2
2433,7,16,25,28,12,unsolvedmath-opg-37123,unsolvedmath:unsolvedmath-opg-37123,Smooth 4-dimensional Schoenflies problem,UnsolvedMath,topology,3,60,unclassified_question,formal_modeling,needs_atomic_split,4,15,2,3,0,2,2
2434,7,16,25,28,12,unsolvedmath-opg-48770,unsolvedmath:unsolvedmath-opg-48770,Jacob Palis Conjecture(Finitude of Attractors)(Dynamical Systems),UnsolvedMath,topology,3,60,universal_claim,counterexample,needs_atomic_split,4,15,2,3,0,2,2
2435,7,16,25,28,12,formal-conjectures-erdos-317,erdos:317,Formal Conjectures: erdos_317,Google DeepMind Formal Conjectures,research_mathematics,,50,answer_query,answer_discovery,not_counterexample_target,0,15,4,3,0,2,4
2436,7,16,25,26,10,unsolvedmath-kp-1.49,unsolvedmath:unsolvedmath-kp-1.49,Kirby Problem 1.49,UnsolvedMath,topology,3,60,classification_or_optimization,subclaim_decomposition,needs_atomic_split,4,15,2,3,0,0,2
2437,7,16,25,26,10,unsolvedmath-kp-2.10,unsolvedmath:unsolvedmath-kp-2.10,Kirby Problem 2.10,UnsolvedMath,topology,3,60,existence_claim,witness_discovery,needs_atomic_split,0,15,3,3,0,3,2
2438,7,14,21,33,19,unsolvedmath-nt-064,unsolvedmath:unsolvedmath-nt-064,Class Number Problem,UnsolvedMath,number_theory,5,100,existence_claim,witness_discovery,not_counterexample_target,0,15,8,8,0,0,2
2439,7,14,21,27,13,formal-conjectures-jacobian-conjecture,formal_conjectures:formal-conjectures-jacobian-conjecture,Formal Conjectures: jacobian_conjecture,Google DeepMind Formal Conjectures,research_mathematics,,50,existence_claim,witness_discovery,not_counterexample_target,0,15,3,3,0,2,4
2440,7,14,21,26,12,unsolvedmath-kp-1.19,unsolvedmath:unsolvedmath-kp-1.19,Kirby Problem 1.19,UnsolvedMath,topology,3,60,existence_claim,witness_discovery,not_counterexample_target,0,15,3,5,0,1,2
2441,7,14,21,26,12,unsolvedmath-kp-4.76,unsolvedmath:unsolvedmath-kp-4.76,Kirby Problem 4.76,UnsolvedMath,topology,3,60,existence_claim,witness_discovery,not_counterexample_target,0,15,2,5,1,1,2
2442,7,14,21,26,12,unsolvedmath-kp-4.79,unsolvedmath:unsolvedmath-kp-4.79,Kirby Problem 4.79,UnsolvedMath,topology,3,60,existence_claim,witness_discovery,not_counterexample_target,0,15,2,5,1,1,2
2443,7,14,21,26,12,unsolvedmath-kp-5.9,unsolvedmath:unsolvedmath-kp-5.9,Kirby Problem 5.9,UnsolvedMath,topology,3,60,unclassified_question,formal_modeling,modeling_candidate,5,15,2,1,0,1,2
2444,7,14,21,26,12,formal-conjectures-convex-mosers-worm-problem,formal_conjectures:formal-conjectures-convex-mosers-worm-problem,Formal Conjectures: convex_mosers_worm_problem,Google DeepMind Formal Conjectures,research_mathematics,,50,answer_query,answer_discovery,not_counterexample_target,0,15,3,1,0,3,4
2445,7,14,21,26,12,formal-conjectures-eqsystem-no-solution-ge6-ge3-real,formal_conjectures:formal-conjectures-eqsystem-no-solution-ge6-ge3-real,Formal Conjectures: eqSystem_no_solution_ge6_ge3_real,Google DeepMind Formal Conjectures,research_mathematics,,50,answer_query,answer_discovery,not_counterexample_target,0,15,4,1,0,2,4
2446,7,14,21,26,12,formal-conjectures-eqsystem6-no-solution-ge3-real,formal_conjectures:formal-conjectures-eqsystem6-no-solution-ge3-real,Formal Conjectures: eqSystem6_no_solution_ge3_real,Google DeepMind Formal Conjectures,research_mathematics,,50,answer_query,answer_discovery,not_counterexample_target,0,15,4,1,0,2,4
2447,7,14,21,26,12,formal-conjectures-green-41-variants-exists-better-bound,formal_conjectures:formal-conjectures-green-41-variants-exists-better-bound,Formal Conjectures: green_41.variants.exists_better_bound,Google DeepMind Formal Conjectures,research_mathematics,,50,answer_query,answer_discovery,not_counterexample_target,0,15,4,1,0,2,4
2448,7,14,21,26,12,formal-conjectures-numtransversalszn,formal_conjectures:formal-conjectures-numtransversalszn,Formal Conjectures: numTransversalsZn,Google DeepMind Formal Conjectures,research_mathematics,,50,answer_query,answer_discovery,not_counterexample_target,0,15,4,1,0,2,4
2449,7,14,21,26,12,formal-conjectures-union-closed-variants-cardinality-even-of-union-closed-tight,formal_conjectures:formal-conjectures-union-closed-variants-cardinality-even-of-union-closed-tight,Formal Conjectures: union_closed.variants.cardinality_even_of_union_closed_tight,Google DeepMind Formal Conjectures,research_mathematics,,50,existence_claim,witness_discovery,not_counterexample_target,0,15,4,1,0,2,4
2450,7,14,21,24,10,unsolvedmath-kp-2.49,unsolvedmath:unsolvedmath-kp-2.49,Kirby Problem 2.49,UnsolvedMath,topology,3,60,existence_claim,witness_discovery,not_counterexample_target,0,15,3,3,0,1,2
2451,6,15,24,29,14,formal-conjectures-beaver-math-olympiad-problem-5,formal_conjectures:formal-conjectures-beaver-math-olympiad-problem-5,Formal Conjectures: beaver_math_olympiad_problem_5,Google DeepMind Formal Conjectures,research_mathematics,,50,answer_query,answer_discovery,not_counterexample_target,0,15,4,4,0,2,4
2452,6,15,24,29,14,formal-conjectures-bounded-burnside-problem,formal_conjectures:formal-conjectures-bounded-burnside-problem,Formal Conjectures: bounded_burnside_problem,Google DeepMind Formal Conjectures,research_mathematics,,50,answer_query,answer_discovery,not_counterexample_target,0,15,3,4,1,2,4
2453,6,15,24,29,14,formal-conjectures-conjecture-1-3-to-2-3,formal_conjectures:formal-conjectures-conjecture-1-3-to-2-3,Formal Conjectures: conjecture_1_3_to_2_3,Google DeepMind Formal Conjectures,research_mathematics,,50,answer_query,answer_discovery,not_counterexample_target,0,15,4,4,0,2,4
2454,6,15,24,29,14,formal-conjectures-erdos-1002,erdos:1002,Formal Conjectures: erdos_1002,Google DeepMind Formal Conjectures,research_mathematics,,50,answer_query,answer_discovery,not_counterexample_target,0,15,4,2,1,3,4
2455,6,15,24,29,14,formal-conjectures-erdos-1059,erdos:1059,Formal Conjectures: erdos_1059,Google DeepMind Formal Conjectures,research_mathematics,,50,answer_query,answer_discovery,not_counterexample_target,0,15,4,4,0,2,4
2456,6,15,24,29,14,formal-conjectures-erdos-1108-parts-i,erdos:1108,Formal Conjectures: erdos_1108.parts.i,Google DeepMind Formal Conjectures,research_mathematics,,50,answer_query,answer_discovery,not_counterexample_target,0,15,4,4,0,2,4
2457,6,15,24,29,14,formal-conjectures-erdos-141-variants-infinite-general-case,erdos:141,Formal Conjectures: erdos_141.variants.infinite_general_case,Google DeepMind Formal Conjectures,research_mathematics,,50,answer_query,answer_discovery,not_counterexample_target,0,15,4,4,0,2,4
2458,6,15,24,29,14,formal-conjectures-erdos-238,erdos:238,Formal Conjectures: erdos_238,Google DeepMind Formal Conjectures,research_mathematics,,50,answer_query,answer_discovery,not_counterexample_target,0,15,4,2,1,3,4
2459,6,15,24,29,14,formal-conjectures-erdos-269-variants-irrational,erdos:269,Formal Conjectures: erdos_269.variants.irrational,Google DeepMind Formal Conjectures,research_mathematics,,50,answer_query,answer_discovery,not_counterexample_target,0,15,4,4,0,2,4
2460,6,15,24,29,14,formal-conjectures-erdos-269-variants-rational,erdos:269,Formal Conjectures: erdos_269.variants.rational,Google DeepMind Formal Conjectures,research_mathematics,,50,answer_query,answer_discovery,not_counterexample_target,0,15,4,4,0,2,4
2461,6,15,24,29,14,formal-conjectures-erdos-288,erdos:288,Formal Conjectures: erdos_288,Google DeepMind Formal Conjectures,research_mathematics,,50,answer_query,answer_discovery,not_counterexample_target,0,15,4,4,0,2,4
2462,6,15,24,29,14,formal-conjectures-erdos-288-variants-i2-card-eq-1,erdos:288,Formal Conjectures: erdos_288.variants.i2_card_eq_1,Google DeepMind Formal Conjectures,research_mathematics,,50,answer_query,answer_discovery,not_counterexample_target,0,15,4,4,0,2,4
2463,6,15,24,29,14,formal-conjectures-erdos-288-variants-k-intervals,erdos:288,Formal Conjectures: erdos_288.variants.k_intervals,Google DeepMind Formal Conjectures,research_mathematics,,50,answer_query,answer_discovery,not_counterexample_target,0,15,4,4,0,2,4
2464,6,15,24,29,14,formal-conjectures-erdos-376,erdos:376,Formal Conjectures: erdos_376,Google DeepMind Formal Conjectures,research_mathematics,,50,answer_query,answer_discovery,not_counterexample_target,0,15,3,4,1,2,4
2465,6,15,24,29,14,formal-conjectures-erdos-383,erdos:383,Formal Conjectures: erdos_383,Google DeepMind Formal Conjectures,research_mathematics,,50,answer_query,answer_discovery,not_counterexample_target,0,15,4,4,0,2,4
2466,6,15,24,29,14,formal-conjectures-erdos-409-parts-ii,erdos:409,Formal Conjectures: erdos_409.parts.ii,Google DeepMind Formal Conjectures,research_mathematics,,50,answer_query,answer_discovery,not_counterexample_target,0,15,3,4,1,2,4
2467,6,15,24,29,14,formal-conjectures-erdos-414,erdos:414,Formal Conjectures: erdos_414,Google DeepMind Formal Conjectures,research_mathematics,,50,answer_query,answer_discovery,not_counterexample_target,0,15,3,4,1,2,4
2468,6,15,24,29,14,formal-conjectures-erdos-479,erdos:479,Formal Conjectures: erdos_479,Google DeepMind Formal Conjectures,research_mathematics,,50,answer_query,answer_discovery,not_counterexample_target,0,15,3,4,1,2,4
2469,6,15,24,29,14,formal-conjectures-erdos-623,erdos:623,Formal Conjectures: erdos_623,Google DeepMind Formal Conjectures,research_mathematics,,50,answer_query,answer_discovery,not_counterexample_target,0,15,4,4,0,2,4
2470,6,15,24,29,14,formal-conjectures-erdos-653,erdos:653,Formal Conjectures: erdos_653,Google DeepMind Formal Conjectures,research_mathematics,,50,answer_query,answer_discovery,not_counterexample_target,0,15,4,2,1,3,4
2471,6,15,24,29,14,formal-conjectures-erdos-727,erdos:727,Formal Conjectures: erdos_727,Google DeepMind Formal Conjectures,research_mathematics,,50,answer_query,answer_discovery,not_counterexample_target,0,15,4,4,0,2,4
2472,6,15,24,29,14,formal-conjectures-erdos-727-variants-k-2,erdos:727,Formal Conjectures: erdos_727.variants.k_2,Google DeepMind Formal Conjectures,research_mathematics,,50,answer_query,answer_discovery,not_counterexample_target,0,15,4,4,0,2,4
2473,6,15,24,29,14,formal-conjectures-erdos-74,erdos:74,Formal Conjectures: erdos_74,Google DeepMind Formal Conjectures,research_mathematics,,50,answer_query,answer_discovery,not_counterexample_target,0,15,4,2,1,3,4
2474,6,15,24,29,14,formal-conjectures-erdos-75,erdos:75,Formal Conjectures: erdos_75,Google DeepMind Formal Conjectures,research_mathematics,,50,answer_query,answer_discovery,not_counterexample_target,0,15,4,2,1,3,4
2475,6,15,24,29,14,formal-conjectures-erdos-90,erdos:90,Formal Conjectures: erdos_90,Google DeepMind Formal Conjectures,research_mathematics,,50,answer_query,answer_discovery,not_counterexample_target,0,15,4,2,1,3,4
2476,6,15,24,29,14,formal-conjectures-erdos-913,erdos:913,Formal Conjectures: erdos_913,Google DeepMind Formal Conjectures,research_mathematics,,50,answer_query,answer_discovery,not_counterexample_target,0,15,4,4,0,2,4
2477,6,15,24,29,14,formal-conjectures-erdos-931,erdos:931,Formal Conjectures: erdos_931,Google DeepMind Formal Conjectures,research_mathematics,,50,answer_query,answer_discovery,not_counterexample_target,0,15,4,4,0,2,4
2478,6,15,24,29,14,formal-conjectures-erdos-931-variants-additional-condition,erdos:931,Formal Conjectures: erdos_931.variants.additional_condition,Google DeepMind Formal Conjectures,research_mathematics,,50,answer_query,answer_discovery,not_counterexample_target,0,15,4,4,0,2,4
2479,6,15,24,29,14,formal-conjectures-erdos-939-variants-triples,erdos:939,Formal Conjectures: erdos_939.variants.triples,Google DeepMind Formal Conjectures,research_mathematics,,50,answer_query,answer_discovery,not_counterexample_target,0,15,4,4,0,2,4
2480,6,15,24,29,14,formal-conjectures-erdos-968-variants-infinite-decreasingtriples,erdos:968,Formal Conjectures: erdos_968.variants.infinite_decreasingTriples,Google DeepMind Formal Conjectures,research_mathematics,,50,answer_query,answer_discovery,not_counterexample_target,0,15,3,4,1,2,4
2481,6,15,24,29,14,formal-conjectures-erdos-968-variants-infinite-increasingtriples,erdos:968,Formal Conjectures: erdos_968.variants.infinite_increasingTriples,Google DeepMind Formal Conjectures,research_mathematics,,50,answer_query,answer_discovery,not_counterexample_target,0,15,3,4,1,2,4
2482,6,15,24,29,14,formal-conjectures-upper-bound,erdos:304,Formal Conjectures: upper_bound,Google DeepMind Formal Conjectures,research_mathematics,,50,answer_query,answer_discovery,not_counterexample_target,0,15,3,2,2,3,4
2483,6,15,24,27,12,unsolvedmath-kp-1.12,unsolvedmath:unsolvedmath-kp-1.12,Kirby Problem 1.12,UnsolvedMath,topology,3,60,mixed_quantifiers,subclaim_decomposition,needs_atomic_split,4,15,2,3,0,1,2
2484,6,15,24,27,12,unsolvedmath-kp-1.13,unsolvedmath:unsolvedmath-kp-1.13,Kirby Problem 1.13,UnsolvedMath,topology,3,60,unclassified_question,formal_modeling,needs_atomic_split,4,15,2,3,0,1,2
2485,6,15,24,27,12,unsolvedmath-kp-1.20,unsolvedmath:unsolvedmath-kp-1.20,Kirby Problem 1.20,UnsolvedMath,topology,3,60,mixed_quantifiers,subclaim_decomposition,needs_atomic_split,4,15,2,3,0,1,2
2486,6,15,24,27,12,unsolvedmath-kp-1.89,unsolvedmath:unsolvedmath-kp-1.89,Kirby Problem 1.89,UnsolvedMath,topology,3,60,classification_or_optimization,subclaim_decomposition,needs_atomic_split,4,15,2,3,0,1,2
2487,6,15,24,27,12,unsolvedmath-kp-2.32,unsolvedmath:unsolvedmath-kp-2.32,Kirby Problem 2.32,UnsolvedMath,topology,3,60,universal_claim,counterexample,needs_atomic_split,4,15,2,3,0,1,2
2488,6,15,24,27,12,unsolvedmath-kp-2.44,unsolvedmath:unsolvedmath-kp-2.44,Kirby Problem 2.44,UnsolvedMath,topology,3,60,unclassified_question,formal_modeling,needs_atomic_split,4,15,2,3,0,1,2
2489,6,15,24,27,12,unsolvedmath-kp-3.12,unsolvedmath:unsolvedmath-kp-3.12,Kirby Problem 3.12,UnsolvedMath,topology,3,60,universal_claim,counterexample,needs_atomic_split,4,15,2,3,0,1,2
2490,6,15,24,27,12,unsolvedmath-kp-3.15,unsolvedmath:unsolvedmath-kp-3.15,Kirby Problem 3.15,UnsolvedMath,topology,3,60,unclassified_question,formal_modeling,needs_atomic_split,4,15,2,3,0,1,2
2491,6,15,24,27,12,unsolvedmath-kp-3.19,unsolvedmath:unsolvedmath-kp-3.19,Kirby Problem 3.19,UnsolvedMath,topology,3,60,mixed_quantifiers,subclaim_decomposition,needs_atomic_split,4,15,2,3,0,1,2
2492,6,15,24,27,12,unsolvedmath-kp-3.27,unsolvedmath:unsolvedmath-kp-3.27,Kirby Problem 3.27,UnsolvedMath,topology,3,60,existence_claim,witness_discovery,needs_atomic_split,0,15,2,7,0,1,2
2493,6,15,24,27,12,unsolvedmath-kp-3.30,unsolvedmath:unsolvedmath-kp-3.30,Kirby Problem 3.30,UnsolvedMath,topology,3,60,classification_or_optimization,subclaim_decomposition,needs_atomic_split,4,15,2,3,0,1,2
2494,6,15,24,27,12,unsolvedmath-kp-3.35,unsolvedmath:unsolvedmath-kp-3.35,Kirby Problem 3.35,UnsolvedMath,topology,3,60,existence_claim,witness_discovery,needs_atomic_split,0,15,3,5,1,1,2
2495,6,15,24,27,12,unsolvedmath-kp-3.37,unsolvedmath:unsolvedmath-kp-3.37,Kirby Problem 3.37,UnsolvedMath,topology,3,60,mixed_quantifiers,subclaim_decomposition,needs_atomic_split,4,15,2,3,0,1,2
2496,6,15,24,27,12,unsolvedmath-kp-3.5,unsolvedmath:unsolvedmath-kp-3.5,Kirby Problem 3.5,UnsolvedMath,topology,3,60,mixed_quantifiers,subclaim_decomposition,needs_atomic_split,4,15,3,3,0,0,2
2497,6,15,24,27,12,unsolvedmath-kp-3.52,unsolvedmath:unsolvedmath-kp-3.52,Kirby Problem 3.52,UnsolvedMath,topology,3,60,classification_or_optimization,subclaim_decomposition,needs_atomic_split,4,15,2,3,0,1,2
2498,6,15,24,27,12,unsolvedmath-kp-3.68,unsolvedmath:unsolvedmath-kp-3.68,Kirby Problem 3.68,UnsolvedMath,topology,3,60,universal_claim,counterexample,needs_atomic_split,4,15,2,3,0,1,2
2499,6,15,24,27,12,unsolvedmath-kp-4.113,unsolvedmath:unsolvedmath-kp-4.113,Kirby Problem 4.113,UnsolvedMath,topology,3,60,unclassified_question,formal_modeling,needs_atomic_split,4,15,2,3,0,1,2
2500,6,15,24,27,12,unsolvedmath-kp-4.115,unsolvedmath:unsolvedmath-kp-4.115,Kirby Problem 4.115,UnsolvedMath,topology,3,60,unclassified_question,formal_modeling,needs_atomic_split,4,15,2,3,0,1,2
2501,6,15,24,27,12,unsolvedmath-kp-4.118,unsolvedmath:unsolvedmath-kp-4.118,Kirby Problem 4.118,UnsolvedMath,topology,3,60,universal_claim,counterexample,needs_atomic_split,4,15,2,3,0,1,2
2502,6,15,24,27,12,unsolvedmath-kp-4.120,unsolvedmath:unsolvedmath-kp-4.120,Kirby Problem 4.120,UnsolvedMath,topology,3,60,universal_claim,counterexample,needs_atomic_split,4,15,2,3,0,1,2
2503,6,15,24,27,12,unsolvedmath-kp-4.121,unsolvedmath:unsolvedmath-kp-4.121,Kirby Problem 4.121,UnsolvedMath,topology,3,60,universal_claim,counterexample,needs_atomic_split,4,15,2,3,0,1,2
2504,6,15,24,27,12,unsolvedmath-kp-4.126,unsolvedmath:unsolvedmath-kp-4.126,Kirby Problem 4.126,UnsolvedMath,topology,3,60,universal_claim,counterexample,needs_atomic_split,4,15,2,3,0,1,2
2505,6,15,24,27,12,unsolvedmath-kp-4.128,unsolvedmath:unsolvedmath-kp-4.128,Kirby Problem 4.128,UnsolvedMath,topology,3,60,classification_or_optimization,subclaim_decomposition,needs_atomic_split,4,15,2,3,0,1,2
2506,6,15,24,27,12,unsolvedmath-kp-4.130,unsolvedmath:unsolvedmath-kp-4.130,Kirby Problem 4.130,UnsolvedMath,topology,3,60,universal_claim,counterexample,needs_atomic_split,4,15,2,3,0,1,2
2507,6,15,24,27,12,unsolvedmath-kp-4.22,unsolvedmath:unsolvedmath-kp-4.22,Kirby Problem 4.22,UnsolvedMath,topology,3,60,equivalence_claim,counterexample,needs_atomic_split,4,15,2,3,0,1,2
2508,6,15,24,27,12,unsolvedmath-kp-4.25,unsolvedmath:unsolvedmath-kp-4.25,Kirby Problem 4.25,UnsolvedMath,topology,3,60,unclassified_question,formal_modeling,needs_atomic_split,4,15,2,3,0,1,2
2509,6,15,24,27,12,unsolvedmath-kp-4.3,unsolvedmath:unsolvedmath-kp-4.3,Kirby Problem 4.3,UnsolvedMath,topology,3,60,existence_claim,witness_discovery,needs_atomic_split,0,15,2,3,2,3,2
2510,6,15,24,27,12,unsolvedmath-kp-4.62,unsolvedmath:unsolvedmath-kp-4.62,Kirby Problem 4.62,UnsolvedMath,topology,3,60,unclassified_question,formal_modeling,needs_atomic_split,4,15,2,3,0,1,2
2511,6,15,24,27,12,unsolvedmath-kp-4.63,unsolvedmath:unsolvedmath-kp-4.63,Kirby Problem 4.63,UnsolvedMath,topology,3,60,classification_or_optimization,subclaim_decomposition,needs_atomic_split,4,15,3,1,0,2,2
2512,6,15,24,27,12,unsolvedmath-kp-4.68,unsolvedmath:unsolvedmath-kp-4.68,Kirby Problem 4.68,UnsolvedMath,topology,3,60,existence_claim,witness_discovery,needs_atomic_split,0,15,2,3,4,1,2
2513,6,15,24,27,12,unsolvedmath-kp-4.89,unsolvedmath:unsolvedmath-kp-4.89,Kirby Problem 4.89,UnsolvedMath,topology,3,60,classification_or_optimization,subclaim_decomposition,needs_atomic_split,4,15,2,3,0,1,2
2514,6,15,24,27,12,unsolvedmath-kp-4.94,unsolvedmath:unsolvedmath-kp-4.94,Kirby Problem 4.94,UnsolvedMath,topology,3,60,equivalence_claim,counterexample,needs_atomic_split,4,15,2,3,0,1,2
2515,6,15,24,27,12,unsolvedmath-kp-5.3,unsolvedmath:unsolvedmath-kp-5.3,Kirby Problem 5.3,UnsolvedMath,topology,3,60,universal_claim,counterexample,needs_atomic_split,4,15,2,3,0,1,2
2516,6,15,24,27,12,unsolvedmath-kp-5.6,unsolvedmath:unsolvedmath-kp-5.6,Kirby Problem 5.6,UnsolvedMath,topology,3,60,universal_claim,counterexample,needs_atomic_split,4,15,2,3,0,1,2
2517,6,15,24,26,11,unsolvedmath-kp-1.29,unsolvedmath:unsolvedmath-kp-1.29,Kirby Problem 1.29,UnsolvedMath,topology,3,60,universal_claim,counterexample,needs_atomic_split,4,15,3,1,0,1,2
2518,6,15,24,25,10,unsolvedmath-kp-2.20,unsolvedmath:unsolvedmath-kp-2.20,Kirby Problem 2.20,UnsolvedMath,topology,3,60,existence_claim,witness_discovery,needs_atomic_split,0,15,3,3,0,2,2
2519,6,15,24,25,10,unsolvedmath-kp-2.34,unsolvedmath:unsolvedmath-kp-2.34,Kirby Problem 2.34,UnsolvedMath,topology,3,60,existence_claim,witness_discovery,needs_atomic_split,0,15,2,5,1,0,2
2520,6,15,24,25,10,unsolvedmath-kp-4.101,unsolvedmath:unsolvedmath-kp-4.101,Kirby Problem 4.101,UnsolvedMath,topology,3,60,existence_claim,witness_discovery,needs_atomic_split,0,15,3,3,0,2,2
2521,6,15,24,25,10,unsolvedmath-kp-4.116,unsolvedmath:unsolvedmath-kp-4.116,Kirby Problem 4.116,UnsolvedMath,topology,3,60,existence_claim,witness_discovery,needs_atomic_split,0,15,3,3,0,2,2
2522,6,13,20,32,19,unsolvedmath-num-003,unsolvedmath:unsolvedmath-num-003,Infinitude of Perfect Numbers,UnsolvedMath,number_theory,5,100,existence_claim,witness_discovery,not_counterexample_target,0,15,7,8,0,0,2
2523,6,13,20,29,16,unsolvedmath-st-001,unsolvedmath:unsolvedmath-st-001,Partition Principle Implies Axiom of Choice,UnsolvedMath,set_theory,4,80,unclassified_question,formal_modeling,modeling_candidate,5,15,3,3,0,1,2
2524,6,13,20,25,12,unsolvedmath-kp-4.96,unsolvedmath:unsolvedmath-kp-4.96,Kirby Problem 4.96,UnsolvedMath,topology,3,60,existence_claim,witness_discovery,not_counterexample_target,0,15,3,5,0,0,2
2525,6,13,20,25,12,formal-conjectures-banach-mazur-rotation-problem,formal_conjectures:formal-conjectures-banach-mazur-rotation-problem,Formal Conjectures: banach_mazur_rotation_problem,Google DeepMind Formal Conjectures,research_mathematics,,50,answer_query,answer_discovery,not_counterexample_target,0,15,3,1,0,2,4
2526,6,13,20,25,12,formal-conjectures-eqsystem10-no-solution-d3-real,formal_conjectures:formal-conjectures-eqsystem10-no-solution-d3-real,Formal Conjectures: eqSystem10_no_solution_d3_real,Google DeepMind Formal Conjectures,research_mathematics,,50,answer_query,answer_discovery,not_counterexample_target,0,15,3,1,0,2,4
2527,6,13,20,25,12,formal-conjectures-eqsystem6-no-solution-d3-real,formal_conjectures:formal-conjectures-eqsystem6-no-solution-d3-real,Formal Conjectures: eqSystem6_no_solution_d3_real,Google DeepMind Formal Conjectures,research_mathematics,,50,answer_query,answer_discovery,not_counterexample_target,0,15,3,1,0,2,4
2528,6,13,20,25,12,formal-conjectures-eqsystem6-no-solution-d5-real,formal_conjectures:formal-conjectures-eqsystem6-no-solution-d5-real,Formal Conjectures: eqSystem6_no_solution_d5_real,Google DeepMind Formal Conjectures,research_mathematics,,50,answer_query,answer_discovery,not_counterexample_target,0,15,3,1,0,2,4
2529,6,13,20,25,12,formal-conjectures-eqsystem8-no-solution-d3-real,formal_conjectures:formal-conjectures-eqsystem8-no-solution-d3-real,Formal Conjectures: eqSystem8_no_solution_d3_real,Google DeepMind Formal Conjectures,research_mathematics,,50,answer_query,answer_discovery,not_counterexample_target,0,15,3,1,0,2,4
2530,6,13,20,25,12,formal-conjectures-erdos-394-parts-i,erdos:394,Formal Conjectures: erdos_394.parts.i,Google DeepMind Formal Conjectures,research_mathematics,,50,answer_query,answer_discovery,not_counterexample_target,0,15,3,1,0,2,4
2531,6,13,20,25,12,formal-conjectures-erdos-633,erdos:633,Formal Conjectures: erdos_633,Google DeepMind Formal Conjectures,research_mathematics,,50,answer_query,answer_discovery,not_counterexample_target,0,15,3,1,0,2,4
2532,6,13,20,25,12,formal-conjectures-erdos-757,erdos:757,Formal Conjectures: erdos_757,Google DeepMind Formal Conjectures,research_mathematics,,50,answer_query,answer_discovery,not_counterexample_target,0,15,3,1,0,2,4
2533,6,13,20,25,12,formal-conjectures-green-16-conjectured-lower-bound,formal_conjectures:formal-conjectures-green-16-conjectured-lower-bound,Formal Conjectures: green_16_conjectured_lower_bound,Google DeepMind Formal Conjectures,research_mathematics,,50,existence_claim,witness_discovery,not_counterexample_target,0,15,3,1,0,2,4
2534,6,13,20,25,12,formal-conjectures-green-16-upper-bound,formal_conjectures:formal-conjectures-green-16-upper-bound,Formal Conjectures: green_16_upper_bound,Google DeepMind Formal Conjectures,research_mathematics,,50,existence_claim,witness_discovery,not_counterexample_target,0,15,3,1,0,2,4
2535,6,13,20,25,12,formal-conjectures-hadwigernelsonproblem,erdos:508,Formal Conjectures: HadwigerNelsonProblem,Google DeepMind Formal Conjectures,research_mathematics,,50,answer_query,answer_discovery,not_counterexample_target,0,15,3,1,0,2,4
2536,6,13,20,25,12,formal-conjectures-inscribed-square-problem,formal_conjectures:formal-conjectures-inscribed-square-problem,Formal Conjectures: inscribed_square_problem,Google DeepMind Formal Conjectures,research_mathematics,,50,answer_query,answer_discovery,not_counterexample_target,0,15,3,1,0,2,4
2537,6,13,20,25,12,formal-conjectures-isaccumulationpoint-three-halves-pow,formal_conjectures:formal-conjectures-isaccumulationpoint-three-halves-pow,Formal Conjectures: isAccumulationPoint_three_halves_pow,Google DeepMind Formal Conjectures,research_mathematics,,50,answer_query,answer_discovery,not_counterexample_target,0,15,3,1,0,2,4
2538,6,13,20,25,12,formal-conjectures-least-eleven-square-packing-in-square,formal_conjectures:formal-conjectures-least-eleven-square-packing-in-square,Formal Conjectures: least_eleven_square_packing_in_square,Google DeepMind Formal Conjectures,research_mathematics,,50,answer_query,answer_discovery,not_counterexample_target,0,15,3,1,0,2,4
2539,6,13,20,25,12,formal-conjectures-least-fifteen-circle-packing-in-circle,formal_conjectures:formal-conjectures-least-fifteen-circle-packing-in-circle,Formal Conjectures: least_fifteen_circle_packing_in_circle,Google DeepMind Formal Conjectures,research_mathematics,,50,answer_query,answer_discovery,not_counterexample_target,0,15,3,1,0,2,4
2540,6,13,20,25,12,formal-conjectures-least-seventeen-square-packing-in-square,formal_conjectures:formal-conjectures-least-seventeen-square-packing-in-square,Formal Conjectures: least_seventeen_square_packing_in_square,Google DeepMind Formal Conjectures,research_mathematics,,50,answer_query,answer_discovery,not_counterexample_target,0,15,3,1,0,2,4
2541,6,13,20,25,12,formal-conjectures-least-three-square-packing-in-circle,formal_conjectures:formal-conjectures-least-three-square-packing-in-circle,Formal Conjectures: least_three_square_packing_in_circle,Google DeepMind Formal Conjectures,research_mathematics,,50,answer_query,answer_discovery,not_counterexample_target,0,15,3,1,0,2,4
2542,6,13,20,25,12,formal-conjectures-least-twenty-one-circle-packing-in-square,formal_conjectures:formal-conjectures-least-twenty-one-circle-packing-in-square,Formal Conjectures: least_twenty_one_circle_packing_in_square,Google DeepMind Formal Conjectures,research_mathematics,,50,answer_query,answer_discovery,not_counterexample_target,0,15,3,1,0,2,4
2543,6,13,20,25,12,formal-conjectures-mosers-worm-problem,formal_conjectures:formal-conjectures-mosers-worm-problem,Formal Conjectures: mosers_worm_problem,Google DeepMind Formal Conjectures,research_mathematics,,50,answer_query,answer_discovery,not_counterexample_target,0,15,3,1,0,2,4
2544,6,13,20,25,12,formal-conjectures-navier-stokes-existence-and-smoothness-periodic,formal_conjectures:formal-conjectures-navier-stokes-existence-and-smoothness-periodic,Formal Conjectures: navier_stokes_existence_and_smoothness_periodic,Google DeepMind Formal Conjectures,research_mathematics,,50,existence_claim,witness_discovery,not_counterexample_target,0,15,3,1,0,2,4
2545,6,13,20,25,12,formal-conjectures-navier-stokes-existence-and-smoothness-r3,formal_conjectures:formal-conjectures-navier-stokes-existence-and-smoothness-r3,Formal Conjectures: navier_stokes_existence_and_smoothness_R3,Google DeepMind Formal Conjectures,research_mathematics,,50,existence_claim,witness_discovery,not_counterexample_target,0,15,3,1,0,2,4
2546,6,13,20,23,10,unsolvedmath-kp-1.63,unsolvedmath:unsolvedmath-kp-1.63,Kirby Problem 1.63,UnsolvedMath,topology,3,60,existence_claim,witness_discovery,not_counterexample_target,0,15,2,3,0,1,2
2547,6,13,20,23,10,unsolvedmath-kp-2.33,unsolvedmath:unsolvedmath-kp-2.33,Kirby Problem 2.33,UnsolvedMath,topology,3,60,existence_claim,witness_discovery,not_counterexample_target,0,15,2,3,0,1,2
2548,6,13,20,23,10,unsolvedmath-kp-2.9,unsolvedmath:unsolvedmath-kp-2.9,Kirby Problem 2.9,UnsolvedMath,topology,3,60,existence_claim,witness_discovery,not_counterexample_target,0,15,2,3,0,1,2
2549,6,13,20,23,10,unsolvedmath-kp-4.1,unsolvedmath:unsolvedmath-kp-4.1,Kirby Problem 4.1,UnsolvedMath,topology,3,60,existence_claim,witness_discovery,not_counterexample_target,0,15,2,3,0,1,2
2550,6,13,20,23,10,unsolvedmath-kp-4.47,unsolvedmath:unsolvedmath-kp-4.47,Kirby Problem 4.47,UnsolvedMath,topology,3,60,existence_claim,witness_discovery,not_counterexample_target,0,15,2,3,0,1,2
2551,6,13,20,23,10,unsolvedmath-kp-4.88,unsolvedmath:unsolvedmath-kp-4.88,Kirby Problem 4.88,UnsolvedMath,topology,3,60,existence_claim,witness_discovery,not_counterexample_target,0,15,2,3,0,1,2
2552,6,13,20,23,10,unsolvedmath-opg-37161,unsolvedmath:unsolvedmath-opg-37161,Is there an algorithm to determine if a triangulated 4-manifold is combinatorially equivalent to the 4-sphere?,UnsolvedMath,topology,2,40,existence_claim,witness_discovery,not_counterexample_target,0,15,2,3,0,1,2
2553,5,14,23,28,14,formal-conjectures-balanced-primes,formal_conjectures:formal-conjectures-balanced-primes,Formal Conjectures: balanced_primes,Google DeepMind Formal Conjectures,research_mathematics,,50,answer_query,answer_discovery,not_counterexample_target,0,15,3,4,0,2,4
2554,5,14,23,28,14,formal-conjectures-beaver-math-olympiad-problem-8,formal_conjectures:formal-conjectures-beaver-math-olympiad-problem-8,Formal Conjectures: beaver_math_olympiad_problem_8,Google DeepMind Formal Conjectures,research_mathematics,,50,answer_query,answer_discovery,not_counterexample_target,0,15,3,4,0,2,4
2555,5,14,23,28,14,formal-conjectures-conjecturea81091,formal_conjectures:formal-conjectures-conjecturea81091,Formal Conjectures: conjectureA81091,Google DeepMind Formal Conjectures,research_mathematics,,50,answer_query,answer_discovery,not_counterexample_target,0,15,3,4,0,2,4
2556,5,14,23,28,14,formal-conjectures-cube-hamiltonian-arc-decomposition-even,formal_conjectures:formal-conjectures-cube-hamiltonian-arc-decomposition-even,Formal Conjectures: cube_hamiltonian_arc_decomposition_even,Google DeepMind Formal Conjectures,research_mathematics,,50,answer_query,answer_discovery,not_counterexample_target,0,15,3,4,0,2,4
2557,5,14,23,28,14,formal-conjectures-erdos-100,erdos:100,Formal Conjectures: erdos_100,Google DeepMind Formal Conjectures,research_mathematics,,50,answer_query,answer_discovery,not_counterexample_target,0,15,4,2,0,3,4
2558,5,14,23,28,14,formal-conjectures-erdos-1003-variants-icc,erdos:1003,Formal Conjectures: erdos_1003.variants.Icc,Google DeepMind Formal Conjectures,research_mathematics,,50,answer_query,answer_discovery,not_counterexample_target,0,15,4,3,0,2,4
2559,5,14,23,28,14,formal-conjectures-erdos-1004,erdos:1004,Formal Conjectures: erdos_1004,Google DeepMind Formal Conjectures,research_mathematics,,50,answer_query,answer_discovery,not_counterexample_target,0,15,4,2,1,2,4
2560,5,14,23,28,14,formal-conjectures-erdos-1065-parts-i,erdos:1065,Formal Conjectures: erdos_1065.parts.i,Google DeepMind Formal Conjectures,research_mathematics,,50,answer_query,answer_discovery,not_counterexample_target,0,15,3,4,0,2,4
2561,5,14,23,28,14,formal-conjectures-erdos-1065-parts-ii,erdos:1065,Formal Conjectures: erdos_1065.parts.ii,Google DeepMind Formal Conjectures,research_mathematics,,50,answer_query,answer_discovery,not_counterexample_target,0,15,3,4,0,2,4
2562,5,14,23,28,14,formal-conjectures-erdos-1072-parts-i,erdos:1072,Formal Conjectures: erdos_1072.parts.i,Google DeepMind Formal Conjectures,research_mathematics,,50,answer_query,answer_discovery,not_counterexample_target,0,15,3,4,0,2,4
2563,5,14,23,28,14,formal-conjectures-erdos-1139,erdos:1139,Formal Conjectures: erdos_1139,Google DeepMind Formal Conjectures,research_mathematics,,50,answer_query,answer_discovery,not_counterexample_target,0,15,4,2,1,2,4
2564,5,14,23,28,14,formal-conjectures-erdos-1199,erdos:1199,Formal Conjectures: erdos_1199,Google DeepMind Formal Conjectures,research_mathematics,,50,answer_query,answer_discovery,not_counterexample_target,0,15,3,4,0,2,4
2565,5,14,23,28,14,formal-conjectures-erdos-141-variants-infinite-three,erdos:141,Formal Conjectures: erdos_141.variants.infinite_three,Google DeepMind Formal Conjectures,research_mathematics,,50,answer_query,answer_discovery,not_counterexample_target,0,15,3,4,0,2,4
2566,5,14,23,28,14,formal-conjectures-erdos-15,erdos:15,Formal Conjectures: erdos_15,Google DeepMind Formal Conjectures,research_mathematics,,50,answer_query,answer_discovery,not_counterexample_target,0,15,3,4,0,2,4
2567,5,14,23,28,14,formal-conjectures-erdos-17,erdos:17,Formal Conjectures: erdos_17,Google DeepMind Formal Conjectures,research_mathematics,,50,answer_query,answer_discovery,not_counterexample_target,0,15,3,4,0,2,4
2568,5,14,23,28,14,formal-conjectures-erdos-208-parts-ii,erdos:208,Formal Conjectures: erdos_208.parts.ii,Google DeepMind Formal Conjectures,research_mathematics,,50,answer_query,answer_discovery,not_counterexample_target,0,15,4,2,1,2,4
2569,5,14,23,28,14,formal-conjectures-erdos-3,erdos:3,Formal Conjectures: erdos_3,Google DeepMind Formal Conjectures,research_mathematics,,50,answer_query,answer_discovery,not_counterexample_target,0,15,3,2,1,3,4
2570,5,14,23,28,14,formal-conjectures-erdos-319-variants-isbigo,erdos:319,Formal Conjectures: erdos_319.variants.isBigO,Google DeepMind Formal Conjectures,research_mathematics,,50,answer_query,answer_discovery,not_counterexample_target,0,15,4,2,1,2,4
2571,5,14,23,28,14,formal-conjectures-erdos-319-variants-islittleo,erdos:319,Formal Conjectures: erdos_319.variants.isLittleO,Google DeepMind Formal Conjectures,research_mathematics,,50,answer_query,answer_discovery,not_counterexample_target,0,15,4,2,1,2,4
2572,5,14,23,28,14,formal-conjectures-erdos-319-variants-istheta,erdos:319,Formal Conjectures: erdos_319.variants.isTheta,Google DeepMind Formal Conjectures,research_mathematics,,50,answer_query,answer_discovery,not_counterexample_target,0,15,4,2,1,2,4
2573,5,14,23,28,14,formal-conjectures-erdos-331-variants-ruzsa,erdos:331,Formal Conjectures: erdos_331.variants.ruzsa,Google DeepMind Formal Conjectures,research_mathematics,,50,answer_query,answer_discovery,not_counterexample_target,0,15,4,2,1,2,4
2574,5,14,23,28,14,formal-conjectures-erdos-341,erdos:341,Formal Conjectures: erdos_341,Google DeepMind Formal Conjectures,research_mathematics,,50,answer_query,answer_discovery,not_counterexample_target,0,15,4,2,1,2,4
2575,5,14,23,28,14,formal-conjectures-erdos-342-parts-i,erdos:342,Formal Conjectures: erdos_342.parts.i,Google DeepMind Formal Conjectures,research_mathematics,,50,answer_query,answer_discovery,not_counterexample_target,0,15,3,4,0,2,4
2576,5,14,23,28,14,formal-conjectures-erdos-385-variants-lb,erdos:385,Formal Conjectures: erdos_385.variants.lb,Google DeepMind Formal Conjectures,research_mathematics,,50,answer_query,answer_discovery,not_counterexample_target,0,15,4,2,1,2,4
2577,5,14,23,28,14,formal-conjectures-erdos-386,erdos:386,Formal Conjectures: erdos_386,Google DeepMind Formal Conjectures,research_mathematics,,50,answer_query,answer_discovery,not_counterexample_target,0,15,4,2,1,2,4
2578,5,14,23,28,14,formal-conjectures-erdos-386-variants-forall,erdos:386,Formal Conjectures: erdos_386.variants.forall,Google DeepMind Formal Conjectures,research_mathematics,,50,answer_query,answer_discovery,not_counterexample_target,0,15,4,2,1,2,4
2579,5,14,23,28,14,formal-conjectures-erdos-387-variants-guy,erdos:387,Formal Conjectures: erdos_387.variants.guy,Google DeepMind Formal Conjectures,research_mathematics,,50,answer_query,answer_discovery,not_counterexample_target,0,15,4,2,1,2,4
2580,5,14,23,28,14,formal-conjectures-erdos-412,erdos:412,Formal Conjectures: erdos_412,Google DeepMind Formal Conjectures,research_mathematics,,50,answer_query,answer_discovery,not_counterexample_target,0,15,4,3,0,2,4
2581,5,14,23,28,14,formal-conjectures-erdos-422,erdos:422,Formal Conjectures: erdos_422,Google DeepMind Formal Conjectures,research_mathematics,,50,answer_query,answer_discovery,not_counterexample_target,0,15,4,3,0,2,4
2582,5,14,23,28,14,formal-conjectures-erdos-457-variants-qnk,erdos:457,Formal Conjectures: erdos_457.variants.qnk,Google DeepMind Formal Conjectures,research_mathematics,,50,answer_query,answer_discovery,not_counterexample_target,0,15,4,2,1,2,4
2583,5,14,23,28,14,formal-conjectures-erdos-489,erdos:489,Formal Conjectures: erdos_489,Google DeepMind Formal Conjectures,research_mathematics,,50,answer_query,answer_discovery,not_counterexample_target,0,15,4,2,0,3,4
2584,5,14,23,28,14,formal-conjectures-erdos-516-variants-limsup-ratio-eq-one-of-hasfejergaps,erdos:516,Formal Conjectures: erdos_516.variants.limsup_ratio_eq_one_of_hasFejerGaps,Google DeepMind Formal Conjectures,research_mathematics,,50,answer_query,answer_discovery,not_counterexample_target,0,15,4,2,0,3,4
2585,5,14,23,28,14,formal-conjectures-erdos-517,erdos:517,Formal Conjectures: erdos_517,Google DeepMind Formal Conjectures,research_mathematics,,50,answer_query,answer_discovery,not_counterexample_target,0,15,4,2,0,3,4
2586,5,14,23,28,14,formal-conjectures-erdos-595,erdos:595,Formal Conjectures: erdos_595,Google DeepMind Formal Conjectures,research_mathematics,,50,answer_query,answer_discovery,not_counterexample_target,0,15,3,4,0,2,4
2587,5,14,23,28,14,formal-conjectures-erdos-602,erdos:602,Formal Conjectures: erdos_602,Google DeepMind Formal Conjectures,research_mathematics,,50,answer_query,answer_discovery,not_counterexample_target,0,15,4,3,0,2,4
2588,5,14,23,28,14,formal-conjectures-erdos-647-variants-infinite,erdos:647,Formal Conjectures: erdos_647.variants.infinite,Google DeepMind Formal Conjectures,research_mathematics,,50,answer_query,answer_discovery,not_counterexample_target,0,15,4,3,0,2,4
2589,5,14,23,28,14,formal-conjectures-erdos-655,erdos:655,Formal Conjectures: erdos_655,Google DeepMind Formal Conjectures,research_mathematics,,50,answer_query,answer_discovery,not_counterexample_target,0,15,4,2,0,3,4
2590,5,14,23,28,14,formal-conjectures-erdos-655-variants-general-position,erdos:655,Formal Conjectures: erdos_655.variants.general_position,Google DeepMind Formal Conjectures,research_mathematics,,50,answer_query,answer_discovery,not_counterexample_target,0,15,4,2,0,3,4
2591,5,14,23,28,14,formal-conjectures-erdos-672,erdos:672,Formal Conjectures: erdos_672,Google DeepMind Formal Conjectures,research_mathematics,,50,answer_query,answer_discovery,not_counterexample_target,0,15,4,3,0,2,4
2592,5,14,23,28,14,formal-conjectures-erdos-680-parts-i,erdos:680,Formal Conjectures: erdos_680.parts.i,Google DeepMind Formal Conjectures,research_mathematics,,50,answer_query,answer_discovery,not_counterexample_target,0,15,4,2,1,2,4
2593,5,14,23,28,14,formal-conjectures-erdos-680-parts-ii,erdos:680,Formal Conjectures: erdos_680.parts.ii,Google DeepMind Formal Conjectures,research_mathematics,,50,answer_query,answer_discovery,not_counterexample_target,0,15,4,2,1,2,4
2594,5,14,23,28,14,formal-conjectures-erdos-695-variants-upperbound,erdos:695,Formal Conjectures: erdos_695.variants.upperBound,Google DeepMind Formal Conjectures,research_mathematics,,50,answer_query,answer_discovery,not_counterexample_target,0,15,4,2,1,2,4
2595,5,14,23,28,14,formal-conjectures-erdos-750,erdos:750,Formal Conjectures: erdos_750,Google DeepMind Formal Conjectures,research_mathematics,,50,answer_query,answer_discovery,not_counterexample_target,0,15,4,2,0,3,4
2596,5,14,23,28,14,formal-conjectures-erdos-774,erdos:774,Formal Conjectures: erdos_774,Google DeepMind Formal Conjectures,research_mathematics,,50,answer_query,answer_discovery,not_counterexample_target,0,15,3,4,0,2,4
2597,5,14,23,28,14,formal-conjectures-erdos-786-parts-ii,erdos:786,Formal Conjectures: erdos_786.parts.ii,Google DeepMind Formal Conjectures,research_mathematics,,50,answer_query,answer_discovery,not_counterexample_target,0,15,4,2,1,2,4
2598,5,14,23,28,14,formal-conjectures-erdos-828,erdos:828,Formal Conjectures: erdos_828,Google DeepMind Formal Conjectures,research_mathematics,,50,answer_query,answer_discovery,not_counterexample_target,0,15,3,4,0,2,4
2599,5,14,23,28,14,formal-conjectures-erdos-85,erdos:85,Formal Conjectures: erdos_85,Google DeepMind Formal Conjectures,research_mathematics,,50,answer_query,answer_discovery,not_counterexample_target,0,15,4,2,1,2,4
2600,5,14,23,28,14,formal-conjectures-erdos-891,erdos:891,Formal Conjectures: erdos_891,Google DeepMind Formal Conjectures,research_mathematics,,50,answer_query,answer_discovery,not_counterexample_target,0,15,4,2,1,2,4
2601,5,14,23,28,14,formal-conjectures-erdos-939-variants-infinite,erdos:939,Formal Conjectures: erdos_939.variants.infinite,Google DeepMind Formal Conjectures,research_mathematics,,50,answer_query,answer_discovery,not_counterexample_target,0,15,4,3,0,2,4
2602,5,14,23,28,14,formal-conjectures-erdos-972,erdos:972,Formal Conjectures: erdos_972,Google DeepMind Formal Conjectures,research_mathematics,,50,answer_query,answer_discovery,not_counterexample_target,0,15,3,4,0,2,4
2603,5,14,23,28,14,formal-conjectures-erdos-975,erdos:975,Formal Conjectures: erdos_975,Google DeepMind Formal Conjectures,research_mathematics,,50,answer_query,answer_discovery,not_counterexample_target,0,15,4,2,0,3,4
2604,5,14,23,28,14,formal-conjectures-erdos-978-parts-iii,erdos:978,Formal Conjectures: erdos_978.parts.iii,Google DeepMind Formal Conjectures,research_mathematics,,50,answer_query,answer_discovery,not_counterexample_target,0,15,3,4,0,2,4
2605,5,14,23,28,14,formal-conjectures-green-1,formal_conjectures:formal-conjectures-green-1,Formal Conjectures: green_1,Google DeepMind Formal Conjectures,research_mathematics,,50,answer_query,answer_discovery,not_counterexample_target,0,15,4,2,1,2,4
2606,5,14,23,28,14,formal-conjectures-green-22,formal_conjectures:formal-conjectures-green-22,Formal Conjectures: green_22,Google DeepMind Formal Conjectures,research_mathematics,,50,answer_query,answer_discovery,not_counterexample_target,0,15,4,2,1,2,4
2607,5,14,23,28,14,formal-conjectures-green-25-lower,formal_conjectures:formal-conjectures-green-25-lower,Formal Conjectures: green_25.lower,Google DeepMind Formal Conjectures,research_mathematics,,50,answer_query,answer_discovery,not_counterexample_target,0,15,4,2,1,2,4
2608,5,14,23,28,14,formal-conjectures-green-25-upper,formal_conjectures:formal-conjectures-green-25-upper,Formal Conjectures: green_25.upper,Google DeepMind Formal Conjectures,research_mathematics,,50,answer_query,answer_discovery,not_counterexample_target,0,15,4,2,1,2,4
2609,5,14,23,28,14,formal-conjectures-green-28,formal_conjectures:formal-conjectures-green-28,Formal Conjectures: green_28,Google DeepMind Formal Conjectures,research_mathematics,,50,answer_query,answer_discovery,not_counterexample_target,0,15,3,4,0,2,4
2610,5,14,23,28,14,formal-conjectures-green-31-lower,formal_conjectures:formal-conjectures-green-31-lower,Formal Conjectures: green_31.lower,Google DeepMind Formal Conjectures,research_mathematics,,50,answer_query,answer_discovery,not_counterexample_target,0,15,4,2,1,2,4
2611,5,14,23,28,14,formal-conjectures-green-31-upper,formal_conjectures:formal-conjectures-green-31-upper,Formal Conjectures: green_31.upper,Google DeepMind Formal Conjectures,research_mathematics,,50,answer_query,answer_discovery,not_counterexample_target,0,15,4,2,1,2,4
2612,5,14,23,28,14,formal-conjectures-green-31-variants-lower-eventually,formal_conjectures:formal-conjectures-green-31-variants-lower-eventually,Formal Conjectures: green_31.variants.lower_eventually,Google DeepMind Formal Conjectures,research_mathematics,,50,answer_query,answer_discovery,not_counterexample_target,0,15,4,2,1,2,4
2613,5,14,23,28,14,formal-conjectures-green-31-variants-sidon-01n,formal_conjectures:formal-conjectures-green-31-variants-sidon-01n,Formal Conjectures: green_31.variants.sidon_01n,Google DeepMind Formal Conjectures,research_mathematics,,50,answer_query,answer_discovery,not_counterexample_target,0,15,4,2,1,2,4
2614,5,14,23,28,14,formal-conjectures-green-31-variants-upper-eventually,formal_conjectures:formal-conjectures-green-31-variants-upper-eventually,Formal Conjectures: green_31.variants.upper_eventually,Google DeepMind Formal Conjectures,research_mathematics,,50,answer_query,answer_discovery,not_counterexample_target,0,15,4,2,1,2,4
2615,5,14,23,28,14,formal-conjectures-green-31-variants-zmod-p,formal_conjectures:formal-conjectures-green-31-variants-zmod-p,Formal Conjectures: green_31.variants.zmod_p,Google DeepMind Formal Conjectures,research_mathematics,,50,answer_query,answer_discovery,not_counterexample_target,0,15,4,2,1,2,4
2616,5,14,23,28,14,formal-conjectures-green-38-lower,formal_conjectures:formal-conjectures-green-38-lower,Formal Conjectures: green_38.lower,Google DeepMind Formal Conjectures,research_mathematics,,50,answer_query,answer_discovery,not_counterexample_target,0,15,4,2,0,3,4
2617,5,14,23,28,14,formal-conjectures-green-38-upper,formal_conjectures:formal-conjectures-green-38-upper,Formal Conjectures: green_38.upper,Google DeepMind Formal Conjectures,research_mathematics,,50,answer_query,answer_discovery,not_counterexample_target,0,15,4,2,0,3,4
2618,5,14,23,28,14,formal-conjectures-green-58,formal_conjectures:formal-conjectures-green-58,Formal Conjectures: green_58,Google DeepMind Formal Conjectures,research_mathematics,,50,answer_query,answer_discovery,not_counterexample_target,0,15,4,2,1,2,4
2619,5,14,23,28,14,formal-conjectures-infinite-fermat-composite,formal_conjectures:formal-conjectures-infinite-fermat-composite,Formal Conjectures: infinite_fermat_composite,Google DeepMind Formal Conjectures,research_mathematics,,50,answer_query,answer_discovery,not_counterexample_target,0,15,3,4,0,2,4
2620,5,14,23,28,14,formal-conjectures-infinite-fermat-primes,formal_conjectures:formal-conjectures-infinite-fermat-primes,Formal Conjectures: infinite_fermat_primes,Google DeepMind Formal Conjectures,research_mathematics,,50,answer_query,answer_discovery,not_counterexample_target,0,15,3,4,0,2,4
2621,5,14,23,28,14,formal-conjectures-infinite-prime-euclid-numbers,formal_conjectures:formal-conjectures-infinite-prime-euclid-numbers,Formal Conjectures: infinite_prime_euclid_numbers,Google DeepMind Formal Conjectures,research_mathematics,,50,answer_query,answer_discovery,not_counterexample_target,0,15,3,4,0,2,4
2622,5,14,23,28,14,formal-conjectures-infinite-prime-sq-add-one,formal_conjectures:formal-conjectures-infinite-prime-sq-add-one,Formal Conjectures: infinite_prime_sq_add_one,Google DeepMind Formal Conjectures,research_mathematics,,50,answer_query,answer_discovery,not_counterexample_target,0,15,3,4,0,2,4
2623,5,14,23,28,14,formal-conjectures-infinitely-many-betrothed,formal_conjectures:formal-conjectures-infinitely-many-betrothed,Formal Conjectures: infinitely_many_betrothed,Google DeepMind Formal Conjectures,research_mathematics,,50,answer_query,answer_discovery,not_counterexample_target,0,15,3,4,0,2,4
2624,5,14,23,28,14,formal-conjectures-infinitely-many-even-perfect,formal_conjectures:formal-conjectures-infinitely-many-even-perfect,Formal Conjectures: infinitely_many_even_perfect,Google DeepMind Formal Conjectures,research_mathematics,,50,answer_query,answer_discovery,not_counterexample_target,0,15,3,4,0,2,4
2625,5,14,23,28,14,formal-conjectures-infinitely-many-mersenne-primes,formal_conjectures:formal-conjectures-infinitely-many-mersenne-primes,Formal Conjectures: infinitely_many_mersenne_primes,Google DeepMind Formal Conjectures,research_mathematics,,50,answer_query,answer_discovery,not_counterexample_target,0,15,3,4,0,2,4
2626,5,14,23,28,14,formal-conjectures-infinitely-many-perfect,formal_conjectures:formal-conjectures-infinitely-many-perfect,Formal Conjectures: infinitely_many_perfect,Google DeepMind Formal Conjectures,research_mathematics,,50,answer_query,answer_discovery,not_counterexample_target,0,15,3,4,0,2,4
2627,5,14,23,28,14,formal-conjectures-twin-primes,formal_conjectures:formal-conjectures-twin-primes,Formal Conjectures: twin_primes,Google DeepMind Formal Conjectures,research_mathematics,,50,answer_query,answer_discovery,not_counterexample_target,0,15,3,4,0,2,4
2628,5,14,23,27,13,formal-conjectures-erdos-1041,erdos:1041,Formal Conjectures: erdos_1041,Google DeepMind Formal Conjectures,research_mathematics,,50,existence_claim,witness_discovery,not_counterexample_target,0,15,4,1,0,3,4
2629,5,14,23,27,13,formal-conjectures-erdos-509,erdos:509,Formal Conjectures: erdos_509,Google DeepMind Formal Conjectures,research_mathematics,,50,answer_query,answer_discovery,not_counterexample_target,0,15,4,1,0,3,4
2630,5,14,23,27,13,formal-conjectures-mathoverflow-1973,formal_conjectures:formal-conjectures-mathoverflow-1973,Formal Conjectures: mathoverflow_1973,Google DeepMind Formal Conjectures,research_mathematics,,50,answer_query,answer_discovery,not_counterexample_target,0,15,3,3,0,2,4
2631,5,14,23,26,12,unsolvedmath-kp-3.25,unsolvedmath:unsolvedmath-kp-3.25,Kirby Problem 3.25,UnsolvedMath,topology,3,60,unclassified_question,formal_modeling,needs_atomic_split,4,15,2,1,0,2,2
2632,5,14,23,26,12,unsolvedmath-kp-3.75,unsolvedmath:unsolvedmath-kp-3.75,Kirby Problem 3.75,UnsolvedMath,topology,3,60,existence_claim,witness_discovery,needs_atomic_split,0,15,2,7,0,0,2
2633,5,14,23,26,12,unsolvedmath-kp-4.107,unsolvedmath:unsolvedmath-kp-4.107,Kirby Problem 4.107,UnsolvedMath,topology,3,60,existence_claim,witness_discovery,needs_atomic_split,0,15,2,3,2,2,2
2634,5,14,23,26,12,unsolvedmath-kp-4.124,unsolvedmath:unsolvedmath-kp-4.124,Kirby Problem 4.124,UnsolvedMath,topology,3,60,existence_claim,witness_discovery,needs_atomic_split,0,15,2,7,0,0,2
2635,5,14,23,26,12,unsolvedmath-kp-4.16,unsolvedmath:unsolvedmath-kp-4.16,Kirby Problem 4.16,UnsolvedMath,topology,3,60,existence_claim,witness_discovery,needs_atomic_split,0,15,2,5,1,1,2
2636,5,14,23,26,12,unsolvedmath-kp-4.2,unsolvedmath:unsolvedmath-kp-4.2,Kirby Problem 4.2,UnsolvedMath,topology,3,60,mixed_quantifiers,subclaim_decomposition,needs_atomic_split,4,15,2,3,0,0,2
2637,5,14,23,26,12,unsolvedmath-kp-4.71,unsolvedmath:unsolvedmath-kp-4.71,Kirby Problem 4.71,UnsolvedMath,topology,3,60,existence_claim,witness_discovery,needs_atomic_split,0,15,2,5,1,1,2
2638,5,14,23,26,12,unsolvedmath-kp-4.98,unsolvedmath:unsolvedmath-kp-4.98,Kirby Problem 4.98,UnsolvedMath,topology,3,60,mixed_quantifiers,subclaim_decomposition,needs_atomic_split,4,15,2,3,0,0,2
2639,5,14,23,26,12,formal-conjectures-green-41,formal_conjectures:formal-conjectures-green-41,Formal Conjectures: green_41,Google DeepMind Formal Conjectures,research_mathematics,,50,answer_query,answer_discovery,not_counterexample_target,0,15,4,1,0,2,4
2640,5,14,23,26,12,formal-conjectures-green-85,formal_conjectures:formal-conjectures-green-85,Formal Conjectures: green_85,Google DeepMind Formal Conjectures,research_mathematics,,50,answer_query,answer_discovery,not_counterexample_target,0,15,4,1,0,2,4
2641,5,14,23,26,12,formal-conjectures-invariant-subspace-problem,formal_conjectures:formal-conjectures-invariant-subspace-problem,Formal Conjectures: Invariant_subspace_problem,Google DeepMind Formal Conjectures,research_mathematics,,50,existence_claim,witness_discovery,not_counterexample_target,0,15,4,1,0,2,4
2642,5,14,23,24,10,unsolvedmath-opg-1783,unsolvedmath:unsolvedmath-opg-1783,Rank vs. Genus,UnsolvedMath,topology,2,40,existence_claim,witness_discovery,needs_atomic_split,0,15,3,3,0,1,2
2643,5,14,23,22,8,unsolvedmath-opg-37237,unsolvedmath:unsolvedmath-opg-37237,Unsolvability of word problem for 2-knot complements,UnsolvedMath,topology,2,40,existence_claim,witness_discovery,needs_atomic_split,0,15,2,3,0,0,2
2644,5,12,19,33,21,unsolvedmath-top-004,unsolvedmath:unsolvedmath-top-004,Novikov Conjecture,UnsolvedMath,topology,5,100,unclassified_question,formal_modeling,modeling_candidate,5,15,2,5,2,2,2
2645,5,12,19,31,19,unsolvedmath-mpp-004,unsolvedmath:unsolvedmath-mpp-004,Navier–Stokes Existence and Smoothness,UnsolvedMath,partial_differential_equations,5,100,mixed_quantifiers,subclaim_decomposition,not_counterexample_target,8,15,2,3,0,1,2
2646,5,12,19,27,15,unsolvedmath-darpa-004,unsolvedmath:unsolvedmath-darpa-004,21st Century Fluids,UnsolvedMath,partial_differential_equations,4,80,unclassified_question,formal_modeling,modeling_candidate,5,15,2,1,0,2,2
2647,5,12,19,26,14,unsolvedmath-st-009,unsolvedmath:unsolvedmath-st-009,Jónsson Algebra on ℵ_ω,UnsolvedMath,set_theory,4,80,existence_claim,witness_discovery,not_counterexample_target,0,15,4,5,0,0,2
2648,5,12,19,25,13,formal-conjectures-erdos-1052,erdos:1052,Formal Conjectures: erdos_1052,Google DeepMind Formal Conjectures,research_mathematics,,50,answer_query,answer_discovery,not_counterexample_target,0,15,3,1,0,2,4
2649,5,12,19,25,13,formal-conjectures-erdos-949,erdos:949,Formal Conjectures: erdos_949,Google DeepMind Formal Conjectures,research_mathematics,,50,answer_query,answer_discovery,not_counterexample_target,0,15,3,1,0,2,4
2650,5,12,19,25,13,formal-conjectures-green-3,formal_conjectures:formal-conjectures-green-3,Formal Conjectures: green_3,Google DeepMind Formal Conjectures,research_mathematics,,50,answer_query,answer_discovery,not_counterexample_target,0,15,3,1,0,2,4
2651,5,12,19,24,12,unsolvedmath-kp-3.26,unsolvedmath:unsolvedmath-kp-3.26,Kirby Problem 3.26,UnsolvedMath,topology,3,60,existence_claim,witness_discovery,not_counterexample_target,0,15,2,1,2,2,2
2652,5,12,19,22,10,unsolvedmath-kp-1.88,unsolvedmath:unsolvedmath-kp-1.88,Kirby Problem 1.88,UnsolvedMath,topology,3,60,existence_claim,witness_discovery,not_counterexample_target,0,15,2,3,0,0,2
2653,5,12,19,22,10,unsolvedmath-kp-2.23,unsolvedmath:unsolvedmath-kp-2.23,Kirby Problem 2.23,UnsolvedMath,topology,3,60,existence_claim,witness_discovery,not_counterexample_target,0,15,2,3,0,0,2
2654,5,12,19,22,10,unsolvedmath-kp-2.24,unsolvedmath:unsolvedmath-kp-2.24,Kirby Problem 2.24,UnsolvedMath,topology,3,60,existence_claim,witness_discovery,not_counterexample_target,0,15,2,3,0,0,2
2655,5,12,19,22,10,unsolvedmath-kp-4.110,unsolvedmath:unsolvedmath-kp-4.110,Kirby Problem 4.110,UnsolvedMath,topology,3,60,existence_claim,witness_discovery,not_counterexample_target,0,15,2,3,0,0,2
2656,5,12,19,22,10,unsolvedmath-kp-4.91,unsolvedmath:unsolvedmath-kp-4.91,Kirby Problem 4.91,UnsolvedMath,topology,3,60,existence_claim,witness_discovery,not_counterexample_target,0,15,2,3,0,0,2
2657,5,12,19,22,10,unsolvedmath-kp-5.7,unsolvedmath:unsolvedmath-kp-5.7,Kirby Problem 5.7,UnsolvedMath,topology,3,60,existence_claim,witness_discovery,not_counterexample_target,0,15,2,3,0,0,2
2658,4,13,22,27,14,formal-conjectures-erdos-1003,erdos:1003,Formal Conjectures: erdos_1003,Google DeepMind Formal Conjectures,research_mathematics,,50,answer_query,answer_discovery,not_counterexample_target,0,15,3,3,0,2,4
2659,4,13,22,27,14,formal-conjectures-erdos-1054-parts-ii,erdos:1054,Formal Conjectures: erdos_1054.parts.ii,Google DeepMind Formal Conjectures,research_mathematics,,50,answer_query,answer_discovery,not_counterexample_target,0,15,3,2,0,3,4
2660,4,13,22,27,14,formal-conjectures-erdos-1054-parts-iii,erdos:1054,Formal Conjectures: erdos_1054.parts.iii,Google DeepMind Formal Conjectures,research_mathematics,,50,answer_query,answer_discovery,not_counterexample_target,0,15,3,2,0,3,4
2661,4,13,22,27,14,formal-conjectures-erdos-1056-variants-noll-simmons,erdos:1056,Formal Conjectures: erdos_1056.variants.noll_simmons,Google DeepMind Formal Conjectures,research_mathematics,,50,answer_query,answer_discovery,not_counterexample_target,0,15,3,2,1,2,4
2662,4,13,22,27,14,formal-conjectures-erdos-1063-better-upper,erdos:1063,Formal Conjectures: erdos_1063.better_upper,Google DeepMind Formal Conjectures,research_mathematics,,50,answer_query,answer_discovery,not_counterexample_target,0,15,4,2,0,2,4
2663,4,13,22,27,14,formal-conjectures-erdos-1072-parts-ii,erdos:1072,Formal Conjectures: erdos_1072.parts.ii,Google DeepMind Formal Conjectures,research_mathematics,,50,answer_query,answer_discovery,not_counterexample_target,0,15,3,2,0,3,4
2664,4,13,22,27,14,formal-conjectures-erdos-1073,erdos:1073,Formal Conjectures: erdos_1073,Google DeepMind Formal Conjectures,research_mathematics,,50,answer_query,answer_discovery,not_counterexample_target,0,15,4,2,0,2,4
2665,4,13,22,27,14,formal-conjectures-erdos-1106-parts-i,erdos:1106,Formal Conjectures: erdos_1106.parts.i,Google DeepMind Formal Conjectures,research_mathematics,,50,answer_query,answer_discovery,not_counterexample_target,0,15,4,2,0,2,4
2666,4,13,22,27,14,formal-conjectures-erdos-1106-parts-ii,erdos:1106,Formal Conjectures: erdos_1106.parts.ii,Google DeepMind Formal Conjectures,research_mathematics,,50,answer_query,answer_discovery,not_counterexample_target,0,15,4,2,0,2,4
2667,4,13,22,27,14,formal-conjectures-erdos-1137,erdos:1137,Formal Conjectures: erdos_1137,Google DeepMind Formal Conjectures,research_mathematics,,50,answer_query,answer_discovery,not_counterexample_target,0,15,3,2,0,3,4
2668,4,13,22,27,14,formal-conjectures-erdos-1142,erdos:1142,Formal Conjectures: erdos_1142,Google DeepMind Formal Conjectures,research_mathematics,,50,answer_query,answer_discovery,not_counterexample_target,0,15,3,3,0,2,4
2669,4,13,22,27,14,formal-conjectures-erdos-1150,erdos:1150,Formal Conjectures: erdos_1150,Google DeepMind Formal Conjectures,research_mathematics,,50,answer_query,answer_discovery,not_counterexample_target,0,15,4,1,0,3,4
2670,4,13,22,27,14,formal-conjectures-erdos-119-parts-iii,erdos:119,Formal Conjectures: erdos_119.parts.iii,Google DeepMind Formal Conjectures,research_mathematics,,50,answer_query,answer_discovery,not_counterexample_target,0,15,3,2,1,2,4
2671,4,13,22,27,14,formal-conjectures-erdos-123-variants-powers-2-3-5-snug,erdos:123,Formal Conjectures: erdos_123.variants.powers_2_3_5_snug,Google DeepMind Formal Conjectures,research_mathematics,,50,answer_query,answer_discovery,not_counterexample_target,0,15,4,2,0,2,4
2672,4,13,22,27,14,formal-conjectures-erdos-126,erdos:126,Formal Conjectures: erdos_126,Google DeepMind Formal Conjectures,research_mathematics,,50,answer_query,answer_discovery,not_counterexample_target,0,15,4,2,0,2,4
2673,4,13,22,27,14,formal-conjectures-erdos-142,erdos:142,Formal Conjectures: erdos_142,Google DeepMind Formal Conjectures,research_mathematics,,50,answer_query,answer_discovery,not_counterexample_target,0,15,3,2,1,2,4
2674,4,13,22,27,14,formal-conjectures-erdos-142-variants-upper,erdos:142,Formal Conjectures: erdos_142.variants.upper,Google DeepMind Formal Conjectures,research_mathematics,,50,answer_query,answer_discovery,not_counterexample_target,0,15,3,2,1,2,4
2675,4,13,22,27,14,formal-conjectures-erdos-158,erdos:158,Formal Conjectures: erdos_158,Google DeepMind Formal Conjectures,research_mathematics,,50,answer_query,answer_discovery,not_counterexample_target,0,15,4,2,0,2,4
2676,4,13,22,27,14,formal-conjectures-erdos-160-better-lower,erdos:160,Formal Conjectures: erdos_160.better_lower,Google DeepMind Formal Conjectures,research_mathematics,,50,answer_query,answer_discovery,not_counterexample_target,0,15,3,2,1,2,4
2677,4,13,22,27,14,formal-conjectures-erdos-18b,erdos:18,Formal Conjectures: erdos_18b,Google DeepMind Formal Conjectures,research_mathematics,,50,answer_query,answer_discovery,not_counterexample_target,0,15,4,2,0,2,4
2678,4,13,22,27,14,formal-conjectures-erdos-18c,erdos:18,Formal Conjectures: erdos_18c,Google DeepMind Formal Conjectures,research_mathematics,,50,answer_query,answer_discovery,not_counterexample_target,0,15,4,2,0,2,4
2679,4,13,22,27,14,formal-conjectures-erdos-193,erdos:193,Formal Conjectures: erdos_193,Google DeepMind Formal Conjectures,research_mathematics,,50,answer_query,answer_discovery,not_counterexample_target,0,15,4,4,0,0,4
2680,4,13,22,27,14,formal-conjectures-erdos-247,erdos:247,Formal Conjectures: erdos_247,Google DeepMind Formal Conjectures,research_mathematics,,50,answer_query,answer_discovery,not_counterexample_target,0,15,3,2,1,2,4
2681,4,13,22,27,14,formal-conjectures-erdos-267-variants-generalisation-ratio-limit-to-infinity,erdos:267,Formal Conjectures: erdos_267.variants.generalisation_ratio_limit_to_infinity,Google DeepMind Formal Conjectures,research_mathematics,,50,answer_query,answer_discovery,not_counterexample_target,0,15,3,2,1,2,4
2682,4,13,22,27,14,formal-conjectures-erdos-272,erdos:272,Formal Conjectures: erdos_272,Google DeepMind Formal Conjectures,research_mathematics,,50,answer_query,answer_discovery,not_counterexample_target,0,15,4,2,0,2,4
2683,4,13,22,27,14,formal-conjectures-erdos-289,erdos:289,Formal Conjectures: erdos_289,Google DeepMind Formal Conjectures,research_mathematics,,50,answer_query,answer_discovery,not_counterexample_target,0,15,4,2,0,2,4
2684,4,13,22,27,14,formal-conjectures-erdos-313,erdos:313,Formal Conjectures: erdos_313,Google DeepMind Formal Conjectures,research_mathematics,,50,answer_query,answer_discovery,not_counterexample_target,0,15,3,3,0,2,4
2685,4,13,22,27,14,formal-conjectures-erdos-317-variants-claim2,erdos:317,Formal Conjectures: erdos_317.variants.claim2,Google DeepMind Formal Conjectures,research_mathematics,,50,answer_query,answer_discovery,not_counterexample_target,0,15,4,2,0,2,4
2686,4,13,22,27,14,formal-conjectures-erdos-32,erdos:32,Formal Conjectures: erdos_32,Google DeepMind Formal Conjectures,research_mathematics,,50,answer_query,answer_discovery,not_counterexample_target,0,15,4,2,0,2,4
2687,4,13,22,27,14,formal-conjectures-erdos-32-variants-log-bound,erdos:32,Formal Conjectures: erdos_32.variants.log_bound,Google DeepMind Formal Conjectures,research_mathematics,,50,answer_query,answer_discovery,not_counterexample_target,0,15,4,2,0,2,4
2688,4,13,22,27,14,formal-conjectures-erdos-323-parts-i,erdos:323,Formal Conjectures: erdos_323.parts.i,Google DeepMind Formal Conjectures,research_mathematics,,50,answer_query,answer_discovery,not_counterexample_target,0,15,4,2,0,2,4
2689,4,13,22,27,14,formal-conjectures-erdos-323-parts-ii,erdos:323,Formal Conjectures: erdos_323.parts.ii,Google DeepMind Formal Conjectures,research_mathematics,,50,answer_query,answer_discovery,not_counterexample_target,0,15,4,2,0,2,4
2690,4,13,22,27,14,formal-conjectures-erdos-323-variants-k-gt-2,erdos:323,Formal Conjectures: erdos_323.variants.k_gt_2,Google DeepMind Formal Conjectures,research_mathematics,,50,answer_query,answer_discovery,not_counterexample_target,0,15,3,2,1,2,4
2691,4,13,22,27,14,formal-conjectures-erdos-325,erdos:325,Formal Conjectures: erdos_325,Google DeepMind Formal Conjectures,research_mathematics,,50,answer_query,answer_discovery,not_counterexample_target,0,15,4,2,0,2,4
2692,4,13,22,27,14,formal-conjectures-erdos-325-variants-weaker,erdos:325,Formal Conjectures: erdos_325.variants.weaker,Google DeepMind Formal Conjectures,research_mathematics,,50,answer_query,answer_discovery,not_counterexample_target,0,15,4,2,0,2,4
2693,4,13,22,27,14,formal-conjectures-erdos-326,erdos:326,Formal Conjectures: erdos_326,Google DeepMind Formal Conjectures,research_mathematics,,50,answer_query,answer_discovery,not_counterexample_target,0,15,4,2,0,2,4
2694,4,13,22,27,14,formal-conjectures-erdos-33,erdos:33,Formal Conjectures: erdos_33,Google DeepMind Formal Conjectures,research_mathematics,,50,answer_query,answer_discovery,not_counterexample_target,0,15,4,2,0,2,4
2695,4,13,22,27,14,formal-conjectures-erdos-340-variants-cofinite-sub,erdos:340,Formal Conjectures: erdos_340.variants.cofinite_sub,Google DeepMind Formal Conjectures,research_mathematics,,50,answer_query,answer_discovery,not_counterexample_target,0,15,3,3,0,2,4
2696,4,13,22,27,14,formal-conjectures-erdos-340-variants-istheta,erdos:340,Formal Conjectures: erdos_340.variants.isTheta,Google DeepMind Formal Conjectures,research_mathematics,,50,answer_query,answer_discovery,not_counterexample_target,0,15,4,2,0,2,4
2697,4,13,22,27,14,formal-conjectures-erdos-342-parts-ii,erdos:342,Formal Conjectures: erdos_342.parts.ii,Google DeepMind Formal Conjectures,research_mathematics,,50,answer_query,answer_discovery,not_counterexample_target,0,15,3,2,1,2,4
2698,4,13,22,27,14,formal-conjectures-erdos-354-parts-i,erdos:354,Formal Conjectures: erdos_354.parts.i,Google DeepMind Formal Conjectures,research_mathematics,,50,answer_query,answer_discovery,not_counterexample_target,0,15,3,3,0,2,4
2699,4,13,22,27,14,formal-conjectures-erdos-357-variants-monotone-parts-ii-bigo-version,erdos:357,Formal Conjectures: erdos_357.variants.monotone.parts.ii.bigO_version,Google DeepMind Formal Conjectures,research_mathematics,,50,answer_query,answer_discovery,not_counterexample_target,0,15,3,2,0,3,4
2700,4,13,22,27,14,formal-conjectures-erdos-357-variants-monotone-parts-ii-bigo-version-symm,erdos:357,Formal Conjectures: erdos_357.variants.monotone.parts.ii.bigO_version_symm,Google DeepMind Formal Conjectures,research_mathematics,,50,answer_query,answer_discovery,not_counterexample_target,0,15,3,2,0,3,4
2701,4,13,22,27,14,formal-conjectures-erdos-357-variants-monotone-parts-ii-bigtheta-version,erdos:357,Formal Conjectures: erdos_357.variants.monotone.parts.ii.bigTheta_version,Google DeepMind Formal Conjectures,research_mathematics,,50,answer_query,answer_discovery,not_counterexample_target,0,15,3,2,0,3,4
2702,4,13,22,27,14,formal-conjectures-erdos-357-variants-monotone-parts-ii-littleo-version,erdos:357,Formal Conjectures: erdos_357.variants.monotone.parts.ii.littleO_version,Google DeepMind Formal Conjectures,research_mathematics,,50,answer_query,answer_discovery,not_counterexample_target,0,15,3,2,0,3,4
2703,4,13,22,27,14,formal-conjectures-erdos-357-variants-monotone-parts-ii-littleo-version-symm,erdos:357,Formal Conjectures: erdos_357.variants.monotone.parts.ii.littleO_version_symm,Google DeepMind Formal Conjectures,research_mathematics,,50,answer_query,answer_discovery,not_counterexample_target,0,15,3,2,0,3,4
2704,4,13,22,27,14,formal-conjectures-erdos-361-bigo,erdos:361,Formal Conjectures: erdos_361.bigO,Google DeepMind Formal Conjectures,research_mathematics,,50,answer_query,answer_discovery,not_counterexample_target,0,15,4,2,0,2,4
2705,4,13,22,27,14,formal-conjectures-erdos-361-bigtheta,erdos:361,Formal Conjectures: erdos_361.bigTheta,Google DeepMind Formal Conjectures,research_mathematics,,50,answer_query,answer_discovery,not_counterexample_target,0,15,4,2,0,2,4
2706,4,13,22,27,14,formal-conjectures-erdos-361-smallo,erdos:361,Formal Conjectures: erdos_361.smallO,Google DeepMind Formal Conjectures,research_mathematics,,50,answer_query,answer_discovery,not_counterexample_target,0,15,4,2,0,2,4
2707,4,13,22,27,14,formal-conjectures-erdos-366-variants-three-two,erdos:366,Formal Conjectures: erdos_366.variants.three_two,Google DeepMind Formal Conjectures,research_mathematics,,50,answer_query,answer_discovery,not_counterexample_target,0,15,3,3,0,2,4
2708,4,13,22,27,14,formal-conjectures-erdos-385-parts-i,erdos:385,Formal Conjectures: erdos_385.parts.i,Google DeepMind Formal Conjectures,research_mathematics,,50,answer_query,answer_discovery,not_counterexample_target,0,15,3,2,1,2,4
2709,4,13,22,27,14,formal-conjectures-erdos-386-variants-two,erdos:386,Formal Conjectures: erdos_386.variants.two,Google DeepMind Formal Conjectures,research_mathematics,,50,answer_query,answer_discovery,not_counterexample_target,0,15,4,2,0,2,4
2710,4,13,22,27,14,formal-conjectures-erdos-39,erdos:39,Formal Conjectures: erdos_39,Google DeepMind Formal Conjectures,research_mathematics,,50,answer_query,answer_discovery,not_counterexample_target,0,15,4,2,0,2,4
2711,4,13,22,27,14,formal-conjectures-erdos-400-parts-i,erdos:400,Formal Conjectures: erdos_400.parts.i,Google DeepMind Formal Conjectures,research_mathematics,,50,answer_query,answer_discovery,not_counterexample_target,0,15,4,2,0,2,4
2712,4,13,22,27,14,formal-conjectures-erdos-400-parts-ii,erdos:400,Formal Conjectures: erdos_400.parts.ii,Google DeepMind Formal Conjectures,research_mathematics,,50,answer_query,answer_discovery,not_counterexample_target,0,15,4,2,0,2,4
2713,4,13,22,27,14,formal-conjectures-erdos-409-parts-i-isbigo,erdos:409,Formal Conjectures: erdos_409.parts.i.isBigO,Google DeepMind Formal Conjectures,research_mathematics,,50,answer_query,answer_discovery,not_counterexample_target,0,15,3,2,1,2,4
2714,4,13,22,27,14,formal-conjectures-erdos-409-parts-i-islittleo,erdos:409,Formal Conjectures: erdos_409.parts.i.isLittleO,Google DeepMind Formal Conjectures,research_mathematics,,50,answer_query,answer_discovery,not_counterexample_target,0,15,3,2,1,2,4
2715,4,13,22,27,14,formal-conjectures-erdos-409-parts-i-istheta,erdos:409,Formal Conjectures: erdos_409.parts.i.isTheta,Google DeepMind Formal Conjectures,research_mathematics,,50,answer_query,answer_discovery,not_counterexample_target,0,15,3,2,1,2,4
2716,4,13,22,27,14,formal-conjectures-erdos-409-variants-sigma-isbigo,erdos:409,Formal Conjectures: erdos_409.variants.sigma_isBigO,Google DeepMind Formal Conjectures,research_mathematics,,50,answer_query,answer_discovery,not_counterexample_target,0,15,3,2,1,2,4
2717,4,13,22,27,14,formal-conjectures-erdos-409-variants-sigma-islittleo,erdos:409,Formal Conjectures: erdos_409.variants.sigma_isLittleO,Google DeepMind Formal Conjectures,research_mathematics,,50,answer_query,answer_discovery,not_counterexample_target,0,15,3,2,1,2,4
2718,4,13,22,27,14,formal-conjectures-erdos-409-variants-sigma-istheta,erdos:409,Formal Conjectures: erdos_409.variants.sigma_isTheta,Google DeepMind Formal Conjectures,research_mathematics,,50,answer_query,answer_discovery,not_counterexample_target,0,15,3,2,1,2,4
2719,4,13,22,27,14,formal-conjectures-erdos-410,erdos:410,Formal Conjectures: erdos_410,Google DeepMind Formal Conjectures,research_mathematics,,50,answer_query,answer_discovery,not_counterexample_target,0,15,3,2,1,2,4
2720,4,13,22,27,14,formal-conjectures-erdos-413-parts-i,erdos:413,Formal Conjectures: erdos_413.parts.i,Google DeepMind Formal Conjectures,research_mathematics,,50,answer_query,answer_discovery,not_counterexample_target,0,15,3,3,0,2,4
2721,4,13,22,27,14,formal-conjectures-erdos-413-variants-bigomega,erdos:413,Formal Conjectures: erdos_413.variants.bigOmega,Google DeepMind Formal Conjectures,research_mathematics,,50,answer_query,answer_discovery,not_counterexample_target,0,15,3,3,0,2,4
2722,4,13,22,27,14,formal-conjectures-erdos-428,erdos:428,Formal Conjectures: erdos_428,Google DeepMind Formal Conjectures,research_mathematics,,50,answer_query,answer_discovery,not_counterexample_target,0,15,3,2,0,3,4
2723,4,13,22,27,14,formal-conjectures-erdos-44,erdos:44,Formal Conjectures: erdos_44,Google DeepMind Formal Conjectures,research_mathematics,,50,answer_query,answer_discovery,not_counterexample_target,0,15,4,2,0,2,4
2724,4,13,22,27,14,formal-conjectures-erdos-44-variants-empty-start,erdos:44,Formal Conjectures: erdos_44.variants.empty_start,Google DeepMind Formal Conjectures,research_mathematics,,50,answer_query,answer_discovery,not_counterexample_target,0,15,4,2,0,2,4
2725,4,13,22,27,14,formal-conjectures-erdos-455,erdos:455,Formal Conjectures: erdos_455,Google DeepMind Formal Conjectures,research_mathematics,,50,answer_query,answer_discovery,not_counterexample_target,0,15,4,2,0,2,4
2726,4,13,22,27,14,formal-conjectures-erdos-463,erdos:463,Formal Conjectures: erdos_463,Google DeepMind Formal Conjectures,research_mathematics,,50,answer_query,answer_discovery,not_counterexample_target,0,15,3,2,1,2,4
2727,4,13,22,27,14,formal-conjectures-erdos-470-parts-ii,erdos:470,Formal Conjectures: erdos_470.parts.ii,Google DeepMind Formal Conjectures,research_mathematics,,50,answer_query,answer_discovery,not_counterexample_target,0,15,3,3,0,2,4
2728,4,13,22,27,14,formal-conjectures-erdos-510,erdos:510,Formal Conjectures: erdos_510,Google DeepMind Formal Conjectures,research_mathematics,,50,answer_query,answer_discovery,not_counterexample_target,0,15,4,2,0,2,4
2729,4,13,22,27,14,formal-conjectures-erdos-520,erdos:520,Formal Conjectures: erdos_520,Google DeepMind Formal Conjectures,research_mathematics,,50,answer_query,answer_discovery,not_counterexample_target,0,15,4,2,0,2,4
2730,4,13,22,27,14,formal-conjectures-erdos-522,erdos:522,Formal Conjectures: erdos_522,Google DeepMind Formal Conjectures,research_mathematics,,50,answer_query,answer_discovery,not_counterexample_target,0,15,4,2,0,2,4
2731,4,13,22,27,14,formal-conjectures-erdos-522-variants-zero-one,erdos:522,Formal Conjectures: erdos_522.variants.zero_one,Google DeepMind Formal Conjectures,research_mathematics,,50,answer_query,answer_discovery,not_counterexample_target,0,15,4,2,0,2,4
2732,4,13,22,27,14,formal-conjectures-erdos-536,erdos:536,Formal Conjectures: erdos_536,Google DeepMind Formal Conjectures,research_mathematics,,50,answer_query,answer_discovery,not_counterexample_target,0,15,4,2,0,2,4
2733,4,13,22,27,14,formal-conjectures-erdos-539,erdos:539,Formal Conjectures: erdos_539,Google DeepMind Formal Conjectures,research_mathematics,,50,answer_query,answer_discovery,not_counterexample_target,0,15,4,2,0,2,4
2734,4,13,22,27,14,formal-conjectures-erdos-562,erdos:562,Formal Conjectures: erdos_562,Google DeepMind Formal Conjectures,research_mathematics,,50,answer_query,answer_discovery,not_counterexample_target,0,15,4,2,0,2,4
2735,4,13,22,27,14,formal-conjectures-erdos-564,erdos:564,Formal Conjectures: erdos_564,Google DeepMind Formal Conjectures,research_mathematics,,50,answer_query,answer_discovery,not_counterexample_target,0,15,4,2,0,2,4
2736,4,13,22,27,14,formal-conjectures-erdos-66,erdos:66,Formal Conjectures: erdos_66,Google DeepMind Formal Conjectures,research_mathematics,,50,answer_query,answer_discovery,not_counterexample_target,0,15,4,2,0,2,4
2737,4,13,22,27,14,formal-conjectures-erdos-681,erdos:681,Formal Conjectures: erdos_681,Google DeepMind Formal Conjectures,research_mathematics,,50,answer_query,answer_discovery,not_counterexample_target,0,15,3,2,1,2,4
2738,4,13,22,27,14,formal-conjectures-erdos-688-parts-ii,erdos:688,Formal Conjectures: erdos_688.parts.ii,Google DeepMind Formal Conjectures,research_mathematics,,50,answer_query,answer_discovery,not_counterexample_target,0,15,3,2,1,2,4
2739,4,13,22,27,14,formal-conjectures-erdos-689,erdos:689,Formal Conjectures: erdos_689,Google DeepMind Formal Conjectures,research_mathematics,,50,answer_query,answer_discovery,not_counterexample_target,0,15,4,2,0,2,4
2740,4,13,22,27,14,formal-conjectures-erdos-730,erdos:730,Formal Conjectures: erdos_730,Google DeepMind Formal Conjectures,research_mathematics,,50,answer_query,answer_discovery,not_counterexample_target,0,15,3,3,0,2,4
2741,4,13,22,27,14,formal-conjectures-erdos-770-parts-iii,erdos:770,Formal Conjectures: erdos_770.parts.iii,Google DeepMind Formal Conjectures,research_mathematics,,50,answer_query,answer_discovery,not_counterexample_target,0,15,3,2,1,2,4
2742,4,13,22,27,14,formal-conjectures-erdos-830-parts-i,erdos:830,Formal Conjectures: erdos_830.parts.i,Google DeepMind Formal Conjectures,research_mathematics,,50,answer_query,answer_discovery,not_counterexample_target,0,15,3,3,0,2,4
2743,4,13,22,27,14,formal-conjectures-erdos-857,erdos:857,Formal Conjectures: erdos_857,Google DeepMind Formal Conjectures,research_mathematics,,50,answer_query,answer_discovery,not_counterexample_target,0,15,4,2,0,2,4
2744,4,13,22,27,14,formal-conjectures-erdos-873,erdos:873,Formal Conjectures: erdos_873,Google DeepMind Formal Conjectures,research_mathematics,,50,answer_query,answer_discovery,not_counterexample_target,0,15,3,2,1,2,4
2745,4,13,22,27,14,formal-conjectures-erdos-886,erdos:886,Formal Conjectures: erdos_886,Google DeepMind Formal Conjectures,research_mathematics,,50,answer_query,answer_discovery,not_counterexample_target,0,15,4,2,0,2,4
2746,4,13,22,27,14,formal-conjectures-erdos-897-variants-parts-i,erdos:897,Formal Conjectures: erdos_897.variants.parts.i,Google DeepMind Formal Conjectures,research_mathematics,,50,answer_query,answer_discovery,not_counterexample_target,0,15,3,2,1,2,4
2747,4,13,22,27,14,formal-conjectures-erdos-897-variants-parts-ii,erdos:897,Formal Conjectures: erdos_897.variants.parts.ii,Google DeepMind Formal Conjectures,research_mathematics,,50,answer_query,answer_discovery,not_counterexample_target,0,15,3,2,1,2,4
2748,4,13,22,27,14,formal-conjectures-erdos-92-variants-weak,erdos:92,Formal Conjectures: erdos_92.variants.weak,Google DeepMind Formal Conjectures,research_mathematics,,50,answer_query,answer_discovery,not_counterexample_target,0,15,4,2,0,2,4
2749,4,13,22,27,14,formal-conjectures-erdos-940-variants-large-integers,erdos:940,Formal Conjectures: erdos_940.variants.large_integers,Google DeepMind Formal Conjectures,research_mathematics,,50,answer_query,answer_discovery,not_counterexample_target,0,15,4,2,0,2,4
2750,4,13,22,27,14,formal-conjectures-erdos-942,erdos:942,Formal Conjectures: erdos_942,Google DeepMind Formal Conjectures,research_mathematics,,50,answer_query,answer_discovery,not_counterexample_target,0,15,3,2,1,2,4
2751,4,13,22,27,14,formal-conjectures-erdos-943,erdos:943,Formal Conjectures: erdos_943,Google DeepMind Formal Conjectures,research_mathematics,,50,answer_query,answer_discovery,not_counterexample_target,0,15,4,2,0,2,4
2752,4,13,22,27,14,formal-conjectures-erdos-951,erdos:951,Formal Conjectures: erdos_951,Google DeepMind Formal Conjectures,research_mathematics,,50,answer_query,answer_discovery,not_counterexample_target,0,15,4,2,0,2,4
2753,4,13,22,27,14,formal-conjectures-erdos-961,erdos:961,Formal Conjectures: erdos_961,Google DeepMind Formal Conjectures,research_mathematics,,50,answer_query,answer_discovery,not_counterexample_target,0,15,3,2,1,2,4
2754,4,13,22,27,14,formal-conjectures-erdos-962,erdos:962,Formal Conjectures: erdos_962,Google DeepMind Formal Conjectures,research_mathematics,,50,answer_query,answer_discovery,not_counterexample_target,0,15,4,2,0,2,4
2755,4,13,22,27,14,formal-conjectures-erdos-971,erdos:971,Formal Conjectures: erdos_971,Google DeepMind Formal Conjectures,research_mathematics,,50,answer_query,answer_discovery,not_counterexample_target,0,15,4,2,0,2,4
2756,4,13,22,27,14,formal-conjectures-erdos-99,erdos:99,Formal Conjectures: erdos_99,Google DeepMind Formal Conjectures,research_mathematics,,50,answer_query,answer_discovery,not_counterexample_target,0,15,4,2,0,2,4
2757,4,13,22,27,14,formal-conjectures-erdos-996,erdos:996,Formal Conjectures: erdos_996,Google DeepMind Formal Conjectures,research_mathematics,,50,answer_query,answer_discovery,not_counterexample_target,0,15,3,2,1,2,4
2758,4,13,22,27,14,formal-conjectures-erdos124-ne-zero,erdos:124,Formal Conjectures: erdos124.ne_zero,Google DeepMind Formal Conjectures,research_mathematics,,50,answer_query,answer_discovery,not_counterexample_target,0,15,4,2,0,2,4
2759,4,13,22,27,14,formal-conjectures-f-asymptotic-2,erdos:1092,Formal Conjectures: f_asymptotic_2,Google DeepMind Formal Conjectures,research_mathematics,,50,answer_query,answer_discovery,not_counterexample_target,0,15,3,2,1,2,4
2760,4,13,22,27,14,formal-conjectures-green-14-polynomial,formal_conjectures:formal-conjectures-green-14-polynomial,Formal Conjectures: green_14_polynomial,Google DeepMind Formal Conjectures,research_mathematics,,50,answer_query,answer_discovery,not_counterexample_target,0,15,4,2,0,2,4
2761,4,13,22,27,14,formal-conjectures-green-2,formal_conjectures:formal-conjectures-green-2,Formal Conjectures: green_2,Google DeepMind Formal Conjectures,research_mathematics,,50,answer_query,answer_discovery,not_counterexample_target,0,15,4,2,0,2,4
2762,4,13,22,27,14,formal-conjectures-green-32-variants-log-regime,formal_conjectures:formal-conjectures-green-32-variants-log-regime,Formal Conjectures: green_32.variants.log_regime,Google DeepMind Formal Conjectures,research_mathematics,,50,answer_query,answer_discovery,not_counterexample_target,0,15,3,2,0,3,4
2763,4,13,22,27,14,formal-conjectures-green-33,formal_conjectures:formal-conjectures-green-33,Formal Conjectures: green_33,Google DeepMind Formal Conjectures,research_mathematics,,50,answer_query,answer_discovery,not_counterexample_target,0,15,4,2,0,2,4
2764,4,13,22,27,14,formal-conjectures-green-36,formal_conjectures:formal-conjectures-green-36,Formal Conjectures: green_36,Google DeepMind Formal Conjectures,research_mathematics,,50,answer_query,answer_discovery,not_counterexample_target,0,15,4,2,0,2,4
2765,4,13,22,27,14,formal-conjectures-green-36-variants-cks05,formal_conjectures:formal-conjectures-green-36-variants-cks05,Formal Conjectures: green_36.variants.cks05,Google DeepMind Formal Conjectures,research_mathematics,,50,answer_query,answer_discovery,not_counterexample_target,0,15,4,2,0,2,4
2766,4,13,22,27,14,formal-conjectures-green-37-asymptotic,formal_conjectures:formal-conjectures-green-37-asymptotic,Formal Conjectures: green_37_asymptotic,Google DeepMind Formal Conjectures,research_mathematics,,50,answer_query,answer_discovery,not_counterexample_target,0,15,3,2,1,2,4
2767,4,13,22,27,14,formal-conjectures-green-37-bigo,formal_conjectures:formal-conjectures-green-37-bigo,Formal Conjectures: green_37_bigO,Google DeepMind Formal Conjectures,research_mathematics,,50,answer_query,answer_discovery,not_counterexample_target,0,15,3,2,1,2,4
2768,4,13,22,27,14,formal-conjectures-green-37-littleo,formal_conjectures:formal-conjectures-green-37-littleo,Formal Conjectures: green_37_littleO,Google DeepMind Formal Conjectures,research_mathematics,,50,answer_query,answer_discovery,not_counterexample_target,0,15,3,2,1,2,4
2769,4,13,22,27,14,formal-conjectures-green-37-theta,formal_conjectures:formal-conjectures-green-37-theta,Formal Conjectures: green_37_theta,Google DeepMind Formal Conjectures,research_mathematics,,50,answer_query,answer_discovery,not_counterexample_target,0,15,3,2,1,2,4
2770,4,13,22,27,14,formal-conjectures-green-39-variant-theta,formal_conjectures:formal-conjectures-green-39-variant-theta,Formal Conjectures: green_39.variant_theta,Google DeepMind Formal Conjectures,research_mathematics,,50,answer_query,answer_discovery,not_counterexample_target,0,15,4,2,0,2,4
2771,4,13,22,27,14,formal-conjectures-green-61,formal_conjectures:formal-conjectures-green-61,Formal Conjectures: green_61,Google DeepMind Formal Conjectures,research_mathematics,,50,answer_query,answer_discovery,not_counterexample_target,0,15,4,2,0,2,4
2772,4,13,22,27,14,formal-conjectures-green-62,formal_conjectures:formal-conjectures-green-62,Formal Conjectures: green_62,Google DeepMind Formal Conjectures,research_mathematics,,50,answer_query,answer_discovery,not_counterexample_target,0,15,4,2,0,2,4
2773,4,13,22,27,14,formal-conjectures-voronovskaja-theorem-bezier-bernstein-operators,formal_conjectures:formal-conjectures-voronovskaja-theorem-bezier-bernstein-operators,Formal Conjectures: voronovskaja_theorem.bezier_bernstein_operators,Google DeepMind Formal Conjectures,research_mathematics,,50,answer_query,answer_discovery,not_counterexample_target,0,15,4,2,0,2,4
2774,4,13,22,27,14,formal-conjectures-voronovskaja-theorem-bezier-bernstein-operators-variants-answer-smoothness,formal_conjectures:formal-conjectures-voronovskaja-theorem-bezier-bernstein-operators-variants-answer-smoothness,Formal Conjectures: voronovskaja_theorem.bezier_bernstein_operators.variants.answer_smoothness,Google DeepMind Formal Conjectures,research_mathematics,,50,answer_query,answer_discovery,not_counterexample_target,0,15,4,2,0,2,4
2775,4,13,22,27,14,formal-conjectures-voronovskaja-theorem-bezier-bernstein-operators-variants-eventually-smooth,formal_conjectures:formal-conjectures-voronovskaja-theorem-bezier-bernstein-operators-variants-eventually-smooth,Formal Conjectures: voronovskaja_theorem.bezier_bernstein_operators.variants.eventually_smooth,Google DeepMind Formal Conjectures,research_mathematics,,50,answer_query,answer_discovery,not_counterexample_target,0,15,4,2,0,2,4
2776,4,13,22,26,13,formal-conjectures-eqsystem-no-solution-ge6-ge3,formal_conjectures:formal-conjectures-eqsystem-no-solution-ge6-ge3,Formal Conjectures: eqSystem_no_solution_ge6_ge3,Google DeepMind Formal Conjectures,research_mathematics,,50,answer_query,answer_discovery,not_counterexample_target,0,15,4,1,0,2,4
2777,4,13,22,26,13,formal-conjectures-eqsystem6-no-solution-ge3,formal_conjectures:formal-conjectures-eqsystem6-no-solution-ge3,Formal Conjectures: eqSystem6_no_solution_ge3,Google DeepMind Formal Conjectures,research_mathematics,,50,answer_query,answer_discovery,not_counterexample_target,0,15,4,1,0,2,4
2778,4,13,22,25,12,unsolvedmath-kp-2.14,unsolvedmath:unsolvedmath-kp-2.14,Kirby Problem 2.14,UnsolvedMath,topology,3,60,existence_claim,witness_discovery,needs_atomic_split,0,15,3,5,0,0,2
2779,4,13,22,25,12,unsolvedmath-kp-3.22,unsolvedmath:unsolvedmath-kp-3.22,Kirby Problem 3.22,UnsolvedMath,topology,3,60,classification_or_optimization,subclaim_decomposition,needs_atomic_split,4,15,2,1,0,1,2
2780,4,13,22,25,12,unsolvedmath-kp-3.4,unsolvedmath:unsolvedmath-kp-3.4,Kirby Problem 3.4,UnsolvedMath,topology,3,60,universal_claim,counterexample,needs_atomic_split,4,15,2,1,0,1,2
2781,4,13,22,25,12,unsolvedmath-kp-4.33,unsolvedmath:unsolvedmath-kp-4.33,Kirby Problem 4.33,UnsolvedMath,topology,3,60,existence_claim,witness_discovery,needs_atomic_split,0,15,2,3,0,3,2
2782,4,13,22,25,12,unsolvedmath-kp-5.13,unsolvedmath:unsolvedmath-kp-5.13,Kirby Problem 5.13,UnsolvedMath,topology,3,60,universal_claim,counterexample,needs_atomic_split,4,15,2,1,0,1,2
2783,4,13,22,25,12,formal-conjectures-navier-stokes-breakdown-periodic,formal_conjectures:formal-conjectures-navier-stokes-breakdown-periodic,Formal Conjectures: navier_stokes_breakdown_periodic,Google DeepMind Formal Conjectures,research_mathematics,,50,existence_claim,witness_discovery,not_counterexample_target,0,15,3,1,0,2,4
2784,4,13,22,25,12,formal-conjectures-navier-stokes-breakdown-r3,formal_conjectures:formal-conjectures-navier-stokes-breakdown-r3,Formal Conjectures: navier_stokes_breakdown_R3,Google DeepMind Formal Conjectures,research_mathematics,,50,existence_claim,witness_discovery,not_counterexample_target,0,15,3,1,0,2,4
2785,4,13,22,23,10,unsolvedmath-kp-1.52,unsolvedmath:unsolvedmath-kp-1.52,Kirby Problem 1.52,UnsolvedMath,topology,3,60,existence_claim,witness_discovery,needs_atomic_split,0,15,2,3,0,1,2
2786,4,13,22,23,10,unsolvedmath-kp-1.54,unsolvedmath:unsolvedmath-kp-1.54,Kirby Problem 1.54,UnsolvedMath,topology,3,60,existence_claim,witness_discovery,needs_atomic_split,0,15,3,3,0,0,2
2787,4,13,22,23,10,unsolvedmath-kp-1.80,unsolvedmath:unsolvedmath-kp-1.80,Kirby Problem 1.80,UnsolvedMath,topology,3,60,existence_claim,witness_discovery,needs_atomic_split,0,15,2,3,0,1,2
2788,4,13,22,23,10,unsolvedmath-kp-3.39,unsolvedmath:unsolvedmath-kp-3.39,Kirby Problem 3.39,UnsolvedMath,topology,3,60,existence_claim,witness_discovery,needs_atomic_split,0,15,2,3,0,1,2
2789,4,13,22,23,10,unsolvedmath-kp-4.87,unsolvedmath:unsolvedmath-kp-4.87,Kirby Problem 4.87,UnsolvedMath,topology,3,60,existence_claim,witness_discovery,needs_atomic_split,0,15,2,3,0,1,2
2790,4,11,18,30,19,unsolvedmath-st-002,unsolvedmath:unsolvedmath-st-002,Woodin's GCH below Strongly Compact Cardinals,UnsolvedMath,set_theory,5,100,unclassified_question,formal_modeling,modeling_candidate,5,15,4,3,0,1,2
2791,4,11,18,30,19,unsolvedmath-st-007,unsolvedmath:unsolvedmath-st-007,Woodin's Ω-Conjecture,UnsolvedMath,set_theory,5,100,unclassified_question,formal_modeling,modeling_candidate,5,15,4,3,0,1,2
2792,4,11,18,30,19,unsolvedmath-st-011,unsolvedmath:unsolvedmath-st-011,Reinhardt Cardinals without Choice,UnsolvedMath,set_theory,5,100,unclassified_question,formal_modeling,modeling_candidate,5,15,4,3,0,1,2
2793,4,11,18,23,12,unsolvedmath-kp-3.18,unsolvedmath:unsolvedmath-kp-3.18,Kirby Problem 3.18,UnsolvedMath,topology,3,60,existence_claim,witness_discovery,not_counterexample_target,0,15,2,3,0,1,2
2794,4,11,18,23,12,unsolvedmath-kp-3.44,unsolvedmath:unsolvedmath-kp-3.44,Kirby Problem 3.44,UnsolvedMath,topology,3,60,existence_claim,witness_discovery,not_counterexample_target,0,15,2,3,0,1,2
2795,4,11,18,23,12,unsolvedmath-kp-4.122,unsolvedmath:unsolvedmath-kp-4.122,Kirby Problem 4.122,UnsolvedMath,topology,3,60,existence_claim,witness_discovery,not_counterexample_target,0,15,2,3,0,1,2
2796,4,11,18,23,12,unsolvedmath-kp-4.129,unsolvedmath:unsolvedmath-kp-4.129,Kirby Problem 4.129,UnsolvedMath,topology,3,60,existence_claim,witness_discovery,not_counterexample_target,0,15,2,3,0,1,2
2797,4,11,18,23,12,unsolvedmath-kp-4.17,unsolvedmath:unsolvedmath-kp-4.17,Kirby Problem 4.17,UnsolvedMath,topology,3,60,existence_claim,witness_discovery,not_counterexample_target,0,15,2,3,0,1,2
2798,4,11,18,23,12,unsolvedmath-kp-4.52,unsolvedmath:unsolvedmath-kp-4.52,Kirby Problem 4.52,UnsolvedMath,topology,3,60,existence_claim,witness_discovery,not_counterexample_target,0,15,2,3,0,1,2
2799,4,11,18,23,12,unsolvedmath-kp-4.69,unsolvedmath:unsolvedmath-kp-4.69,Kirby Problem 4.69,UnsolvedMath,topology,3,60,existence_claim,witness_discovery,not_counterexample_target,0,15,3,3,0,0,2
2800,4,11,18,23,12,unsolvedmath-kp-4.70,unsolvedmath:unsolvedmath-kp-4.70,Kirby Problem 4.70,UnsolvedMath,topology,3,60,existence_claim,witness_discovery,not_counterexample_target,0,15,2,3,0,1,2
2801,4,11,18,23,12,unsolvedmath-kp-4.74,unsolvedmath:unsolvedmath-kp-4.74,Kirby Problem 4.74,UnsolvedMath,topology,3,60,existence_claim,witness_discovery,not_counterexample_target,0,15,3,3,0,0,2
2802,4,11,18,23,12,unsolvedmath-kp-5.17,unsolvedmath:unsolvedmath-kp-5.17,Kirby Problem 5.17,UnsolvedMath,topology,3,60,existence_claim,witness_discovery,not_counterexample_target,0,15,2,3,0,1,2
2803,4,11,18,23,12,unsolvedmath-kp-5.8,unsolvedmath:unsolvedmath-kp-5.8,Kirby Problem 5.8,UnsolvedMath,topology,3,60,existence_claim,witness_discovery,not_counterexample_target,0,15,2,3,0,1,2
2804,3,12,21,26,14,formal-conjectures-cookson-hills-series-converges,formal_conjectures:formal-conjectures-cookson-hills-series-converges,Formal Conjectures: cookson_hills_series_converges,Google DeepMind Formal Conjectures,research_mathematics,,50,answer_query,answer_discovery,not_counterexample_target,0,15,3,2,0,2,4
2805,3,12,21,26,14,formal-conjectures-erdos-1085-variants-upper-d3,erdos:1085,Formal Conjectures: erdos_1085.variants.upper_d3,Google DeepMind Formal Conjectures,research_mathematics,,50,answer_query,answer_discovery,not_counterexample_target,0,15,3,2,0,2,4
2806,3,12,21,26,14,formal-conjectures-erdos-12-parts-iii,erdos:12,Formal Conjectures: erdos_12.parts.iii,Google DeepMind Formal Conjectures,research_mathematics,,50,answer_query,answer_discovery,not_counterexample_target,0,15,3,2,0,2,4
2807,3,12,21,26,14,formal-conjectures-erdos-14-parts-ii,erdos:14,Formal Conjectures: erdos_14.parts.ii,Google DeepMind Formal Conjectures,research_mathematics,,50,answer_query,answer_discovery,not_counterexample_target,0,15,3,2,0,2,4
2808,3,12,21,26,14,formal-conjectures-erdos-142-variants-three,erdos:142,Formal Conjectures: erdos_142.variants.three,Google DeepMind Formal Conjectures,research_mathematics,,50,answer_query,answer_discovery,not_counterexample_target,0,15,3,2,0,2,4
2809,3,12,21,26,14,formal-conjectures-erdos-143-parts-i,erdos:143,Formal Conjectures: erdos_143.parts.i,Google DeepMind Formal Conjectures,research_mathematics,,50,answer_query,answer_discovery,not_counterexample_target,0,15,4,1,0,2,4
2810,3,12,21,26,14,formal-conjectures-erdos-145,erdos:145,Formal Conjectures: erdos_145,Google DeepMind Formal Conjectures,research_mathematics,,50,answer_query,answer_discovery,not_counterexample_target,0,15,4,1,0,2,4
2811,3,12,21,26,14,formal-conjectures-erdos-155,erdos:155,Formal Conjectures: erdos_155,Google DeepMind Formal Conjectures,research_mathematics,,50,answer_query,answer_discovery,not_counterexample_target,0,15,4,1,0,2,4
2812,3,12,21,26,14,formal-conjectures-erdos-160-better-upper,erdos:160,Formal Conjectures: erdos_160.better_upper,Google DeepMind Formal Conjectures,research_mathematics,,50,answer_query,answer_discovery,not_counterexample_target,0,15,3,2,0,2,4
2813,3,12,21,26,14,formal-conjectures-erdos-200,erdos:200,Formal Conjectures: erdos_200,Google DeepMind Formal Conjectures,research_mathematics,,50,answer_query,answer_discovery,not_counterexample_target,0,15,3,2,0,2,4
2814,3,12,21,26,14,formal-conjectures-erdos-257,erdos:257,Formal Conjectures: erdos_257,Google DeepMind Formal Conjectures,research_mathematics,,50,answer_query,answer_discovery,not_counterexample_target,0,15,3,2,0,2,4
2815,3,12,21,26,14,formal-conjectures-erdos-260,erdos:260,Formal Conjectures: erdos_260,Google DeepMind Formal Conjectures,research_mathematics,,50,answer_query,answer_discovery,not_counterexample_target,0,15,3,2,0,2,4
2816,3,12,21,26,14,formal-conjectures-erdos-282-variants-general,erdos:282,Formal Conjectures: erdos_282.variants.general,Google DeepMind Formal Conjectures,research_mathematics,,50,answer_query,answer_discovery,not_counterexample_target,0,15,3,2,0,2,4
2817,3,12,21,26,14,formal-conjectures-erdos-282-variants-graham,erdos:282,Formal Conjectures: erdos_282.variants.graham,Google DeepMind Formal Conjectures,research_mathematics,,50,answer_query,answer_discovery,not_counterexample_target,0,15,3,2,0,2,4
2818,3,12,21,26,14,formal-conjectures-erdos-321-variants-isbigo,erdos:321,Formal Conjectures: erdos_321.variants.isBigO,Google DeepMind Formal Conjectures,research_mathematics,,50,answer_query,answer_discovery,not_counterexample_target,0,15,3,2,0,2,4
2819,3,12,21,26,14,formal-conjectures-erdos-321-variants-islittleo,erdos:321,Formal Conjectures: erdos_321.variants.isLittleO,Google DeepMind Formal Conjectures,research_mathematics,,50,answer_query,answer_discovery,not_counterexample_target,0,15,3,2,0,2,4
2820,3,12,21,26,14,formal-conjectures-erdos-321-variants-istheta,erdos:321,Formal Conjectures: erdos_321.variants.isTheta,Google DeepMind Formal Conjectures,research_mathematics,,50,answer_query,answer_discovery,not_counterexample_target,0,15,3,2,0,2,4
2821,3,12,21,26,14,formal-conjectures-erdos-346,erdos:346,Formal Conjectures: erdos_346,Google DeepMind Formal Conjectures,research_mathematics,,50,answer_query,answer_discovery,not_counterexample_target,0,15,3,2,0,2,4
2822,3,12,21,26,14,formal-conjectures-erdos-357-parts-ii-bigo-version,erdos:357,Formal Conjectures: erdos_357.parts.ii.bigO_version,Google DeepMind Formal Conjectures,research_mathematics,,50,answer_query,answer_discovery,not_counterexample_target,0,15,3,2,0,2,4
2823,3,12,21,26,14,formal-conjectures-erdos-357-parts-ii-bigo-version-symm,erdos:357,Formal Conjectures: erdos_357.parts.ii.bigO_version_symm,Google DeepMind Formal Conjectures,research_mathematics,,50,answer_query,answer_discovery,not_counterexample_target,0,15,3,2,0,2,4
2824,3,12,21,26,14,formal-conjectures-erdos-357-parts-ii-bigtheta-version,erdos:357,Formal Conjectures: erdos_357.parts.ii.bigTheta_version,Google DeepMind Formal Conjectures,research_mathematics,,50,answer_query,answer_discovery,not_counterexample_target,0,15,3,2,0,2,4
2825,3,12,21,26,14,formal-conjectures-erdos-357-parts-ii-littleo-version,erdos:357,Formal Conjectures: erdos_357.parts.ii.littleO_version,Google DeepMind Formal Conjectures,research_mathematics,,50,answer_query,answer_discovery,not_counterexample_target,0,15,3,2,0,2,4
2826,3,12,21,26,14,formal-conjectures-erdos-357-parts-ii-littleo-version-symm,erdos:357,Formal Conjectures: erdos_357.parts.ii.littleO_version_symm,Google DeepMind Formal Conjectures,research_mathematics,,50,answer_query,answer_discovery,not_counterexample_target,0,15,3,2,0,2,4
2827,3,12,21,26,14,formal-conjectures-erdos-36-variants-lower,erdos:36,Formal Conjectures: erdos_36.variants.lower,Google DeepMind Formal Conjectures,research_mathematics,,50,answer_query,answer_discovery,not_counterexample_target,0,15,4,1,0,2,4
2828,3,12,21,26,14,formal-conjectures-erdos-36-variants-upper,erdos:36,Formal Conjectures: erdos_36.variants.upper,Google DeepMind Formal Conjectures,research_mathematics,,50,answer_query,answer_discovery,not_counterexample_target,0,15,4,1,0,2,4
2829,3,12,21,26,14,formal-conjectures-erdos-390,erdos:390,Formal Conjectures: erdos_390,Google DeepMind Formal Conjectures,research_mathematics,,50,answer_query,answer_discovery,not_counterexample_target,0,15,3,2,0,2,4
2830,3,12,21,26,14,formal-conjectures-erdos-394-parts-ii,erdos:394,Formal Conjectures: erdos_394.parts.ii,Google DeepMind Formal Conjectures,research_mathematics,,50,answer_query,answer_discovery,not_counterexample_target,0,15,4,1,0,2,4
2831,3,12,21,26,14,formal-conjectures-erdos-417-parts-i,erdos:417,Formal Conjectures: erdos_417.parts.i,Google DeepMind Formal Conjectures,research_mathematics,,50,answer_query,answer_discovery,not_counterexample_target,0,15,4,1,0,2,4
2832,3,12,21,26,14,formal-conjectures-erdos-417-parts-ii,erdos:417,Formal Conjectures: erdos_417.parts.ii,Google DeepMind Formal Conjectures,research_mathematics,,50,answer_query,answer_discovery,not_counterexample_target,0,15,4,1,0,2,4
2833,3,12,21,26,14,formal-conjectures-erdos-422-variants-growth-rate,erdos:422,Formal Conjectures: erdos_422.variants.growth_rate,Google DeepMind Formal Conjectures,research_mathematics,,50,answer_query,answer_discovery,not_counterexample_target,0,15,3,2,0,2,4
2834,3,12,21,26,14,formal-conjectures-erdos-445,erdos:445,Formal Conjectures: erdos_445,Google DeepMind Formal Conjectures,research_mathematics,,50,answer_query,answer_discovery,not_counterexample_target,0,15,3,2,0,2,4
2835,3,12,21,26,14,formal-conjectures-erdos-454,erdos:454,Formal Conjectures: erdos_454,Google DeepMind Formal Conjectures,research_mathematics,,50,answer_query,answer_discovery,not_counterexample_target,0,15,3,2,0,2,4
2836,3,12,21,26,14,formal-conjectures-erdos-469,erdos:469,Formal Conjectures: erdos_469,Google DeepMind Formal Conjectures,research_mathematics,,50,answer_query,answer_discovery,not_counterexample_target,0,15,3,2,0,2,4
2837,3,12,21,26,14,formal-conjectures-erdos-495,erdos:495,Formal Conjectures: erdos_495,Google DeepMind Formal Conjectures,research_mathematics,,50,answer_query,answer_discovery,not_counterexample_target,0,15,3,2,0,2,4
2838,3,12,21,26,14,formal-conjectures-erdos-507-equivalent,erdos:507,Formal Conjectures: erdos_507.equivalent,Google DeepMind Formal Conjectures,research_mathematics,,50,answer_query,answer_discovery,not_counterexample_target,0,15,3,2,0,2,4
2839,3,12,21,26,14,formal-conjectures-erdos-507-lower,erdos:507,Formal Conjectures: erdos_507.lower,Google DeepMind Formal Conjectures,research_mathematics,,50,answer_query,answer_discovery,not_counterexample_target,0,15,3,2,0,2,4
2840,3,12,21,26,14,formal-conjectures-erdos-507-upper,erdos:507,Formal Conjectures: erdos_507.upper,Google DeepMind Formal Conjectures,research_mathematics,,50,answer_query,answer_discovery,not_counterexample_target,0,15,3,2,0,2,4
2841,3,12,21,26,14,formal-conjectures-erdos-51,erdos:51,Formal Conjectures: erdos_51,Google DeepMind Formal Conjectures,research_mathematics,,50,answer_query,answer_discovery,not_counterexample_target,0,15,3,2,0,2,4
2842,3,12,21,26,14,formal-conjectures-erdos-539-variants-limit,erdos:539,Formal Conjectures: erdos_539.variants.limit,Google DeepMind Formal Conjectures,research_mathematics,,50,answer_query,answer_discovery,not_counterexample_target,0,15,4,1,0,2,4
2843,3,12,21,26,14,formal-conjectures-erdos-647-variants-lim,erdos:647,Formal Conjectures: erdos_647.variants.lim,Google DeepMind Formal Conjectures,research_mathematics,,50,answer_query,answer_discovery,not_counterexample_target,0,15,3,2,0,2,4
2844,3,12,21,26,14,formal-conjectures-erdos-688-parts-i-lower-bound,erdos:688,Formal Conjectures: erdos_688.parts.i.lower_bound,Google DeepMind Formal Conjectures,research_mathematics,,50,answer_query,answer_discovery,not_counterexample_target,0,15,3,2,0,2,4
2845,3,12,21,26,14,formal-conjectures-erdos-688-parts-i-upper-bound,erdos:688,Formal Conjectures: erdos_688.parts.i.upper_bound,Google DeepMind Formal Conjectures,research_mathematics,,50,answer_query,answer_discovery,not_counterexample_target,0,15,3,2,0,2,4
2846,3,12,21,26,14,formal-conjectures-erdos-695,erdos:695,Formal Conjectures: erdos_695,Google DeepMind Formal Conjectures,research_mathematics,,50,answer_query,answer_discovery,not_counterexample_target,0,15,3,2,0,2,4
2847,3,12,21,26,14,formal-conjectures-erdos-789,erdos:789,Formal Conjectures: erdos_789,Google DeepMind Formal Conjectures,research_mathematics,,50,answer_query,answer_discovery,not_counterexample_target,0,15,3,2,0,2,4
2848,3,12,21,26,14,formal-conjectures-erdos-812-parts-i,erdos:812,Formal Conjectures: erdos_812.parts.i,Google DeepMind Formal Conjectures,research_mathematics,,50,answer_query,answer_discovery,not_counterexample_target,0,15,4,1,0,2,4
2849,3,12,21,26,14,formal-conjectures-erdos-826,erdos:826,Formal Conjectures: erdos_826,Google DeepMind Formal Conjectures,research_mathematics,,50,answer_query,answer_discovery,not_counterexample_target,0,15,4,1,0,2,4
2850,3,12,21,26,14,formal-conjectures-erdos-855,erdos:855,Formal Conjectures: erdos_855,Google DeepMind Formal Conjectures,research_mathematics,,50,answer_query,answer_discovery,not_counterexample_target,0,15,4,1,0,2,4
2851,3,12,21,26,14,formal-conjectures-erdos-887-parts-i,erdos:887,Formal Conjectures: erdos_887.parts.i,Google DeepMind Formal Conjectures,research_mathematics,,50,answer_query,answer_discovery,not_counterexample_target,0,15,4,1,0,2,4
2852,3,12,21,26,14,formal-conjectures-erdos-890-parts-a,erdos:890,Formal Conjectures: erdos_890.parts.a,Google DeepMind Formal Conjectures,research_mathematics,,50,answer_query,answer_discovery,not_counterexample_target,0,15,4,1,0,2,4
2853,3,12,21,26,14,formal-conjectures-erdos-890-parts-b,erdos:890,Formal Conjectures: erdos_890.parts.b,Google DeepMind Formal Conjectures,research_mathematics,,50,answer_query,answer_discovery,not_counterexample_target,0,15,4,1,0,2,4
2854,3,12,21,26,14,formal-conjectures-erdos-891-variants-case-k-2,erdos:891,Formal Conjectures: erdos_891.variants.case_k_2,Google DeepMind Formal Conjectures,research_mathematics,,50,answer_query,answer_discovery,not_counterexample_target,0,15,4,1,0,2,4
2855,3,12,21,26,14,formal-conjectures-erdos-893,erdos:893,Formal Conjectures: erdos_893,Google DeepMind Formal Conjectures,research_mathematics,,50,answer_query,answer_discovery,not_counterexample_target,0,15,3,2,0,2,4
2856,3,12,21,26,14,formal-conjectures-erdos-91,erdos:91,Formal Conjectures: erdos_91,Google DeepMind Formal Conjectures,research_mathematics,,50,answer_query,answer_discovery,not_counterexample_target,0,15,3,2,0,2,4
2857,3,12,21,26,14,formal-conjectures-erdos-92-variants-strong,erdos:92,Formal Conjectures: erdos_92.variants.strong,Google DeepMind Formal Conjectures,research_mathematics,,50,answer_query,answer_discovery,not_counterexample_target,0,15,4,1,0,2,4
2858,3,12,21,26,14,formal-conjectures-erdos-979,erdos:979,Formal Conjectures: erdos_979,Google DeepMind Formal Conjectures,research_mathematics,,50,answer_query,answer_discovery,not_counterexample_target,0,15,4,1,0,2,4
2859,3,12,21,26,14,formal-conjectures-f-asymptotic-general,erdos:1092,Formal Conjectures: f_asymptotic_general,Google DeepMind Formal Conjectures,research_mathematics,,50,answer_query,answer_discovery,not_counterexample_target,0,15,3,2,0,2,4
2860,3,12,21,26,14,formal-conjectures-flint-hills-series-converges,formal_conjectures:formal-conjectures-flint-hills-series-converges,Formal Conjectures: flint_hills_series_converges,Google DeepMind Formal Conjectures,research_mathematics,,50,answer_query,answer_discovery,not_counterexample_target,0,15,3,2,0,2,4
2861,3,12,21,26,14,formal-conjectures-green-25,formal_conjectures:formal-conjectures-green-25,Formal Conjectures: green_25,Google DeepMind Formal Conjectures,research_mathematics,,50,answer_query,answer_discovery,not_counterexample_target,0,15,3,2,0,2,4
2862,3,12,21,26,14,formal-conjectures-green-27-equivalent,formal_conjectures:formal-conjectures-green-27-equivalent,Formal Conjectures: green_27.equivalent,Google DeepMind Formal Conjectures,research_mathematics,,50,answer_query,answer_discovery,not_counterexample_target,0,15,3,2,0,2,4
2863,3,12,21,26,14,formal-conjectures-green-27-lower,formal_conjectures:formal-conjectures-green-27-lower,Formal Conjectures: green_27.lower,Google DeepMind Formal Conjectures,research_mathematics,,50,answer_query,answer_discovery,not_counterexample_target,0,15,3,2,0,2,4
2864,3,12,21,26,14,formal-conjectures-green-27-upper,formal_conjectures:formal-conjectures-green-27-upper,Formal Conjectures: green_27.upper,Google DeepMind Formal Conjectures,research_mathematics,,50,answer_query,answer_discovery,not_counterexample_target,0,15,3,2,0,2,4
2865,3,12,21,26,14,formal-conjectures-green-39,formal_conjectures:formal-conjectures-green-39,Formal Conjectures: green_39,Google DeepMind Formal Conjectures,research_mathematics,,50,answer_query,answer_discovery,not_counterexample_target,0,15,3,2,0,2,4
2866,3,12,21,26,14,formal-conjectures-green-39-variant-101,formal_conjectures:formal-conjectures-green-39-variant-101,Formal Conjectures: green_39.variant_101,Google DeepMind Formal Conjectures,research_mathematics,,50,answer_query,answer_discovery,not_counterexample_target,0,15,3,2,0,2,4
2867,3,12,21,26,14,formal-conjectures-green-77,formal_conjectures:formal-conjectures-green-77,Formal Conjectures: green_77,Google DeepMind Formal Conjectures,research_mathematics,,50,answer_query,answer_discovery,not_counterexample_target,0,15,3,2,0,2,4
2868,3,12,21,26,14,formal-conjectures-growthratezn,formal_conjectures:formal-conjectures-growthratezn,Formal Conjectures: growthRateZn,Google DeepMind Formal Conjectures,research_mathematics,,50,answer_query,answer_discovery,not_counterexample_target,0,15,4,1,0,2,4
2869,3,12,21,26,14,formal-conjectures-homogeneousspace-exists-inj-tendsto,formal_conjectures:formal-conjectures-homogeneousspace-exists-inj-tendsto,Formal Conjectures: homogeneousSpace_exists_inj_tendsto,Google DeepMind Formal Conjectures,research_mathematics,,50,answer_query,answer_discovery,not_counterexample_target,0,15,3,2,0,2,4
2870,3,12,21,26,14,formal-conjectures-mathoverflow-347178,formal_conjectures:formal-conjectures-mathoverflow-347178,Formal Conjectures: mathoverflow_347178,Google DeepMind Formal Conjectures,research_mathematics,,50,answer_query,answer_discovery,not_counterexample_target,0,15,4,1,0,2,4
2871,3,12,21,26,14,formal-conjectures-mathoverflow-347178-variants-bounded-iff,formal_conjectures:formal-conjectures-mathoverflow-347178-variants-bounded-iff,Formal Conjectures: mathoverflow_347178.variants.bounded_iff,Google DeepMind Formal Conjectures,research_mathematics,,50,answer_query,answer_discovery,not_counterexample_target,0,15,4,1,0,2,4
2872,3,12,21,26,14,formal-conjectures-mathoverflow-347178-variants-bounded-only,formal_conjectures:formal-conjectures-mathoverflow-347178-variants-bounded-only,Formal Conjectures: mathoverflow_347178.variants.bounded_only,Google DeepMind Formal Conjectures,research_mathematics,,50,answer_query,answer_discovery,not_counterexample_target,0,15,4,1,0,2,4
2873,3,12,21,26,14,formal-conjectures-problem-10-1,formal_conjectures:formal-conjectures-problem-10-1,Formal Conjectures: problem_10_1,Google DeepMind Formal Conjectures,research_mathematics,,50,answer_query,answer_discovery,not_counterexample_target,0,15,3,2,0,2,4
2874,3,12,21,25,13,formal-conjectures-eqsystem10-no-solution-d3,formal_conjectures:formal-conjectures-eqsystem10-no-solution-d3,Formal Conjectures: eqSystem10_no_solution_d3,Google DeepMind Formal Conjectures,research_mathematics,,50,answer_query,answer_discovery,not_counterexample_target,0,15,3,1,0,2,4
2875,3,12,21,25,13,formal-conjectures-eqsystem10-no-solution-d4,formal_conjectures:formal-conjectures-eqsystem10-no-solution-d4,Formal Conjectures: eqSystem10_no_solution_d4,Google DeepMind Formal Conjectures,research_mathematics,,50,answer_query,answer_discovery,not_counterexample_target,0,15,3,1,0,2,4
2876,3,12,21,25,13,formal-conjectures-eqsystem10-no-solution-d5,formal_conjectures:formal-conjectures-eqsystem10-no-solution-d5,Formal Conjectures: eqSystem10_no_solution_d5,Google DeepMind Formal Conjectures,research_mathematics,,50,answer_query,answer_discovery,not_counterexample_target,0,15,3,1,0,2,4
2877,3,12,21,25,13,formal-conjectures-eqsystem10-no-solution-d6,formal_conjectures:formal-conjectures-eqsystem10-no-solution-d6,Formal Conjectures: eqSystem10_no_solution_d6,Google DeepMind Formal Conjectures,research_mathematics,,50,answer_query,answer_discovery,not_counterexample_target,0,15,3,1,0,2,4
2878,3,12,21,25,13,formal-conjectures-eqsystem10-no-solution-d7,formal_conjectures:formal-conjectures-eqsystem10-no-solution-d7,Formal Conjectures: eqSystem10_no_solution_d7,Google DeepMind Formal Conjectures,research_mathematics,,50,answer_query,answer_discovery,not_counterexample_target,0,15,3,1,0,2,4
2879,3,12,21,25,13,formal-conjectures-eqsystem10-no-solution-d8,formal_conjectures:formal-conjectures-eqsystem10-no-solution-d8,Formal Conjectures: eqSystem10_no_solution_d8,Google DeepMind Formal Conjectures,research_mathematics,,50,answer_query,answer_discovery,not_counterexample_target,0,15,3,1,0,2,4
2880,3,12,21,25,13,formal-conjectures-eqsystem10-no-solution-d9,formal_conjectures:formal-conjectures-eqsystem10-no-solution-d9,Formal Conjectures: eqSystem10_no_solution_d9,Google DeepMind Formal Conjectures,research_mathematics,,50,answer_query,answer_discovery,not_counterexample_target,0,15,3,1,0,2,4
2881,3,12,21,25,13,formal-conjectures-eqsystem12-no-solution-d3,formal_conjectures:formal-conjectures-eqsystem12-no-solution-d3,Formal Conjectures: eqSystem12_no_solution_d3,Google DeepMind Formal Conjectures,research_mathematics,,50,answer_query,answer_discovery,not_counterexample_target,0,15,3,1,0,2,4
2882,3,12,21,25,13,formal-conjectures-eqsystem14-no-solution-d3,formal_conjectures:formal-conjectures-eqsystem14-no-solution-d3,Formal Conjectures: eqSystem14_no_solution_d3,Google DeepMind Formal Conjectures,research_mathematics,,50,answer_query,answer_discovery,not_counterexample_target,0,15,3,1,0,2,4
2883,3,12,21,25,13,formal-conjectures-eqsystem16-no-solution-d3,formal_conjectures:formal-conjectures-eqsystem16-no-solution-d3,Formal Conjectures: eqSystem16_no_solution_d3,Google DeepMind Formal Conjectures,research_mathematics,,50,answer_query,answer_discovery,not_counterexample_target,0,15,3,1,0,2,4
2884,3,12,21,25,13,formal-conjectures-eqsystem6-no-solution-d3,formal_conjectures:formal-conjectures-eqsystem6-no-solution-d3,Formal Conjectures: eqSystem6_no_solution_d3,Google DeepMind Formal Conjectures,research_mathematics,,50,answer_query,answer_discovery,not_counterexample_target,0,15,3,1,0,2,4
2885,3,12,21,25,13,formal-conjectures-eqsystem6-no-solution-d4,formal_conjectures:formal-conjectures-eqsystem6-no-solution-d4,Formal Conjectures: eqSystem6_no_solution_d4,Google DeepMind Formal Conjectures,research_mathematics,,50,answer_query,answer_discovery,not_counterexample_target,0,15,3,1,0,2,4
2886,3,12,21,25,13,formal-conjectures-eqsystem6-no-solution-d5,formal_conjectures:formal-conjectures-eqsystem6-no-solution-d5,Formal Conjectures: eqSystem6_no_solution_d5,Google DeepMind Formal Conjectures,research_mathematics,,50,answer_query,answer_discovery,not_counterexample_target,0,15,3,1,0,2,4
2887,3,12,21,25,13,formal-conjectures-eqsystem8-no-solution-d3,formal_conjectures:formal-conjectures-eqsystem8-no-solution-d3,Formal Conjectures: eqSystem8_no_solution_d3,Google DeepMind Formal Conjectures,research_mathematics,,50,answer_query,answer_discovery,not_counterexample_target,0,15,3,1,0,2,4
2888,3,12,21,25,13,formal-conjectures-erdos-212,erdos:212,Formal Conjectures: erdos_212,Google DeepMind Formal Conjectures,research_mathematics,,50,answer_query,answer_discovery,not_counterexample_target,0,15,3,1,0,2,4
2889,3,12,21,24,12,unsolvedmath-kp-4.108,unsolvedmath:unsolvedmath-kp-4.108,Kirby Problem 4.108,UnsolvedMath,topology,3,60,existence_claim,witness_discovery,needs_atomic_split,0,15,2,3,0,2,2
2890,3,12,21,24,12,unsolvedmath-kp-4.131,unsolvedmath:unsolvedmath-kp-4.131,Kirby Problem 4.131,UnsolvedMath,topology,3,60,existence_claim,witness_discovery,needs_atomic_split,0,15,3,3,0,1,2
2891,3,12,21,22,10,unsolvedmath-kp-1.57,unsolvedmath:unsolvedmath-kp-1.57,Kirby Problem 1.57,UnsolvedMath,topology,3,60,existence_claim,witness_discovery,needs_atomic_split,0,15,2,3,0,0,2
2892,3,12,21,22,10,unsolvedmath-kp-3.10,unsolvedmath:unsolvedmath-kp-3.10,Kirby Problem 3.10,UnsolvedMath,topology,3,60,existence_claim,witness_discovery,needs_atomic_split,0,15,2,3,0,0,2
2893,3,12,21,22,10,unsolvedmath-kp-4.30,unsolvedmath:unsolvedmath-kp-4.30,Kirby Problem 4.30,UnsolvedMath,topology,3,60,existence_claim,witness_discovery,needs_atomic_split,0,15,2,3,0,0,2
2894,3,12,21,22,10,unsolvedmath-kp-4.32,unsolvedmath:unsolvedmath-kp-4.32,Kirby Problem 4.32,UnsolvedMath,topology,3,60,existence_claim,witness_discovery,needs_atomic_split,0,15,2,3,0,0,2
2895,3,10,17,29,19,unsolvedmath-dyn-002,unsolvedmath:unsolvedmath-dyn-002,The Painlevé Conjecture,UnsolvedMath,dynamical_systems,5,100,unclassified_question,formal_modeling,modeling_candidate,5,15,3,3,0,1,2
2896,3,10,17,22,12,unsolvedmath-kp-3.77,unsolvedmath:unsolvedmath-kp-3.77,Kirby Problem 3.77,UnsolvedMath,topology,3,60,existence_claim,witness_discovery,not_counterexample_target,0,15,2,3,0,0,2
2897,3,10,17,22,12,unsolvedmath-kp-4.105,unsolvedmath:unsolvedmath-kp-4.105,Kirby Problem 4.105,UnsolvedMath,topology,3,60,existence_claim,witness_discovery,not_counterexample_target,0,15,2,3,0,0,2
2898,3,10,17,22,12,unsolvedmath-kp-4.24,unsolvedmath:unsolvedmath-kp-4.24,Kirby Problem 4.24,UnsolvedMath,topology,3,60,existence_claim,witness_discovery,not_counterexample_target,0,15,2,3,0,0,2
2899,3,10,17,22,12,unsolvedmath-kp-4.53,unsolvedmath:unsolvedmath-kp-4.53,Kirby Problem 4.53,UnsolvedMath,topology,3,60,existence_claim,witness_discovery,not_counterexample_target,0,15,2,3,0,0,2
2900,2,11,20,25,14,formal-conjectures-erdos-1054-parts-i,erdos:1054,Formal Conjectures: erdos_1054.parts.i,Google DeepMind Formal Conjectures,research_mathematics,,50,answer_query,answer_discovery,not_counterexample_target,0,15,3,1,0,2,4
2901,2,11,20,25,14,formal-conjectures-erdos-1061,erdos:1061,Formal Conjectures: erdos_1061,Google DeepMind Formal Conjectures,research_mathematics,,50,answer_query,answer_discovery,not_counterexample_target,0,15,3,1,0,2,4
2902,2,11,20,25,14,formal-conjectures-erdos-1062-parts-ii,erdos:1062,Formal Conjectures: erdos_1062.parts.ii,Google DeepMind Formal Conjectures,research_mathematics,,50,answer_query,answer_discovery,not_counterexample_target,0,15,3,1,0,2,4
2903,2,11,20,25,14,formal-conjectures-erdos-120,erdos:120,Formal Conjectures: erdos_120,Google DeepMind Formal Conjectures,research_mathematics,,50,answer_query,answer_discovery,not_counterexample_target,0,15,3,1,0,2,4
2904,2,11,20,25,14,formal-conjectures-erdos-1203,erdos:1203,Formal Conjectures: erdos_1203,Google DeepMind Formal Conjectures,research_mathematics,,50,answer_query,answer_discovery,not_counterexample_target,0,15,3,1,0,2,4
2905,2,11,20,25,14,formal-conjectures-erdos-138,erdos:138,Formal Conjectures: erdos_138,Google DeepMind Formal Conjectures,research_mathematics,,50,answer_query,answer_discovery,not_counterexample_target,0,15,3,1,0,2,4
2906,2,11,20,25,14,formal-conjectures-erdos-138-variants-dvd-two-pow,erdos:138,Formal Conjectures: erdos_138.variants.dvd_two_pow,Google DeepMind Formal Conjectures,research_mathematics,,50,answer_query,answer_discovery,not_counterexample_target,0,15,3,1,0,2,4
2907,2,11,20,25,14,formal-conjectures-erdos-138-variants-quotient,erdos:138,Formal Conjectures: erdos_138.variants.quotient,Google DeepMind Formal Conjectures,research_mathematics,,50,answer_query,answer_discovery,not_counterexample_target,0,15,3,1,0,2,4
2908,2,11,20,25,14,formal-conjectures-erdos-153,erdos:153,Formal Conjectures: erdos_153,Google DeepMind Formal Conjectures,research_mathematics,,50,answer_query,answer_discovery,not_counterexample_target,0,15,3,1,0,2,4
2909,2,11,20,25,14,formal-conjectures-erdos-168-parts-i,erdos:168,Formal Conjectures: erdos_168.parts.i,Google DeepMind Formal Conjectures,research_mathematics,,50,answer_query,answer_discovery,not_counterexample_target,0,15,3,1,0,2,4
2910,2,11,20,25,14,formal-conjectures-erdos-168-parts-ii,erdos:168,Formal Conjectures: erdos_168.parts.ii,Google DeepMind Formal Conjectures,research_mathematics,,50,answer_query,answer_discovery,not_counterexample_target,0,15,3,1,0,2,4
2911,2,11,20,25,14,formal-conjectures-erdos-18a,erdos:18,Formal Conjectures: erdos_18a,Google DeepMind Formal Conjectures,research_mathematics,,50,answer_query,answer_discovery,not_counterexample_target,0,15,3,1,0,2,4
2912,2,11,20,25,14,formal-conjectures-erdos-208-parts-i,erdos:208,Formal Conjectures: erdos_208.parts.i,Google DeepMind Formal Conjectures,research_mathematics,,50,answer_query,answer_discovery,not_counterexample_target,0,15,3,1,0,2,4
2913,2,11,20,25,14,formal-conjectures-erdos-241,erdos:241,Formal Conjectures: erdos_241,Google DeepMind Formal Conjectures,research_mathematics,,50,answer_query,answer_discovery,not_counterexample_target,0,15,3,1,0,2,4
2914,2,11,20,25,14,formal-conjectures-erdos-282-variants-sq,erdos:282,Formal Conjectures: erdos_282.variants.sq,Google DeepMind Formal Conjectures,research_mathematics,,50,answer_query,answer_discovery,not_counterexample_target,0,15,3,1,0,2,4
2915,2,11,20,25,14,formal-conjectures-erdos-295,erdos:295,Formal Conjectures: erdos_295,Google DeepMind Formal Conjectures,research_mathematics,,50,answer_query,answer_discovery,not_counterexample_target,0,15,3,1,0,2,4
2916,2,11,20,25,14,formal-conjectures-erdos-30,erdos:30,Formal Conjectures: erdos_30,Google DeepMind Formal Conjectures,research_mathematics,,50,answer_query,answer_discovery,not_counterexample_target,0,15,3,1,0,2,4
2917,2,11,20,25,14,formal-conjectures-erdos-349-variants-floor-3-halves-even,erdos:349,Formal Conjectures: erdos_349.variants.floor_3_halves_even,Google DeepMind Formal Conjectures,research_mathematics,,50,answer_query,answer_discovery,not_counterexample_target,0,15,3,1,0,2,4
2918,2,11,20,25,14,formal-conjectures-erdos-349-variants-floor-3-halves-odd,erdos:349,Formal Conjectures: erdos_349.variants.floor_3_halves_odd,Google DeepMind Formal Conjectures,research_mathematics,,50,answer_query,answer_discovery,not_counterexample_target,0,15,3,1,0,2,4
2919,2,11,20,25,14,formal-conjectures-erdos-354-parts-ii,erdos:354,Formal Conjectures: erdos_354.parts.ii,Google DeepMind Formal Conjectures,research_mathematics,,50,answer_query,answer_discovery,not_counterexample_target,0,15,3,1,0,2,4
2920,2,11,20,25,14,formal-conjectures-erdos-36,erdos:36,Formal Conjectures: erdos_36,Google DeepMind Formal Conjectures,research_mathematics,,50,answer_query,answer_discovery,not_counterexample_target,0,15,3,1,0,2,4
2921,2,11,20,25,14,formal-conjectures-erdos-385-parts-ii,erdos:385,Formal Conjectures: erdos_385.parts.ii,Google DeepMind Formal Conjectures,research_mathematics,,50,answer_query,answer_discovery,not_counterexample_target,0,15,3,1,0,2,4
2922,2,11,20,25,14,formal-conjectures-erdos-413-parts-ii,erdos:413,Formal Conjectures: erdos_413.parts.ii,Google DeepMind Formal Conjectures,research_mathematics,,50,answer_query,answer_discovery,not_counterexample_target,0,15,3,1,0,2,4
2923,2,11,20,25,14,formal-conjectures-erdos-416-parts-ii,erdos:416,Formal Conjectures: erdos_416.parts.ii,Google DeepMind Formal Conjectures,research_mathematics,,50,answer_query,answer_discovery,not_counterexample_target,0,15,3,1,0,2,4
2924,2,11,20,25,14,formal-conjectures-erdos-422-variants-eventually-const,erdos:422,Formal Conjectures: erdos_422.variants.eventually_const,Google DeepMind Formal Conjectures,research_mathematics,,50,answer_query,answer_discovery,not_counterexample_target,0,15,3,1,0,2,4
2925,2,11,20,25,14,formal-conjectures-erdos-457-variants-one-sub,erdos:457,Formal Conjectures: erdos_457.variants.one_sub,Google DeepMind Formal Conjectures,research_mathematics,,50,answer_query,answer_discovery,not_counterexample_target,0,15,3,1,0,2,4
2926,2,11,20,25,14,formal-conjectures-erdos-50,erdos:50,Formal Conjectures: erdos_50,Google DeepMind Formal Conjectures,research_mathematics,,50,answer_query,answer_discovery,not_counterexample_target,0,15,3,1,0,2,4
2927,2,11,20,25,14,formal-conjectures-erdos-501,erdos:501,Formal Conjectures: erdos_501,Google DeepMind Formal Conjectures,research_mathematics,,50,answer_query,answer_discovery,not_counterexample_target,0,15,3,1,0,2,4
2928,2,11,20,25,14,formal-conjectures-erdos-513,erdos:513,Formal Conjectures: erdos_513,Google DeepMind Formal Conjectures,research_mathematics,,50,answer_query,answer_discovery,not_counterexample_target,0,15,3,1,0,2,4
2929,2,11,20,25,14,formal-conjectures-erdos-770-parts-ii,erdos:770,Formal Conjectures: erdos_770.parts.ii,Google DeepMind Formal Conjectures,research_mathematics,,50,answer_query,answer_discovery,not_counterexample_target,0,15,3,1,0,2,4
2930,2,11,20,25,14,formal-conjectures-erdos-817,erdos:817,Formal Conjectures: erdos_817,Google DeepMind Formal Conjectures,research_mathematics,,50,answer_query,answer_discovery,not_counterexample_target,0,15,3,1,0,2,4
2931,2,11,20,25,14,formal-conjectures-erdos-830-parts-ii,erdos:830,Formal Conjectures: erdos_830.parts.ii,Google DeepMind Formal Conjectures,research_mathematics,,50,answer_query,answer_discovery,not_counterexample_target,0,15,3,1,0,2,4
2932,2,11,20,25,14,formal-conjectures-erdos170,erdos:170,Formal Conjectures: erdos170,Google DeepMind Formal Conjectures,research_mathematics,,50,answer_query,answer_discovery,not_counterexample_target,0,15,3,1,0,2,4
2933,2,11,20,25,14,formal-conjectures-green-40,formal_conjectures:formal-conjectures-green-40,Formal Conjectures: green_40,Google DeepMind Formal Conjectures,research_mathematics,,50,answer_query,answer_discovery,not_counterexample_target,0,15,3,1,0,2,4
2934,2,11,20,25,14,formal-conjectures-green-40-variants-all-n,formal_conjectures:formal-conjectures-green-40-variants-all-n,Formal Conjectures: green_40.variants.all_n,Google DeepMind Formal Conjectures,research_mathematics,,50,answer_query,answer_discovery,not_counterexample_target,0,15,3,1,0,2,4
2935,2,11,20,25,14,formal-conjectures-green-40-variants-arbitrary-subsets,formal_conjectures:formal-conjectures-green-40-variants-arbitrary-subsets,Formal Conjectures: green_40.variants.arbitrary_subsets,Google DeepMind Formal Conjectures,research_mathematics,,50,answer_query,answer_discovery,not_counterexample_target,0,15,3,1,0,2,4
2936,2,11,20,25,14,formal-conjectures-green-72-variants-eventually,formal_conjectures:formal-conjectures-green-72-variants-eventually,Formal Conjectures: green_72.variants.eventually,Google DeepMind Formal Conjectures,research_mathematics,,50,answer_query,answer_discovery,not_counterexample_target,0,15,3,1,0,2,4
2937,2,11,20,23,12,unsolvedmath-kp-1.15,unsolvedmath:unsolvedmath-kp-1.15,Kirby Problem 1.15,UnsolvedMath,topology,3,60,existence_claim,witness_discovery,needs_atomic_split,0,15,2,3,0,1,2
2938,2,11,20,23,12,unsolvedmath-kp-3.13,unsolvedmath:unsolvedmath-kp-3.13,Kirby Problem 3.13,UnsolvedMath,topology,3,60,existence_claim,witness_discovery,needs_atomic_split,0,15,2,3,0,1,2
2939,2,11,20,23,12,unsolvedmath-kp-3.45,unsolvedmath:unsolvedmath-kp-3.45,Kirby Problem 3.45,UnsolvedMath,topology,3,60,existence_claim,witness_discovery,needs_atomic_split,0,15,2,3,0,1,2
2940,2,11,20,23,12,unsolvedmath-kp-3.78,unsolvedmath:unsolvedmath-kp-3.78,Kirby Problem 3.78,UnsolvedMath,topology,3,60,existence_claim,witness_discovery,needs_atomic_split,0,15,2,3,0,1,2
2941,2,11,20,23,12,unsolvedmath-kp-4.4,unsolvedmath:unsolvedmath-kp-4.4,Kirby Problem 4.4,UnsolvedMath,topology,3,60,existence_claim,witness_discovery,needs_atomic_split,0,15,2,3,0,1,2
2942,2,11,20,23,12,unsolvedmath-kp-4.42,unsolvedmath:unsolvedmath-kp-4.42,Kirby Problem 4.42,UnsolvedMath,topology,3,60,existence_claim,witness_discovery,needs_atomic_split,0,15,2,3,0,1,2
2943,2,11,20,23,12,unsolvedmath-kp-4.57,unsolvedmath:unsolvedmath-kp-4.57,Kirby Problem 4.57,UnsolvedMath,topology,3,60,existence_claim,witness_discovery,needs_atomic_split,0,15,2,3,0,1,2
2944,2,11,20,23,12,unsolvedmath-kp-4.58,unsolvedmath:unsolvedmath-kp-4.58,Kirby Problem 4.58,UnsolvedMath,topology,3,60,existence_claim,witness_discovery,needs_atomic_split,0,15,2,3,0,1,2
2945,2,11,20,23,12,unsolvedmath-kp-4.60,unsolvedmath:unsolvedmath-kp-4.60,Kirby Problem 4.60,UnsolvedMath,topology,3,60,existence_claim,witness_discovery,needs_atomic_split,0,15,2,3,0,1,2
2946,2,11,20,23,12,unsolvedmath-kp-4.7,unsolvedmath:unsolvedmath-kp-4.7,Kirby Problem 4.7,UnsolvedMath,topology,3,60,existence_claim,witness_discovery,needs_atomic_split,0,15,2,3,0,1,2
2947,2,11,20,23,12,unsolvedmath-kp-4.95,unsolvedmath:unsolvedmath-kp-4.95,Kirby Problem 4.95,UnsolvedMath,topology,3,60,existence_claim,witness_discovery,needs_atomic_split,0,15,2,3,0,1,2
2948,2,9,16,30,21,unsolvedmath-mod-008,unsolvedmath:unsolvedmath-mod-008,O-Minimal Theory with Trans-Exponential Growth,UnsolvedMath,algebra,5,100,existence_claim,witness_discovery,not_counterexample_target,0,15,7,6,0,0,2
2949,2,9,16,28,19,unsolvedmath-darpa-018,unsolvedmath:unsolvedmath-darpa-018,"Arithmetic Langlands, Topology, and Geometry",UnsolvedMath,topology,5,100,unclassified_question,formal_modeling,modeling_candidate,5,15,2,3,0,1,2
2950,2,9,16,21,12,unsolvedmath-kp-4.125,unsolvedmath:unsolvedmath-kp-4.125,Kirby Problem 4.125,UnsolvedMath,topology,3,60,existence_claim,witness_discovery,not_counterexample_target,0,15,2,1,0,1,2
2951,1,10,19,22,12,unsolvedmath-kp-1.48,unsolvedmath:unsolvedmath-kp-1.48,Kirby Problem 1.48,UnsolvedMath,topology,3,60,existence_claim,witness_discovery,needs_atomic_split,0,15,2,3,0,0,2
2952,1,10,19,22,12,unsolvedmath-kp-3.74,unsolvedmath:unsolvedmath-kp-3.74,Kirby Problem 3.74,UnsolvedMath,topology,3,60,existence_claim,witness_discovery,needs_atomic_split,0,15,2,3,0,0,2
2953,1,10,19,22,12,unsolvedmath-kp-4.11,unsolvedmath:unsolvedmath-kp-4.11,Kirby Problem 4.11,UnsolvedMath,topology,3,60,existence_claim,witness_discovery,needs_atomic_split,0,15,2,3,0,0,2
2954,1,10,19,22,12,unsolvedmath-kp-4.14,unsolvedmath:unsolvedmath-kp-4.14,Kirby Problem 4.14,UnsolvedMath,topology,3,60,existence_claim,witness_discovery,needs_atomic_split,0,15,2,3,0,0,2
2955,1,10,19,22,12,unsolvedmath-kp-4.18,unsolvedmath:unsolvedmath-kp-4.18,Kirby Problem 4.18,UnsolvedMath,topology,3,60,existence_claim,witness_discovery,needs_atomic_split,0,15,2,3,0,0,2
2956,1,8,15,27,19,unsolvedmath-darpa-016,unsolvedmath:unsolvedmath-darpa-016,Symmetries and Action Principles for Biology,UnsolvedMath,mathematical_physics,5,100,unclassified_question,formal_modeling,modeling_candidate,5,15,1,3,0,1,2
2957,1,8,15,27,19,unsolvedmath-darpa-023,unsolvedmath:unsolvedmath-darpa-023,Fundamental Laws of Biology,UnsolvedMath,mathematical_physics,5,100,unclassified_question,formal_modeling,modeling_candidate,5,15,1,3,0,1,2
2958,1,8,15,20,12,unsolvedmath-kp-5.14,unsolvedmath:unsolvedmath-kp-5.14,Kirby Problem 5.14,UnsolvedMath,topology,3,60,existence_claim,witness_discovery,not_counterexample_target,0,15,2,1,0,0,2
2959,0,9,18,21,12,unsolvedmath-kp-3.21,unsolvedmath:unsolvedmath-kp-3.21,Kirby Problem 3.21,UnsolvedMath,topology,3,60,existence_claim,witness_discovery,needs_atomic_split,0,15,2,1,0,1,2
2960,0,8,17,20,12,unsolvedmath-kp-4.104,unsolvedmath:unsolvedmath-kp-4.104,Kirby Problem 4.104,UnsolvedMath,topology,3,60,existence_claim,witness_discovery,needs_atomic_split,0,15,2,1,0,0,2
2961,0,6,13,25,19,unsolvedmath-st-008,unsolvedmath:unsolvedmath-st-008,Strongly Compact vs Supercompact Cardinals,UnsolvedMath,set_theory,5,100,existence_claim,witness_discovery,not_counterexample_target,0,15,4,3,0,1,2
2962,0,5,12,25,20,unsolvedmath-darpa-005,unsolvedmath:unsolvedmath-darpa-005,Biological Quantum Field Theory,UnsolvedMath,mathematical_physics,5,100,unclassified_question,formal_modeling,modeling_candidate,5,15,1,1,0,1,2
2963,0,5,12,25,20,unsolvedmath-darpa-017,unsolvedmath:unsolvedmath-darpa-017,Geometric Langlands and Quantum Physics,UnsolvedMath,mathematical_physics,5,100,unclassified_question,formal_modeling,modeling_candidate,5,15,1,1,0,1,2
2964,0,5,12,25,20,unsolvedmath-hil-006,unsolvedmath:unsolvedmath-hil-006,Hilbert's 6th Problem: Axiomatization of Physics,UnsolvedMath,mathematical_physics,5,100,unclassified_question,formal_modeling,modeling_candidate,5,15,1,1,0,1,2
2965,0,5,12,24,19,unsolvedmath-st-006,unsolvedmath:unsolvedmath-st-006,Ultimate Core Model,UnsolvedMath,set_theory,5,100,existence_claim,witness_discovery,not_counterexample_target,0,15,4,3,0,0,2
2966,0,1,8,21,20,unsolvedmath-mpp-003,unsolvedmath:unsolvedmath-mpp-003,Yang–Mills Existence and Mass Gap,UnsolvedMath,mathematical_physics,5,100,existence_claim,witness_discovery,not_counterexample_target,0,15,1,1,0,2,2
