problem_id,title,domain,aggregate_status,final,model_audit_status,claim_scope,scope_limitation,verification_status,candidate_fingerprint,updated_at,task_count,completed_task_count,attempt_count,checked_cases,search_roles,frontier_provenance,task_status_counts,stage_status,outcome_counts,stop_reasons,task_progress
unsolvedmath-opg-127,4-flow conjecture,graph_theory,bounded_search_completed,True,approved,restricted_family,"Only graphs with fewer than ten vertices are supported, where Petersen-minor exclusion follows automatically from graph order.",not_required,,2026-07-28T00:28:18.055093Z,4,4,4,171954,"[""bounded_screen"", ""seeded_stratified_adversarial_graph_search""]","[{""deep_max_vertices"": 9, ""screen_max_vertices"": 8}]","{""completed"": 4}","{""deep"": {""completed"": 3}, ""screen"": {""completed"": 1}}","{""inconclusive"": 4}","[""predicate_time_budget_exhausted""]","[{""attempt_count"": 1, ""budget"": {""max_cases"": 10000, ""memory_mb"": 1024, ""parameters"": {""max_vertices"": 8}, ""time_seconds"": 60}, ""checked_cases"": 9806, ""checkpoint_created_at"": ""2026-07-27T10:39:31.929607Z"", ""checkpoint_id"": 1089, ""checkpoint_sequence"": 99, ""cursor"": {""bounds"": {""max_cases"": 10000, ""max_vertices"": 8, ""time_seconds"": 60}, ""next_case"": 9806, ""strategy_id"": ""exact-small""}, ""frontier_provenance"": {}, ""latest_attempt_checked_cases"": 9806, ""launch_index"": 0, ""outcome"": ""inconclusive"", ""search_role"": ""bounded_screen"", ""stage"": ""screen"", ""status"": ""completed"", ""stop_reason"": ""predicate_time_budget_exhausted"", ""strategy_id"": ""exact-small"", ""task_id"": ""batch-task-db5a8903f1877f8ad4c2e2d0b4e0666b63f1865b"", ""updated_at"": ""2026-07-28T00:28:18.023685Z""}, {""attempt_count"": 1, ""budget"": {""max_cases"": 100000, ""memory_mb"": 1024, ""parameters"": {""max_vertices"": 9}, ""time_seconds"": 600}, ""checked_cases"": 60816, ""checkpoint_created_at"": ""2026-07-27T10:49:39.896556Z"", ""checkpoint_id"": 10614, ""checkpoint_sequence"": 609, ""cursor"": {""bounds"": {""max_cases"": 100000, ""max_vertices"": 9, ""time_seconds"": 600}, ""next_case"": 60816, ""strategy_id"": ""targeted""}, ""frontier_provenance"": {""deep_max_vertices"": 9, ""screen_max_vertices"": 8}, ""latest_attempt_checked_cases"": 60816, ""launch_index"": 0, ""outcome"": ""inconclusive"", ""search_role"": ""seeded_stratified_adversarial_graph_search"", ""stage"": ""deep"", ""status"": ""completed"", ""stop_reason"": ""predicate_time_budget_exhausted"", ""strategy_id"": ""targeted"", ""task_id"": ""batch-task-4b1a1c8f8dca0a398d21f433fba6bc3d0c579cdf"", ""updated_at"": ""2026-07-28T00:28:18.039392Z""}, {""attempt_count"": 1, ""budget"": {""max_cases"": 100000, ""memory_mb"": 1024, ""parameters"": {""max_vertices"": 9}, ""time_seconds"": 600}, ""checked_cases"": 56911, ""checkpoint_created_at"": ""2026-07-27T10:51:51.380247Z"", ""checkpoint_id"": 11839, ""checkpoint_sequence"": 570, ""cursor"": {""bounds"": {""max_cases"": 100000, ""max_vertices"": 9, ""time_seconds"": 600}, ""next_case"": 56911, ""strategy_id"": ""targeted""}, ""frontier_provenance"": {""deep_max_vertices"": 9, ""screen_max_vertices"": 8}, ""latest_attempt_checked_cases"": 56911, ""launch_index"": 1, ""outcome"": ""inconclusive"", ""search_role"": ""seeded_stratified_adversarial_graph_search"", ""stage"": ""deep"", ""status"": ""completed"", ""stop_reason"": ""predicate_time_budget_exhausted"", ""strategy_id"": ""targeted"", ""task_id"": ""batch-task-7558f8dfb545089c3af1dd1d77b228662b10a808"", ""updated_at"": ""2026-07-28T00:28:18.047042Z""}, {""attempt_count"": 1, ""budget"": {""max_cases"": 100000, ""memory_mb"": 1024, ""parameters"": {""max_vertices"": 9}, ""time_seconds"": 600}, ""checked_cases"": 44421, ""checkpoint_created_at"": ""2026-07-27T10:55:08.424892Z"", ""checkpoint_id"": 14723, ""checkpoint_sequence"": 445, ""cursor"": {""bounds"": {""max_cases"": 100000, ""max_vertices"": 9, ""time_seconds"": 600}, ""next_case"": 44421, ""strategy_id"": ""targeted""}, ""frontier_provenance"": {""deep_max_vertices"": 9, ""screen_max_vertices"": 8}, ""latest_attempt_checked_cases"": 44421, ""launch_index"": 2, ""outcome"": ""inconclusive"", ""search_role"": ""seeded_stratified_adversarial_graph_search"", ""stage"": ""deep"", ""status"": ""completed"", ""stop_reason"": ""predicate_time_budget_exhausted"", ""strategy_id"": ""targeted"", ""task_id"": ""batch-task-cec555653f2c451d83737c1dc0401d498d7c1c59"", ""updated_at"": ""2026-07-28T00:28:18.055093Z""}]"
unsolvedmath-opg-128,3-flow conjecture,graph_theory,bounded_search_completed,True,approved,full_claim,"The full finite claim semantics are checked, subject to the configured graph-order and case bounds.",not_required,,2026-07-28T00:28:18.086630Z,4,4,4,301252,"[""bounded_screen"", ""seeded_stratified_adversarial_graph_search""]","[{""deep_max_vertices"": 9, ""screen_max_vertices"": 7}]","{""completed"": 4}","{""deep"": {""completed"": 3}, ""screen"": {""completed"": 1}}","{""inconclusive"": 3, ""no_candidate"": 1}","[""finite_bound_exhausted"", ""targeted_sample_exhausted""]","[{""attempt_count"": 1, ""budget"": {""max_cases"": 10000, ""memory_mb"": 1024, ""parameters"": {""max_vertices"": 7}, ""time_seconds"": 60}, ""checked_cases"": 1252, ""checkpoint_created_at"": ""2026-07-27T10:38:41.706691Z"", ""checkpoint_id"": 37, ""checkpoint_sequence"": 13, ""cursor"": {""bounds"": {""max_cases"": 10000, ""max_vertices"": 7, ""time_seconds"": 60}, ""next_case"": 1252, ""strategy_id"": ""exact-small""}, ""frontier_provenance"": {}, ""latest_attempt_checked_cases"": 1252, ""launch_index"": 0, ""outcome"": ""no_candidate"", ""search_role"": ""bounded_screen"", ""stage"": ""screen"", ""status"": ""completed"", ""stop_reason"": ""finite_bound_exhausted"", ""strategy_id"": ""exact-small"", ""task_id"": ""batch-task-d8521f2251fe9a6632ff3d225afaac6046b91168"", ""updated_at"": ""2026-07-28T00:28:18.062991Z""}, {""attempt_count"": 1, ""budget"": {""max_cases"": 100000, ""memory_mb"": 1024, ""parameters"": {""max_vertices"": 9}, ""time_seconds"": 600}, ""checked_cases"": 100000, ""checkpoint_created_at"": ""2026-07-27T10:45:02.515512Z"", ""checkpoint_id"": 5069, ""checkpoint_sequence"": 1001, ""cursor"": {""bounds"": {""max_cases"": 100000, ""max_vertices"": 9, ""time_seconds"": 600}, ""next_case"": 100000, ""strategy_id"": ""targeted""}, ""frontier_provenance"": {""deep_max_vertices"": 9, ""screen_max_vertices"": 7}, ""latest_attempt_checked_cases"": 100000, ""launch_index"": 0, ""outcome"": ""inconclusive"", ""search_role"": ""seeded_stratified_adversarial_graph_search"", ""stage"": ""deep"", ""status"": ""completed"", ""stop_reason"": ""targeted_sample_exhausted"", ""strategy_id"": ""targeted"", ""task_id"": ""batch-task-35a566048d5eca5268a8ee9f52b4a0dfb327ba7f"", ""updated_at"": ""2026-07-28T00:28:18.070998Z""}, {""attempt_count"": 1, ""budget"": {""max_cases"": 100000, ""memory_mb"": 1024, ""parameters"": {""max_vertices"": 9}, ""time_seconds"": 600}, ""checked_cases"": 100000, ""checkpoint_created_at"": ""2026-07-27T10:45:05.593921Z"", ""checkpoint_id"": 5086, ""checkpoint_sequence"": 1001, ""cursor"": {""bounds"": {""max_cases"": 100000, ""max_vertices"": 9, ""time_seconds"": 600}, ""next_case"": 100000, ""strategy_id"": ""targeted""}, ""frontier_provenance"": {""deep_max_vertices"": 9, ""screen_max_vertices"": 7}, ""latest_attempt_checked_cases"": 100000, ""launch_index"": 1, ""outcome"": ""inconclusive"", ""search_role"": ""seeded_stratified_adversarial_graph_search"", ""stage"": ""deep"", ""status"": ""completed"", ""stop_reason"": ""targeted_sample_exhausted"", ""strategy_id"": ""targeted"", ""task_id"": ""batch-task-6cbb37d7ff89842391a08f6664f2e0fc02d957af"", ""updated_at"": ""2026-07-28T00:28:18.078684Z""}, {""attempt_count"": 1, ""budget"": {""max_cases"": 100000, ""memory_mb"": 1024, ""parameters"": {""max_vertices"": 9}, ""time_seconds"": 600}, ""checked_cases"": 100000, ""checkpoint_created_at"": ""2026-07-27T10:45:01.027631Z"", ""checkpoint_id"": 5058, ""checkpoint_sequence"": 1001, ""cursor"": {""bounds"": {""max_cases"": 100000, ""max_vertices"": 9, ""time_seconds"": 600}, ""next_case"": 100000, ""strategy_id"": ""targeted""}, ""frontier_provenance"": {""deep_max_vertices"": 9, ""screen_max_vertices"": 7}, ""latest_attempt_checked_cases"": 100000, ""launch_index"": 2, ""outcome"": ""inconclusive"", ""search_role"": ""seeded_stratified_adversarial_graph_search"", ""stage"": ""deep"", ""status"": ""completed"", ""stop_reason"": ""targeted_sample_exhausted"", ""strategy_id"": ""targeted"", ""task_id"": ""batch-task-481cf5f96f4d7e0029956c4cd2fe8a4873a88be1"", ""updated_at"": ""2026-07-28T00:28:18.086630Z""}]"
unsolvedmath-opg-412,Mapping planar graphs to odd cycles,graph_theory,bounded_search_completed,True,approved,restricted_family,"The finite search tests k=2,3,4,5. The already-settled k=1 case is deliberately excluded; a witness for any tested k refutes the full claim.",not_required,,2026-07-28T00:28:18.101562Z,2,2,2,3836,"[""bounded_screen"", ""multi_k_unknown_band_planar_core_subdivision_search""]","[{""deep_core_families"": [""three-path theta"", ""four-path theta"", ""K4 subdivision"", ""triangular-prism subdivision"", ""cube subdivision"", ""octahedral subdivision"", ""wheel subdivisions W4,W5,W6""], ""deep_max_vertices"": 40, ""deep_structural_corpus_size_at_order_40"": 2584, ""derived_search_lower_bound"": {""derivation"": ""A nonbipartite theta core with all cycles of length at least 4k needs three paths totaling at least 6k+1 edges, hence at least 6k vertices."", ""target_minimum_order"": ""6k""}, ""excluded_settled_k_values"": [1], ""positive_odd_girth_threshold"": ""6k+1"", ""screen_max_vertices"": 7, ""source"": ""arXiv:2402.02689"", ""target_odd_girth_band"": [""4k+1"", ""6k-1""], ""tested_k_values"": [2, 3, 4, 5]}]","{""completed"": 2}","{""deep"": {""completed"": 1}, ""screen"": {""completed"": 1}}","{""inconclusive"": 1, ""no_candidate"": 1}","[""finite_bound_exhausted"", ""targeted_sample_exhausted""]","[{""attempt_count"": 1, ""budget"": {""max_cases"": 10000, ""memory_mb"": 1024, ""parameters"": {""k_values"": [2, 3, 4, 5], ""max_vertices"": 7}, ""time_seconds"": 60}, ""checked_cases"": 1252, ""checkpoint_created_at"": ""2026-07-27T10:38:43.463110Z"", ""checkpoint_id"": 61, ""checkpoint_sequence"": 13, ""cursor"": {""bounds"": {""k_values"": [2, 3, 4, 5], ""max_cases"": 10000, ""max_vertices"": 7, ""time_seconds"": 60}, ""next_case"": 1252, ""strategy_id"": ""exact-small""}, ""frontier_provenance"": {}, ""latest_attempt_checked_cases"": 1252, ""launch_index"": 0, ""outcome"": ""no_candidate"", ""search_role"": ""bounded_screen"", ""stage"": ""screen"", ""status"": ""completed"", ""stop_reason"": ""finite_bound_exhausted"", ""strategy_id"": ""exact-small"", ""task_id"": ""batch-task-7a18bb9d30ebe1544a24a3ac43bdf483b06f4563"", ""updated_at"": ""2026-07-28T00:28:18.093927Z""}, {""attempt_count"": 1, ""budget"": {""max_cases"": 100000, ""memory_mb"": 1024, ""parameters"": {""k_values"": [2, 3, 4, 5], ""max_vertices"": 40}, ""time_seconds"": 600}, ""checked_cases"": 2584, ""checkpoint_created_at"": ""2026-07-27T10:38:53.466336Z"", ""checkpoint_id"": 287, ""checkpoint_sequence"": 26, ""cursor"": {""bounds"": {""k_values"": [2, 3, 4, 5], ""max_cases"": 100000, ""max_vertices"": 40, ""time_seconds"": 600}, ""next_case"": 2584, ""strategy_id"": ""targeted""}, ""frontier_provenance"": {""deep_core_families"": [""three-path theta"", ""four-path theta"", ""K4 subdivision"", ""triangular-prism subdivision"", ""cube subdivision"", ""octahedral subdivision"", ""wheel subdivisions W4,W5,W6""], ""deep_max_vertices"": 40, ""deep_structural_corpus_size_at_order_40"": 2584, ""derived_search_lower_bound"": {""derivation"": ""A nonbipartite theta core with all cycles of length at least 4k needs three paths totaling at least 6k+1 edges, hence at least 6k vertices."", ""target_minimum_order"": ""6k""}, ""excluded_settled_k_values"": [1], ""positive_odd_girth_threshold"": ""6k+1"", ""screen_max_vertices"": 7, ""source"": ""arXiv:2402.02689"", ""target_odd_girth_band"": [""4k+1"", ""6k-1""], ""tested_k_values"": [2, 3, 4, 5]}, ""latest_attempt_checked_cases"": 2584, ""launch_index"": 0, ""outcome"": ""inconclusive"", ""search_role"": ""multi_k_unknown_band_planar_core_subdivision_search"", ""stage"": ""deep"", ""status"": ""completed"", ""stop_reason"": ""targeted_sample_exhausted"", ""strategy_id"": ""targeted"", ""task_id"": ""batch-task-20653614076b74793b39409b4db3240469670d78"", ""updated_at"": ""2026-07-28T00:28:18.101562Z""}]"
unsolvedmath-opg-143,Petersen coloring conjecture,graph_theory,bounded_search_completed,True,approved,full_claim,"The full finite claim semantics are checked, subject to the configured graph-order and case bounds.",not_required,,2026-07-28T00:28:18.132175Z,4,4,4,10005,"[""bounded_screen"", ""seeded_stratified_adversarial_graph_search""]","[{""deep_max_vertices"": 12, ""screen_max_vertices"": 10}]","{""completed"": 4}","{""deep"": {""completed"": 3}, ""screen"": {""completed"": 1}}","{""inconclusive"": 4}","[""max_cases_exhausted"", ""predicate_time_budget_exhausted""]","[{""attempt_count"": 1, ""budget"": {""max_cases"": 10000, ""memory_mb"": 1024, ""parameters"": {""max_vertices"": 10}, ""time_seconds"": 60}, ""checked_cases"": 10000, ""checkpoint_created_at"": ""2026-07-27T10:38:57.627482Z"", ""checkpoint_id"": 540, ""checkpoint_sequence"": 101, ""cursor"": {""bounds"": {""max_cases"": 10000, ""max_vertices"": 10, ""time_seconds"": 60}, ""next_case"": 10000, ""strategy_id"": ""exact-small""}, ""frontier_provenance"": {}, ""latest_attempt_checked_cases"": 10000, ""launch_index"": 0, ""outcome"": ""inconclusive"", ""search_role"": ""bounded_screen"", ""stage"": ""screen"", ""status"": ""completed"", ""stop_reason"": ""max_cases_exhausted"", ""strategy_id"": ""exact-small"", ""task_id"": ""batch-task-cf0713d924fa41639eed999c061c1e3255137270"", ""updated_at"": ""2026-07-28T00:28:18.108761Z""}, {""attempt_count"": 1, ""budget"": {""max_cases"": 100000, ""memory_mb"": 1024, ""parameters"": {""max_vertices"": 12}, ""time_seconds"": 600}, ""checked_cases"": 2, ""checkpoint_created_at"": ""2026-07-27T10:49:05.746965Z"", ""checkpoint_id"": 10259, ""checkpoint_sequence"": 1, ""cursor"": {""bounds"": {""max_cases"": 100000, ""max_vertices"": 12, ""time_seconds"": 600}, ""next_case"": 2, ""strategy_id"": ""targeted""}, ""frontier_provenance"": {""deep_max_vertices"": 12, ""screen_max_vertices"": 10}, ""latest_attempt_checked_cases"": 2, ""launch_index"": 0, ""outcome"": ""inconclusive"", ""search_role"": ""seeded_stratified_adversarial_graph_search"", ""stage"": ""deep"", ""status"": ""completed"", ""stop_reason"": ""predicate_time_budget_exhausted"", ""strategy_id"": ""targeted"", ""task_id"": ""batch-task-9bd96154d6da76c78eae3ad6f8539e7ff8c35875"", ""updated_at"": ""2026-07-28T00:28:18.116943Z""}, {""attempt_count"": 1, ""budget"": {""max_cases"": 100000, ""memory_mb"": 1024, ""parameters"": {""max_vertices"": 12}, ""time_seconds"": 600}, ""checked_cases"": 0, ""checkpoint_created_at"": ""2026-07-27T10:55:10.075864Z"", ""checkpoint_id"": 14759, ""checkpoint_sequence"": 1, ""cursor"": {""bounds"": {""max_cases"": 100000, ""max_vertices"": 12, ""time_seconds"": 600}, ""next_case"": 0, ""strategy_id"": ""targeted""}, ""frontier_provenance"": {""deep_max_vertices"": 12, ""screen_max_vertices"": 10}, ""latest_attempt_checked_cases"": 0, ""launch_index"": 1, ""outcome"": ""inconclusive"", ""search_role"": ""seeded_stratified_adversarial_graph_search"", ""stage"": ""deep"", ""status"": ""completed"", ""stop_reason"": ""predicate_time_budget_exhausted"", ""strategy_id"": ""targeted"", ""task_id"": ""batch-task-5287ec350123e9804a468903b195341483c98035"", ""updated_at"": ""2026-07-28T00:28:18.124409Z""}, {""attempt_count"": 1, ""budget"": {""max_cases"": 100000, ""memory_mb"": 1024, ""parameters"": {""max_vertices"": 12}, ""time_seconds"": 600}, ""checked_cases"": 3, ""checkpoint_created_at"": ""2026-07-27T10:55:13.092613Z"", ""checkpoint_id"": 14908, ""checkpoint_sequence"": 1, ""cursor"": {""bounds"": {""max_cases"": 100000, ""max_vertices"": 12, ""time_seconds"": 600}, ""next_case"": 3, ""strategy_id"": ""targeted""}, ""frontier_provenance"": {""deep_max_vertices"": 12, ""screen_max_vertices"": 10}, ""latest_attempt_checked_cases"": 3, ""launch_index"": 2, ""outcome"": ""inconclusive"", ""search_role"": ""seeded_stratified_adversarial_graph_search"", ""stage"": ""deep"", ""status"": ""completed"", ""stop_reason"": ""predicate_time_budget_exhausted"", ""strategy_id"": ""targeted"", ""task_id"": ""batch-task-4193a35b0d3152fd7597c1e74b43f4ec67b21c89"", ""updated_at"": ""2026-07-28T00:28:18.132175Z""}]"
unsolvedmath-opg-154,Jorgensen's Conjecture,graph_theory,bounded_search_completed,True,approved,full_claim,"The full finite claim semantics are checked, subject to the configured graph-order and case bounds.",not_required,,2026-07-28T00:28:18.160618Z,4,4,4,310000,"[""bounded_screen"", ""seeded_stratified_adversarial_graph_search""]","[{""deep_max_vertices"": 13, ""screen_max_vertices"": 10}]","{""completed"": 4}","{""deep"": {""completed"": 3}, ""screen"": {""completed"": 1}}","{""inconclusive"": 4}","[""max_cases_exhausted"", ""targeted_sample_exhausted""]","[{""attempt_count"": 1, ""budget"": {""max_cases"": 10000, ""memory_mb"": 1024, ""parameters"": {""max_vertices"": 10}, ""time_seconds"": 60}, ""checked_cases"": 10000, ""checkpoint_created_at"": ""2026-07-27T10:38:55.090370Z"", ""checkpoint_id"": 398, ""checkpoint_sequence"": 101, ""cursor"": {""bounds"": {""max_cases"": 10000, ""max_vertices"": 10, ""time_seconds"": 60}, ""next_case"": 10000, ""strategy_id"": ""exact-small""}, ""frontier_provenance"": {}, ""latest_attempt_checked_cases"": 10000, ""launch_index"": 0, ""outcome"": ""inconclusive"", ""search_role"": ""bounded_screen"", ""stage"": ""screen"", ""status"": ""completed"", ""stop_reason"": ""max_cases_exhausted"", ""strategy_id"": ""exact-small"", ""task_id"": ""batch-task-bc799b2a7f91fc446157dd6d1c6da537ee45d36d"", ""updated_at"": ""2026-07-28T00:28:18.139008Z""}, {""attempt_count"": 1, ""budget"": {""max_cases"": 100000, ""memory_mb"": 1024, ""parameters"": {""max_vertices"": 13}, ""time_seconds"": 600}, ""checked_cases"": 100000, ""checkpoint_created_at"": ""2026-07-27T10:41:43.811141Z"", ""checkpoint_id"": 3066, ""checkpoint_sequence"": 1001, ""cursor"": {""bounds"": {""max_cases"": 100000, ""max_vertices"": 13, ""time_seconds"": 600}, ""next_case"": 100000, ""strategy_id"": ""targeted""}, ""frontier_provenance"": {""deep_max_vertices"": 13, ""screen_max_vertices"": 10}, ""latest_attempt_checked_cases"": 100000, ""launch_index"": 0, ""outcome"": ""inconclusive"", ""search_role"": ""seeded_stratified_adversarial_graph_search"", ""stage"": ""deep"", ""status"": ""completed"", ""stop_reason"": ""targeted_sample_exhausted"", ""strategy_id"": ""targeted"", ""task_id"": ""batch-task-3a26ff498c559320f69fb868b384f5682639d9bd"", ""updated_at"": ""2026-07-28T00:28:18.146303Z""}, {""attempt_count"": 1, ""budget"": {""max_cases"": 100000, ""memory_mb"": 1024, ""parameters"": {""max_vertices"": 13}, ""time_seconds"": 600}, ""checked_cases"": 100000, ""checkpoint_created_at"": ""2026-07-27T10:50:48.585769Z"", ""checkpoint_id"": 11498, ""checkpoint_sequence"": 1001, ""cursor"": {""bounds"": {""max_cases"": 100000, ""max_vertices"": 13, ""time_seconds"": 600}, ""next_case"": 100000, ""strategy_id"": ""targeted""}, ""frontier_provenance"": {""deep_max_vertices"": 13, ""screen_max_vertices"": 10}, ""latest_attempt_checked_cases"": 100000, ""launch_index"": 1, ""outcome"": ""inconclusive"", ""search_role"": ""seeded_stratified_adversarial_graph_search"", ""stage"": ""deep"", ""status"": ""completed"", ""stop_reason"": ""targeted_sample_exhausted"", ""strategy_id"": ""targeted"", ""task_id"": ""batch-task-6d0bc3cc12626e771f0d7e261c291bfb030f9aad"", ""updated_at"": ""2026-07-28T00:28:18.153463Z""}, {""attempt_count"": 1, ""budget"": {""max_cases"": 100000, ""memory_mb"": 1024, ""parameters"": {""max_vertices"": 13}, ""time_seconds"": 600}, ""checked_cases"": 100000, ""checkpoint_created_at"": ""2026-07-27T10:50:44.288132Z"", ""checkpoint_id"": 11455, ""checkpoint_sequence"": 1001, ""cursor"": {""bounds"": {""max_cases"": 100000, ""max_vertices"": 13, ""time_seconds"": 600}, ""next_case"": 100000, ""strategy_id"": ""targeted""}, ""frontier_provenance"": {""deep_max_vertices"": 13, ""screen_max_vertices"": 10}, ""latest_attempt_checked_cases"": 100000, ""launch_index"": 2, ""outcome"": ""inconclusive"", ""search_role"": ""seeded_stratified_adversarial_graph_search"", ""stage"": ""deep"", ""status"": ""completed"", ""stop_reason"": ""targeted_sample_exhausted"", ""strategy_id"": ""targeted"", ""task_id"": ""batch-task-db752415b2614cb70167b07486359c333d3d0820"", ""updated_at"": ""2026-07-28T00:28:18.160618Z""}]"
unsolvedmath-opg-161,Hamiltonian paths and cycles in vertex transitive graphs,graph_theory,bounded_search_completed,True,approved,full_claim,"The full finite claim semantics are checked, subject to the configured graph-order and case bounds.",not_required,,2026-07-28T00:28:18.189445Z,4,4,4,310000,"[""bounded_screen"", ""seeded_stratified_adversarial_graph_search""]","[{""deep_max_vertices"": 12, ""screen_max_vertices"": 10}]","{""completed"": 4}","{""deep"": {""completed"": 3}, ""screen"": {""completed"": 1}}","{""inconclusive"": 4}","[""max_cases_exhausted"", ""targeted_sample_exhausted""]","[{""attempt_count"": 1, ""budget"": {""max_cases"": 10000, ""memory_mb"": 1024, ""parameters"": {""max_vertices"": 10}, ""time_seconds"": 60}, ""checked_cases"": 10000, ""checkpoint_created_at"": ""2026-07-27T10:38:57.029401Z"", ""checkpoint_id"": 520, ""checkpoint_sequence"": 101, ""cursor"": {""bounds"": {""max_cases"": 10000, ""max_vertices"": 10, ""time_seconds"": 60}, ""next_case"": 10000, ""strategy_id"": ""exact-small""}, ""frontier_provenance"": {}, ""latest_attempt_checked_cases"": 10000, ""launch_index"": 0, ""outcome"": ""inconclusive"", ""search_role"": ""bounded_screen"", ""stage"": ""screen"", ""status"": ""completed"", ""stop_reason"": ""max_cases_exhausted"", ""strategy_id"": ""exact-small"", ""task_id"": ""batch-task-6ff041a1262930e795d10c6f893dd9c8e99ea9e2"", ""updated_at"": ""2026-07-28T00:28:18.168052Z""}, {""attempt_count"": 1, ""budget"": {""max_cases"": 100000, ""memory_mb"": 1024, ""parameters"": {""max_vertices"": 12}, ""time_seconds"": 600}, ""checked_cases"": 100000, ""checkpoint_created_at"": ""2026-07-27T10:47:52.720315Z"", ""checkpoint_id"": 9313, ""checkpoint_sequence"": 1001, ""cursor"": {""bounds"": {""max_cases"": 100000, ""max_vertices"": 12, ""time_seconds"": 600}, ""next_case"": 100000, ""strategy_id"": ""targeted""}, ""frontier_provenance"": {""deep_max_vertices"": 12, ""screen_max_vertices"": 10}, ""latest_attempt_checked_cases"": 100000, ""launch_index"": 0, ""outcome"": ""inconclusive"", ""search_role"": ""seeded_stratified_adversarial_graph_search"", ""stage"": ""deep"", ""status"": ""completed"", ""stop_reason"": ""targeted_sample_exhausted"", ""strategy_id"": ""targeted"", ""task_id"": ""batch-task-d1cd1f62de644c73d656c1edee439cde9471bca6"", ""updated_at"": ""2026-07-28T00:28:18.174999Z""}, {""attempt_count"": 1, ""budget"": {""max_cases"": 100000, ""memory_mb"": 1024, ""parameters"": {""max_vertices"": 12}, ""time_seconds"": 600}, ""checked_cases"": 100000, ""checkpoint_created_at"": ""2026-07-27T10:47:53.862381Z"", ""checkpoint_id"": 9350, ""checkpoint_sequence"": 1001, ""cursor"": {""bounds"": {""max_cases"": 100000, ""max_vertices"": 12, ""time_seconds"": 600}, ""next_case"": 100000, ""strategy_id"": ""targeted""}, ""frontier_provenance"": {""deep_max_vertices"": 12, ""screen_max_vertices"": 10}, ""latest_attempt_checked_cases"": 100000, ""launch_index"": 1, ""outcome"": ""inconclusive"", ""search_role"": ""seeded_stratified_adversarial_graph_search"", ""stage"": ""deep"", ""status"": ""completed"", ""stop_reason"": ""targeted_sample_exhausted"", ""strategy_id"": ""targeted"", ""task_id"": ""batch-task-e335f63d38e40ff168564f09d043643c08cba441"", ""updated_at"": ""2026-07-28T00:28:18.181920Z""}, {""attempt_count"": 1, ""budget"": {""max_cases"": 100000, ""memory_mb"": 1024, ""parameters"": {""max_vertices"": 12}, ""time_seconds"": 600}, ""checked_cases"": 100000, ""checkpoint_created_at"": ""2026-07-27T10:47:56.373780Z"", ""checkpoint_id"": 9403, ""checkpoint_sequence"": 1001, ""cursor"": {""bounds"": {""max_cases"": 100000, ""max_vertices"": 12, ""time_seconds"": 600}, ""next_case"": 100000, ""strategy_id"": ""targeted""}, ""frontier_provenance"": {""deep_max_vertices"": 12, ""screen_max_vertices"": 10}, ""latest_attempt_checked_cases"": 100000, ""launch_index"": 2, ""outcome"": ""inconclusive"", ""search_role"": ""seeded_stratified_adversarial_graph_search"", ""stage"": ""deep"", ""status"": ""completed"", ""stop_reason"": ""targeted_sample_exhausted"", ""strategy_id"": ""targeted"", ""task_id"": ""batch-task-3ad9c252a6c77e9d8ec83a4c2012d7ad02f7e465"", ""updated_at"": ""2026-07-28T00:28:18.189445Z""}]"
unsolvedmath-opg-171,Strong colorability,graph_theory,bounded_search_completed,True,approved,full_claim,"The full finite claim semantics are checked, subject to the configured graph-order and case bounds.",not_required,,2026-07-28T00:28:18.220414Z,4,4,4,38699,"[""bounded_screen"", ""seeded_stratified_adversarial_graph_search""]","[{""deep_max_vertices"": 9, ""screen_max_vertices"": 7}]","{""completed"": 4}","{""deep"": {""completed"": 3}, ""screen"": {""completed"": 1}}","{""inconclusive"": 3, ""no_candidate"": 1}","[""finite_bound_exhausted"", ""predicate_time_budget_exhausted""]","[{""attempt_count"": 1, ""budget"": {""max_cases"": 10000, ""memory_mb"": 1024, ""parameters"": {""max_vertices"": 7}, ""time_seconds"": 60}, ""checked_cases"": 1252, ""checkpoint_created_at"": ""2026-07-27T10:46:12.935221Z"", ""checkpoint_id"": 5356, ""checkpoint_sequence"": 13, ""cursor"": {""bounds"": {""max_cases"": 10000, ""max_vertices"": 7, ""time_seconds"": 60}, ""next_case"": 1252, ""strategy_id"": ""exact-small""}, ""frontier_provenance"": {}, ""latest_attempt_checked_cases"": 1252, ""launch_index"": 0, ""outcome"": ""no_candidate"", ""search_role"": ""bounded_screen"", ""stage"": ""screen"", ""status"": ""completed"", ""stop_reason"": ""finite_bound_exhausted"", ""strategy_id"": ""exact-small"", ""task_id"": ""batch-task-eca0a7c4cb4e50314e617f54ec69f2b719611c7f"", ""updated_at"": ""2026-07-28T00:28:18.196952Z""}, {""attempt_count"": 1, ""budget"": {""max_cases"": 100000, ""memory_mb"": 1024, ""parameters"": {""max_vertices"": 9}, ""time_seconds"": 600}, ""checked_cases"": 12757, ""checkpoint_created_at"": ""2026-07-27T10:56:21.773948Z"", ""checkpoint_id"": 16549, ""checkpoint_sequence"": 128, ""cursor"": {""bounds"": {""max_cases"": 100000, ""max_vertices"": 9, ""time_seconds"": 600}, ""next_case"": 12757, ""strategy_id"": ""targeted""}, ""frontier_provenance"": {""deep_max_vertices"": 9, ""screen_max_vertices"": 7}, ""latest_attempt_checked_cases"": 12757, ""launch_index"": 0, ""outcome"": ""inconclusive"", ""search_role"": ""seeded_stratified_adversarial_graph_search"", ""stage"": ""deep"", ""status"": ""completed"", ""stop_reason"": ""predicate_time_budget_exhausted"", ""strategy_id"": ""targeted"", ""task_id"": ""batch-task-9154b7f223e031aa133dde8a05bf24f5ab4f5d50"", ""updated_at"": ""2026-07-28T00:28:18.204760Z""}, {""attempt_count"": 1, ""budget"": {""max_cases"": 100000, ""memory_mb"": 1024, ""parameters"": {""max_vertices"": 9}, ""time_seconds"": 600}, ""checked_cases"": 11994, ""checkpoint_created_at"": ""2026-07-27T10:58:02.471924Z"", ""checkpoint_id"": 19592, ""checkpoint_sequence"": 120, ""cursor"": {""bounds"": {""max_cases"": 100000, ""max_vertices"": 9, ""time_seconds"": 600}, ""next_case"": 11994, ""strategy_id"": ""targeted""}, ""frontier_provenance"": {""deep_max_vertices"": 9, ""screen_max_vertices"": 7}, ""latest_attempt_checked_cases"": 11994, ""launch_index"": 1, ""outcome"": ""inconclusive"", ""search_role"": ""seeded_stratified_adversarial_graph_search"", ""stage"": ""deep"", ""status"": ""completed"", ""stop_reason"": ""predicate_time_budget_exhausted"", ""strategy_id"": ""targeted"", ""task_id"": ""batch-task-d65a0a41077ce7405c24a4ca340397fbb0412b49"", ""updated_at"": ""2026-07-28T00:28:18.212379Z""}, {""attempt_count"": 1, ""budget"": {""max_cases"": 100000, ""memory_mb"": 1024, ""parameters"": {""max_vertices"": 9}, ""time_seconds"": 600}, ""checked_cases"": 12696, ""checkpoint_created_at"": ""2026-07-27T10:58:03.706431Z"", ""checkpoint_id"": 19640, ""checkpoint_sequence"": 127, ""cursor"": {""bounds"": {""max_cases"": 100000, ""max_vertices"": 9, ""time_seconds"": 600}, ""next_case"": 12696, ""strategy_id"": ""targeted""}, ""frontier_provenance"": {""deep_max_vertices"": 9, ""screen_max_vertices"": 7}, ""latest_attempt_checked_cases"": 12696, ""launch_index"": 2, ""outcome"": ""inconclusive"", ""search_role"": ""seeded_stratified_adversarial_graph_search"", ""stage"": ""deep"", ""status"": ""completed"", ""stop_reason"": ""predicate_time_budget_exhausted"", ""strategy_id"": ""targeted"", ""task_id"": ""batch-task-eed3e35653c0482f3d136c79604456a0d9c55e05"", ""updated_at"": ""2026-07-28T00:28:18.220414Z""}]"
unsolvedmath-opg-1757,Negative association in uniform forests,graph_theory,bounded_search_completed,True,approved,full_claim,"The edge pair is required to be distinct, as in pairwise negative association; graphs with fewer than two edges are vacuous cases.",not_required,,2026-07-28T00:28:18.275386Z,4,4,4,331,"[""bounded_screen"", ""dense_nine_vertex_frontier_sampling""]","[{""deep_edge_range_at_nine"": [19, 22], ""deep_max_vertices"": 9, ""known_verified_edge_ceiling_at_nine"": 18, ""screen_max_vertices"": 5, ""source"": ""arXiv:math/0302185""}]","{""completed"": 4}","{""deep"": {""completed"": 3}, ""screen"": {""completed"": 1}}","{""inconclusive"": 3, ""no_candidate"": 1}","[""finite_bound_exhausted"", ""predicate_time_budget_exhausted""]","[{""attempt_count"": 1, ""budget"": {""max_cases"": 10000, ""memory_mb"": 1024, ""parameters"": {""max_vertices"": 5}, ""time_seconds"": 60}, ""checked_cases"": 52, ""checkpoint_created_at"": ""2026-07-27T10:46:13.478295Z"", ""checkpoint_id"": 5374, ""checkpoint_sequence"": 1, ""cursor"": {""bounds"": {""max_cases"": 10000, ""max_vertices"": 5, ""time_seconds"": 60}, ""next_case"": 52, ""strategy_id"": ""exact-small""}, ""frontier_provenance"": {}, ""latest_attempt_checked_cases"": 52, ""launch_index"": 0, ""outcome"": ""no_candidate"", ""search_role"": ""bounded_screen"", ""stage"": ""screen"", ""status"": ""completed"", ""stop_reason"": ""finite_bound_exhausted"", ""strategy_id"": ""exact-small"", ""task_id"": ""batch-task-6e163af831eebdd18c13600866f03cc24f0662f9"", ""updated_at"": ""2026-07-28T00:28:18.228305Z""}, {""attempt_count"": 1, ""budget"": {""max_cases"": 100000, ""memory_mb"": 1024, ""parameters"": {""max_vertices"": 9}, ""time_seconds"": 600}, ""checked_cases"": 99, ""checkpoint_created_at"": ""2026-07-27T10:58:25.808800Z"", ""checkpoint_id"": 20681, ""checkpoint_sequence"": 1, ""cursor"": {""bounds"": {""max_cases"": 100000, ""max_vertices"": 9, ""time_seconds"": 600}, ""next_case"": 99, ""strategy_id"": ""targeted""}, ""frontier_provenance"": {""deep_edge_range_at_nine"": [19, 22], ""deep_max_vertices"": 9, ""known_verified_edge_ceiling_at_nine"": 18, ""screen_max_vertices"": 5, ""source"": ""arXiv:math/0302185""}, ""latest_attempt_checked_cases"": 99, ""launch_index"": 0, ""outcome"": ""inconclusive"", ""search_role"": ""dense_nine_vertex_frontier_sampling"", ""stage"": ""deep"", ""status"": ""completed"", ""stop_reason"": ""predicate_time_budget_exhausted"", ""strategy_id"": ""targeted"", ""task_id"": ""batch-task-638dd29f12cb7014e28e4db3416ceb44503e29e3"", ""updated_at"": ""2026-07-28T00:28:18.235980Z""}, {""attempt_count"": 1, ""budget"": {""max_cases"": 100000, ""memory_mb"": 1024, ""parameters"": {""max_vertices"": 9}, ""time_seconds"": 600}, ""checked_cases"": 94, ""checkpoint_created_at"": ""2026-07-27T10:59:16.847849Z"", ""checkpoint_id"": 23389, ""checkpoint_sequence"": 1, ""cursor"": {""bounds"": {""max_cases"": 100000, ""max_vertices"": 9, ""time_seconds"": 600}, ""next_case"": 94, ""strategy_id"": ""targeted""}, ""frontier_provenance"": {""deep_edge_range_at_nine"": [19, 22], ""deep_max_vertices"": 9, ""known_verified_edge_ceiling_at_nine"": 18, ""screen_max_vertices"": 5, ""source"": ""arXiv:math/0302185""}, ""latest_attempt_checked_cases"": 94, ""launch_index"": 1, ""outcome"": ""inconclusive"", ""search_role"": ""dense_nine_vertex_frontier_sampling"", ""stage"": ""deep"", ""status"": ""completed"", ""stop_reason"": ""predicate_time_budget_exhausted"", ""strategy_id"": ""targeted"", ""task_id"": ""batch-task-cae5fad4a33eab011527ea4ad6cabd8ecc008c7d"", ""updated_at"": ""2026-07-28T00:28:18.243330Z""}, {""attempt_count"": 1, ""budget"": {""max_cases"": 100000, ""memory_mb"": 1024, ""parameters"": {""max_vertices"": 9}, ""time_seconds"": 600}, ""checked_cases"": 86, ""checkpoint_created_at"": ""2026-07-27T10:59:51.127122Z"", ""checkpoint_id"": 25228, ""checkpoint_sequence"": 1, ""cursor"": {""bounds"": {""max_cases"": 100000, ""max_vertices"": 9, ""time_seconds"": 600}, ""next_case"": 86, ""strategy_id"": ""targeted""}, ""frontier_provenance"": {""deep_edge_range_at_nine"": [19, 22], ""deep_max_vertices"": 9, ""known_verified_edge_ceiling_at_nine"": 18, ""screen_max_vertices"": 5, ""source"": ""arXiv:math/0302185""}, ""latest_attempt_checked_cases"": 86, ""launch_index"": 2, ""outcome"": ""inconclusive"", ""search_role"": ""dense_nine_vertex_frontier_sampling"", ""stage"": ""deep"", ""status"": ""completed"", ""stop_reason"": ""predicate_time_budget_exhausted"", ""strategy_id"": ""targeted"", ""task_id"": ""batch-task-a3cf165830e3632dcfb66d94b23352d372d54033"", ""updated_at"": ""2026-07-28T00:28:18.275386Z""}]"
unsolvedmath-opg-335,"Reed's omega, delta, and chi conjecture",graph_theory,bounded_search_completed,True,approved,full_claim,"The full finite claim semantics are checked, subject to the configured graph-order and case bounds.",not_required,,2026-07-28T00:28:18.307477Z,4,4,4,227890,"[""bounded_screen"", ""seeded_stratified_adversarial_graph_search""]","[{""deep_max_vertices"": 10, ""screen_max_vertices"": 8}]","{""completed"": 4}","{""deep"": {""completed"": 3}, ""screen"": {""completed"": 1}}","{""inconclusive"": 4}","[""max_cases_exhausted"", ""predicate_time_budget_exhausted""]","[{""attempt_count"": 1, ""budget"": {""max_cases"": 10000, ""memory_mb"": 1024, ""parameters"": {""max_vertices"": 8}, ""time_seconds"": 60}, ""checked_cases"": 10000, ""checkpoint_created_at"": ""2026-07-27T10:48:15.348935Z"", ""checkpoint_id"": 9710, ""checkpoint_sequence"": 101, ""cursor"": {""bounds"": {""max_cases"": 10000, ""max_vertices"": 8, ""time_seconds"": 60}, ""next_case"": 10000, ""strategy_id"": ""exact-small""}, ""frontier_provenance"": {}, ""latest_attempt_checked_cases"": 10000, ""launch_index"": 0, ""outcome"": ""inconclusive"", ""search_role"": ""bounded_screen"", ""stage"": ""screen"", ""status"": ""completed"", ""stop_reason"": ""max_cases_exhausted"", ""strategy_id"": ""exact-small"", ""task_id"": ""batch-task-951b95e8f9a990b8a8201c9f03035e73fb4fe5fe"", ""updated_at"": ""2026-07-28T00:28:18.283680Z""}, {""attempt_count"": 1, ""budget"": {""max_cases"": 100000, ""memory_mb"": 1024, ""parameters"": {""max_vertices"": 10}, ""time_seconds"": 600}, ""checked_cases"": 72484, ""checkpoint_created_at"": ""2026-07-27T11:00:08.354562Z"", ""checkpoint_id"": 26161, ""checkpoint_sequence"": 725, ""cursor"": {""bounds"": {""max_cases"": 100000, ""max_vertices"": 10, ""time_seconds"": 600}, ""next_case"": 72484, ""strategy_id"": ""targeted""}, ""frontier_provenance"": {""deep_max_vertices"": 10, ""screen_max_vertices"": 8}, ""latest_attempt_checked_cases"": 72484, ""launch_index"": 0, ""outcome"": ""inconclusive"", ""search_role"": ""seeded_stratified_adversarial_graph_search"", ""stage"": ""deep"", ""status"": ""completed"", ""stop_reason"": ""predicate_time_budget_exhausted"", ""strategy_id"": ""targeted"", ""task_id"": ""batch-task-154650c5666982bfcd602e58fb708e5e38a3651b"", ""updated_at"": ""2026-07-28T00:28:18.291938Z""}, {""attempt_count"": 1, ""budget"": {""max_cases"": 100000, ""memory_mb"": 1024, ""parameters"": {""max_vertices"": 10}, ""time_seconds"": 600}, ""checked_cases"": 72343, ""checkpoint_created_at"": ""2026-07-27T11:00:11.904138Z"", ""checkpoint_id"": 26347, ""checkpoint_sequence"": 724, ""cursor"": {""bounds"": {""max_cases"": 100000, ""max_vertices"": 10, ""time_seconds"": 600}, ""next_case"": 72343, ""strategy_id"": ""targeted""}, ""frontier_provenance"": {""deep_max_vertices"": 10, ""screen_max_vertices"": 8}, ""latest_attempt_checked_cases"": 72343, ""launch_index"": 1, ""outcome"": ""inconclusive"", ""search_role"": ""seeded_stratified_adversarial_graph_search"", ""stage"": ""deep"", ""status"": ""completed"", ""stop_reason"": ""predicate_time_budget_exhausted"", ""strategy_id"": ""targeted"", ""task_id"": ""batch-task-3730b9a47868045c4c13586ca6c1704206b306c3"", ""updated_at"": ""2026-07-28T00:28:18.299945Z""}, {""attempt_count"": 1, ""budget"": {""max_cases"": 100000, ""memory_mb"": 1024, ""parameters"": {""max_vertices"": 10}, ""time_seconds"": 600}, ""checked_cases"": 73063, ""checkpoint_created_at"": ""2026-07-27T11:00:11.938086Z"", ""checkpoint_id"": 26361, ""checkpoint_sequence"": 731, ""cursor"": {""bounds"": {""max_cases"": 100000, ""max_vertices"": 10, ""time_seconds"": 600}, ""next_case"": 73063, ""strategy_id"": ""targeted""}, ""frontier_provenance"": {""deep_max_vertices"": 10, ""screen_max_vertices"": 8}, ""latest_attempt_checked_cases"": 73063, ""launch_index"": 2, ""outcome"": ""inconclusive"", ""search_role"": ""seeded_stratified_adversarial_graph_search"", ""stage"": ""deep"", ""status"": ""completed"", ""stop_reason"": ""predicate_time_budget_exhausted"", ""strategy_id"": ""targeted"", ""task_id"": ""batch-task-b109974c7e07891887f27b6d7c899ef07e741d61"", ""updated_at"": ""2026-07-28T00:28:18.307477Z""}]"
unsolvedmath-opg-36907,Bounding the chromatic number of triangle-free graphs with fixed maximum degree,graph_theory,bounded_search_completed,True,approved,full_claim,"The full finite claim semantics are checked, subject to the configured graph-order and case bounds.",not_required,,2026-07-28T00:28:18.353478Z,4,4,4,12121,"[""bounded_screen"", ""seeded_stratified_adversarial_graph_search""]","[{""deep_max_vertices"": 11, ""screen_max_vertices"": 9}]","{""completed"": 4}","{""deep"": {""completed"": 3}, ""screen"": {""completed"": 1}}","{""inconclusive"": 4}","[""max_cases_exhausted"", ""predicate_time_budget_exhausted""]","[{""attempt_count"": 1, ""budget"": {""max_cases"": 10000, ""memory_mb"": 1024, ""parameters"": {""max_vertices"": 9}, ""time_seconds"": 60}, ""checked_cases"": 10000, ""checkpoint_created_at"": ""2026-07-27T10:50:06.515883Z"", ""checkpoint_id"": 10908, ""checkpoint_sequence"": 101, ""cursor"": {""bounds"": {""max_cases"": 10000, ""max_vertices"": 9, ""time_seconds"": 60}, ""next_case"": 10000, ""strategy_id"": ""exact-small""}, ""frontier_provenance"": {}, ""latest_attempt_checked_cases"": 10000, ""launch_index"": 0, ""outcome"": ""inconclusive"", ""search_role"": ""bounded_screen"", ""stage"": ""screen"", ""status"": ""completed"", ""stop_reason"": ""max_cases_exhausted"", ""strategy_id"": ""exact-small"", ""task_id"": ""batch-task-c34906836b15803cf26937e97cf55e866747421d"", ""updated_at"": ""2026-07-28T00:28:18.315540Z""}, {""attempt_count"": 1, ""budget"": {""max_cases"": 100000, ""memory_mb"": 1024, ""parameters"": {""max_vertices"": 11}, ""time_seconds"": 600}, ""checked_cases"": 467, ""checkpoint_created_at"": ""2026-07-27T11:00:21.757316Z"", ""checkpoint_id"": 26781, ""checkpoint_sequence"": 5, ""cursor"": {""bounds"": {""max_cases"": 100000, ""max_vertices"": 11, ""time_seconds"": 600}, ""next_case"": 467, ""strategy_id"": ""targeted""}, ""frontier_provenance"": {""deep_max_vertices"": 11, ""screen_max_vertices"": 9}, ""latest_attempt_checked_cases"": 467, ""launch_index"": 0, ""outcome"": ""inconclusive"", ""search_role"": ""seeded_stratified_adversarial_graph_search"", ""stage"": ""deep"", ""status"": ""completed"", ""stop_reason"": ""predicate_time_budget_exhausted"", ""strategy_id"": ""targeted"", ""task_id"": ""batch-task-f58607b9ca87e8eb5b401f39dfb166826b793ce0"", ""updated_at"": ""2026-07-28T00:28:18.329315Z""}, {""attempt_count"": 1, ""budget"": {""max_cases"": 100000, ""memory_mb"": 1024, ""parameters"": {""max_vertices"": 11}, ""time_seconds"": 600}, ""checked_cases"": 647, ""checkpoint_created_at"": ""2026-07-27T11:00:55.687149Z"", ""checkpoint_id"": 28319, ""checkpoint_sequence"": 7, ""cursor"": {""bounds"": {""max_cases"": 100000, ""max_vertices"": 11, ""time_seconds"": 600}, ""next_case"": 647, ""strategy_id"": ""targeted""}, ""frontier_provenance"": {""deep_max_vertices"": 11, ""screen_max_vertices"": 9}, ""latest_attempt_checked_cases"": 647, ""launch_index"": 1, ""outcome"": ""inconclusive"", ""search_role"": ""seeded_stratified_adversarial_graph_search"", ""stage"": ""deep"", ""status"": ""completed"", ""stop_reason"": ""predicate_time_budget_exhausted"", ""strategy_id"": ""targeted"", ""task_id"": ""batch-task-8b4b28a538074294d86f3fa69fa0b11f748a5e8b"", ""updated_at"": ""2026-07-28T00:28:18.345230Z""}, {""attempt_count"": 1, ""budget"": {""max_cases"": 100000, ""memory_mb"": 1024, ""parameters"": {""max_vertices"": 11}, ""time_seconds"": 600}, ""checked_cases"": 1007, ""checkpoint_created_at"": ""2026-07-27T11:01:26.166133Z"", ""checkpoint_id"": 29849, ""checkpoint_sequence"": 11, ""cursor"": {""bounds"": {""max_cases"": 100000, ""max_vertices"": 11, ""time_seconds"": 600}, ""next_case"": 1007, ""strategy_id"": ""targeted""}, ""frontier_provenance"": {""deep_max_vertices"": 11, ""screen_max_vertices"": 9}, ""latest_attempt_checked_cases"": 1007, ""launch_index"": 2, ""outcome"": ""inconclusive"", ""search_role"": ""seeded_stratified_adversarial_graph_search"", ""stage"": ""deep"", ""status"": ""completed"", ""stop_reason"": ""predicate_time_budget_exhausted"", ""strategy_id"": ""targeted"", ""task_id"": ""batch-task-7a0a4a5bf84931d2815d26f1434ee6e65e13ab09"", ""updated_at"": ""2026-07-28T00:28:18.353478Z""}]"
unsolvedmath-opg-37038,Domination in cubic graphs,graph_theory,bounded_search_completed,True,approved,full_claim,"The full finite claim semantics are checked, subject to the configured graph-order and case bounds.",not_required,,2026-07-28T00:28:18.385023Z,4,4,4,310000,"[""bounded_screen"", ""seeded_stratified_adversarial_graph_search""]","[{""deep_max_vertices"": 14, ""screen_max_vertices"": 12}]","{""completed"": 4}","{""deep"": {""completed"": 3}, ""screen"": {""completed"": 1}}","{""inconclusive"": 4}","[""max_cases_exhausted"", ""targeted_sample_exhausted""]","[{""attempt_count"": 1, ""budget"": {""max_cases"": 10000, ""memory_mb"": 1024, ""parameters"": {""max_vertices"": 12}, ""time_seconds"": 60}, ""checked_cases"": 10000, ""checkpoint_created_at"": ""2026-07-27T10:50:09.375234Z"", ""checkpoint_id"": 11046, ""checkpoint_sequence"": 101, ""cursor"": {""bounds"": {""max_cases"": 10000, ""max_vertices"": 12, ""time_seconds"": 60}, ""next_case"": 10000, ""strategy_id"": ""exact-small""}, ""frontier_provenance"": {}, ""latest_attempt_checked_cases"": 10000, ""launch_index"": 0, ""outcome"": ""inconclusive"", ""search_role"": ""bounded_screen"", ""stage"": ""screen"", ""status"": ""completed"", ""stop_reason"": ""max_cases_exhausted"", ""strategy_id"": ""exact-small"", ""task_id"": ""batch-task-9b4c9bc4af11a7a51189d7624c6f12013768ea71"", ""updated_at"": ""2026-07-28T00:28:18.361899Z""}, {""attempt_count"": 1, ""budget"": {""max_cases"": 100000, ""memory_mb"": 1024, ""parameters"": {""max_vertices"": 14}, ""time_seconds"": 600}, ""checked_cases"": 100000, ""checkpoint_created_at"": ""2026-07-27T10:53:40.947741Z"", ""checkpoint_id"": 13420, ""checkpoint_sequence"": 1001, ""cursor"": {""bounds"": {""max_cases"": 100000, ""max_vertices"": 14, ""time_seconds"": 600}, ""next_case"": 100000, ""strategy_id"": ""targeted""}, ""frontier_provenance"": {""deep_max_vertices"": 14, ""screen_max_vertices"": 12}, ""latest_attempt_checked_cases"": 100000, ""launch_index"": 0, ""outcome"": ""inconclusive"", ""search_role"": ""seeded_stratified_adversarial_graph_search"", ""stage"": ""deep"", ""status"": ""completed"", ""stop_reason"": ""targeted_sample_exhausted"", ""strategy_id"": ""targeted"", ""task_id"": ""batch-task-231fb3a69eda51c887c7c9d50ed5be28d782da59"", ""updated_at"": ""2026-07-28T00:28:18.370314Z""}, {""attempt_count"": 1, ""budget"": {""max_cases"": 100000, ""memory_mb"": 1024, ""parameters"": {""max_vertices"": 14}, ""time_seconds"": 600}, ""checked_cases"": 100000, ""checkpoint_created_at"": ""2026-07-27T10:55:20.696623Z"", ""checkpoint_id"": 15137, ""checkpoint_sequence"": 1001, ""cursor"": {""bounds"": {""max_cases"": 100000, ""max_vertices"": 14, ""time_seconds"": 600}, ""next_case"": 100000, ""strategy_id"": ""targeted""}, ""frontier_provenance"": {""deep_max_vertices"": 14, ""screen_max_vertices"": 12}, ""latest_attempt_checked_cases"": 100000, ""launch_index"": 1, ""outcome"": ""inconclusive"", ""search_role"": ""seeded_stratified_adversarial_graph_search"", ""stage"": ""deep"", ""status"": ""completed"", ""stop_reason"": ""targeted_sample_exhausted"", ""strategy_id"": ""targeted"", ""task_id"": ""batch-task-56ca5b5b5b8d612022087ffeb4e0b1d0e7d0a274"", ""updated_at"": ""2026-07-28T00:28:18.378005Z""}, {""attempt_count"": 1, ""budget"": {""max_cases"": 100000, ""memory_mb"": 1024, ""parameters"": {""max_vertices"": 14}, ""time_seconds"": 600}, ""checked_cases"": 100000, ""checkpoint_created_at"": ""2026-07-27T10:56:53.091566Z"", ""checkpoint_id"": 17514, ""checkpoint_sequence"": 1001, ""cursor"": {""bounds"": {""max_cases"": 100000, ""max_vertices"": 14, ""time_seconds"": 600}, ""next_case"": 100000, ""strategy_id"": ""targeted""}, ""frontier_provenance"": {""deep_max_vertices"": 14, ""screen_max_vertices"": 12}, ""latest_attempt_checked_cases"": 100000, ""launch_index"": 2, ""outcome"": ""inconclusive"", ""search_role"": ""seeded_stratified_adversarial_graph_search"", ""stage"": ""deep"", ""status"": ""completed"", ""stop_reason"": ""targeted_sample_exhausted"", ""strategy_id"": ""targeted"", ""task_id"": ""batch-task-6afbf2d87699772e2f13d97ee73a1331755bd257"", ""updated_at"": ""2026-07-28T00:28:18.385023Z""}]"
unsolvedmath-opg-37182,Odd cycles and low oddness,graph_theory,bounded_search_completed,True,approved,restricted_family,Connectedness is explicit in this model to exclude trivial disjoint unions and capture the intended oddness conjecture.,not_required,,2026-07-28T00:28:18.414140Z,4,4,4,310000,"[""bounded_screen"", ""seeded_stratified_adversarial_graph_search""]","[{""deep_max_vertices"": 14, ""screen_max_vertices"": 12}]","{""completed"": 4}","{""deep"": {""completed"": 3}, ""screen"": {""completed"": 1}}","{""inconclusive"": 4}","[""max_cases_exhausted"", ""targeted_sample_exhausted""]","[{""attempt_count"": 1, ""budget"": {""max_cases"": 10000, ""memory_mb"": 1024, ""parameters"": {""max_vertices"": 12}, ""time_seconds"": 60}, ""checked_cases"": 10000, ""checkpoint_created_at"": ""2026-07-27T10:51:54.136844Z"", ""checkpoint_id"": 11953, ""checkpoint_sequence"": 101, ""cursor"": {""bounds"": {""max_cases"": 10000, ""max_vertices"": 12, ""time_seconds"": 60}, ""next_case"": 10000, ""strategy_id"": ""exact-small""}, ""frontier_provenance"": {}, ""latest_attempt_checked_cases"": 10000, ""launch_index"": 0, ""outcome"": ""inconclusive"", ""search_role"": ""bounded_screen"", ""stage"": ""screen"", ""status"": ""completed"", ""stop_reason"": ""max_cases_exhausted"", ""strategy_id"": ""exact-small"", ""task_id"": ""batch-task-1f281cc59425f9b47eaf369265f96edfc68c230c"", ""updated_at"": ""2026-07-28T00:28:18.392291Z""}, {""attempt_count"": 1, ""budget"": {""max_cases"": 100000, ""memory_mb"": 1024, ""parameters"": {""max_vertices"": 14}, ""time_seconds"": 600}, ""checked_cases"": 100000, ""checkpoint_created_at"": ""2026-07-27T11:00:53.265673Z"", ""checkpoint_id"": 28192, ""checkpoint_sequence"": 1001, ""cursor"": {""bounds"": {""max_cases"": 100000, ""max_vertices"": 14, ""time_seconds"": 600}, ""next_case"": 100000, ""strategy_id"": ""targeted""}, ""frontier_provenance"": {""deep_max_vertices"": 14, ""screen_max_vertices"": 12}, ""latest_attempt_checked_cases"": 100000, ""launch_index"": 0, ""outcome"": ""inconclusive"", ""search_role"": ""seeded_stratified_adversarial_graph_search"", ""stage"": ""deep"", ""status"": ""completed"", ""stop_reason"": ""targeted_sample_exhausted"", ""strategy_id"": ""targeted"", ""task_id"": ""batch-task-765d7c4e32eb46a3293f27d0772c390a674aaed4"", ""updated_at"": ""2026-07-28T00:28:18.399435Z""}, {""attempt_count"": 1, ""budget"": {""max_cases"": 100000, ""memory_mb"": 1024, ""parameters"": {""max_vertices"": 14}, ""time_seconds"": 600}, ""checked_cases"": 100000, ""checkpoint_created_at"": ""2026-07-27T11:00:54.174634Z"", ""checkpoint_id"": 28227, ""checkpoint_sequence"": 1001, ""cursor"": {""bounds"": {""max_cases"": 100000, ""max_vertices"": 14, ""time_seconds"": 600}, ""next_case"": 100000, ""strategy_id"": ""targeted""}, ""frontier_provenance"": {""deep_max_vertices"": 14, ""screen_max_vertices"": 12}, ""latest_attempt_checked_cases"": 100000, ""launch_index"": 1, ""outcome"": ""inconclusive"", ""search_role"": ""seeded_stratified_adversarial_graph_search"", ""stage"": ""deep"", ""status"": ""completed"", ""stop_reason"": ""targeted_sample_exhausted"", ""strategy_id"": ""targeted"", ""task_id"": ""batch-task-330b302dd5c5878963c76ae287876b77d64ded78"", ""updated_at"": ""2026-07-28T00:28:18.406701Z""}, {""attempt_count"": 1, ""budget"": {""max_cases"": 100000, ""memory_mb"": 1024, ""parameters"": {""max_vertices"": 14}, ""time_seconds"": 600}, ""checked_cases"": 100000, ""checkpoint_created_at"": ""2026-07-27T11:01:03.284464Z"", ""checkpoint_id"": 28684, ""checkpoint_sequence"": 1001, ""cursor"": {""bounds"": {""max_cases"": 100000, ""max_vertices"": 14, ""time_seconds"": 600}, ""next_case"": 100000, ""strategy_id"": ""targeted""}, ""frontier_provenance"": {""deep_max_vertices"": 14, ""screen_max_vertices"": 12}, ""latest_attempt_checked_cases"": 100000, ""launch_index"": 2, ""outcome"": ""inconclusive"", ""search_role"": ""seeded_stratified_adversarial_graph_search"", ""stage"": ""deep"", ""status"": ""completed"", ""stop_reason"": ""targeted_sample_exhausted"", ""strategy_id"": ""targeted"", ""task_id"": ""batch-task-53333d361eb813c5e212dcae1c0b1ee7d4dcae2d"", ""updated_at"": ""2026-07-28T00:28:18.414140Z""}]"
unsolvedmath-opg-37379,Forcing a $K_6$-minor,graph_theory,bounded_search_completed,True,approved,full_claim,"The full finite claim semantics are checked, subject to the configured graph-order and case bounds.",not_required,,2026-07-28T00:28:18.442564Z,4,4,4,310000,"[""bounded_screen"", ""seeded_stratified_adversarial_graph_search""]","[{""deep_max_vertices"": 12, ""screen_max_vertices"": 10}]","{""completed"": 4}","{""deep"": {""completed"": 3}, ""screen"": {""completed"": 1}}","{""inconclusive"": 4}","[""max_cases_exhausted"", ""targeted_sample_exhausted""]","[{""attempt_count"": 1, ""budget"": {""max_cases"": 10000, ""memory_mb"": 1024, ""parameters"": {""max_vertices"": 10}, ""time_seconds"": 60}, ""checked_cases"": 10000, ""checkpoint_created_at"": ""2026-07-27T10:55:14.232954Z"", ""checkpoint_id"": 14963, ""checkpoint_sequence"": 101, ""cursor"": {""bounds"": {""max_cases"": 10000, ""max_vertices"": 10, ""time_seconds"": 60}, ""next_case"": 10000, ""strategy_id"": ""exact-small""}, ""frontier_provenance"": {}, ""latest_attempt_checked_cases"": 10000, ""launch_index"": 0, ""outcome"": ""inconclusive"", ""search_role"": ""bounded_screen"", ""stage"": ""screen"", ""status"": ""completed"", ""stop_reason"": ""max_cases_exhausted"", ""strategy_id"": ""exact-small"", ""task_id"": ""batch-task-63784ca2644839dbb14d425f23c0b72f25335d49"", ""updated_at"": ""2026-07-28T00:28:18.421448Z""}, {""attempt_count"": 1, ""budget"": {""max_cases"": 100000, ""memory_mb"": 1024, ""parameters"": {""max_vertices"": 12}, ""time_seconds"": 600}, ""checked_cases"": 100000, ""checkpoint_created_at"": ""2026-07-27T10:58:30.174973Z"", ""checkpoint_id"": 20921, ""checkpoint_sequence"": 1001, ""cursor"": {""bounds"": {""max_cases"": 100000, ""max_vertices"": 12, ""time_seconds"": 600}, ""next_case"": 100000, ""strategy_id"": ""targeted""}, ""frontier_provenance"": {""deep_max_vertices"": 12, ""screen_max_vertices"": 10}, ""latest_attempt_checked_cases"": 100000, ""launch_index"": 0, ""outcome"": ""inconclusive"", ""search_role"": ""seeded_stratified_adversarial_graph_search"", ""stage"": ""deep"", ""status"": ""completed"", ""stop_reason"": ""targeted_sample_exhausted"", ""strategy_id"": ""targeted"", ""task_id"": ""batch-task-71e6e5e450ddef8d85c657cbde25d08b36357272"", ""updated_at"": ""2026-07-28T00:28:18.428432Z""}, {""attempt_count"": 1, ""budget"": {""max_cases"": 100000, ""memory_mb"": 1024, ""parameters"": {""max_vertices"": 12}, ""time_seconds"": 600}, ""checked_cases"": 100000, ""checkpoint_created_at"": ""2026-07-27T10:58:56.497101Z"", ""checkpoint_id"": 22317, ""checkpoint_sequence"": 1001, ""cursor"": {""bounds"": {""max_cases"": 100000, ""max_vertices"": 12, ""time_seconds"": 600}, ""next_case"": 100000, ""strategy_id"": ""targeted""}, ""frontier_provenance"": {""deep_max_vertices"": 12, ""screen_max_vertices"": 10}, ""latest_attempt_checked_cases"": 100000, ""launch_index"": 1, ""outcome"": ""inconclusive"", ""search_role"": ""seeded_stratified_adversarial_graph_search"", ""stage"": ""deep"", ""status"": ""completed"", ""stop_reason"": ""targeted_sample_exhausted"", ""strategy_id"": ""targeted"", ""task_id"": ""batch-task-57139d7ad27fdd6926586ee252a321250fc6ff20"", ""updated_at"": ""2026-07-28T00:28:18.435635Z""}, {""attempt_count"": 1, ""budget"": {""max_cases"": 100000, ""memory_mb"": 1024, ""parameters"": {""max_vertices"": 12}, ""time_seconds"": 600}, ""checked_cases"": 100000, ""checkpoint_created_at"": ""2026-07-27T11:00:09.342197Z"", ""checkpoint_id"": 26215, ""checkpoint_sequence"": 1001, ""cursor"": {""bounds"": {""max_cases"": 100000, ""max_vertices"": 12, ""time_seconds"": 600}, ""next_case"": 100000, ""strategy_id"": ""targeted""}, ""frontier_provenance"": {""deep_max_vertices"": 12, ""screen_max_vertices"": 10}, ""latest_attempt_checked_cases"": 100000, ""launch_index"": 2, ""outcome"": ""inconclusive"", ""search_role"": ""seeded_stratified_adversarial_graph_search"", ""stage"": ""deep"", ""status"": ""completed"", ""stop_reason"": ""targeted_sample_exhausted"", ""strategy_id"": ""targeted"", ""task_id"": ""batch-task-3fbb001a00699b705a3dd5a8a594b61004dbe2eb"", ""updated_at"": ""2026-07-28T00:28:18.442564Z""}]"
unsolvedmath-opg-385,Barnette's Conjecture,graph_theory,bounded_search_completed,True,approved,full_claim,"The full finite claim semantics are checked, subject to the configured graph-order and case bounds.",not_required,,2026-07-28T00:28:18.472743Z,4,4,4,310000,"[""bounded_screen"", ""seeded_stratified_adversarial_graph_search""]","[{""deep_max_vertices"": 14, ""screen_max_vertices"": 12}]","{""completed"": 4}","{""deep"": {""completed"": 3}, ""screen"": {""completed"": 1}}","{""inconclusive"": 4}","[""max_cases_exhausted"", ""targeted_sample_exhausted""]","[{""attempt_count"": 1, ""budget"": {""max_cases"": 10000, ""memory_mb"": 1024, ""parameters"": {""max_vertices"": 12}, ""time_seconds"": 60}, ""checked_cases"": 10000, ""checkpoint_created_at"": ""2026-07-27T10:56:27.651889Z"", ""checkpoint_id"": 16746, ""checkpoint_sequence"": 101, ""cursor"": {""bounds"": {""max_cases"": 10000, ""max_vertices"": 12, ""time_seconds"": 60}, ""next_case"": 10000, ""strategy_id"": ""exact-small""}, ""frontier_provenance"": {}, ""latest_attempt_checked_cases"": 10000, ""launch_index"": 0, ""outcome"": ""inconclusive"", ""search_role"": ""bounded_screen"", ""stage"": ""screen"", ""status"": ""completed"", ""stop_reason"": ""max_cases_exhausted"", ""strategy_id"": ""exact-small"", ""task_id"": ""batch-task-cf2079de696b9da35c6bc4ee7861255d13fc8635"", ""updated_at"": ""2026-07-28T00:28:18.450144Z""}, {""attempt_count"": 1, ""budget"": {""max_cases"": 100000, ""memory_mb"": 1024, ""parameters"": {""max_vertices"": 14}, ""time_seconds"": 600}, ""checked_cases"": 100000, ""checkpoint_created_at"": ""2026-07-27T11:00:06.653878Z"", ""checkpoint_id"": 26068, ""checkpoint_sequence"": 1001, ""cursor"": {""bounds"": {""max_cases"": 100000, ""max_vertices"": 14, ""time_seconds"": 600}, ""next_case"": 100000, ""strategy_id"": ""targeted""}, ""frontier_provenance"": {""deep_max_vertices"": 14, ""screen_max_vertices"": 12}, ""latest_attempt_checked_cases"": 100000, ""launch_index"": 0, ""outcome"": ""inconclusive"", ""search_role"": ""seeded_stratified_adversarial_graph_search"", ""stage"": ""deep"", ""status"": ""completed"", ""stop_reason"": ""targeted_sample_exhausted"", ""strategy_id"": ""targeted"", ""task_id"": ""batch-task-24b2ad0a84bdb240b26979216c3a9765a642c71b"", ""updated_at"": ""2026-07-28T00:28:18.457462Z""}, {""attempt_count"": 1, ""budget"": {""max_cases"": 100000, ""memory_mb"": 1024, ""parameters"": {""max_vertices"": 14}, ""time_seconds"": 600}, ""checked_cases"": 100000, ""checkpoint_created_at"": ""2026-07-27T11:00:29.026961Z"", ""checkpoint_id"": 27207, ""checkpoint_sequence"": 1001, ""cursor"": {""bounds"": {""max_cases"": 100000, ""max_vertices"": 14, ""time_seconds"": 600}, ""next_case"": 100000, ""strategy_id"": ""targeted""}, ""frontier_provenance"": {""deep_max_vertices"": 14, ""screen_max_vertices"": 12}, ""latest_attempt_checked_cases"": 100000, ""launch_index"": 1, ""outcome"": ""inconclusive"", ""search_role"": ""seeded_stratified_adversarial_graph_search"", ""stage"": ""deep"", ""status"": ""completed"", ""stop_reason"": ""targeted_sample_exhausted"", ""strategy_id"": ""targeted"", ""task_id"": ""batch-task-6b45670c63e2c42a092c823766ac10e53a70af82"", ""updated_at"": ""2026-07-28T00:28:18.465176Z""}, {""attempt_count"": 1, ""budget"": {""max_cases"": 100000, ""memory_mb"": 1024, ""parameters"": {""max_vertices"": 14}, ""time_seconds"": 600}, ""checked_cases"": 100000, ""checkpoint_created_at"": ""2026-07-27T11:00:33.490602Z"", ""checkpoint_id"": 27405, ""checkpoint_sequence"": 1001, ""cursor"": {""bounds"": {""max_cases"": 100000, ""max_vertices"": 14, ""time_seconds"": 600}, ""next_case"": 100000, ""strategy_id"": ""targeted""}, ""frontier_provenance"": {""deep_max_vertices"": 14, ""screen_max_vertices"": 12}, ""latest_attempt_checked_cases"": 100000, ""launch_index"": 2, ""outcome"": ""inconclusive"", ""search_role"": ""seeded_stratified_adversarial_graph_search"", ""stage"": ""deep"", ""status"": ""completed"", ""stop_reason"": ""targeted_sample_exhausted"", ""strategy_id"": ""targeted"", ""task_id"": ""batch-task-558d823cc33ed5338b7edb8a552296131d3253c0"", ""updated_at"": ""2026-07-28T00:28:18.472743Z""}]"
unsolvedmath-opg-638,Jones' conjecture,graph_theory,bounded_search_completed,True,approved,full_claim,"The full finite claim semantics are checked, subject to the configured graph-order and case bounds.",not_required,,2026-07-28T00:28:18.488245Z,2,2,3,88042,"[""bounded_screen"", ""complete_nonisomorphic_planar_enumeration""]","[{""deep_max_vertices"": 9, ""deep_planar_graph_count_through_order_nine"": 87834, ""enumeration"": ""all nonisomorphic simple planar graphs through order 9"", ""screen_max_vertices"": 6}]","{""completed"": 2}","{""deep"": {""completed"": 1}, ""screen"": {""completed"": 1}}","{""inconclusive"": 1, ""no_candidate"": 1}","[""finite_bound_exhausted"", ""targeted_sample_exhausted""]","[{""attempt_count"": 1, ""budget"": {""max_cases"": 10000, ""memory_mb"": 1024, ""parameters"": {""max_vertices"": 6}, ""time_seconds"": 60}, ""checked_cases"": 208, ""checkpoint_created_at"": ""2026-07-27T10:58:04.719630Z"", ""checkpoint_id"": 19685, ""checkpoint_sequence"": 3, ""cursor"": {""bounds"": {""max_cases"": 10000, ""max_vertices"": 6, ""time_seconds"": 60}, ""next_case"": 208, ""strategy_id"": ""exact-small""}, ""frontier_provenance"": {}, ""latest_attempt_checked_cases"": 208, ""launch_index"": 0, ""outcome"": ""no_candidate"", ""search_role"": ""bounded_screen"", ""stage"": ""screen"", ""status"": ""completed"", ""stop_reason"": ""finite_bound_exhausted"", ""strategy_id"": ""exact-small"", ""task_id"": ""batch-task-702019d01e98a5324fa5792d4574cdb75064428d"", ""updated_at"": ""2026-07-28T00:28:18.480243Z""}, {""attempt_count"": 2, ""budget"": {""max_cases"": 100000, ""memory_mb"": 1024, ""parameters"": {""max_vertices"": 9}, ""time_seconds"": 600}, ""checked_cases"": 87834, ""checkpoint_created_at"": ""2026-07-27T11:08:04.517101Z"", ""checkpoint_id"": 40225, ""checkpoint_sequence"": 119, ""cursor"": {""bounds"": {""max_cases"": 100000, ""max_vertices"": 9, ""time_seconds"": 600}, ""next_case"": 87834, ""strategy_id"": ""targeted""}, ""frontier_provenance"": {""deep_max_vertices"": 9, ""deep_planar_graph_count_through_order_nine"": 87834, ""enumeration"": ""all nonisomorphic simple planar graphs through order 9"", ""screen_max_vertices"": 6}, ""latest_attempt_checked_cases"": 11834, ""launch_index"": 0, ""outcome"": ""inconclusive"", ""search_role"": ""complete_nonisomorphic_planar_enumeration"", ""stage"": ""deep"", ""status"": ""completed"", ""stop_reason"": ""targeted_sample_exhausted"", ""strategy_id"": ""targeted"", ""task_id"": ""batch-task-d74e7e68e9d21f6e952a387ed35d04386052c2f8"", ""updated_at"": ""2026-07-28T00:28:18.488245Z""}]"
unsolvedmath-opg-434,Weak pentagon problem,graph_theory,bounded_search_completed,True,approved,explicit_subclaim,The local source says only 'color the edges ... by five colors' and does not state properness; this model uses an arbitrary edge-to-color map.,not_required,,2026-07-28T00:28:18.518962Z,4,4,4,310000,"[""bounded_screen"", ""seeded_stratified_adversarial_graph_search""]","[{""deep_max_vertices"": 12, ""screen_max_vertices"": 10}]","{""completed"": 4}","{""deep"": {""completed"": 3}, ""screen"": {""completed"": 1}}","{""inconclusive"": 4}","[""max_cases_exhausted"", ""targeted_sample_exhausted""]","[{""attempt_count"": 1, ""budget"": {""max_cases"": 10000, ""memory_mb"": 1024, ""parameters"": {""max_vertices"": 10}, ""time_seconds"": 60}, ""checked_cases"": 10000, ""checkpoint_created_at"": ""2026-07-27T10:59:01.404696Z"", ""checkpoint_id"": 22625, ""checkpoint_sequence"": 101, ""cursor"": {""bounds"": {""max_cases"": 10000, ""max_vertices"": 10, ""time_seconds"": 60}, ""next_case"": 10000, ""strategy_id"": ""exact-small""}, ""frontier_provenance"": {}, ""latest_attempt_checked_cases"": 10000, ""launch_index"": 0, ""outcome"": ""inconclusive"", ""search_role"": ""bounded_screen"", ""stage"": ""screen"", ""status"": ""completed"", ""stop_reason"": ""max_cases_exhausted"", ""strategy_id"": ""exact-small"", ""task_id"": ""batch-task-4a18c31f15f80b72eb10fd0554f4212275288840"", ""updated_at"": ""2026-07-28T00:28:18.496021Z""}, {""attempt_count"": 1, ""budget"": {""max_cases"": 100000, ""memory_mb"": 1024, ""parameters"": {""max_vertices"": 12}, ""time_seconds"": 600}, ""checked_cases"": 100000, ""checkpoint_created_at"": ""2026-07-27T11:03:46.998784Z"", ""checkpoint_id"": 36295, ""checkpoint_sequence"": 1001, ""cursor"": {""bounds"": {""max_cases"": 100000, ""max_vertices"": 12, ""time_seconds"": 600}, ""next_case"": 100000, ""strategy_id"": ""targeted""}, ""frontier_provenance"": {""deep_max_vertices"": 12, ""screen_max_vertices"": 10}, ""latest_attempt_checked_cases"": 100000, ""launch_index"": 0, ""outcome"": ""inconclusive"", ""search_role"": ""seeded_stratified_adversarial_graph_search"", ""stage"": ""deep"", ""status"": ""completed"", ""stop_reason"": ""targeted_sample_exhausted"", ""strategy_id"": ""targeted"", ""task_id"": ""batch-task-f82e00ada4bd83ca6d91239c88d186e85f8e089b"", ""updated_at"": ""2026-07-28T00:28:18.503640Z""}, {""attempt_count"": 1, ""budget"": {""max_cases"": 100000, ""memory_mb"": 1024, ""parameters"": {""max_vertices"": 12}, ""time_seconds"": 600}, ""checked_cases"": 100000, ""checkpoint_created_at"": ""2026-07-27T11:04:07.719580Z"", ""checkpoint_id"": 36930, ""checkpoint_sequence"": 1001, ""cursor"": {""bounds"": {""max_cases"": 100000, ""max_vertices"": 12, ""time_seconds"": 600}, ""next_case"": 100000, ""strategy_id"": ""targeted""}, ""frontier_provenance"": {""deep_max_vertices"": 12, ""screen_max_vertices"": 10}, ""latest_attempt_checked_cases"": 100000, ""launch_index"": 1, ""outcome"": ""inconclusive"", ""search_role"": ""seeded_stratified_adversarial_graph_search"", ""stage"": ""deep"", ""status"": ""completed"", ""stop_reason"": ""targeted_sample_exhausted"", ""strategy_id"": ""targeted"", ""task_id"": ""batch-task-13b988a5621ce1d32904794b466a1d130837c199"", ""updated_at"": ""2026-07-28T00:28:18.511472Z""}, {""attempt_count"": 1, ""budget"": {""max_cases"": 100000, ""memory_mb"": 1024, ""parameters"": {""max_vertices"": 12}, ""time_seconds"": 600}, ""checked_cases"": 100000, ""checkpoint_created_at"": ""2026-07-27T11:04:29.895157Z"", ""checkpoint_id"": 37548, ""checkpoint_sequence"": 1001, ""cursor"": {""bounds"": {""max_cases"": 100000, ""max_vertices"": 12, ""time_seconds"": 600}, ""next_case"": 100000, ""strategy_id"": ""targeted""}, ""frontier_provenance"": {""deep_max_vertices"": 12, ""screen_max_vertices"": 10}, ""latest_attempt_checked_cases"": 100000, ""launch_index"": 2, ""outcome"": ""inconclusive"", ""search_role"": ""seeded_stratified_adversarial_graph_search"", ""stage"": ""deep"", ""status"": ""completed"", ""stop_reason"": ""targeted_sample_exhausted"", ""strategy_id"": ""targeted"", ""task_id"": ""batch-task-dbb1e36a8b5d87a8cd945a3f52dbb912670224b2"", ""updated_at"": ""2026-07-28T00:28:18.518962Z""}]"
unsolvedmath-opg-46475,Strong edge colouring conjecture,graph_theory,bounded_search_completed,True,approved,full_claim,"The full finite claim semantics are checked, subject to the configured graph-order and case bounds.",not_required,,2026-07-28T00:28:18.549236Z,4,4,4,310000,"[""bounded_screen"", ""seeded_stratified_adversarial_graph_search""]","[{""deep_max_vertices"": 10, ""screen_max_vertices"": 8}]","{""completed"": 4}","{""deep"": {""completed"": 3}, ""screen"": {""completed"": 1}}","{""inconclusive"": 4}","[""max_cases_exhausted"", ""targeted_sample_exhausted""]","[{""attempt_count"": 1, ""budget"": {""max_cases"": 10000, ""memory_mb"": 1024, ""parameters"": {""max_vertices"": 8}, ""time_seconds"": 60}, ""checked_cases"": 10000, ""checkpoint_created_at"": ""2026-07-27T10:59:28.324731Z"", ""checkpoint_id"": 23999, ""checkpoint_sequence"": 101, ""cursor"": {""bounds"": {""max_cases"": 10000, ""max_vertices"": 8, ""time_seconds"": 60}, ""next_case"": 10000, ""strategy_id"": ""exact-small""}, ""frontier_provenance"": {}, ""latest_attempt_checked_cases"": 10000, ""launch_index"": 0, ""outcome"": ""inconclusive"", ""search_role"": ""bounded_screen"", ""stage"": ""screen"", ""status"": ""completed"", ""stop_reason"": ""max_cases_exhausted"", ""strategy_id"": ""exact-small"", ""task_id"": ""batch-task-de8da08c1a032b7233984ccf274750f2b349c47b"", ""updated_at"": ""2026-07-28T00:28:18.526179Z""}, {""attempt_count"": 1, ""budget"": {""max_cases"": 100000, ""memory_mb"": 1024, ""parameters"": {""max_vertices"": 10}, ""time_seconds"": 600}, ""checked_cases"": 100000, ""checkpoint_created_at"": ""2026-07-27T11:03:41.947048Z"", ""checkpoint_id"": 36075, ""checkpoint_sequence"": 1001, ""cursor"": {""bounds"": {""max_cases"": 100000, ""max_vertices"": 10, ""time_seconds"": 600}, ""next_case"": 100000, ""strategy_id"": ""targeted""}, ""frontier_provenance"": {""deep_max_vertices"": 10, ""screen_max_vertices"": 8}, ""latest_attempt_checked_cases"": 100000, ""launch_index"": 0, ""outcome"": ""inconclusive"", ""search_role"": ""seeded_stratified_adversarial_graph_search"", ""stage"": ""deep"", ""status"": ""completed"", ""stop_reason"": ""targeted_sample_exhausted"", ""strategy_id"": ""targeted"", ""task_id"": ""batch-task-440c5329910abde9727798219ad7fb0356aea662"", ""updated_at"": ""2026-07-28T00:28:18.533598Z""}, {""attempt_count"": 1, ""budget"": {""max_cases"": 100000, ""memory_mb"": 1024, ""parameters"": {""max_vertices"": 10}, ""time_seconds"": 600}, ""checked_cases"": 100000, ""checkpoint_created_at"": ""2026-07-27T11:03:45.681161Z"", ""checkpoint_id"": 36240, ""checkpoint_sequence"": 1001, ""cursor"": {""bounds"": {""max_cases"": 100000, ""max_vertices"": 10, ""time_seconds"": 600}, ""next_case"": 100000, ""strategy_id"": ""targeted""}, ""frontier_provenance"": {""deep_max_vertices"": 10, ""screen_max_vertices"": 8}, ""latest_attempt_checked_cases"": 100000, ""launch_index"": 1, ""outcome"": ""inconclusive"", ""search_role"": ""seeded_stratified_adversarial_graph_search"", ""stage"": ""deep"", ""status"": ""completed"", ""stop_reason"": ""targeted_sample_exhausted"", ""strategy_id"": ""targeted"", ""task_id"": ""batch-task-517e98b7bebfe36dcab60096721e501bc287819a"", ""updated_at"": ""2026-07-28T00:28:18.540991Z""}, {""attempt_count"": 1, ""budget"": {""max_cases"": 100000, ""memory_mb"": 1024, ""parameters"": {""max_vertices"": 10}, ""time_seconds"": 600}, ""checked_cases"": 100000, ""checkpoint_created_at"": ""2026-07-27T11:03:46.125515Z"", ""checkpoint_id"": 36261, ""checkpoint_sequence"": 1001, ""cursor"": {""bounds"": {""max_cases"": 100000, ""max_vertices"": 10, ""time_seconds"": 600}, ""next_case"": 100000, ""strategy_id"": ""targeted""}, ""frontier_provenance"": {""deep_max_vertices"": 10, ""screen_max_vertices"": 8}, ""latest_attempt_checked_cases"": 100000, ""launch_index"": 2, ""outcome"": ""inconclusive"", ""search_role"": ""seeded_stratified_adversarial_graph_search"", ""stage"": ""deep"", ""status"": ""completed"", ""stop_reason"": ""targeted_sample_exhausted"", ""strategy_id"": ""targeted"", ""task_id"": ""batch-task-4676d8a1f0866b6b370f3462fd4c5573e1943e06"", ""updated_at"": ""2026-07-28T00:28:18.549236Z""}]"
unsolvedmath-opg-46583,Decomposing a connected graph into paths.,graph_theory,bounded_search_completed,True,approved,full_claim,"The full finite claim semantics are checked, subject to the configured graph-order and case bounds.",not_required,,2026-07-28T00:28:18.580209Z,4,4,5,1299,"[""bounded_screen"", ""seeded_stratified_adversarial_graph_search""]","[{""deep_max_vertices"": 9, ""screen_max_vertices"": 7}]","{""completed"": 4}","{""deep"": {""completed"": 3}, ""screen"": {""completed"": 1}}","{""inconclusive"": 4}","[""predicate_time_budget_exhausted""]","[{""attempt_count"": 1, ""budget"": {""max_cases"": 10000, ""memory_mb"": 1024, ""parameters"": {""max_vertices"": 7}, ""time_seconds"": 60}, ""checked_cases"": 1251, ""checkpoint_created_at"": ""2026-07-27T11:01:11.113061Z"", ""checkpoint_id"": 29147, ""checkpoint_sequence"": 13, ""cursor"": {""bounds"": {""max_cases"": 10000, ""max_vertices"": 7, ""time_seconds"": 60}, ""next_case"": 1251, ""strategy_id"": ""exact-small""}, ""frontier_provenance"": {}, ""latest_attempt_checked_cases"": 1251, ""launch_index"": 0, ""outcome"": ""inconclusive"", ""search_role"": ""bounded_screen"", ""stage"": ""screen"", ""status"": ""completed"", ""stop_reason"": ""predicate_time_budget_exhausted"", ""strategy_id"": ""exact-small"", ""task_id"": ""batch-task-f58e8cd03546c60e14bc15e5ea1fa2cd4f7dfcdd"", ""updated_at"": ""2026-07-28T00:28:18.557300Z""}, {""attempt_count"": 1, ""budget"": {""max_cases"": 100000, ""memory_mb"": 1024, ""parameters"": {""max_vertices"": 9}, ""time_seconds"": 600}, ""checked_cases"": 7, ""checkpoint_created_at"": ""2026-07-27T11:11:20.411206Z"", ""checkpoint_id"": 42081, ""checkpoint_sequence"": 1, ""cursor"": {""bounds"": {""max_cases"": 100000, ""max_vertices"": 9, ""time_seconds"": 600}, ""next_case"": 7, ""strategy_id"": ""targeted""}, ""frontier_provenance"": {""deep_max_vertices"": 9, ""screen_max_vertices"": 7}, ""latest_attempt_checked_cases"": 7, ""launch_index"": 0, ""outcome"": ""inconclusive"", ""search_role"": ""seeded_stratified_adversarial_graph_search"", ""stage"": ""deep"", ""status"": ""completed"", ""stop_reason"": ""predicate_time_budget_exhausted"", ""strategy_id"": ""targeted"", ""task_id"": ""batch-task-889e6244cdf5d50e8e1d75025bb7fc8a26e1222f"", ""updated_at"": ""2026-07-28T00:28:18.564994Z""}, {""attempt_count"": 2, ""budget"": {""max_cases"": 100000, ""memory_mb"": 1024, ""parameters"": {""max_vertices"": 9}, ""time_seconds"": 600}, ""checked_cases"": 14, ""checkpoint_created_at"": ""2026-07-27T11:18:11.689084Z"", ""checkpoint_id"": 42772, ""checkpoint_sequence"": 1, ""cursor"": {""bounds"": {""max_cases"": 100000, ""max_vertices"": 9, ""time_seconds"": 600}, ""next_case"": 14, ""strategy_id"": ""targeted""}, ""frontier_provenance"": {""deep_max_vertices"": 9, ""screen_max_vertices"": 7}, ""latest_attempt_checked_cases"": 14, ""launch_index"": 1, ""outcome"": ""inconclusive"", ""search_role"": ""seeded_stratified_adversarial_graph_search"", ""stage"": ""deep"", ""status"": ""completed"", ""stop_reason"": ""predicate_time_budget_exhausted"", ""strategy_id"": ""targeted"", ""task_id"": ""batch-task-d064f0f82f906e660871f12671d65174a8d8f221"", ""updated_at"": ""2026-07-28T00:28:18.572746Z""}, {""attempt_count"": 1, ""budget"": {""max_cases"": 100000, ""memory_mb"": 1024, ""parameters"": {""max_vertices"": 9}, ""time_seconds"": 600}, ""checked_cases"": 27, ""checkpoint_created_at"": ""2026-07-27T11:13:49.325309Z"", ""checkpoint_id"": 42444, ""checkpoint_sequence"": 1, ""cursor"": {""bounds"": {""max_cases"": 100000, ""max_vertices"": 9, ""time_seconds"": 600}, ""next_case"": 27, ""strategy_id"": ""targeted""}, ""frontier_provenance"": {""deep_max_vertices"": 9, ""screen_max_vertices"": 7}, ""latest_attempt_checked_cases"": 27, ""launch_index"": 2, ""outcome"": ""inconclusive"", ""search_role"": ""seeded_stratified_adversarial_graph_search"", ""stage"": ""deep"", ""status"": ""completed"", ""stop_reason"": ""predicate_time_budget_exhausted"", ""strategy_id"": ""targeted"", ""task_id"": ""batch-task-212337a83e723376d0220d7bee6f1f8963ff1b9c"", ""updated_at"": ""2026-07-28T00:28:18.580209Z""}]"
unsolvedmath-opg-46584,Decomposing an eulerian graph into cycles.,graph_theory,bounded_search_completed,True,approved,full_claim,"The full finite claim semantics are checked, subject to the configured graph-order and case bounds.",not_required,,2026-07-28T00:28:18.617255Z,4,4,5,1651,"[""bounded_screen"", ""seeded_stratified_adversarial_graph_search""]","[{""deep_max_vertices"": 9, ""screen_max_vertices"": 7}]","{""completed"": 4}","{""deep"": {""completed"": 3}, ""screen"": {""completed"": 1}}","{""inconclusive"": 3, ""no_candidate"": 1}","[""finite_bound_exhausted"", ""predicate_time_budget_exhausted""]","[{""attempt_count"": 1, ""budget"": {""max_cases"": 10000, ""memory_mb"": 1024, ""parameters"": {""max_vertices"": 7}, ""time_seconds"": 60}, ""checked_cases"": 1252, ""checkpoint_created_at"": ""2026-07-27T11:00:24.839435Z"", ""checkpoint_id"": 26958, ""checkpoint_sequence"": 13, ""cursor"": {""bounds"": {""max_cases"": 10000, ""max_vertices"": 7, ""time_seconds"": 60}, ""next_case"": 1252, ""strategy_id"": ""exact-small""}, ""frontier_provenance"": {}, ""latest_attempt_checked_cases"": 1252, ""launch_index"": 0, ""outcome"": ""no_candidate"", ""search_role"": ""bounded_screen"", ""stage"": ""screen"", ""status"": ""completed"", ""stop_reason"": ""finite_bound_exhausted"", ""strategy_id"": ""exact-small"", ""task_id"": ""batch-task-4b1bf2c0925eb5709e93c9e30f22a8af1d729c14"", ""updated_at"": ""2026-07-28T00:28:18.587743Z""}, {""attempt_count"": 1, ""budget"": {""max_cases"": 100000, ""memory_mb"": 1024, ""parameters"": {""max_vertices"": 9}, ""time_seconds"": 600}, ""checked_cases"": 47, ""checkpoint_created_at"": ""2026-07-27T11:10:40.929442Z"", ""checkpoint_id"": 41045, ""checkpoint_sequence"": 1, ""cursor"": {""bounds"": {""max_cases"": 100000, ""max_vertices"": 9, ""time_seconds"": 600}, ""next_case"": 47, ""strategy_id"": ""targeted""}, ""frontier_provenance"": {""deep_max_vertices"": 9, ""screen_max_vertices"": 7}, ""latest_attempt_checked_cases"": 47, ""launch_index"": 0, ""outcome"": ""inconclusive"", ""search_role"": ""seeded_stratified_adversarial_graph_search"", ""stage"": ""deep"", ""status"": ""completed"", ""stop_reason"": ""predicate_time_budget_exhausted"", ""strategy_id"": ""targeted"", ""task_id"": ""batch-task-f3c78d4ec4fa63aee60b7a8fe6b5980ae72a9e8b"", ""updated_at"": ""2026-07-28T00:28:18.595537Z""}, {""attempt_count"": 1, ""budget"": {""max_cases"": 100000, ""memory_mb"": 1024, ""parameters"": {""max_vertices"": 9}, ""time_seconds"": 600}, ""checked_cases"": 346, ""checkpoint_created_at"": ""2026-07-27T11:10:43.348325Z"", ""checkpoint_id"": 41054, ""checkpoint_sequence"": 4, ""cursor"": {""bounds"": {""max_cases"": 100000, ""max_vertices"": 9, ""time_seconds"": 600}, ""next_case"": 346, ""strategy_id"": ""targeted""}, ""frontier_provenance"": {""deep_max_vertices"": 9, ""screen_max_vertices"": 7}, ""latest_attempt_checked_cases"": 346, ""launch_index"": 1, ""outcome"": ""inconclusive"", ""search_role"": ""seeded_stratified_adversarial_graph_search"", ""stage"": ""deep"", ""status"": ""completed"", ""stop_reason"": ""predicate_time_budget_exhausted"", ""strategy_id"": ""targeted"", ""task_id"": ""batch-task-d9dc0d7961deeb9cc826271b7039f500f3cc3203"", ""updated_at"": ""2026-07-28T00:28:18.609654Z""}, {""attempt_count"": 2, ""budget"": {""max_cases"": 100000, ""memory_mb"": 1024, ""parameters"": {""max_vertices"": 9}, ""time_seconds"": 600}, ""checked_cases"": 6, ""checkpoint_created_at"": ""2026-07-27T11:19:04.629034Z"", ""checkpoint_id"": 42792, ""checkpoint_sequence"": 1, ""cursor"": {""bounds"": {""max_cases"": 100000, ""max_vertices"": 9, ""time_seconds"": 600}, ""next_case"": 6, ""strategy_id"": ""targeted""}, ""frontier_provenance"": {""deep_max_vertices"": 9, ""screen_max_vertices"": 7}, ""latest_attempt_checked_cases"": 6, ""launch_index"": 2, ""outcome"": ""inconclusive"", ""search_role"": ""seeded_stratified_adversarial_graph_search"", ""stage"": ""deep"", ""status"": ""completed"", ""stop_reason"": ""predicate_time_budget_exhausted"", ""strategy_id"": ""targeted"", ""task_id"": ""batch-task-2f140e6b5af36cb9fe15a79f54bf0e95b71474f2"", ""updated_at"": ""2026-07-28T00:28:18.617255Z""}]"
unsolvedmath-opg-46613,Partition of a cubic 3-connected graphs into paths of length 2.,graph_theory,bounded_search_completed,True,approved,full_claim,"The full finite claim semantics are checked, subject to the configured graph-order and case bounds.",not_required,,2026-07-28T00:28:18.647552Z,4,4,4,310000,"[""bounded_screen"", ""seeded_stratified_adversarial_graph_search""]","[{""deep_max_vertices"": 14, ""screen_max_vertices"": 12}]","{""completed"": 4}","{""deep"": {""completed"": 3}, ""screen"": {""completed"": 1}}","{""inconclusive"": 4}","[""max_cases_exhausted"", ""targeted_sample_exhausted""]","[{""attempt_count"": 1, ""budget"": {""max_cases"": 10000, ""memory_mb"": 1024, ""parameters"": {""max_vertices"": 12}, ""time_seconds"": 60}, ""checked_cases"": 10000, ""checkpoint_created_at"": ""2026-07-27T11:00:34.320554Z"", ""checkpoint_id"": 27447, ""checkpoint_sequence"": 101, ""cursor"": {""bounds"": {""max_cases"": 10000, ""max_vertices"": 12, ""time_seconds"": 60}, ""next_case"": 10000, ""strategy_id"": ""exact-small""}, ""frontier_provenance"": {}, ""latest_attempt_checked_cases"": 10000, ""launch_index"": 0, ""outcome"": ""inconclusive"", ""search_role"": ""bounded_screen"", ""stage"": ""screen"", ""status"": ""completed"", ""stop_reason"": ""max_cases_exhausted"", ""strategy_id"": ""exact-small"", ""task_id"": ""batch-task-610f34bb1a8a316e55538821c30a675418d6ebc0"", ""updated_at"": ""2026-07-28T00:28:18.624586Z""}, {""attempt_count"": 1, ""budget"": {""max_cases"": 100000, ""memory_mb"": 1024, ""parameters"": {""max_vertices"": 14}, ""time_seconds"": 600}, ""checked_cases"": 100000, ""checkpoint_created_at"": ""2026-07-27T11:03:56.588506Z"", ""checkpoint_id"": 36672, ""checkpoint_sequence"": 1001, ""cursor"": {""bounds"": {""max_cases"": 100000, ""max_vertices"": 14, ""time_seconds"": 600}, ""next_case"": 100000, ""strategy_id"": ""targeted""}, ""frontier_provenance"": {""deep_max_vertices"": 14, ""screen_max_vertices"": 12}, ""latest_attempt_checked_cases"": 100000, ""launch_index"": 0, ""outcome"": ""inconclusive"", ""search_role"": ""seeded_stratified_adversarial_graph_search"", ""stage"": ""deep"", ""status"": ""completed"", ""stop_reason"": ""targeted_sample_exhausted"", ""strategy_id"": ""targeted"", ""task_id"": ""batch-task-efcfe81138fd94124232d6ba8d780dae849c8deb"", ""updated_at"": ""2026-07-28T00:28:18.632030Z""}, {""attempt_count"": 1, ""budget"": {""max_cases"": 100000, ""memory_mb"": 1024, ""parameters"": {""max_vertices"": 14}, ""time_seconds"": 600}, ""checked_cases"": 100000, ""checkpoint_created_at"": ""2026-07-27T11:03:53.658688Z"", ""checkpoint_id"": 36565, ""checkpoint_sequence"": 1001, ""cursor"": {""bounds"": {""max_cases"": 100000, ""max_vertices"": 14, ""time_seconds"": 600}, ""next_case"": 100000, ""strategy_id"": ""targeted""}, ""frontier_provenance"": {""deep_max_vertices"": 14, ""screen_max_vertices"": 12}, ""latest_attempt_checked_cases"": 100000, ""launch_index"": 1, ""outcome"": ""inconclusive"", ""search_role"": ""seeded_stratified_adversarial_graph_search"", ""stage"": ""deep"", ""status"": ""completed"", ""stop_reason"": ""targeted_sample_exhausted"", ""strategy_id"": ""targeted"", ""task_id"": ""batch-task-82b6603effed10b1f4497b9b136b0911a3c1c606"", ""updated_at"": ""2026-07-28T00:28:18.639806Z""}, {""attempt_count"": 1, ""budget"": {""max_cases"": 100000, ""memory_mb"": 1024, ""parameters"": {""max_vertices"": 14}, ""time_seconds"": 600}, ""checked_cases"": 100000, ""checkpoint_created_at"": ""2026-07-27T11:03:55.580913Z"", ""checkpoint_id"": 36638, ""checkpoint_sequence"": 1001, ""cursor"": {""bounds"": {""max_cases"": 100000, ""max_vertices"": 14, ""time_seconds"": 600}, ""next_case"": 100000, ""strategy_id"": ""targeted""}, ""frontier_provenance"": {""deep_max_vertices"": 14, ""screen_max_vertices"": 12}, ""latest_attempt_checked_cases"": 100000, ""launch_index"": 2, ""outcome"": ""inconclusive"", ""search_role"": ""seeded_stratified_adversarial_graph_search"", ""stage"": ""deep"", ""status"": ""completed"", ""stop_reason"": ""targeted_sample_exhausted"", ""strategy_id"": ""targeted"", ""task_id"": ""batch-task-f1acf38f7910f0b78b86f1688babe671c8988cc5"", ""updated_at"": ""2026-07-28T00:28:18.647552Z""}]"
unsolvedmath-opg-480,r-regular graphs are not uniquely hamiltonian.,graph_theory,bounded_search_completed,True,approved,full_claim,"The full finite claim semantics are checked, subject to the configured graph-order and case bounds.",not_required,,2026-07-28T00:28:18.684979Z,4,4,4,310000,"[""bounded_screen"", ""seeded_stratified_adversarial_graph_search""]","[{""deep_max_vertices"": 12, ""screen_max_vertices"": 10}]","{""completed"": 4}","{""deep"": {""completed"": 3}, ""screen"": {""completed"": 1}}","{""inconclusive"": 4}","[""max_cases_exhausted"", ""targeted_sample_exhausted""]","[{""attempt_count"": 1, ""budget"": {""max_cases"": 10000, ""memory_mb"": 1024, ""parameters"": {""max_vertices"": 10}, ""time_seconds"": 60}, ""checked_cases"": 10000, ""checkpoint_created_at"": ""2026-07-27T11:00:58.252907Z"", ""checkpoint_id"": 28473, ""checkpoint_sequence"": 101, ""cursor"": {""bounds"": {""max_cases"": 10000, ""max_vertices"": 10, ""time_seconds"": 60}, ""next_case"": 10000, ""strategy_id"": ""exact-small""}, ""frontier_provenance"": {}, ""latest_attempt_checked_cases"": 10000, ""launch_index"": 0, ""outcome"": ""inconclusive"", ""search_role"": ""bounded_screen"", ""stage"": ""screen"", ""status"": ""completed"", ""stop_reason"": ""max_cases_exhausted"", ""strategy_id"": ""exact-small"", ""task_id"": ""batch-task-f4976338a97d24d21e74e7c16acdb283eda8b994"", ""updated_at"": ""2026-07-28T00:28:18.655899Z""}, {""attempt_count"": 1, ""budget"": {""max_cases"": 100000, ""memory_mb"": 1024, ""parameters"": {""max_vertices"": 12}, ""time_seconds"": 600}, ""checked_cases"": 100000, ""checkpoint_created_at"": ""2026-07-27T11:07:11.011406Z"", ""checkpoint_id"": 39563, ""checkpoint_sequence"": 1001, ""cursor"": {""bounds"": {""max_cases"": 100000, ""max_vertices"": 12, ""time_seconds"": 600}, ""next_case"": 100000, ""strategy_id"": ""targeted""}, ""frontier_provenance"": {""deep_max_vertices"": 12, ""screen_max_vertices"": 10}, ""latest_attempt_checked_cases"": 100000, ""launch_index"": 0, ""outcome"": ""inconclusive"", ""search_role"": ""seeded_stratified_adversarial_graph_search"", ""stage"": ""deep"", ""status"": ""completed"", ""stop_reason"": ""targeted_sample_exhausted"", ""strategy_id"": ""targeted"", ""task_id"": ""batch-task-e54714345f25d371597f64cd48490f6adbb32e15"", ""updated_at"": ""2026-07-28T00:28:18.663396Z""}, {""attempt_count"": 1, ""budget"": {""max_cases"": 100000, ""memory_mb"": 1024, ""parameters"": {""max_vertices"": 12}, ""time_seconds"": 600}, ""checked_cases"": 100000, ""checkpoint_created_at"": ""2026-07-27T11:09:00.540909Z"", ""checkpoint_id"": 40728, ""checkpoint_sequence"": 1001, ""cursor"": {""bounds"": {""max_cases"": 100000, ""max_vertices"": 12, ""time_seconds"": 600}, ""next_case"": 100000, ""strategy_id"": ""targeted""}, ""frontier_provenance"": {""deep_max_vertices"": 12, ""screen_max_vertices"": 10}, ""latest_attempt_checked_cases"": 100000, ""launch_index"": 1, ""outcome"": ""inconclusive"", ""search_role"": ""seeded_stratified_adversarial_graph_search"", ""stage"": ""deep"", ""status"": ""completed"", ""stop_reason"": ""targeted_sample_exhausted"", ""strategy_id"": ""targeted"", ""task_id"": ""batch-task-3349b3721f20bcfd54d44b1f600fb283d9bf2633"", ""updated_at"": ""2026-07-28T00:28:18.671172Z""}, {""attempt_count"": 1, ""budget"": {""max_cases"": 100000, ""memory_mb"": 1024, ""parameters"": {""max_vertices"": 12}, ""time_seconds"": 600}, ""checked_cases"": 100000, ""checkpoint_created_at"": ""2026-07-27T11:08:57.664402Z"", ""checkpoint_id"": 40711, ""checkpoint_sequence"": 1001, ""cursor"": {""bounds"": {""max_cases"": 100000, ""max_vertices"": 12, ""time_seconds"": 600}, ""next_case"": 100000, ""strategy_id"": ""targeted""}, ""frontier_provenance"": {""deep_max_vertices"": 12, ""screen_max_vertices"": 10}, ""latest_attempt_checked_cases"": 100000, ""launch_index"": 2, ""outcome"": ""inconclusive"", ""search_role"": ""seeded_stratified_adversarial_graph_search"", ""stage"": ""deep"", ""status"": ""completed"", ""stop_reason"": ""targeted_sample_exhausted"", ""strategy_id"": ""targeted"", ""task_id"": ""batch-task-43ff4e05d3cb2773bd5132638010fe729c628876"", ""updated_at"": ""2026-07-28T00:28:18.684979Z""}]"
unsolvedmath-opg-543,The intersection of two perfect matchings,graph_theory,bounded_search_completed,True,approved,full_claim,"The full finite claim semantics are checked, subject to the configured graph-order and case bounds.",not_required,,2026-07-28T00:28:18.723013Z,4,4,4,149800,"[""bounded_screen"", ""seeded_stratified_adversarial_graph_search""]","[{""deep_max_vertices"": 14, ""screen_max_vertices"": 12}]","{""completed"": 4}","{""deep"": {""completed"": 3}, ""screen"": {""completed"": 1}}","{""inconclusive"": 4}","[""max_cases_exhausted"", ""predicate_time_budget_exhausted"", ""time_budget_exhausted""]","[{""attempt_count"": 1, ""budget"": {""max_cases"": 10000, ""memory_mb"": 1024, ""parameters"": {""max_vertices"": 12}, ""time_seconds"": 60}, ""checked_cases"": 10000, ""checkpoint_created_at"": ""2026-07-27T11:01:10.310168Z"", ""checkpoint_id"": 29111, ""checkpoint_sequence"": 101, ""cursor"": {""bounds"": {""max_cases"": 10000, ""max_vertices"": 12, ""time_seconds"": 60}, ""next_case"": 10000, ""strategy_id"": ""exact-small""}, ""frontier_provenance"": {}, ""latest_attempt_checked_cases"": 10000, ""launch_index"": 0, ""outcome"": ""inconclusive"", ""search_role"": ""bounded_screen"", ""stage"": ""screen"", ""status"": ""completed"", ""stop_reason"": ""max_cases_exhausted"", ""strategy_id"": ""exact-small"", ""task_id"": ""batch-task-c267b8d6291001d61c1039f71f4cdb46140dfbf5"", ""updated_at"": ""2026-07-28T00:28:18.699667Z""}, {""attempt_count"": 1, ""budget"": {""max_cases"": 100000, ""memory_mb"": 1024, ""parameters"": {""max_vertices"": 14}, ""time_seconds"": 600}, ""checked_cases"": 46022, ""checkpoint_created_at"": ""2026-07-27T11:14:00.748715Z"", ""checkpoint_id"": 42575, ""checkpoint_sequence"": 461, ""cursor"": {""bounds"": {""max_cases"": 100000, ""max_vertices"": 14, ""time_seconds"": 600}, ""next_case"": 46022, ""strategy_id"": ""targeted""}, ""frontier_provenance"": {""deep_max_vertices"": 14, ""screen_max_vertices"": 12}, ""latest_attempt_checked_cases"": 46022, ""launch_index"": 0, ""outcome"": ""inconclusive"", ""search_role"": ""seeded_stratified_adversarial_graph_search"", ""stage"": ""deep"", ""status"": ""completed"", ""stop_reason"": ""predicate_time_budget_exhausted"", ""strategy_id"": ""targeted"", ""task_id"": ""batch-task-e24d174dc797bf49423d0d85026ec4540d8f407c"", ""updated_at"": ""2026-07-28T00:28:18.707589Z""}, {""attempt_count"": 1, ""budget"": {""max_cases"": 100000, ""memory_mb"": 1024, ""parameters"": {""max_vertices"": 14}, ""time_seconds"": 600}, ""checked_cases"": 47562, ""checkpoint_created_at"": ""2026-07-27T11:14:02.820745Z"", ""checkpoint_id"": 42580, ""checkpoint_sequence"": 476, ""cursor"": {""bounds"": {""max_cases"": 100000, ""max_vertices"": 14, ""time_seconds"": 600}, ""next_case"": 47562, ""strategy_id"": ""targeted""}, ""frontier_provenance"": {""deep_max_vertices"": 14, ""screen_max_vertices"": 12}, ""latest_attempt_checked_cases"": 47562, ""launch_index"": 1, ""outcome"": ""inconclusive"", ""search_role"": ""seeded_stratified_adversarial_graph_search"", ""stage"": ""deep"", ""status"": ""completed"", ""stop_reason"": ""predicate_time_budget_exhausted"", ""strategy_id"": ""targeted"", ""task_id"": ""batch-task-38831f176312f4608ff961abb27e1677ca79e063"", ""updated_at"": ""2026-07-28T00:28:18.714807Z""}, {""attempt_count"": 1, ""budget"": {""max_cases"": 100000, ""memory_mb"": 1024, ""parameters"": {""max_vertices"": 14}, ""time_seconds"": 600}, ""checked_cases"": 46216, ""checkpoint_created_at"": ""2026-07-27T11:14:03.771376Z"", ""checkpoint_id"": 42582, ""checkpoint_sequence"": 463, ""cursor"": {""bounds"": {""max_cases"": 100000, ""max_vertices"": 14, ""time_seconds"": 600}, ""next_case"": 46216, ""strategy_id"": ""targeted""}, ""frontier_provenance"": {""deep_max_vertices"": 14, ""screen_max_vertices"": 12}, ""latest_attempt_checked_cases"": 46216, ""launch_index"": 2, ""outcome"": ""inconclusive"", ""search_role"": ""seeded_stratified_adversarial_graph_search"", ""stage"": ""deep"", ""status"": ""completed"", ""stop_reason"": ""time_budget_exhausted"", ""strategy_id"": ""targeted"", ""task_id"": ""batch-task-dc85c9b6f815759ef92b9dc52ff594a52415c059"", ""updated_at"": ""2026-07-28T00:28:18.723013Z""}]"
unsolvedmath-opg-56230,2-colouring a graph without a monochromatic maximum clique,graph_theory,bounded_search_completed,True,approved,full_claim,"The source's 'non-empty' condition is interpreted as having at least one edge, excluding the trivial one-vertex obstruction.",not_required,,2026-07-28T00:28:18.753525Z,4,4,8,10128,"[""bounded_screen"", ""seeded_stratified_adversarial_graph_search""]","[{""deep_max_vertices"": 11, ""screen_max_vertices"": 9}]","{""completed"": 4}","{""deep"": {""completed"": 3}, ""screen"": {""completed"": 1}}","{""inconclusive"": 4}","[""max_cases_exhausted"", ""predicate_time_budget_exhausted""]","[{""attempt_count"": 1, ""budget"": {""max_cases"": 10000, ""memory_mb"": 1024, ""parameters"": {""max_vertices"": 9}, ""time_seconds"": 60}, ""checked_cases"": 10000, ""checkpoint_created_at"": ""2026-07-27T11:04:45.514687Z"", ""checkpoint_id"": 37762, ""checkpoint_sequence"": 101, ""cursor"": {""bounds"": {""max_cases"": 10000, ""max_vertices"": 9, ""time_seconds"": 60}, ""next_case"": 10000, ""strategy_id"": ""exact-small""}, ""frontier_provenance"": {}, ""latest_attempt_checked_cases"": 10000, ""launch_index"": 0, ""outcome"": ""inconclusive"", ""search_role"": ""bounded_screen"", ""stage"": ""screen"", ""status"": ""completed"", ""stop_reason"": ""max_cases_exhausted"", ""strategy_id"": ""exact-small"", ""task_id"": ""batch-task-7a9763fec3968a45b61cb0ccda8741d6502e5869"", ""updated_at"": ""2026-07-28T00:28:18.730623Z""}, {""attempt_count"": 3, ""budget"": {""max_cases"": 100000, ""memory_mb"": 1024, ""parameters"": {""max_vertices"": 11}, ""time_seconds"": 600}, ""checked_cases"": 42, ""checkpoint_created_at"": ""2026-07-27T11:24:56.363613Z"", ""checkpoint_id"": 46163, ""checkpoint_sequence"": 1, ""cursor"": {""bounds"": {""max_cases"": 100000, ""max_vertices"": 11, ""time_seconds"": 600}, ""next_case"": 42, ""strategy_id"": ""targeted""}, ""frontier_provenance"": {""deep_max_vertices"": 11, ""screen_max_vertices"": 9}, ""latest_attempt_checked_cases"": 42, ""launch_index"": 0, ""outcome"": ""inconclusive"", ""search_role"": ""seeded_stratified_adversarial_graph_search"", ""stage"": ""deep"", ""status"": ""completed"", ""stop_reason"": ""predicate_time_budget_exhausted"", ""strategy_id"": ""targeted"", ""task_id"": ""batch-task-4792fae7980f40ecb2b429298a998da2f8fb82be"", ""updated_at"": ""2026-07-28T00:28:18.738204Z""}, {""attempt_count"": 1, ""budget"": {""max_cases"": 100000, ""memory_mb"": 1024, ""parameters"": {""max_vertices"": 11}, ""time_seconds"": 600}, ""checked_cases"": 79, ""checkpoint_created_at"": ""2026-07-27T11:19:08.099606Z"", ""checkpoint_id"": 42793, ""checkpoint_sequence"": 1, ""cursor"": {""bounds"": {""max_cases"": 100000, ""max_vertices"": 11, ""time_seconds"": 600}, ""next_case"": 79, ""strategy_id"": ""targeted""}, ""frontier_provenance"": {""deep_max_vertices"": 11, ""screen_max_vertices"": 9}, ""latest_attempt_checked_cases"": 79, ""launch_index"": 1, ""outcome"": ""inconclusive"", ""search_role"": ""seeded_stratified_adversarial_graph_search"", ""stage"": ""deep"", ""status"": ""completed"", ""stop_reason"": ""predicate_time_budget_exhausted"", ""strategy_id"": ""targeted"", ""task_id"": ""batch-task-11b290bcb8faa11e5368c54c8fed63263b122f8c"", ""updated_at"": ""2026-07-28T00:28:18.745729Z""}, {""attempt_count"": 3, ""budget"": {""max_cases"": 100000, ""memory_mb"": 1024, ""parameters"": {""max_vertices"": 11}, ""time_seconds"": 600}, ""checked_cases"": 7, ""checkpoint_created_at"": ""2026-07-27T11:36:16.609176Z"", ""checkpoint_id"": 69004, ""checkpoint_sequence"": 1, ""cursor"": {""bounds"": {""max_cases"": 100000, ""max_vertices"": 11, ""time_seconds"": 600}, ""next_case"": 7, ""strategy_id"": ""targeted""}, ""frontier_provenance"": {""deep_max_vertices"": 11, ""screen_max_vertices"": 9}, ""latest_attempt_checked_cases"": 7, ""launch_index"": 2, ""outcome"": ""inconclusive"", ""search_role"": ""seeded_stratified_adversarial_graph_search"", ""stage"": ""deep"", ""status"": ""completed"", ""stop_reason"": ""predicate_time_budget_exhausted"", ""strategy_id"": ""targeted"", ""task_id"": ""batch-task-1bb0844f7c3d03468c69d169882c63a6ed0c65cf"", ""updated_at"": ""2026-07-28T00:28:18.753525Z""}]"
unsolvedmath-opg-60001,Cycles in Graphs of Large Chromatic Number,graph_theory,bounded_search_completed,True,approved,restricted_family,The bounded model fixes the conjecture parameter to k=3.,not_required,,2026-07-28T00:28:18.783635Z,4,4,4,10331,"[""bounded_screen"", ""seeded_stratified_adversarial_graph_search""]","[{""deep_max_vertices"": 11, ""screen_max_vertices"": 9}]","{""completed"": 4}","{""deep"": {""completed"": 3}, ""screen"": {""completed"": 1}}","{""inconclusive"": 4}","[""max_cases_exhausted"", ""predicate_time_budget_exhausted""]","[{""attempt_count"": 1, ""budget"": {""max_cases"": 10000, ""memory_mb"": 1024, ""parameters"": {""k"": 3, ""max_vertices"": 9}, ""time_seconds"": 60}, ""checked_cases"": 10000, ""checkpoint_created_at"": ""2026-07-27T11:04:17.754095Z"", ""checkpoint_id"": 37216, ""checkpoint_sequence"": 101, ""cursor"": {""bounds"": {""k"": 3, ""max_cases"": 10000, ""max_vertices"": 9, ""time_seconds"": 60}, ""next_case"": 10000, ""strategy_id"": ""exact-small""}, ""frontier_provenance"": {}, ""latest_attempt_checked_cases"": 10000, ""launch_index"": 0, ""outcome"": ""inconclusive"", ""search_role"": ""bounded_screen"", ""stage"": ""screen"", ""status"": ""completed"", ""stop_reason"": ""max_cases_exhausted"", ""strategy_id"": ""exact-small"", ""task_id"": ""batch-task-03e50ce7ce7cd04881cf31db5362e73198d126bb"", ""updated_at"": ""2026-07-28T00:28:18.760972Z""}, {""attempt_count"": 1, ""budget"": {""max_cases"": 100000, ""memory_mb"": 1024, ""parameters"": {""k"": 3, ""max_vertices"": 11}, ""time_seconds"": 600}, ""checked_cases"": 114, ""checkpoint_created_at"": ""2026-07-27T11:14:28.157360Z"", ""checkpoint_id"": 42690, ""checkpoint_sequence"": 2, ""cursor"": {""bounds"": {""k"": 3, ""max_cases"": 100000, ""max_vertices"": 11, ""time_seconds"": 600}, ""next_case"": 114, ""strategy_id"": ""targeted""}, ""frontier_provenance"": {""deep_max_vertices"": 11, ""screen_max_vertices"": 9}, ""latest_attempt_checked_cases"": 114, ""launch_index"": 0, ""outcome"": ""inconclusive"", ""search_role"": ""seeded_stratified_adversarial_graph_search"", ""stage"": ""deep"", ""status"": ""completed"", ""stop_reason"": ""predicate_time_budget_exhausted"", ""strategy_id"": ""targeted"", ""task_id"": ""batch-task-505da79af7614b5f2f7624b2078a268435549c6d"", ""updated_at"": ""2026-07-28T00:28:18.768261Z""}, {""attempt_count"": 1, ""budget"": {""max_cases"": 100000, ""memory_mb"": 1024, ""parameters"": {""k"": 3, ""max_vertices"": 11}, ""time_seconds"": 600}, ""checked_cases"": 104, ""checkpoint_created_at"": ""2026-07-27T11:14:38.531548Z"", ""checkpoint_id"": 42695, ""checkpoint_sequence"": 2, ""cursor"": {""bounds"": {""k"": 3, ""max_cases"": 100000, ""max_vertices"": 11, ""time_seconds"": 600}, ""next_case"": 104, ""strategy_id"": ""targeted""}, ""frontier_provenance"": {""deep_max_vertices"": 11, ""screen_max_vertices"": 9}, ""latest_attempt_checked_cases"": 104, ""launch_index"": 1, ""outcome"": ""inconclusive"", ""search_role"": ""seeded_stratified_adversarial_graph_search"", ""stage"": ""deep"", ""status"": ""completed"", ""stop_reason"": ""predicate_time_budget_exhausted"", ""strategy_id"": ""targeted"", ""task_id"": ""batch-task-d26b522ec552995edf2aa1ceed0fbfa7096dd472"", ""updated_at"": ""2026-07-28T00:28:18.776020Z""}, {""attempt_count"": 1, ""budget"": {""max_cases"": 100000, ""memory_mb"": 1024, ""parameters"": {""k"": 3, ""max_vertices"": 11}, ""time_seconds"": 600}, ""checked_cases"": 113, ""checkpoint_created_at"": ""2026-07-27T11:21:31.329065Z"", ""checkpoint_id"": 44326, ""checkpoint_sequence"": 2, ""cursor"": {""bounds"": {""k"": 3, ""max_cases"": 100000, ""max_vertices"": 11, ""time_seconds"": 600}, ""next_case"": 113, ""strategy_id"": ""targeted""}, ""frontier_provenance"": {""deep_max_vertices"": 11, ""screen_max_vertices"": 9}, ""latest_attempt_checked_cases"": 113, ""launch_index"": 2, ""outcome"": ""inconclusive"", ""search_role"": ""seeded_stratified_adversarial_graph_search"", ""stage"": ""deep"", ""status"": ""completed"", ""stop_reason"": ""predicate_time_budget_exhausted"", ""strategy_id"": ""targeted"", ""task_id"": ""batch-task-dc0b44083d07be28ba61c0752f4a3080a1c8789d"", ""updated_at"": ""2026-07-28T00:28:18.783635Z""}]"
unsolvedmath-opg-60027,3-Decomposition Conjecture,graph_theory,bounded_search_completed,True,approved,full_claim,"The full finite claim semantics are checked, subject to the configured graph-order and case bounds.",not_required,,2026-07-28T00:28:18.820045Z,4,4,4,25197,"[""bounded_screen"", ""seeded_stratified_adversarial_graph_search""]","[{""deep_max_vertices"": 14, ""screen_max_vertices"": 12}]","{""completed"": 4}","{""deep"": {""completed"": 3}, ""screen"": {""completed"": 1}}","{""inconclusive"": 4}","[""max_cases_exhausted"", ""predicate_time_budget_exhausted""]","[{""attempt_count"": 1, ""budget"": {""max_cases"": 10000, ""memory_mb"": 1024, ""parameters"": {""max_vertices"": 12}, ""time_seconds"": 60}, ""checked_cases"": 10000, ""checkpoint_created_at"": ""2026-07-27T11:04:20.860018Z"", ""checkpoint_id"": 37370, ""checkpoint_sequence"": 101, ""cursor"": {""bounds"": {""max_cases"": 10000, ""max_vertices"": 12, ""time_seconds"": 60}, ""next_case"": 10000, ""strategy_id"": ""exact-small""}, ""frontier_provenance"": {}, ""latest_attempt_checked_cases"": 10000, ""launch_index"": 0, ""outcome"": ""inconclusive"", ""search_role"": ""bounded_screen"", ""stage"": ""screen"", ""status"": ""completed"", ""stop_reason"": ""max_cases_exhausted"", ""strategy_id"": ""exact-small"", ""task_id"": ""batch-task-900847818ef08323e207ebcb14f615b2a811e3d3"", ""updated_at"": ""2026-07-28T00:28:18.798147Z""}, {""attempt_count"": 1, ""budget"": {""max_cases"": 100000, ""memory_mb"": 1024, ""parameters"": {""max_vertices"": 14}, ""time_seconds"": 600}, ""checked_cases"": 4703, ""checkpoint_created_at"": ""2026-07-27T11:24:02.202658Z"", ""checkpoint_id"": 45977, ""checkpoint_sequence"": 48, ""cursor"": {""bounds"": {""max_cases"": 100000, ""max_vertices"": 14, ""time_seconds"": 600}, ""next_case"": 4703, ""strategy_id"": ""targeted""}, ""frontier_provenance"": {""deep_max_vertices"": 14, ""screen_max_vertices"": 12}, ""latest_attempt_checked_cases"": 4703, ""launch_index"": 0, ""outcome"": ""inconclusive"", ""search_role"": ""seeded_stratified_adversarial_graph_search"", ""stage"": ""deep"", ""status"": ""completed"", ""stop_reason"": ""predicate_time_budget_exhausted"", ""strategy_id"": ""targeted"", ""task_id"": ""batch-task-d82adddc8754c3efa95d93ec9bf6000cf3052fb7"", ""updated_at"": ""2026-07-28T00:28:18.805390Z""}, {""attempt_count"": 1, ""budget"": {""max_cases"": 100000, ""memory_mb"": 1024, ""parameters"": {""max_vertices"": 14}, ""time_seconds"": 600}, ""checked_cases"": 5120, ""checkpoint_created_at"": ""2026-07-27T11:24:11.531309Z"", ""checkpoint_id"": 45989, ""checkpoint_sequence"": 52, ""cursor"": {""bounds"": {""max_cases"": 100000, ""max_vertices"": 14, ""time_seconds"": 600}, ""next_case"": 5120, ""strategy_id"": ""targeted""}, ""frontier_provenance"": {""deep_max_vertices"": 14, ""screen_max_vertices"": 12}, ""latest_attempt_checked_cases"": 5120, ""launch_index"": 1, ""outcome"": ""inconclusive"", ""search_role"": ""seeded_stratified_adversarial_graph_search"", ""stage"": ""deep"", ""status"": ""completed"", ""stop_reason"": ""predicate_time_budget_exhausted"", ""strategy_id"": ""targeted"", ""task_id"": ""batch-task-7c9216d2d058bb3cb04972bb8367d3e3c53b2759"", ""updated_at"": ""2026-07-28T00:28:18.812884Z""}, {""attempt_count"": 1, ""budget"": {""max_cases"": 100000, ""memory_mb"": 1024, ""parameters"": {""max_vertices"": 14}, ""time_seconds"": 600}, ""checked_cases"": 5374, ""checkpoint_created_at"": ""2026-07-27T11:24:15.425987Z"", ""checkpoint_id"": 46010, ""checkpoint_sequence"": 54, ""cursor"": {""bounds"": {""max_cases"": 100000, ""max_vertices"": 14, ""time_seconds"": 600}, ""next_case"": 5374, ""strategy_id"": ""targeted""}, ""frontier_provenance"": {""deep_max_vertices"": 14, ""screen_max_vertices"": 12}, ""latest_attempt_checked_cases"": 5374, ""launch_index"": 2, ""outcome"": ""inconclusive"", ""search_role"": ""seeded_stratified_adversarial_graph_search"", ""stage"": ""deep"", ""status"": ""completed"", ""stop_reason"": ""predicate_time_budget_exhausted"", ""strategy_id"": ""targeted"", ""task_id"": ""batch-task-81a9f9137ebdc4c74961ef0fbde475a8cb1d057a"", ""updated_at"": ""2026-07-28T00:28:18.820045Z""}]"
unsolvedmath-opg-60029,Cycle Double Covers Containing Predefined 2-Regular Subgraphs,graph_theory,bounded_search_completed,True,approved,full_claim,"The full finite claim semantics are checked, subject to the configured graph-order and case bounds.",not_required,,2026-07-28T00:28:18.849083Z,4,4,5,18446,"[""bounded_screen"", ""seeded_stratified_adversarial_graph_search""]","[{""deep_max_vertices"": 12, ""screen_max_vertices"": 10}]","{""completed"": 4}","{""deep"": {""completed"": 3}, ""screen"": {""completed"": 1}}","{""inconclusive"": 4}","[""max_cases_exhausted"", ""predicate_time_budget_exhausted""]","[{""attempt_count"": 1, ""budget"": {""max_cases"": 10000, ""memory_mb"": 1024, ""parameters"": {""max_vertices"": 10}, ""time_seconds"": 60}, ""checked_cases"": 10000, ""checkpoint_created_at"": ""2026-07-27T11:13:52.287036Z"", ""checkpoint_id"": 42552, ""checkpoint_sequence"": 101, ""cursor"": {""bounds"": {""max_cases"": 10000, ""max_vertices"": 10, ""time_seconds"": 60}, ""next_case"": 10000, ""strategy_id"": ""exact-small""}, ""frontier_provenance"": {}, ""latest_attempt_checked_cases"": 10000, ""launch_index"": 0, ""outcome"": ""inconclusive"", ""search_role"": ""bounded_screen"", ""stage"": ""screen"", ""status"": ""completed"", ""stop_reason"": ""max_cases_exhausted"", ""strategy_id"": ""exact-small"", ""task_id"": ""batch-task-6a327e00f666b1b3cd7ae60c6f88ee0a530ed2d2"", ""updated_at"": ""2026-07-28T00:28:18.827584Z""}, {""attempt_count"": 1, ""budget"": {""max_cases"": 100000, ""memory_mb"": 1024, ""parameters"": {""max_vertices"": 12}, ""time_seconds"": 600}, ""checked_cases"": 2253, ""checkpoint_created_at"": ""2026-07-27T11:24:18.623686Z"", ""checkpoint_id"": 46100, ""checkpoint_sequence"": 23, ""cursor"": {""bounds"": {""max_cases"": 100000, ""max_vertices"": 12, ""time_seconds"": 600}, ""next_case"": 2253, ""strategy_id"": ""targeted""}, ""frontier_provenance"": {""deep_max_vertices"": 12, ""screen_max_vertices"": 10}, ""latest_attempt_checked_cases"": 2253, ""launch_index"": 0, ""outcome"": ""inconclusive"", ""search_role"": ""seeded_stratified_adversarial_graph_search"", ""stage"": ""deep"", ""status"": ""completed"", ""stop_reason"": ""predicate_time_budget_exhausted"", ""strategy_id"": ""targeted"", ""task_id"": ""batch-task-f9cc48d2267261cd5440ae005f72c6c14678a553"", ""updated_at"": ""2026-07-28T00:28:18.834784Z""}, {""attempt_count"": 1, ""budget"": {""max_cases"": 100000, ""memory_mb"": 1024, ""parameters"": {""max_vertices"": 12}, ""time_seconds"": 600}, ""checked_cases"": 2132, ""checkpoint_created_at"": ""2026-07-27T11:24:38.877900Z"", ""checkpoint_id"": 46138, ""checkpoint_sequence"": 22, ""cursor"": {""bounds"": {""max_cases"": 100000, ""max_vertices"": 12, ""time_seconds"": 600}, ""next_case"": 2132, ""strategy_id"": ""targeted""}, ""frontier_provenance"": {""deep_max_vertices"": 12, ""screen_max_vertices"": 10}, ""latest_attempt_checked_cases"": 2132, ""launch_index"": 1, ""outcome"": ""inconclusive"", ""search_role"": ""seeded_stratified_adversarial_graph_search"", ""stage"": ""deep"", ""status"": ""completed"", ""stop_reason"": ""predicate_time_budget_exhausted"", ""strategy_id"": ""targeted"", ""task_id"": ""batch-task-7095436db95ba6a152d125a516466d75635473bc"", ""updated_at"": ""2026-07-28T00:28:18.841878Z""}, {""attempt_count"": 2, ""budget"": {""max_cases"": 100000, ""memory_mb"": 1024, ""parameters"": {""max_vertices"": 12}, ""time_seconds"": 600}, ""checked_cases"": 4061, ""checkpoint_created_at"": ""2026-07-27T11:36:20.884540Z"", ""checkpoint_id"": 69330, ""checkpoint_sequence"": 27, ""cursor"": {""bounds"": {""max_cases"": 100000, ""max_vertices"": 12, ""time_seconds"": 600}, ""next_case"": 4061, ""strategy_id"": ""targeted""}, ""frontier_provenance"": {""deep_max_vertices"": 12, ""screen_max_vertices"": 10}, ""latest_attempt_checked_cases"": 2661, ""launch_index"": 2, ""outcome"": ""inconclusive"", ""search_role"": ""seeded_stratified_adversarial_graph_search"", ""stage"": ""deep"", ""status"": ""completed"", ""stop_reason"": ""predicate_time_budget_exhausted"", ""strategy_id"": ""targeted"", ""task_id"": ""batch-task-cd09df4314b2796574dd2bcb975d9f6568e93fe2"", ""updated_at"": ""2026-07-28T00:28:18.849083Z""}]"
unsolvedmath-opg-60046,3-Edge-Coloring Conjecture,graph_theory,bounded_search_completed,True,approved,full_claim,"The full finite claim semantics are checked, subject to the configured graph-order and case bounds.",not_required,,2026-07-28T00:28:18.880033Z,4,4,4,310000,"[""bounded_screen"", ""seeded_stratified_adversarial_graph_search""]","[{""deep_max_vertices"": 12, ""screen_max_vertices"": 10}]","{""completed"": 4}","{""deep"": {""completed"": 3}, ""screen"": {""completed"": 1}}","{""inconclusive"": 4}","[""max_cases_exhausted"", ""targeted_sample_exhausted""]","[{""attempt_count"": 1, ""budget"": {""max_cases"": 10000, ""memory_mb"": 1024, ""parameters"": {""max_vertices"": 10}, ""time_seconds"": 60}, ""checked_cases"": 10000, ""checkpoint_created_at"": ""2026-07-27T11:14:08.132029Z"", ""checkpoint_id"": 42683, ""checkpoint_sequence"": 101, ""cursor"": {""bounds"": {""max_cases"": 10000, ""max_vertices"": 10, ""time_seconds"": 60}, ""next_case"": 10000, ""strategy_id"": ""exact-small""}, ""frontier_provenance"": {}, ""latest_attempt_checked_cases"": 10000, ""launch_index"": 0, ""outcome"": ""inconclusive"", ""search_role"": ""bounded_screen"", ""stage"": ""screen"", ""status"": ""completed"", ""stop_reason"": ""max_cases_exhausted"", ""strategy_id"": ""exact-small"", ""task_id"": ""batch-task-319d9cfb72747a06a546190c5aa9912a98b11d38"", ""updated_at"": ""2026-07-28T00:28:18.857139Z""}, {""attempt_count"": 1, ""budget"": {""max_cases"": 100000, ""memory_mb"": 1024, ""parameters"": {""max_vertices"": 12}, ""time_seconds"": 600}, ""checked_cases"": 100000, ""checkpoint_created_at"": ""2026-07-27T11:20:43.971265Z"", ""checkpoint_id"": 43853, ""checkpoint_sequence"": 1001, ""cursor"": {""bounds"": {""max_cases"": 100000, ""max_vertices"": 12, ""time_seconds"": 600}, ""next_case"": 100000, ""strategy_id"": ""targeted""}, ""frontier_provenance"": {""deep_max_vertices"": 12, ""screen_max_vertices"": 10}, ""latest_attempt_checked_cases"": 100000, ""launch_index"": 0, ""outcome"": ""inconclusive"", ""search_role"": ""seeded_stratified_adversarial_graph_search"", ""stage"": ""deep"", ""status"": ""completed"", ""stop_reason"": ""targeted_sample_exhausted"", ""strategy_id"": ""targeted"", ""task_id"": ""batch-task-683cda0d882e32ac9fcbf524ed460e470b3a3995"", ""updated_at"": ""2026-07-28T00:28:18.864641Z""}, {""attempt_count"": 1, ""budget"": {""max_cases"": 100000, ""memory_mb"": 1024, ""parameters"": {""max_vertices"": 12}, ""time_seconds"": 600}, ""checked_cases"": 100000, ""checkpoint_created_at"": ""2026-07-27T11:22:19.715045Z"", ""checkpoint_id"": 45453, ""checkpoint_sequence"": 1001, ""cursor"": {""bounds"": {""max_cases"": 100000, ""max_vertices"": 12, ""time_seconds"": 600}, ""next_case"": 100000, ""strategy_id"": ""targeted""}, ""frontier_provenance"": {""deep_max_vertices"": 12, ""screen_max_vertices"": 10}, ""latest_attempt_checked_cases"": 100000, ""launch_index"": 1, ""outcome"": ""inconclusive"", ""search_role"": ""seeded_stratified_adversarial_graph_search"", ""stage"": ""deep"", ""status"": ""completed"", ""stop_reason"": ""targeted_sample_exhausted"", ""strategy_id"": ""targeted"", ""task_id"": ""batch-task-09f7c631f55c83cc21f067a63d9021078647c3d3"", ""updated_at"": ""2026-07-28T00:28:18.872287Z""}, {""attempt_count"": 1, ""budget"": {""max_cases"": 100000, ""memory_mb"": 1024, ""parameters"": {""max_vertices"": 12}, ""time_seconds"": 600}, ""checked_cases"": 100000, ""checkpoint_created_at"": ""2026-07-27T11:23:00.373256Z"", ""checkpoint_id"": 45910, ""checkpoint_sequence"": 1001, ""cursor"": {""bounds"": {""max_cases"": 100000, ""max_vertices"": 12, ""time_seconds"": 600}, ""next_case"": 100000, ""strategy_id"": ""targeted""}, ""frontier_provenance"": {""deep_max_vertices"": 12, ""screen_max_vertices"": 10}, ""latest_attempt_checked_cases"": 100000, ""launch_index"": 2, ""outcome"": ""inconclusive"", ""search_role"": ""seeded_stratified_adversarial_graph_search"", ""stage"": ""deep"", ""status"": ""completed"", ""stop_reason"": ""targeted_sample_exhausted"", ""strategy_id"": ""targeted"", ""task_id"": ""batch-task-5fdb788896f514914fa62e087331143fbb8d976b"", ""updated_at"": ""2026-07-28T00:28:18.880033Z""}]"
unsolvedmath-opg-60055,Chromatic number of $\frac{3}{3}$-power of graph,graph_theory,bounded_search_completed,True,approved,full_claim,"The full finite claim semantics are checked, subject to the configured graph-order and case bounds.",not_required,,2026-07-28T00:28:18.909875Z,4,4,8,150312,"[""bounded_screen"", ""seeded_stratified_adversarial_graph_search""]","[{""deep_max_vertices"": 9, ""screen_max_vertices"": 7}]","{""completed"": 4}","{""deep"": {""completed"": 3}, ""screen"": {""completed"": 1}}","{""inconclusive"": 3, ""no_candidate"": 1}","[""finite_bound_exhausted"", ""predicate_time_budget_exhausted""]","[{""attempt_count"": 1, ""budget"": {""max_cases"": 10000, ""memory_mb"": 1024, ""parameters"": {""max_vertices"": 7}, ""time_seconds"": 60}, ""checked_cases"": 1252, ""checkpoint_created_at"": ""2026-07-27T11:19:20.604943Z"", ""checkpoint_id"": 42816, ""checkpoint_sequence"": 13, ""cursor"": {""bounds"": {""max_cases"": 10000, ""max_vertices"": 7, ""time_seconds"": 60}, ""next_case"": 1252, ""strategy_id"": ""exact-small""}, ""frontier_provenance"": {}, ""latest_attempt_checked_cases"": 1252, ""launch_index"": 0, ""outcome"": ""no_candidate"", ""search_role"": ""bounded_screen"", ""stage"": ""screen"", ""status"": ""completed"", ""stop_reason"": ""finite_bound_exhausted"", ""strategy_id"": ""exact-small"", ""task_id"": ""batch-task-65c694a904933a03c26c301a32e2b67c319f994d"", ""updated_at"": ""2026-07-28T00:28:18.887403Z""}, {""attempt_count"": 3, ""budget"": {""max_cases"": 100000, ""memory_mb"": 1024, ""parameters"": {""max_vertices"": 9}, ""time_seconds"": 600}, ""checked_cases"": 73417, ""checkpoint_created_at"": ""2026-07-27T15:20:46.386000Z"", ""checkpoint_id"": 120244, ""checkpoint_sequence"": 510, ""cursor"": {""bounds"": {""max_cases"": 100000, ""max_vertices"": 9, ""time_seconds"": 600}, ""next_case"": 73417, ""strategy_id"": ""targeted""}, ""frontier_provenance"": {""deep_max_vertices"": 9, ""screen_max_vertices"": 7}, ""latest_attempt_checked_cases"": 50917, ""launch_index"": 0, ""outcome"": ""inconclusive"", ""search_role"": ""seeded_stratified_adversarial_graph_search"", ""stage"": ""deep"", ""status"": ""completed"", ""stop_reason"": ""predicate_time_budget_exhausted"", ""strategy_id"": ""targeted"", ""task_id"": ""batch-task-de320ecf98f521047aa2a36c93675d51fb913016"", ""updated_at"": ""2026-07-28T00:28:18.895102Z""}, {""attempt_count"": 2, ""budget"": {""max_cases"": 100000, ""memory_mb"": 1024, ""parameters"": {""max_vertices"": 9}, ""time_seconds"": 600}, ""checked_cases"": 38161, ""checkpoint_created_at"": ""2026-07-27T11:36:24.014886Z"", ""checkpoint_id"": 69489, ""checkpoint_sequence"": 330, ""cursor"": {""bounds"": {""max_cases"": 100000, ""max_vertices"": 9, ""time_seconds"": 600}, ""next_case"": 38161, ""strategy_id"": ""targeted""}, ""frontier_provenance"": {""deep_max_vertices"": 9, ""screen_max_vertices"": 7}, ""latest_attempt_checked_cases"": 32961, ""launch_index"": 1, ""outcome"": ""inconclusive"", ""search_role"": ""seeded_stratified_adversarial_graph_search"", ""stage"": ""deep"", ""status"": ""completed"", ""stop_reason"": ""predicate_time_budget_exhausted"", ""strategy_id"": ""targeted"", ""task_id"": ""batch-task-8c0b12bea304196a94212242bd795642cf0e2d44"", ""updated_at"": ""2026-07-28T00:28:18.902736Z""}, {""attempt_count"": 2, ""budget"": {""max_cases"": 100000, ""memory_mb"": 1024, ""parameters"": {""max_vertices"": 9}, ""time_seconds"": 600}, ""checked_cases"": 37482, ""checkpoint_created_at"": ""2026-07-27T11:36:22.813620Z"", ""checkpoint_id"": 69412, ""checkpoint_sequence"": 339, ""cursor"": {""bounds"": {""max_cases"": 100000, ""max_vertices"": 9, ""time_seconds"": 600}, ""next_case"": 37482, ""strategy_id"": ""targeted""}, ""frontier_provenance"": {""deep_max_vertices"": 9, ""screen_max_vertices"": 7}, ""latest_attempt_checked_cases"": 33882, ""launch_index"": 2, ""outcome"": ""inconclusive"", ""search_role"": ""seeded_stratified_adversarial_graph_search"", ""stage"": ""deep"", ""status"": ""completed"", ""stop_reason"": ""predicate_time_budget_exhausted"", ""strategy_id"": ""targeted"", ""task_id"": ""batch-task-5ca3e75f74194bb637be627c9692fdae42407ee4"", ""updated_at"": ""2026-07-28T00:28:18.909875Z""}]"
unsolvedmath-opg-804,Edge Reconstruction Conjecture,graph_theory,bounded_search_completed,True,approved,full_claim,"The full finite claim semantics are checked, subject to the configured graph-order and case bounds.",not_required,,2026-07-28T00:28:18.924268Z,2,2,4,1965,"[""bounded_screen"", ""complete_nonisomorphic_graph_enumeration""]","[{""deep_max_vertices"": 9, ""screen_max_vertices"": 7}]","{""completed"": 2}","{""deep"": {""completed"": 1}, ""screen"": {""completed"": 1}}","{""inconclusive"": 2}","[""predicate_time_budget_exhausted""]","[{""attempt_count"": 1, ""budget"": {""max_cases"": 10000, ""memory_mb"": 1024, ""parameters"": {""max_vertices"": 7}, ""time_seconds"": 60}, ""checked_cases"": 421, ""checkpoint_created_at"": ""2026-07-27T11:23:21.167047Z"", ""checkpoint_id"": 45927, ""checkpoint_sequence"": 5, ""cursor"": {""bounds"": {""max_cases"": 10000, ""max_vertices"": 7, ""time_seconds"": 60}, ""edge_reconstruction_state"": {""decks"": [{""canonical_edge_deck"": [7, 11, 13, 13], ""representative_edge_mask"": 58, ""vertex_count"": 4}, {""canonical_edge_deck"": [13, 13, 13, 13], ""representative_edge_mask"": 30, ""vertex_count"": 4}, {""canonical_edge_deck"": [15, 15, 15, 15, 30], ""representative_edge_mask"": 62, ""vertex_count"": 4}, {""canonical_edge_deck"": [31, 31, 31, 31, 31, 31], ""representative_edge_mask"": 63, ""vertex_count"": 4}, {""canonical_edge_deck"": [7, 11, 13, 13], ""representative_edge_mask"": 712, ""vertex_count"": 5}, {""canonical_edge_deck"": [7, 76, 76, 76], ""representative_edge_mask"": 338, ""vertex_count"": 5}, {""canonical_edge_deck"": [11, 11, 11, 11], ""representative_edge_mask"": 960, ""vertex_count"": 5}, {""canonical_edge_deck"": [11, 13, 13, 76], ""representative_edge_mask"": 456, ""vertex_count"": 5}, {""canonical_edge_deck"": [13, 13, 13, 13], ""representative_edge_mask"": 216, ""vertex_count"": 5}, {""canonical_edge_deck"": [13, 13, 76, 76], ""representative_edge_mask"": 210, ""vertex_count"": 5}, {""canonical_edge_deck"": [15, 15, 15, 15, 30], ""representative_edge_mask"": 728, ""vertex_count"": 5}, {""canonical_edge_deck"": [15, 15, 75, 77, 77], ""representative_edge_mask"": 968, ""vertex_count"": 5}, {""canonical_edge_deck"": [15, 15, 77, 77, 86], ""representative_edge_mask"": 856, ""vertex_count"": 5}, {""canonical_edge_deck"": [15, 77, 86, 86, 116], ""representative_edge_mask"": 466, ""vertex_count"": 5}, {""canonical_edge_deck"": [30, 77, 77, 86, 86], ""representative_edge_mask"": 472, ""vertex_count"": 5}, {""canonical_edge_deck"": [31, 31, 31, 31, 31, 31], ""representative_edge_mask"": 874, ""vertex_count"": 5}, {""canonical_edge_deck"": [31, 79, 79, 87, 87, 94], ""representative_edge_mask"": 984, ""vertex_count"": 5}, {""canonical_edge_deck"": [31, 87, 87, 94, 117, 117], ""representative_edge_mask"": 490, ""vertex_count"": 5}, {""canonical_edge_deck"": [63, 95, 95, 95, 119, 119, 119], ""representative_edge_mask"": 1002, ""vertex_count"": 5}, {""canonical_edge_deck"": [79, 79, 117, 117, 117, 117], ""representative_edge_mask"": 978, ""vertex_count"": 5}, {""canonical_edge_deck"": [86, 86, 86, 86, 86], ""representative_edge_mask"": 410, ""vertex_count"": 5}, {""canonical_edge_deck"": [87, 94, 94, 117, 117, 236], ""representative_edge_mask"": 474, ""vertex_count"": 5}, {""canonical_edge_deck"": [94, 94, 94, 94, 94, 94], ""representative_edge_mask"": 504, ""vertex_count"": 5}, {""canonical_edge_deck"": [95, 95, 95, 95, 95, 95, 222], ""representative_edge_mask"": 1016, ""vertex_count"": 5}, {""canonical_edge_deck"": [95, 95, 119, 119, 235, 237, 237], ""representative_edge_mask"": 986, ""vertex_count"": 5}, {""canonical_edge_deck"": [119, 119, 222, 237, 237, 237, 237], ""representative_edge_mask"": 478, ""vertex_count"": 5}, {""canonical_edge_deck"": [127, 127, 223, 239, 239, 239, 239, 254], ""representative_edge_mask"": 1018, ""vertex_count"": 5}, {""canonical_edge_deck"": [239, 239, 239, 239, 254, 254, 254, 254], ""representative_edge_mask"": 990, ""vertex_count"": 5}, {""canonical_edge_deck"": [255, 255, 255, 255, 255, 255, 507, 507, 507], ""representative_edge_mask"": 1022, ""vertex_count"": 5}, {""canonical_edge_deck"": [511, 511, 511, 511, 511, 511, 511, 511, 511, 511], ""representative_edge_mask"": 1023, ""vertex_count"": 5}, {""canonical_edge_deck"": [7, 11, 13, 13], ""representative_edge_mask"": 19520, ""vertex_count"": 6}, {""canonical_edge_deck"": [7, 76, 76, 76], ""representative_edge_mask"": 9352, ""vertex_count"": 6}, {""canonical_edge_deck"": [11, 11, 11, 11], ""representative_edge_mask"": 15360, ""vertex_count"": 6}, {""canonical_edge_deck"": [11, 13, 13, 76], ""representative_edge_mask"": 7232, ""vertex_count"": 6}, {""canonical_edge_deck"": [11, 76, 76, 76], ""representative_edge_mask"": 14400, ""vertex_count"": 6}, {""canonical_edge_deck"": [13, 13, 13, 13], ""representative_edge_mask"": 3264, ""vertex_count"": 6}, {""canonical_edge_deck"": [13, 13, 76, 76], ""representative_edge_mask"": 3208, ""vertex_count"": 6}, {""canonical_edge_deck"": [13, 76, 76, 1184], ""representative_edge_mask"": 5256, ""vertex_count"": 6}, {""canonical_edge_deck"": [15, 15, 15, 15, 30], ""representative_edge_mask"": 19648, ""vertex_count"": 6}, {""canonical_edge_deck"": [15, 15, 75, 77, 77], ""representative_edge_mask"": 23616, ""vertex_count"": 6}, {""canonical_edge_deck"": [15, 15, 77, 77, 86], ""representative_edge_mask"": 21696, ""vertex_count"": 6}, {""canonical_edge_deck"": [15, 77, 86, 86, 116], ""representative_edge_mask"": 11400, ""vertex_count"": 6}, {""canonical_edge_deck"": [15, 116, 1100, 1185, 1185], ""representative_edge_mask"": 13448, ""vertex_count"": 6}, {""canonical_edge_deck"": [30, 77, 77, 86, 86], ""representative_edge_mask"": 7360, ""vertex_count"": 6}, {""canonical_edge_deck"": [30, 1185, 1185, 1185, 1185], ""representative_edge_mask"": 6536, ""vertex_count"": 6}, {""canonical_edge_deck"": [31, 31, 31, 31, 31, 31], ""representative_edge_mask"": 26184, ""vertex_count"": 6}, {""canonical_edge_deck"": [31, 79, 79, 87, 87, 94], ""representative_edge_mask"": 23744, ""vertex_count"": 6}, {""canonical_edge_deck"": [31, 87, 87, 94, 117, 117], ""representative_edge_mask"": 19656, ""vertex_count"": 6}, {""canonical_edge_deck"": [31, 1194, 1194, 1194, 1194, 1456], ""representative_edge_mask"": 22920, ""vertex_count"": 6}, {""canonical_edge_deck"": [63, 95, 95, 95, 119, 119, 119], ""representative_edge_mask"": 28232, ""vertex_count"": 6}, {""canonical_edge_deck"": [63, 1460, 1460, 1460, 1460, 1460, 1460], ""representative_edge_mask"": 21842, ""vertex_count"": 6}, {""canonical_edge_deck"": [75, 75, 75, 75, 75], ""representative_edge_mask"": 31744, ""vertex_count"": 6}, {""canonical_edge_deck"": [75, 77, 77, 77, 1100], ""representative_edge_mask"": 15424, ""vertex_count"": 6}, {""canonical_edge_deck"": [76, 76, 76, 76], ""representative_edge_mask"": 12480, ""vertex_count"": 6}, {""canonical_edge_deck"": [77, 77, 77, 77, 1108], ""representative_edge_mask"": 28864, ""vertex_count"": 6}, {""canonical_edge_deck"": [77, 77, 86, 1185, 1185], ""representative_edge_mask"": 7304, ""vertex_count"": 6}, {""canonical_edge_deck"": [77, 86, 86, 1100, 1108], ""representative_edge_mask"": 13504, ""vertex_count"": 6}, {""canonical_edge_deck"": [79, 79, 79, 1099, 1101, 1101], ""representative_edge_mask"": 31808, ""vertex_count"": 6}, {""canonical_edge_deck"": [79, 79, 117, 117, 117, 117], ""representative_edge_mask"": 27784, ""vertex_count"": 6}, {""canonical_edge_deck"": [79, 87, 87, 1101, 1109, 1110], ""representative_edge_mask"": 29888, ""vertex_count"": 6}, {""canonical_edge_deck"": [79, 117, 1101, 1187, 1187, 1194], ""representative_edge_mask"": 15496, ""vertex_count"": 6}, {""canonical_edge_deck"": [86, 86, 86, 86, 86], ""representative_edge_mask"": 10440, ""vertex_count"": 6}, {""canonical_edge_deck"": [86, 86, 1108, 1185, 1185], ""representative_edge_mask"": 3464, ""vertex_count"": 6}, {""canonical_edge_deck"": [87, 87, 87, 1187, 1187, 1187], ""representative_edge_mask"": 21704, ""vertex_count"": 6}, {""canonical_edge_deck"": [87, 94, 94, 117, 117, 236], ""representative_edge_mask"": 11464, ""vertex_count"": 6}, {""canonical_edge_deck"": [87, 117, 1110, 1187, 1194, 1196], ""representative_edge_mask"": 19848, ""vertex_count"": 6}, {""canonical_edge_deck"": [94, 94, 94, 94, 94, 94], ""representative_edge_mask"": 7616, ""vertex_count"": 6}, {""canonical_edge_deck"": [94, 94, 1101, 1101, 1110, 1110], ""representative_edge_mask"": 15552, ""vertex_count"": 6}, {""canonical_edge_deck"": [94, 94, 1109, 1187, 1187, 1196], ""representative_edge_mask"": 7368, ""vertex_count"": 6}, {""canonical_edge_deck"": [94, 94, 1110, 1110, 1110, 1110], ""representative_edge_mask"": 11712, ""vertex_count"": 6}, {""canonical_edge_deck"": [94, 1187, 1187, 1196, 1196, 1456], ""representative_edge_mask"": 7560, ""vertex_count"": 6}, {""canonical_edge_deck"": [95, 95, 95, 95, 95, 95, 222], ""representative_edge_mask"": 24000, ""vertex_count"": 6}, {""canonical_edge_deck"": [95, 95, 119, 119, 235, 237, 237], ""representative_edge_mask"": 27848, ""vertex_count"": 6}, {""canonical_edge_deck"": [95, 95, 1103, 1103, 1111, 1111, 1118], ""representative_edge_mask"": 31936, ""vertex_count"": 6}, {""canonical_edge_deck"": [95, 95, 1111, 1111, 1111, 1111, 1182], ""representative_edge_mask"": 28096, ""vertex_count"": 6}, {""canonical_edge_deck"": [95, 119, 1111, 1191, 1195, 1197, 1198], ""representative_edge_mask"": 23752, ""vertex_count"": 6}, {""canonical_edge_deck"": [95, 1195, 1195, 1198, 1198, 1457, 1460], ""representative_edge_mask"": 23944, ""vertex_count"": 6}, {""canonical_edge_deck"": [116, 116, 1108, 1108, 1108], ""representative_edge_mask"": 9608, ""vertex_count"": 6}, {""canonical_edge_deck"": [117, 117, 1109, 1110, 1110, 1140], ""representative_edge_mask"": 25992, ""vertex_count"": 6}, {""canonical_edge_deck"": [117, 1110, 1140, 1194, 1196, 1196], ""representative_edge_mask"": 11656, ""vertex_count"": 6}, {""canonical_edge_deck"": [119, 119, 222, 237, 237, 237, 237], ""representative_edge_mask"": 11480, ""vertex_count"": 6}, {""canonical_edge_deck"": [119, 119, 1111, 1111, 1118, 1141, 1141], ""representative_edge_mask"": 15944, ""vertex_count"": 6}, {""canonical_edge_deck"": [119, 119, 1182, 1198, 1198, 1198, 1198], ""representative_edge_mask"": 25944, ""vertex_count"": 6}, {""canonical_edge_deck"": [119, 1198, 1198, 1268, 1268, 1457, 1460], ""representative_edge_mask"": 7506, ""vertex_count"": 6}, {""canonical_edge_deck"": [127, 127, 223, 239, 239, 239, 239, 254], ""representative_edge_mask"": 28360, ""vertex_count"": 6}, {""canonical_edge_deck"": [127, 127, 1119, 1119, 1119, 1143, 1143, 1143], ""representative_edge_mask"": 32328, ""vertex_count"": 6}, {""canonical_edge_deck"": [127, 127, 1183, 1199, 1199, 1199, 1199, 1214], ""representative_edge_mask"": 30408, ""vertex_count"": 6}, {""canonical_edge_deck"": [127, 1461, 1461, 1461, 1468, 1468, 1468, 1972], ""representative_edge_mask"": 23890, ""vertex_count"": 6}, {""canonical_edge_deck"": [222, 1118, 1118, 1118, 1182, 1182, 1182], ""representative_edge_mask"": 15808, ""vertex_count"": 6}, {""canonical_edge_deck"": [222, 1197, 1197, 1197, 1197, 1457, 1457], ""representative_edge_mask"": 7384, ""vertex_count"": 6}, {""canonical_edge_deck"": [223, 1119, 1119, 1119, 1183, 1183, 1183, 1246], ""representative_edge_mask"": 32192, ""vertex_count"": 6}, {""canonical_edge_deck"": [223, 1199, 1199, 1199, 1199, 1459, 1461, 1461], ""representative_edge_mask"": 24008, ""vertex_count"": 6}, {""canonical_edge_deck"": [235, 1103, 1103, 1195, 1195, 1195, 1195], ""representative_edge_mask"": 31880, ""vertex_count"": 6}, {""canonical_edge_deck"": [235, 1111, 1141, 1195, 1198, 1198, 1268], ""representative_edge_mask"": 28040, ""vertex_count"": 6}, {""canonical_edge_deck"": [236, 1110, 1110, 1187, 1196, 1196], ""representative_edge_mask"": 14536, ""vertex_count"": 6}, {""canonical_edge_deck"": [237, 1111, 1118, 1195, 1197, 1198, 1260], ""representative_edge_mask"": 15560, ""vertex_count"": 6}, {""canonical_edge_deck"": [237, 1141, 1182, 1197, 1198, 1260, 1268], ""representative_edge_mask"": 26968, ""vertex_count"": 6}, {""canonical_edge_deck"": [237, 1191, 1198, 1198, 1260, 1457, 1457], ""representative_edge_mask"": 13656, ""vertex_count"": 6}, {""canonical_edge_deck"": [239, 239, 239, 239, 254, 254, 254, 254], ""representative_edge_mask"": 27864, ""vertex_count"": 6}, {""canonical_edge_deck"": [239, 1119, 1119, 1199, 1199, 1259, 1261, 1261], ""representative_edge_mask"": 31944, ""vertex_count"": 6}, {""canonical_edge_deck"": [239, 1143, 1183, 1199, 1199, 1261, 1269, 1270], ""representative_edge_mask"": 28104, ""vertex_count"": 6}, {""canonical_edge_deck"": [239, 1199, 1214, 1269, 1270, 1461, 1465, 1468], ""representative_edge_mask"": 27992, ""vertex_count"": 6}, {""canonical_edge_deck"": [254, 1143, 1214, 1246, 1261, 1261, 1270, 1270], ""representative_edge_mask"": 16072, ""vertex_count"": 6}, {""canonical_edge_deck"": [254, 1199, 1199, 1261, 1261, 1459, 1465, 1465], ""representative_edge_mask"": 15576, ""vertex_count"": 6}, {""canonical_edge_deck"": [254, 1270, 1270, 1270, 1270, 1459, 1468, 1468], ""representative_edge_mask"": 11736, ""vertex_count"": 6}, {""canonical_edge_deck"": [255, 255, 255, 255, 255, 255, 507, 507, 507], ""representative_edge_mask"": 28376, ""vertex_count"": 6}, {""canonical_edge_deck"": [255, 1151, 1215, 1247, 1263, 1263, 1271, 1271, 1278], ""representative_edge_mask"": 32456, ""vertex_count"": 6}, {""canonical_edge_deck"": [255, 1215, 1215, 1271, 1271, 1463, 1467, 1469, 1469], ""representative_edge_mask"": 30424, ""vertex_count"": 6}, {""canonical_edge_deck"": [255, 1463, 1469, 1469, 1469, 1469, 1532, 1973, 1973], ""representative_edge_mask"": 24018, ""vertex_count"": 6}, {""canonical_edge_deck"": [507, 1263, 1263, 1263, 1263, 1467, 1467, 1467, 1467], ""representative_edge_mask"": 31960, ""vertex_count"": 6}, {""canonical_edge_deck"": [507, 1271, 1271, 1278, 1278, 1467, 1469, 1469, 1532], ""representative_edge_mask"": 16088, ""vertex_count"": 6}, {""canonical_edge_deck"": [511, 511, 511, 511, 511, 511, 511, 511, 511, 511], ""representative_edge_mask"": 30570, ""vertex_count"": 6}, {""canonical_edge_deck"": [511, 1279, 1279, 1279, 1279, 1471, 1471, 1531, 1533, 1533], ""representative_edge_mask"": 32472, ""vertex_count"": 6}, {""canonical_edge_deck"": [511, 1471, 1471, 1471, 1533, 1533, 1533, 1975, 1975, 1975], ""representative_edge_mask"": 16234, ""vertex_count"": 6}, {""canonical_edge_deck"": [1023, 1535, 1535, 1535, 1535, 1535, 1535, 1983, 1983, 1983, 1983], ""representative_edge_mask"": 32618, ""vertex_count"": 6}, {""canonical_edge_deck"": [1118, 1195, 1195, 1268, 1268, 1457, 1457], ""representative_edge_mask"": 15752, ""vertex_count"": 6}, {""canonical_edge_deck"": [1119, 1259, 1259, 1269, 1269, 1461, 1461, 3306], ""representative_edge_mask"": 32136, ""vertex_count"": 6}, {""canonical_edge_deck"": [1140, 1140, 1140, 1140, 1140, 1140], ""representative_edge_mask"": 10578, ""vertex_count"": 6}, {""canonical_edge_deck"": [1141, 1141, 1268, 1268, 1268, 1268, 3873], ""representative_edge_mask"": 11602, ""vertex_count"": 6}, {""canonical_edge_deck"": [1143, 1269, 1269, 1468, 1468, 3306, 3875, 3875], ""representative_edge_mask"": 15698, ""vertex_count"": 6}, {""canonical_edge_deck"": [1151, 1973, 1973, 3307, 3307, 3307, 3879, 3879, 3879], ""representative_edge_mask"": 32082, ""vertex_count"": 6}, {""canonical_edge_deck"": [1182, 1260, 1260, 1260, 1260, 1457, 1457], ""representative_edge_mask"": 14792, ""vertex_count"": 6}, {""canonical_edge_deck"": [1183, 1261, 1261, 1261, 1261, 1461, 1461, 3308], ""representative_edge_mask"": 31176, ""vertex_count"": 6}, {""canonical_edge_deck"": [1196, 1196, 1196, 1196, 1196, 1196], ""representative_edge_mask"": 6488, ""vertex_count"": 6}, {""canonical_edge_deck"": [1197, 1197, 1457, 1457, 1457, 1457, 3440], ""representative_edge_mask"": 7512, ""vertex_count"": 6}, {""canonical_edge_deck"": [1198, 1198, 1260, 1260, 1268, 1268, 3440], ""representative_edge_mask"": 14680, ""vertex_count"": 6}, {""canonical_edge_deck"": [1199, 1261, 1461, 1465, 1468, 3306, 3441, 3448], ""representative_edge_mask"": 15704, ""vertex_count"": 6}, {""canonical_edge_deck"": [1214, 1468, 1468, 3308, 3441, 3441, 3441, 3441], ""representative_edge_mask"": 11674, ""vertex_count"": 6}, {""canonical_edge_deck"": [1215, 1973, 1973, 3309, 3449, 3449, 3449, 3449, 3948], ""representative_edge_mask"": 30162, ""vertex_count"": 6}, {""canonical_edge_deck"": [1246, 1246, 1246, 1246, 1246, 1246, 1246, 1246], ""representative_edge_mask"": 16320, ""vertex_count"": 6}, {""canonical_edge_deck"": [1246, 1261, 1261, 1270, 1270, 1459, 3306, 3308], ""representative_edge_mask"": 15816, ""vertex_count"": 6}, {""canonical_edge_deck"": [1247, 1247, 1247, 1247, 1247, 1247, 1247, 1247, 3294], ""representative_edge_mask"": 32704, ""vertex_count"": 6}, {""canonical_edge_deck"": [1247, 1263, 1263, 1271, 1271, 1463, 3307, 3309, 3310], ""representative_edge_mask"": 32200, ""vertex_count"": 6}, {""canonical_edge_deck"": [1261, 1261, 1269, 1269, 1270, 1270, 3441, 3441], ""representative_edge_mask"": 31064, ""vertex_count"": 6}, {""canonical_edge_deck"": [1263, 1263, 1469, 1469, 3307, 3307, 3443, 3449, 3449], ""representative_edge_mask"": 32088, ""vertex_count"": 6}, {""canonical_edge_deck"": [1270, 1270, 1270, 1270, 3441, 3441, 3875, 3875], ""representative_edge_mask"": 11730, ""vertex_count"": 6}, {""canonical_edge_deck"": [1270, 1270, 1465, 1465, 3308, 3308, 3441, 3448], ""representative_edge_mask"": 7578, ""vertex_count"": 6}, {""canonical_edge_deck"": [1271, 1271, 1271, 1271, 1271, 1271, 3443, 3443, 3443], ""representative_edge_mask"": 31576, ""vertex_count"": 6}, {""canonical_edge_deck"": [1271, 1271, 1469, 1469, 3449, 3449, 3879, 3879, 3885], ""representative_edge_mask"": 28114, ""vertex_count"": 6}, {""canonical_edge_deck"": [1271, 1278, 1467, 1469, 3309, 3310, 3443, 3449, 3452], ""representative_edge_mask"": 16216, ""vertex_count"": 6}, {""canonical_edge_deck"": [1278, 1278, 1278, 1278, 3294, 3310, 3310, 3310, 3310], ""representative_edge_mask"": 16328, ""vertex_count"": 6}, {""canonical_edge_deck"": [1278, 1532, 3310, 3443, 3443, 3879, 3885, 3885, 3948], ""representative_edge_mask"": 15826, ""vertex_count"": 6}, {""canonical_edge_deck"": [1279, 1279, 1279, 1279, 3295, 3311, 3311, 3311, 3311, 3326], ""representative_edge_mask"": 32712, ""vertex_count"": 6}, {""canonical_edge_deck"": [1279, 1279, 1471, 1471, 3311, 3311, 3447, 3451, 3453, 3453], ""representative_edge_mask"": 32600, ""vertex_count"": 6}, {""canonical_edge_deck"": [1279, 1975, 3311, 3451, 3451, 3887, 3887, 3947, 3949, 3950], ""representative_edge_mask"": 32210, ""vertex_count"": 6}, {""canonical_edge_deck"": [1459, 1459, 1459, 1459, 3448, 3448, 3448, 3448], ""representative_edge_mask"": 7640, ""vertex_count"": 6}, {""canonical_edge_deck"": [1463, 1463, 1467, 1467, 3449, 3449, 3449, 3449, 3576], ""representative_edge_mask"": 24024, ""vertex_count"": 6}, {""canonical_edge_deck"": [1467, 1532, 3310, 3310, 3449, 3449, 3452, 3452, 3576], ""representative_edge_mask"": 15832, ""vertex_count"": 6}, {""canonical_edge_deck"": [1469, 1469, 3443, 3449, 3449, 3452, 3452, 3948, 3948], ""representative_edge_mask"": 15770, ""vertex_count"": 6}, {""canonical_edge_deck"": [1471, 1471, 1471, 1471, 3577, 3577, 3887, 3887, 3887, 3887], ""representative_edge_mask"": 24042, ""vertex_count"": 6}, {""canonical_edge_deck"": [1471, 1975, 3453, 3453, 3577, 3578, 3950, 3950, 3958, 3958], ""representative_edge_mask"": 15850, ""vertex_count"": 6}, {""canonical_edge_deck"": [1531, 1533, 3311, 3311, 3451, 3451, 3453, 3453, 3577, 3578], ""representative_edge_mask"": 32216, ""vertex_count"": 6}, {""canonical_edge_deck"": [1533, 1533, 3326, 3326, 3453, 3453, 3453, 3453, 3578, 3578], ""representative_edge_mask"": 28152, ""vertex_count"": 6}, {""canonical_edge_deck"": [1533, 1533, 3447, 3453, 3453, 3887, 3887, 3949, 3949, 3958], ""representative_edge_mask"": 28122, ""vertex_count"": 6}, {""canonical_edge_deck"": [1535, 1535, 3327, 3327, 3455, 3455, 3455, 3455, 3579, 3579, 3582], ""representative_edge_mask"": 32728, ""vertex_count"": 6}, {""canonical_edge_deck"": [1535, 1983, 3455, 3455, 3579, 3903, 3951, 3951, 3959, 3959, 3966], ""representative_edge_mask"": 32234, ""vertex_count"": 6}, {""canonical_edge_deck"": [1983, 1983, 3582, 3582, 3582, 3966, 3966, 3966, 3966, 3966, 3966], ""representative_edge_mask"": 24030, ""vertex_count"": 6}, {""canonical_edge_deck"": [2047, 2047, 3583, 3583, 3583, 3967, 3967, 3967, 3967, 3967, 3967, 4094], ""representative_edge_mask"": 32746, ""vertex_count"": 6}, {""canonical_edge_deck"": [3326, 3326, 3949, 3949, 3949, 3949, 3949, 3949, 3949, 3949], ""representative_edge_mask"": 16338, ""vertex_count"": 6}, {""canonical_edge_deck"": [3327, 3327, 3951, 3951, 3951, 3951, 3951, 3951, 3951, 3951, 7902], ""representative_edge_mask"": 32722, ""vertex_count"": 6}, {""canonical_edge_deck"": [3451, 3451, 3451, 3451, 3451, 3958, 3958, 3958, 3958, 3958], ""representative_edge_mask"": 32154, ""vertex_count"": 6}, {""canonical_edge_deck"": [3452, 3452, 3452, 3452, 3452, 3452, 3885, 3885, 3885], ""representative_edge_mask"": 14810, ""vertex_count"": 6}, {""canonical_edge_deck"": [3453, 3453, 3578, 3578, 3887, 3949, 3949, 3958, 3958, 7916], ""representative_edge_mask"": 15834, ""vertex_count"": 6}, {""canonical_edge_deck"": [3455, 3579, 3579, 3951, 3951, 3959, 3966, 3966, 7915, 7917, 7917], ""representative_edge_mask"": 32218, ""vertex_count"": 6}, {""canonical_edge_deck"": [3576, 3576, 3576, 3576, 3576, 3576, 3576, 3576, 3576], ""representative_edge_mask"": 7672, ""vertex_count"": 6}, {""canonical_edge_deck"": [3577, 3577, 3577, 3578, 3578, 3578, 3578, 3578, 3578, 7672], ""representative_edge_mask"": 15864, ""vertex_count"": 6}, {""canonical_edge_deck"": [3579, 3579, 3579, 3579, 3579, 3579, 3582, 3582, 3582, 7673, 7673], ""representative_edge_mask"": 32248, ""vertex_count"": 6}, {""canonical_edge_deck"": [3582, 3582, 3959, 3959, 3959, 3959, 7902, 7917, 7917, 7917, 7917], ""representative_edge_mask"": 15838, ""vertex_count"": 6}, {""canonical_edge_deck"": [3583, 3583, 3583, 3583, 3583, 3583, 3583, 3583, 3583, 7675, 7675, 7675], ""representative_edge_mask"": 32760, ""vertex_count"": 6}, {""canonical_edge_deck"": [3583, 3583, 3967, 3967, 3967, 3967, 7903, 7919, 7919, 7919, 7919, 7934], ""representative_edge_mask"": 32730, ""vertex_count"": 6}, {""canonical_edge_deck"": [3903, 3966, 3966, 3966, 3966, 7673, 7673, 7917, 7917, 7917, 7917], ""representative_edge_mask"": 30174, ""vertex_count"": 6}, {""canonical_edge_deck"": [3967, 3967, 4094, 7675, 7919, 7919, 7919, 7919, 7934, 7934, 8185, 8185], ""representative_edge_mask"": 32222, ""vertex_count"": 6}, {""canonical_edge_deck"": [4095, 4095, 4095, 7679, 7935, 7935, 7935, 7935, 7935, 7935, 8187, 8187, 8187], ""representative_edge_mask"": 32762, ""vertex_count"": 6}, {""canonical_edge_deck"": [7934, 7934, 7934, 7934, 7934, 7934, 7934, 7934, 7934, 7934, 7934, 7934], ""representative_edge_mask"": 16350, ""vertex_count"": 6}, {""canonical_edge_deck"": [7935, 7935, 7935, 7935, 8187, 8187, 8187, 8187, 8187, 8187, 8187, 8187, 16350], ""representative_edge_mask"": 32734, ""vertex_count"": 6}, {""canonical_edge_deck"": [8191, 8191, 8191, 8191, 8191, 8191, 8191, 8191, 16351, 16351, 16351, 16351, 16351, 16351], ""representative_edge_mask"": 32766, ""vertex_count"": 6}, {""canonical_edge_deck"": [16383, 16383, 16383, 16383, 16383, 16383, 16383, 16383, 16383, 16383, 16383, 16383, 16383, 16383, 16383], ""representative_edge_mask"": 32767, ""vertex_count"": 6}, {""canonical_edge_deck"": [7, 11, 13, 13], ""representative_edge_mask"": 1147904, ""vertex_count"": 7}, {""canonical_edge_deck"": [7, 76, 76, 76], ""representative_edge_mask"": 559168, ""vertex_count"": 7}, {""canonical_edge_deck"": [11, 11, 11, 11], ""representative_edge_mask"": 491520, ""vertex_count"": 7}, {""canonical_edge_deck"": [11, 13, 13, 76], ""representative_edge_mask"": 230400, ""vertex_count"": 7}, {""canonical_edge_deck"": [11, 76, 76, 76], ""representative_edge_mask"": 459776, ""vertex_count"": 7}, {""canonical_edge_deck"": [13, 13, 13, 13], ""representative_edge_mask"": 101376, ""vertex_count"": 7}, {""canonical_edge_deck"": [13, 13, 76, 76], ""representative_edge_mask"": 100416, ""vertex_count"": 7}, {""canonical_edge_deck"": [13, 76, 76, 1184], ""representative_edge_mask"": 165952, ""vertex_count"": 7}, {""canonical_edge_deck"": [15, 15, 15, 15, 30], ""representative_edge_mask"": 1149952, ""vertex_count"": 7}, {""canonical_edge_deck"": [15, 15, 75, 77, 77], ""representative_edge_mask"": 1278976, ""vertex_count"": 7}, {""canonical_edge_deck"": [15, 15, 77, 77, 86], ""representative_edge_mask"": 1215488, ""vertex_count"": 7}, {""canonical_edge_deck"": [15, 77, 86, 86, 116], ""representative_edge_mask"": 624704, ""vertex_count"": 7}, {""canonical_edge_deck"": [15, 116, 1100, 1185, 1185], ""representative_edge_mask"": 690240, ""vertex_count"": 7}, {""canonical_edge_deck"": [30, 77, 77, 86, 86], ""representative_edge_mask"": 232448, ""vertex_count"": 7}, {""canonical_edge_deck"": [30, 1185, 1185, 1185, 1185], ""representative_edge_mask"": 202816, ""vertex_count"": 7}, {""canonical_edge_deck"": [31, 31, 31, 31, 31, 31], ""representative_edge_mask"": 1623104, ""vertex_count"": 7}, {""canonical_edge_deck"": [31, 79, 79, 87, 87, 94], ""representative_edge_mask"": 1281024, ""vertex_count"": 7}, {""canonical_edge_deck"": [31, 87, 87, 94, 117, 117], ""representative_edge_mask"": 1150016, ""vertex_count"": 7}, {""canonical_edge_deck"": [31, 1194, 1194, 1194, 1194, 1456], ""representative_edge_mask"": 1251392, ""vertex_count"": 7}, {""canonical_edge_deck"": [63, 95, 95, 95, 119, 119, 119], ""representative_edge_mask"": 1688640, ""vertex_count"": 7}, {""canonical_edge_deck"": [75, 75, 75, 75, 75], ""representative_edge_mask"": 1015808, ""vertex_count"": 7}, {""canonical_edge_deck"": [75, 77, 77, 77, 1100], ""representative_edge_mask"": 492544, ""vertex_count"": 7}, {""canonical_edge_deck"": [75, 1100, 1100, 1100, 1100], ""representative_edge_mask"": 984064, ""vertex_count"": 7}, {""canonical_edge_deck"": [76, 76, 76, 76], ""representative_edge_mask"": 396288, ""vertex_count"": 7}, {""canonical_edge_deck"": [76, 76, 1184, 1184], ""representative_edge_mask"": 395328, ""vertex_count"": 7}, {""canonical_edge_deck"": [77, 77, 77, 77, 1108], ""representative_edge_mask"": 1444864, ""vertex_count"": 7}, {""canonical_edge_deck"": [77, 77, 86, 1185, 1185], ""representative_edge_mask"": 231488, ""vertex_count"": 7}, {""canonical_edge_deck"": [77, 86, 86, 1100, 1108], ""representative_edge_mask"": 429056, ""vertex_count"": 7}, {""canonical_edge_deck"": [77, 1100, 1185, 1185, 33952], ""representative_edge_mask"": 428096, ""vertex_count"": 7}, {""canonical_edge_deck"": [79, 79, 79, 1099, 1101, 1101], ""representative_edge_mask"": 1541120, ""vertex_count"": 7}, {""canonical_edge_deck"": [79, 79, 117, 117, 117, 117], ""representative_edge_mask"": 1673280, ""vertex_count"": 7}, {""canonical_edge_deck"": [79, 87, 87, 1101, 1109, 1110], ""representative_edge_mask"": 1477632, ""vertex_count"": 7}, {""canonical_edge_deck"": [79, 117, 1101, 1187, 1187, 1194], ""representative_edge_mask"": 755776, ""vertex_count"": 7}, {""canonical_edge_deck"": [79, 1194, 1194, 33868, 33953, 33953], ""representative_edge_mask"": 952384, ""vertex_count"": 7}, {""canonical_edge_deck"": [86, 86, 86, 86, 86], ""representative_edge_mask"": 592960, ""vertex_count"": 7}, {""canonical_edge_deck"": [86, 86, 1108, 1185, 1185], ""representative_edge_mask"": 104512, ""vertex_count"": 7}, {""canonical_edge_deck"": [87, 87, 87, 1187, 1187, 1187], ""representative_edge_mask"": 1215552, ""vertex_count"": 7}, {""canonical_edge_deck"": [87, 94, 94, 117, 117, 236], ""representative_edge_mask"": 625728, ""vertex_count"": 7}, {""canonical_edge_deck"": [87, 117, 1110, 1187, 1194, 1196], ""representative_edge_mask"": 1153088, ""vertex_count"": 7}, {""canonical_edge_deck"": [87, 1194, 1194, 33953, 33953, 35040], ""representative_edge_mask"": 1382464, ""vertex_count"": 7}, {""canonical_edge_deck"": [94, 94, 94, 94, 94, 94], ""representative_edge_mask"": 236544, ""vertex_count"": 7}, {""canonical_edge_deck"": [94, 94, 1101, 1101, 1110, 1110], ""representative_edge_mask"": 494592, ""vertex_count"": 7}, {""canonical_edge_deck"": [94, 94, 1109, 1187, 1187, 1196], ""representative_edge_mask"": 232512, ""vertex_count"": 7}, {""canonical_edge_deck"": [94, 94, 1110, 1110, 1110, 1110], ""representative_edge_mask"": 367616, ""vertex_count"": 7}, {""canonical_edge_deck"": [94, 1187, 1187, 1196, 1196, 1456], ""representative_edge_mask"": 235584, ""vertex_count"": 7}, {""canonical_edge_deck"": [94, 1456, 33953, 33953, 35040, 35040], ""representative_edge_mask"": 464960, ""vertex_count"": 7}, {""canonical_edge_deck"": [95, 95, 95, 95, 95, 95, 222], ""representative_edge_mask"": 1285120, ""vertex_count"": 7}, {""canonical_edge_deck"": [95, 95, 119, 119, 235, 237, 237], ""representative_edge_mask"": 1674304, ""vertex_count"": 7}, {""canonical_edge_deck"": [95, 95, 1103, 1103, 1111, 1111, 1118], ""representative_edge_mask"": 1543168, ""vertex_count"": 7}, {""canonical_edge_deck"": [95, 95, 1111, 1111, 1111, 1111, 1182], ""representative_edge_mask"": 1416192, ""vertex_count"": 7}, {""canonical_edge_deck"": [95, 119, 1111, 1191, 1195, 1197, 1198], ""representative_edge_mask"": 1281088, ""vertex_count"": 7}, {""canonical_edge_deck"": [95, 1195, 1195, 1198, 1198, 1457, 1460], ""representative_edge_mask"": 1284160, ""vertex_count"": 7}, {""canonical_edge_deck"": [95, 1460, 33962, 33962, 35041, 35041, 35176], ""representative_edge_mask"": 1513536, ""vertex_count"": 7}, {""canonical_edge_deck"": [116, 116, 1108, 1108, 1108], ""representative_edge_mask"": 563264, ""vertex_count"": 7}, {""canonical_edge_deck"": [117, 117, 1109, 1110, 1110, 1140], ""representative_edge_mask"": 1611840, ""vertex_count"": 7}, {""canonical_edge_deck"": [117, 1110, 1140, 1194, 1196, 1196], ""representative_edge_mask"": 628800, ""vertex_count"": 7}, {""canonical_edge_deck"": [119, 119, 222, 237, 237, 237, 237], ""representative_edge_mask"": 625856, ""vertex_count"": 7}, {""canonical_edge_deck"": [119, 119, 1111, 1111, 1118, 1141, 1141], ""representative_edge_mask"": 771136, ""vertex_count"": 7}, {""canonical_edge_deck"": [119, 119, 1182, 1198, 1198, 1198, 1198], ""representative_edge_mask"": 1610944, ""vertex_count"": 7}, {""canonical_edge_deck"": [127, 127, 223, 239, 239, 239, 239, 254], ""representative_edge_mask"": 1690688, ""vertex_count"": 7}, {""canonical_edge_deck"": [127, 127, 1119, 1119, 1119, 1143, 1143, 1143], ""representative_edge_mask"": 1819712, ""vertex_count"": 7}, {""canonical_edge_deck"": [127, 127, 1183, 1199, 1199, 1199, 1199, 1214], ""representative_edge_mask"": 1756224, ""vertex_count"": 7}, {""canonical_edge_deck"": [222, 1118, 1118, 1118, 1182, 1182, 1182], ""representative_edge_mask"": 498688, ""vertex_count"": 7}, {""canonical_edge_deck"": [222, 1197, 1197, 1197, 1197, 1457, 1457], ""representative_edge_mask"": 232640, ""vertex_count"": 7}, {""canonical_edge_deck"": [222, 35176, 35176, 35176, 35176, 35176, 35176], ""representative_edge_mask"": 473152, ""vertex_count"": 7}, {""canonical_edge_deck"": [223, 1119, 1119, 1119, 1183, 1183, 1183, 1246], ""representative_edge_mask"": 1547264, ""vertex_count"": 7}, {""canonical_edge_deck"": [223, 1199, 1199, 1199, 1199, 1459, 1461, 1461], ""representative_edge_mask"": 1285184, ""vertex_count"": 7}, {""canonical_edge_deck"": [223, 35178, 35178, 35178, 35178, 35178, 35178, 39344], ""representative_edge_mask"": 1521728, ""vertex_count"": 7}, {""canonical_edge_deck"": [235, 1103, 1103, 1195, 1195, 1195, 1195], ""representative_edge_mask"": 1804352, ""vertex_count"": 7}, {""canonical_edge_deck"": [235, 1111, 1141, 1195, 1198, 1198, 1268], ""representative_edge_mask"": 1677376, ""vertex_count"": 7}, {""canonical_edge_deck"": [236, 1110, 1110, 1187, 1196, 1196], ""representative_edge_mask"": 724032, ""vertex_count"": 7}, {""canonical_edge_deck"": [237, 1111, 1118, 1195, 1197, 1198, 1260], ""representative_edge_mask"": 756800, ""vertex_count"": 7}, {""canonical_edge_deck"": [237, 1141, 1182, 1197, 1198, 1260, 1268], ""representative_edge_mask"": 1643712, ""vertex_count"": 7}, {""canonical_edge_deck"": [237, 1191, 1198, 1198, 1260, 1457, 1457], ""representative_edge_mask"": 693440, ""vertex_count"": 7}, {""canonical_edge_deck"": [239, 239, 239, 239, 254, 254, 254, 254], ""representative_edge_mask"": 1674432, ""vertex_count"": 7}, {""canonical_edge_deck"": [239, 1119, 1119, 1199, 1199, 1259, 1261, 1261], ""representative_edge_mask"": 1805376, ""vertex_count"": 7}, {""canonical_edge_deck"": [239, 1143, 1183, 1199, 1199, 1261, 1269, 1270], ""representative_edge_mask"": 1678400, ""vertex_count"": 7}, {""canonical_edge_deck"": [239, 1199, 1214, 1269, 1270, 1461, 1465, 1468], ""representative_edge_mask"": 1676480, ""vertex_count"": 7}, {""canonical_edge_deck"": [254, 1143, 1214, 1246, 1261, 1261, 1270, 1270], ""representative_edge_mask"": 773184, ""vertex_count"": 7}, {""canonical_edge_deck"": [254, 1199, 1199, 1261, 1261, 1459, 1465, 1465], ""representative_edge_mask"": 756928, ""vertex_count"": 7}, {""canonical_edge_deck"": [255, 1151, 1215, 1247, 1263, 1263, 1271, 1271, 1278], ""representative_edge_mask"": 1821760, ""vertex_count"": 7}, {""canonical_edge_deck"": [507, 1263, 1263, 1263, 1263, 1467, 1467, 1467, 1467], ""representative_edge_mask"": 1805504, ""vertex_count"": 7}, {""canonical_edge_deck"": [1099, 1099, 1099, 1099, 1099, 1099], ""representative_edge_mask"": 2064384, ""vertex_count"": 7}, {""canonical_edge_deck"": [1099, 1101, 1101, 1101, 1101, 33868], ""representative_edge_mask"": 1016832, ""vertex_count"": 7}, {""canonical_edge_deck"": [1100, 1100, 1108, 1108, 1108], ""representative_edge_mask"": 920576, ""vertex_count"": 7}, {""canonical_edge_deck"": [1101, 1101, 1109, 1109, 1109, 33876], ""representative_edge_mask"": 1969152, ""vertex_count"": 7}, {""canonical_edge_deck"": [1101, 1101, 1187, 1187, 33953, 33953], ""representative_edge_mask"": 493632, ""vertex_count"": 7}, {""canonical_edge_deck"": [1101, 1110, 1110, 1110, 33868, 33876], ""representative_edge_mask"": 953344, ""vertex_count"": 7}, {""canonical_edge_deck"": [1103, 1103, 1103, 1103, 33867, 33869, 33869], ""representative_edge_mask"": 2065408, ""vertex_count"": 7}, {""canonical_edge_deck"": [1103, 1111, 1111, 1111, 33869, 33877, 33878], ""representative_edge_mask"": 2001920, ""vertex_count"": 7}, {""canonical_edge_deck"": [1103, 1195, 1195, 33869, 33955, 33955, 33962], ""representative_edge_mask"": 1017920, ""vertex_count"": 7}, {""canonical_edge_deck"": [1108, 1108, 1185, 1185, 33952], ""representative_edge_mask"": 301120, ""vertex_count"": 7}, {""canonical_edge_deck"": [1109, 1110, 1187, 1187, 33953, 33956], ""representative_edge_mask"": 1349696, ""vertex_count"": 7}, {""canonical_edge_deck"": [1110, 1110, 1110, 1110, 33876, 33876], ""representative_edge_mask"": 826368, ""vertex_count"": 7}, {""canonical_edge_deck"": [1110, 1187, 1196, 33953, 33956, 35040], ""representative_edge_mask"": 366656, ""vertex_count"": 7}, {""canonical_edge_deck"": [1110, 1196, 1196, 33876, 33953, 33956], ""representative_edge_mask"": 461888, ""vertex_count"": 7}, {""canonical_edge_deck"": [1111, 1111, 1111, 1111, 33877, 33877, 33942], ""representative_edge_mask"": 1874944, ""vertex_count"": 7}, {""canonical_edge_deck"": [1111, 1111, 1191, 1191, 33955, 33957, 33957], ""representative_edge_mask"": 1477696, ""vertex_count"": 7}, {""canonical_edge_deck"": [1111, 1195, 1198, 33955, 33957, 35041, 35042], ""representative_edge_mask"": 1415232, ""vertex_count"": 7}, {""canonical_edge_deck"": [1111, 1198, 1198, 33878, 33957, 33962, 33964], ""representative_edge_mask"": 953408, ""vertex_count"": 7}, {""canonical_edge_deck"": [1118, 1118, 1118, 33869, 33869, 33878, 33878], ""representative_edge_mask"": 1018880, ""vertex_count"": 7}, {""canonical_edge_deck"": [1118, 1182, 1182, 33878, 33878, 33942, 33942], ""representative_edge_mask"": 891904, ""vertex_count"": 7}, {""canonical_edge_deck"": [1118, 1195, 1195, 1268, 1268, 1457, 1457], ""representative_edge_mask"": 759872, ""vertex_count"": 7}, {""canonical_edge_deck"": [1118, 1197, 1197, 33877, 33955, 33957, 33964], ""representative_edge_mask"": 494656, ""vertex_count"": 7}, {""canonical_edge_deck"": [1118, 1457, 33955, 33955, 35042, 35042, 35176], ""representative_edge_mask"": 497728, ""vertex_count"": 7}, {""canonical_edge_deck"": [1119, 1119, 1119, 33871, 33871, 33879, 33879, 33886], ""representative_edge_mask"": 2067456, ""vertex_count"": 7}, {""canonical_edge_deck"": [1119, 1183, 1183, 33879, 33879, 33943, 33943, 33950], ""representative_edge_mask"": 1940480, ""vertex_count"": 7}, {""canonical_edge_deck"": [1119, 1199, 1199, 33879, 33959, 33963, 33965, 33966], ""representative_edge_mask"": 1543232, ""vertex_count"": 7}, {""canonical_edge_deck"": [1119, 1259, 1259, 1269, 1269, 1461, 1461, 3306], ""representative_edge_mask"": 1808448, ""vertex_count"": 7}, {""canonical_edge_deck"": [1119, 1461, 33963, 33963, 35043, 35043, 35177, 35178], ""representative_edge_mask"": 1546304, ""vertex_count"": 7}, {""canonical_edge_deck"": [1140, 1140, 1140, 33876, 33876, 33876], ""representative_edge_mask"": 476224, ""vertex_count"": 7}, {""canonical_edge_deck"": [1140, 1194, 1194, 33876, 33956, 33956], ""representative_edge_mask"": 825408, ""vertex_count"": 7}, {""canonical_edge_deck"": [1141, 1141, 1141, 33877, 33878, 33878, 33908], ""representative_edge_mask"": 508992, ""vertex_count"": 7}, {""canonical_edge_deck"": [1141, 1195, 1195, 33877, 33957, 33957, 33972], ""representative_edge_mask"": 1873984, ""vertex_count"": 7}, {""canonical_edge_deck"": [1143, 1143, 1143, 33879, 33879, 33886, 33909, 33909], ""representative_edge_mask"": 1033280, ""vertex_count"": 7}, {""canonical_edge_deck"": [1143, 1199, 1199, 33943, 33959, 33965, 33973, 33974], ""representative_edge_mask"": 1875008, ""vertex_count"": 7}, {""canonical_edge_deck"": [1143, 1214, 1214, 33950, 33966, 33966, 33974, 33974], ""representative_edge_mask"": 969792, ""vertex_count"": 7}, {""canonical_edge_deck"": [1151, 1151, 1151, 33887, 33887, 33887, 33911, 33911, 33911], ""representative_edge_mask"": 2081856, ""vertex_count"": 7}, {""canonical_edge_deck"": [1151, 1215, 1215, 33951, 33967, 33967, 33975, 33975, 33982], ""representative_edge_mask"": 2018368, ""vertex_count"": 7}, {""canonical_edge_deck"": [1182, 1197, 1197, 33957, 33957, 35042, 35042], ""representative_edge_mask"": 1840320, ""vertex_count"": 7}, {""canonical_edge_deck"": [1182, 1260, 1260, 1260, 1260, 1457, 1457], ""representative_edge_mask"": 728128, ""vertex_count"": 7}, {""canonical_edge_deck"": [1182, 1457, 33964, 33964, 35042, 35042, 35176], ""representative_edge_mask"": 243776, ""vertex_count"": 7}, {""canonical_edge_deck"": [1183, 1199, 1199, 33959, 33959, 35043, 35043, 35046], ""representative_edge_mask"": 1416256, ""vertex_count"": 7}, {""canonical_edge_deck"": [1183, 1261, 1261, 1261, 1261, 1461, 1461, 3308], ""representative_edge_mask"": 1776704, ""vertex_count"": 7}, {""canonical_edge_deck"": [1183, 1461, 33966, 33966, 35043, 35043, 35178, 35180], ""representative_edge_mask"": 1292352, ""vertex_count"": 7}, {""canonical_edge_deck"": [1195, 1268, 33878, 33962, 33972, 35042, 35042], ""representative_edge_mask"": 890944, ""vertex_count"": 7}, {""canonical_edge_deck"": [1196, 1196, 1196, 1196, 1196, 1196], ""representative_edge_mask"": 201920, ""vertex_count"": 7}, {""canonical_edge_deck"": [1197, 1197, 1457, 1457, 1457, 1457, 3440], ""representative_edge_mask"": 234688, ""vertex_count"": 7}, {""canonical_edge_deck"": [1198, 1198, 1260, 1260, 1268, 1268, 3440], ""representative_edge_mask"": 726208, ""vertex_count"": 7}, {""canonical_edge_deck"": [1199, 1199, 1214, 35043, 35043, 35046, 35129, 35129], ""representative_edge_mask"": 1873088, ""vertex_count"": 7}, {""canonical_edge_deck"": [1199, 1261, 1461, 1465, 1468, 3306, 3441, 3448], ""representative_edge_mask"": 758976, ""vertex_count"": 7}, {""canonical_edge_deck"": [1199, 1468, 33966, 35050, 35129, 35178, 35186, 35192], ""representative_edge_mask"": 890048, ""vertex_count"": 7}, {""canonical_edge_deck"": [1246, 1246, 1246, 1246, 1246, 1246, 1246, 1246], ""representative_edge_mask"": 506880, ""vertex_count"": 7}, {""canonical_edge_deck"": [1246, 1246, 33886, 33886, 33886, 33950, 33950, 33950], ""representative_edge_mask"": 1022976, ""vertex_count"": 7}, {""canonical_edge_deck"": [1246, 1246, 33950, 33950, 33950, 33950, 33950, 33950], ""representative_edge_mask"": 769024, ""vertex_count"": 7}, {""canonical_edge_deck"": [1246, 1261, 1261, 1270, 1270, 1459, 3306, 3308], ""representative_edge_mask"": 760896, ""vertex_count"": 7}, {""canonical_edge_deck"": [1246, 1459, 33965, 33965, 35046, 35046, 35177, 35180], ""representative_edge_mask"": 498752, ""vertex_count"": 7}, {""canonical_edge_deck"": [1246, 35177, 35177, 35177, 35180, 35180, 35180, 39344], ""representative_edge_mask"": 505920, ""vertex_count"": 7}, {""canonical_edge_deck"": [1247, 1247, 1247, 1247, 1247, 1247, 1247, 1247, 3294], ""representative_edge_mask"": 1555456, ""vertex_count"": 7}, {""canonical_edge_deck"": [1247, 1247, 33887, 33887, 33887, 33951, 33951, 33951, 34014], ""representative_edge_mask"": 2071552, ""vertex_count"": 7}, {""canonical_edge_deck"": [1247, 1247, 33951, 33951, 33951, 33951, 33951, 33951, 35038], ""representative_edge_mask"": 1817600, ""vertex_count"": 7}, {""canonical_edge_deck"": [1247, 1263, 1263, 1271, 1271, 1463, 3307, 3309, 3310], ""representative_edge_mask"": 1809472, ""vertex_count"": 7}, {""canonical_edge_deck"": [1247, 1463, 33967, 33967, 35047, 35047, 35179, 35181, 35182], ""representative_edge_mask"": 1547328, ""vertex_count"": 7}, {""canonical_edge_deck"": [1247, 35179, 35179, 35179, 35182, 35182, 35182, 39345, 39348], ""representative_edge_mask"": 1554496, ""vertex_count"": 7}, {""canonical_edge_deck"": [1259, 1259, 33871, 33871, 33963, 33963, 33963, 33963], ""representative_edge_mask"": 2066496, ""vertex_count"": 7}, {""canonical_edge_deck"": [1259, 1269, 33879, 33963, 33973, 35043, 35043, 35050], ""representative_edge_mask"": 1939520, ""vertex_count"": 7}, {""canonical_edge_deck"": [1260, 1260, 33878, 33878, 33955, 33964, 33964], ""representative_edge_mask"": 986176, ""vertex_count"": 7}, {""canonical_edge_deck"": [1260, 1260, 33942, 33964, 33964, 35042, 35042], ""representative_edge_mask"": 859200, ""vertex_count"": 7}, {""canonical_edge_deck"": [1260, 1260, 33957, 33957, 35042, 35042, 35184], ""representative_edge_mask"": 922816, ""vertex_count"": 7}, {""canonical_edge_deck"": [1261, 1261, 1269, 1269, 1270, 1270, 3441, 3441], ""representative_edge_mask"": 1774784, ""vertex_count"": 7}, {""canonical_edge_deck"": [1261, 1261, 33879, 33886, 33963, 33965, 33966, 34028], ""representative_edge_mask"": 1018944, ""vertex_count"": 7}, {""canonical_edge_deck"": [1261, 1261, 33943, 33965, 33965, 35043, 35043, 35052], ""representative_edge_mask"": 1907776, ""vertex_count"": 7}, {""canonical_edge_deck"": [1261, 1270, 33950, 33966, 33974, 35046, 35050, 35052], ""representative_edge_mask"": 891968, ""vertex_count"": 7}, {""canonical_edge_deck"": [1261, 1270, 33965, 33973, 35043, 35046, 35185, 35186], ""representative_edge_mask"": 1905856, ""vertex_count"": 7}, {""canonical_edge_deck"": [1261, 1465, 33959, 35043, 35129, 35177, 35185, 35192], ""representative_edge_mask"": 955584, ""vertex_count"": 7}, {""canonical_edge_deck"": [1263, 1263, 1469, 1469, 3307, 3307, 3443, 3449, 3449], ""representative_edge_mask"": 1807552, ""vertex_count"": 7}, {""canonical_edge_deck"": [1263, 1263, 33887, 33887, 33967, 33967, 34027, 34029, 34029], ""representative_edge_mask"": 2067520, ""vertex_count"": 7}, {""canonical_edge_deck"": [1263, 1271, 33951, 33967, 33975, 35047, 35051, 35053, 35054], ""representative_edge_mask"": 1940544, ""vertex_count"": 7}, {""canonical_edge_deck"": [1263, 1469, 33967, 35051, 35131, 35179, 35187, 35193, 35194], ""representative_edge_mask"": 1938624, ""vertex_count"": 7}, {""canonical_edge_deck"": [1268, 1268, 33908, 33942, 33964, 33964, 33972], ""representative_edge_mask"": 636992, ""vertex_count"": 7}, {""canonical_edge_deck"": [1269, 1269, 33909, 33943, 33966, 33966, 33973, 34036], ""representative_edge_mask"": 1685568, ""vertex_count"": 7}, {""canonical_edge_deck"": [1270, 1270, 33909, 33950, 33965, 33974, 34028, 34036], ""representative_edge_mask"": 511040, ""vertex_count"": 7}, {""canonical_edge_deck"": [1271, 1271, 33911, 33951, 33967, 33975, 34029, 34037, 34038], ""representative_edge_mask"": 1559616, ""vertex_count"": 7}, {""canonical_edge_deck"": [1278, 1278, 1278, 1278, 3294, 3310, 3310, 3310, 3310], ""representative_edge_mask"": 777280, ""vertex_count"": 7}, {""canonical_edge_deck"": [1278, 1278, 33911, 33982, 34014, 34029, 34029, 34038, 34038], ""representative_edge_mask"": 1035328, ""vertex_count"": 7}, {""canonical_edge_deck"": [1278, 1278, 33982, 33982, 35038, 35054, 35054, 35054, 35054], ""representative_edge_mask"": 908352, ""vertex_count"": 7}, {""canonical_edge_deck"": [1279, 1279, 1279, 1279, 3295, 3311, 3311, 3311, 3311, 3326], ""representative_edge_mask"": 1825856, ""vertex_count"": 7}, {""canonical_edge_deck"": [1279, 1279, 33919, 33983, 34015, 34031, 34031, 34039, 34039, 34046], ""representative_edge_mask"": 2083904, ""vertex_count"": 7}, {""canonical_edge_deck"": [1279, 1279, 33983, 33983, 35039, 35055, 35055, 35055, 35055, 35070], ""representative_edge_mask"": 1956928, ""vertex_count"": 7}, {""canonical_edge_deck"": [1459, 1459, 33965, 33965, 33965, 33965, 34225, 34225], ""representative_edge_mask"": 494784, ""vertex_count"": 7}, {""canonical_edge_deck"": [1465, 1465, 33959, 33966, 33966, 34028, 34225, 34225], ""representative_edge_mask"": 953536, ""vertex_count"": 7}, {""canonical_edge_deck"": [1467, 1467, 33967, 33967, 34029, 34029, 34227, 34233, 34233], ""representative_edge_mask"": 1019072, ""vertex_count"": 7}, {""canonical_edge_deck"": [1531, 1531, 34031, 34031, 34031, 34031, 34235, 34235, 34235, 34235], ""representative_edge_mask"": 2067648, ""vertex_count"": 7}, {""canonical_edge_deck"": [3294, 34014, 34014, 34014, 34014, 35038, 35038, 35038, 35038], ""representative_edge_mask"": 1031168, ""vertex_count"": 7}, {""canonical_edge_deck"": [3294, 35181, 35181, 35181, 35181, 35181, 35181, 39345, 39345], ""representative_edge_mask"": 506944, ""vertex_count"": 7}, {""canonical_edge_deck"": [3295, 34015, 34015, 34015, 34015, 35039, 35039, 35039, 35039, 36062], ""representative_edge_mask"": 2079744, ""vertex_count"": 7}, {""canonical_edge_deck"": [3295, 35183, 35183, 35183, 35183, 35183, 35183, 39347, 39349, 39349], ""representative_edge_mask"": 1555520, ""vertex_count"": 7}, {""canonical_edge_deck"": [3306, 33886, 33963, 33963, 35050, 35050, 35177, 35177], ""representative_edge_mask"": 1022016, ""vertex_count"": 7}, {""canonical_edge_deck"": [3306, 33950, 34036, 34036, 35050, 35050, 35180, 35180], ""representative_edge_mask"": 768064, ""vertex_count"": 7}, {""canonical_edge_deck"": [3307, 33887, 34027, 34027, 35051, 35051, 35179, 35179, 36074], ""representative_edge_mask"": 2070592, ""vertex_count"": 7}, {""canonical_edge_deck"": [3307, 33951, 34037, 34037, 35051, 35051, 35182, 35182, 36084], ""representative_edge_mask"": 1816640, ""vertex_count"": 7}, {""canonical_edge_deck"": [3308, 33950, 34028, 34028, 35052, 35052, 35177, 35180], ""representative_edge_mask"": 990272, ""vertex_count"": 7}, {""canonical_edge_deck"": [3309, 33951, 34029, 34029, 35053, 35053, 35179, 35182, 36076], ""representative_edge_mask"": 2038848, ""vertex_count"": 7}, {""canonical_edge_deck"": [3310, 34014, 34029, 34029, 35054, 35054, 35181, 36074, 36076], ""representative_edge_mask"": 1023040, ""vertex_count"": 7}, {""canonical_edge_deck"": [3310, 34038, 34038, 35038, 35054, 35054, 35181, 36076, 36084], ""representative_edge_mask"": 769088, ""vertex_count"": 7}, {""canonical_edge_deck"": [3311, 34015, 34031, 34031, 35055, 35055, 35183, 36075, 36077, 36078], ""representative_edge_mask"": 2071616, ""vertex_count"": 7}, {""canonical_edge_deck"": [3311, 34039, 34039, 35039, 35055, 35055, 35183, 36077, 36085, 36086], ""representative_edge_mask"": 1817664, ""vertex_count"": 7}, {""canonical_edge_deck"": [3326, 34046, 34046, 35070, 35070, 36062, 36078, 36078, 36086, 36086], ""representative_edge_mask"": 1039424, ""vertex_count"": 7}, {""canonical_edge_deck"": [3327, 34047, 34047, 35071, 35071, 36063, 36079, 36079, 36087, 36087, 36094], ""representative_edge_mask"": 2088000, ""vertex_count"": 7}, {""canonical_edge_deck"": [3440, 33964, 33964, 35042, 35042, 35184, 35184], ""representative_edge_mask"": 464064, ""vertex_count"": 7}, {""canonical_edge_deck"": [3441, 33966, 34028, 35043, 35050, 35185, 35186, 36208], ""representative_edge_mask"": 988352, ""vertex_count"": 7}, {""canonical_edge_deck"": [3443, 34029, 34029, 35051, 35051, 35187, 35187, 36209, 36209], ""representative_edge_mask"": 2036928, ""vertex_count"": 7}, {""canonical_edge_deck"": [3448, 33965, 33965, 35177, 35177, 35192, 35192, 36208], ""representative_edge_mask"": 496832, ""vertex_count"": 7}, {""canonical_edge_deck"": [3449, 33967, 34029, 35179, 35193, 35194, 36074, 36209, 36216], ""representative_edge_mask"": 1021120, ""vertex_count"": 7}, {""canonical_edge_deck"": [34014, 36074, 36074, 36074, 36084, 36084, 36084, 39345, 39345], ""representative_edge_mask"": 1030208, ""vertex_count"": 7}, {""canonical_edge_deck"": [34015, 36075, 36075, 36075, 36085, 36085, 36085, 39349, 39349, 101610], ""representative_edge_mask"": 2078784, ""vertex_count"": 7}, {""canonical_edge_deck"": [35038, 36076, 36076, 36076, 36076, 36076, 36076, 39345, 39345], ""representative_edge_mask"": 998464, ""vertex_count"": 7}, {""canonical_edge_deck"": [35039, 36077, 36077, 36077, 36077, 36077, 36077, 39349, 39349, 101612], ""representative_edge_mask"": 2047040, ""vertex_count"": 7}, {""canonical_edge_deck"": [36062, 36062, 36062, 36062, 36062, 36062, 36062, 36062, 36062, 36062], ""representative_edge_mask"": 1047552, ""vertex_count"": 7}, {""canonical_edge_deck"": [36062, 36078, 36078, 36078, 36086, 36086, 36086, 39347, 101610, 101612], ""representative_edge_mask"": 1031232, ""vertex_count"": 7}, {""canonical_edge_deck"": [36063, 36063, 36063, 36063, 36063, 36063, 36063, 36063, 36063, 36063, 101598], ""representative_edge_mask"": 2096128, ""vertex_count"": 7}, {""canonical_edge_deck"": [36063, 36079, 36079, 36079, 36087, 36087, 36087, 39351, 101611, 101613, 101614], ""representative_edge_mask"": 2079808, ""vertex_count"": 7}, {""canonical_edge_deck"": [36094, 36094, 36094, 36094, 36094, 36094, 101598, 101614, 101614, 101614, 101614], ""representative_edge_mask"": 1047616, ""vertex_count"": 7}, {""canonical_edge_deck"": [36095, 36095, 36095, 36095, 36095, 36095, 101599, 101615, 101615, 101615, 101615, 101630], ""representative_edge_mask"": 2096192, ""vertex_count"": 7}], ""replay_next_case"": 421, ""version"": 1}, ""next_case"": 421, ""strategy_id"": ""exact-small""}, ""frontier_provenance"": {}, ""latest_attempt_checked_cases"": 421, ""launch_index"": 0, ""outcome"": ""inconclusive"", ""search_role"": ""bounded_screen"", ""stage"": ""screen"", ""status"": ""completed"", ""stop_reason"": ""predicate_time_budget_exhausted"", ""strategy_id"": ""exact-small"", ""task_id"": ""batch-task-bbe9950bded5961ced633644537c883f27a90e47"", ""updated_at"": ""2026-07-28T00:28:18.917137Z""}, {""attempt_count"": 3, ""budget"": {""max_cases"": 100000, ""memory_mb"": 1024, ""parameters"": {""max_vertices"": 9}, ""time_seconds"": 600}, ""checked_cases"": 1544, ""checkpoint_created_at"": ""2026-07-27T15:20:47.196745Z"", ""checkpoint_id"": 120268, ""checkpoint_sequence"": 5, ""cursor"": {""bounds"": {""max_cases"": 100000, ""max_vertices"": 9, ""time_seconds"": 600}, ""edge_reconstruction_state"": {""decks"": [{""canonical_edge_deck"": [7, 11, 13, 13], ""representative_edge_mask"": 58, ""vertex_count"": 4}, {""canonical_edge_deck"": [13, 13, 13, 13], ""representative_edge_mask"": 30, ""vertex_count"": 4}, {""canonical_edge_deck"": [15, 15, 15, 15, 30], ""representative_edge_mask"": 62, ""vertex_count"": 4}, {""canonical_edge_deck"": [31, 31, 31, 31, 31, 31], ""representative_edge_mask"": 63, ""vertex_count"": 4}, {""canonical_edge_deck"": [7, 11, 13, 13], ""representative_edge_mask"": 712, ""vertex_count"": 5}, {""canonical_edge_deck"": [7, 76, 76, 76], ""representative_edge_mask"": 338, ""vertex_count"": 5}, {""canonical_edge_deck"": [11, 11, 11, 11], ""representative_edge_mask"": 960, ""vertex_count"": 5}, {""canonical_edge_deck"": [11, 13, 13, 76], ""representative_edge_mask"": 456, ""vertex_count"": 5}, {""canonical_edge_deck"": [13, 13, 13, 13], ""representative_edge_mask"": 216, ""vertex_count"": 5}, {""canonical_edge_deck"": [13, 13, 76, 76], ""representative_edge_mask"": 210, ""vertex_count"": 5}, {""canonical_edge_deck"": [15, 15, 15, 15, 30], ""representative_edge_mask"": 728, ""vertex_count"": 5}, {""canonical_edge_deck"": [15, 15, 75, 77, 77], ""representative_edge_mask"": 968, ""vertex_count"": 5}, {""canonical_edge_deck"": [15, 15, 77, 77, 86], ""representative_edge_mask"": 856, ""vertex_count"": 5}, {""canonical_edge_deck"": [15, 77, 86, 86, 116], ""representative_edge_mask"": 466, ""vertex_count"": 5}, {""canonical_edge_deck"": [30, 77, 77, 86, 86], ""representative_edge_mask"": 472, ""vertex_count"": 5}, {""canonical_edge_deck"": [31, 31, 31, 31, 31, 31], ""representative_edge_mask"": 874, ""vertex_count"": 5}, {""canonical_edge_deck"": [31, 79, 79, 87, 87, 94], ""representative_edge_mask"": 984, ""vertex_count"": 5}, {""canonical_edge_deck"": [31, 87, 87, 94, 117, 117], ""representative_edge_mask"": 490, ""vertex_count"": 5}, {""canonical_edge_deck"": [63, 95, 95, 95, 119, 119, 119], ""representative_edge_mask"": 1002, ""vertex_count"": 5}, {""canonical_edge_deck"": [79, 79, 117, 117, 117, 117], ""representative_edge_mask"": 978, ""vertex_count"": 5}, {""canonical_edge_deck"": [86, 86, 86, 86, 86], ""representative_edge_mask"": 410, ""vertex_count"": 5}, {""canonical_edge_deck"": [87, 94, 94, 117, 117, 236], ""representative_edge_mask"": 474, ""vertex_count"": 5}, {""canonical_edge_deck"": [94, 94, 94, 94, 94, 94], ""representative_edge_mask"": 504, ""vertex_count"": 5}, {""canonical_edge_deck"": [95, 95, 95, 95, 95, 95, 222], ""representative_edge_mask"": 1016, ""vertex_count"": 5}, {""canonical_edge_deck"": [95, 95, 119, 119, 235, 237, 237], ""representative_edge_mask"": 986, ""vertex_count"": 5}, {""canonical_edge_deck"": [119, 119, 222, 237, 237, 237, 237], ""representative_edge_mask"": 478, ""vertex_count"": 5}, {""canonical_edge_deck"": [127, 127, 223, 239, 239, 239, 239, 254], ""representative_edge_mask"": 1018, ""vertex_count"": 5}, {""canonical_edge_deck"": [239, 239, 239, 239, 254, 254, 254, 254], ""representative_edge_mask"": 990, ""vertex_count"": 5}, {""canonical_edge_deck"": [255, 255, 255, 255, 255, 255, 507, 507, 507], ""representative_edge_mask"": 1022, ""vertex_count"": 5}, {""canonical_edge_deck"": [511, 511, 511, 511, 511, 511, 511, 511, 511, 511], ""representative_edge_mask"": 1023, ""vertex_count"": 5}, {""canonical_edge_deck"": [7, 11, 13, 13], ""representative_edge_mask"": 19520, ""vertex_count"": 6}, {""canonical_edge_deck"": [7, 76, 76, 76], ""representative_edge_mask"": 9352, ""vertex_count"": 6}, {""canonical_edge_deck"": [11, 11, 11, 11], ""representative_edge_mask"": 15360, ""vertex_count"": 6}, {""canonical_edge_deck"": [11, 13, 13, 76], ""representative_edge_mask"": 7232, ""vertex_count"": 6}, {""canonical_edge_deck"": [11, 76, 76, 76], ""representative_edge_mask"": 14400, ""vertex_count"": 6}, {""canonical_edge_deck"": [13, 13, 13, 13], ""representative_edge_mask"": 3264, ""vertex_count"": 6}, {""canonical_edge_deck"": [13, 13, 76, 76], ""representative_edge_mask"": 3208, ""vertex_count"": 6}, {""canonical_edge_deck"": [13, 76, 76, 1184], ""representative_edge_mask"": 5256, ""vertex_count"": 6}, {""canonical_edge_deck"": [15, 15, 15, 15, 30], ""representative_edge_mask"": 19648, ""vertex_count"": 6}, {""canonical_edge_deck"": [15, 15, 75, 77, 77], ""representative_edge_mask"": 23616, ""vertex_count"": 6}, {""canonical_edge_deck"": [15, 15, 77, 77, 86], ""representative_edge_mask"": 21696, ""vertex_count"": 6}, {""canonical_edge_deck"": [15, 77, 86, 86, 116], ""representative_edge_mask"": 11400, ""vertex_count"": 6}, {""canonical_edge_deck"": [15, 116, 1100, 1185, 1185], ""representative_edge_mask"": 13448, ""vertex_count"": 6}, {""canonical_edge_deck"": [30, 77, 77, 86, 86], ""representative_edge_mask"": 7360, ""vertex_count"": 6}, {""canonical_edge_deck"": [30, 1185, 1185, 1185, 1185], ""representative_edge_mask"": 6536, ""vertex_count"": 6}, {""canonical_edge_deck"": [31, 31, 31, 31, 31, 31], ""representative_edge_mask"": 26184, ""vertex_count"": 6}, {""canonical_edge_deck"": [31, 79, 79, 87, 87, 94], ""representative_edge_mask"": 23744, ""vertex_count"": 6}, {""canonical_edge_deck"": [31, 87, 87, 94, 117, 117], ""representative_edge_mask"": 19656, ""vertex_count"": 6}, {""canonical_edge_deck"": [31, 1194, 1194, 1194, 1194, 1456], ""representative_edge_mask"": 22920, ""vertex_count"": 6}, {""canonical_edge_deck"": [63, 95, 95, 95, 119, 119, 119], ""representative_edge_mask"": 28232, ""vertex_count"": 6}, {""canonical_edge_deck"": [63, 1460, 1460, 1460, 1460, 1460, 1460], ""representative_edge_mask"": 21842, ""vertex_count"": 6}, {""canonical_edge_deck"": [75, 75, 75, 75, 75], ""representative_edge_mask"": 31744, ""vertex_count"": 6}, {""canonical_edge_deck"": [75, 77, 77, 77, 1100], ""representative_edge_mask"": 15424, ""vertex_count"": 6}, {""canonical_edge_deck"": [76, 76, 76, 76], ""representative_edge_mask"": 12480, ""vertex_count"": 6}, {""canonical_edge_deck"": [77, 77, 77, 77, 1108], ""representative_edge_mask"": 28864, ""vertex_count"": 6}, {""canonical_edge_deck"": [77, 77, 86, 1185, 1185], ""representative_edge_mask"": 7304, ""vertex_count"": 6}, {""canonical_edge_deck"": [77, 86, 86, 1100, 1108], ""representative_edge_mask"": 13504, ""vertex_count"": 6}, {""canonical_edge_deck"": [79, 79, 79, 1099, 1101, 1101], ""representative_edge_mask"": 31808, ""vertex_count"": 6}, {""canonical_edge_deck"": [79, 79, 117, 117, 117, 117], ""representative_edge_mask"": 27784, ""vertex_count"": 6}, {""canonical_edge_deck"": [79, 87, 87, 1101, 1109, 1110], ""representative_edge_mask"": 29888, ""vertex_count"": 6}, {""canonical_edge_deck"": [79, 117, 1101, 1187, 1187, 1194], ""representative_edge_mask"": 15496, ""vertex_count"": 6}, {""canonical_edge_deck"": [86, 86, 86, 86, 86], ""representative_edge_mask"": 10440, ""vertex_count"": 6}, {""canonical_edge_deck"": [86, 86, 1108, 1185, 1185], ""representative_edge_mask"": 3464, ""vertex_count"": 6}, {""canonical_edge_deck"": [87, 87, 87, 1187, 1187, 1187], ""representative_edge_mask"": 21704, ""vertex_count"": 6}, {""canonical_edge_deck"": [87, 94, 94, 117, 117, 236], ""representative_edge_mask"": 11464, ""vertex_count"": 6}, {""canonical_edge_deck"": [87, 117, 1110, 1187, 1194, 1196], ""representative_edge_mask"": 19848, ""vertex_count"": 6}, {""canonical_edge_deck"": [94, 94, 94, 94, 94, 94], ""representative_edge_mask"": 7616, ""vertex_count"": 6}, {""canonical_edge_deck"": [94, 94, 1101, 1101, 1110, 1110], ""representative_edge_mask"": 15552, ""vertex_count"": 6}, {""canonical_edge_deck"": [94, 94, 1109, 1187, 1187, 1196], ""representative_edge_mask"": 7368, ""vertex_count"": 6}, {""canonical_edge_deck"": [94, 94, 1110, 1110, 1110, 1110], ""representative_edge_mask"": 11712, ""vertex_count"": 6}, {""canonical_edge_deck"": [94, 1187, 1187, 1196, 1196, 1456], ""representative_edge_mask"": 7560, ""vertex_count"": 6}, {""canonical_edge_deck"": [95, 95, 95, 95, 95, 95, 222], ""representative_edge_mask"": 24000, ""vertex_count"": 6}, {""canonical_edge_deck"": [95, 95, 119, 119, 235, 237, 237], ""representative_edge_mask"": 27848, ""vertex_count"": 6}, {""canonical_edge_deck"": [95, 95, 1103, 1103, 1111, 1111, 1118], ""representative_edge_mask"": 31936, ""vertex_count"": 6}, {""canonical_edge_deck"": [95, 95, 1111, 1111, 1111, 1111, 1182], ""representative_edge_mask"": 28096, ""vertex_count"": 6}, {""canonical_edge_deck"": [95, 119, 1111, 1191, 1195, 1197, 1198], ""representative_edge_mask"": 23752, ""vertex_count"": 6}, {""canonical_edge_deck"": [95, 1195, 1195, 1198, 1198, 1457, 1460], ""representative_edge_mask"": 23944, ""vertex_count"": 6}, {""canonical_edge_deck"": [116, 116, 1108, 1108, 1108], ""representative_edge_mask"": 9608, ""vertex_count"": 6}, {""canonical_edge_deck"": [117, 117, 1109, 1110, 1110, 1140], ""representative_edge_mask"": 25992, ""vertex_count"": 6}, {""canonical_edge_deck"": [117, 1110, 1140, 1194, 1196, 1196], ""representative_edge_mask"": 11656, ""vertex_count"": 6}, {""canonical_edge_deck"": [119, 119, 222, 237, 237, 237, 237], ""representative_edge_mask"": 11480, ""vertex_count"": 6}, {""canonical_edge_deck"": [119, 119, 1111, 1111, 1118, 1141, 1141], ""representative_edge_mask"": 15944, ""vertex_count"": 6}, {""canonical_edge_deck"": [119, 119, 1182, 1198, 1198, 1198, 1198], ""representative_edge_mask"": 25944, ""vertex_count"": 6}, {""canonical_edge_deck"": [119, 1198, 1198, 1268, 1268, 1457, 1460], ""representative_edge_mask"": 7506, ""vertex_count"": 6}, {""canonical_edge_deck"": [127, 127, 223, 239, 239, 239, 239, 254], ""representative_edge_mask"": 28360, ""vertex_count"": 6}, {""canonical_edge_deck"": [127, 127, 1119, 1119, 1119, 1143, 1143, 1143], ""representative_edge_mask"": 32328, ""vertex_count"": 6}, {""canonical_edge_deck"": [127, 127, 1183, 1199, 1199, 1199, 1199, 1214], ""representative_edge_mask"": 30408, ""vertex_count"": 6}, {""canonical_edge_deck"": [127, 1461, 1461, 1461, 1468, 1468, 1468, 1972], ""representative_edge_mask"": 23890, ""vertex_count"": 6}, {""canonical_edge_deck"": [222, 1118, 1118, 1118, 1182, 1182, 1182], ""representative_edge_mask"": 15808, ""vertex_count"": 6}, {""canonical_edge_deck"": [222, 1197, 1197, 1197, 1197, 1457, 1457], ""representative_edge_mask"": 7384, ""vertex_count"": 6}, {""canonical_edge_deck"": [223, 1119, 1119, 1119, 1183, 1183, 1183, 1246], ""representative_edge_mask"": 32192, ""vertex_count"": 6}, {""canonical_edge_deck"": [223, 1199, 1199, 1199, 1199, 1459, 1461, 1461], ""representative_edge_mask"": 24008, ""vertex_count"": 6}, {""canonical_edge_deck"": [235, 1103, 1103, 1195, 1195, 1195, 1195], ""representative_edge_mask"": 31880, ""vertex_count"": 6}, {""canonical_edge_deck"": [235, 1111, 1141, 1195, 1198, 1198, 1268], ""representative_edge_mask"": 28040, ""vertex_count"": 6}, {""canonical_edge_deck"": [236, 1110, 1110, 1187, 1196, 1196], ""representative_edge_mask"": 14536, ""vertex_count"": 6}, {""canonical_edge_deck"": [237, 1111, 1118, 1195, 1197, 1198, 1260], ""representative_edge_mask"": 15560, ""vertex_count"": 6}, {""canonical_edge_deck"": [237, 1141, 1182, 1197, 1198, 1260, 1268], ""representative_edge_mask"": 26968, ""vertex_count"": 6}, {""canonical_edge_deck"": [237, 1191, 1198, 1198, 1260, 1457, 1457], ""representative_edge_mask"": 13656, ""vertex_count"": 6}, {""canonical_edge_deck"": [239, 239, 239, 239, 254, 254, 254, 254], ""representative_edge_mask"": 27864, ""vertex_count"": 6}, {""canonical_edge_deck"": [239, 1119, 1119, 1199, 1199, 1259, 1261, 1261], ""representative_edge_mask"": 31944, ""vertex_count"": 6}, {""canonical_edge_deck"": [239, 1143, 1183, 1199, 1199, 1261, 1269, 1270], ""representative_edge_mask"": 28104, ""vertex_count"": 6}, {""canonical_edge_deck"": [239, 1199, 1214, 1269, 1270, 1461, 1465, 1468], ""representative_edge_mask"": 27992, ""vertex_count"": 6}, {""canonical_edge_deck"": [254, 1143, 1214, 1246, 1261, 1261, 1270, 1270], ""representative_edge_mask"": 16072, ""vertex_count"": 6}, {""canonical_edge_deck"": [254, 1199, 1199, 1261, 1261, 1459, 1465, 1465], ""representative_edge_mask"": 15576, ""vertex_count"": 6}, {""canonical_edge_deck"": [254, 1270, 1270, 1270, 1270, 1459, 1468, 1468], ""representative_edge_mask"": 11736, ""vertex_count"": 6}, {""canonical_edge_deck"": [255, 255, 255, 255, 255, 255, 507, 507, 507], ""representative_edge_mask"": 28376, ""vertex_count"": 6}, {""canonical_edge_deck"": [255, 1151, 1215, 1247, 1263, 1263, 1271, 1271, 1278], ""representative_edge_mask"": 32456, ""vertex_count"": 6}, {""canonical_edge_deck"": [255, 1215, 1215, 1271, 1271, 1463, 1467, 1469, 1469], ""representative_edge_mask"": 30424, ""vertex_count"": 6}, {""canonical_edge_deck"": [255, 1463, 1469, 1469, 1469, 1469, 1532, 1973, 1973], ""representative_edge_mask"": 24018, ""vertex_count"": 6}, {""canonical_edge_deck"": [507, 1263, 1263, 1263, 1263, 1467, 1467, 1467, 1467], ""representative_edge_mask"": 31960, ""vertex_count"": 6}, {""canonical_edge_deck"": [507, 1271, 1271, 1278, 1278, 1467, 1469, 1469, 1532], ""representative_edge_mask"": 16088, ""vertex_count"": 6}, {""canonical_edge_deck"": [511, 511, 511, 511, 511, 511, 511, 511, 511, 511], ""representative_edge_mask"": 30570, ""vertex_count"": 6}, {""canonical_edge_deck"": [511, 1279, 1279, 1279, 1279, 1471, 1471, 1531, 1533, 1533], ""representative_edge_mask"": 32472, ""vertex_count"": 6}, {""canonical_edge_deck"": [511, 1471, 1471, 1471, 1533, 1533, 1533, 1975, 1975, 1975], ""representative_edge_mask"": 16234, ""vertex_count"": 6}, {""canonical_edge_deck"": [1023, 1535, 1535, 1535, 1535, 1535, 1535, 1983, 1983, 1983, 1983], ""representative_edge_mask"": 32618, ""vertex_count"": 6}, {""canonical_edge_deck"": [1118, 1195, 1195, 1268, 1268, 1457, 1457], ""representative_edge_mask"": 15752, ""vertex_count"": 6}, {""canonical_edge_deck"": [1119, 1259, 1259, 1269, 1269, 1461, 1461, 3306], ""representative_edge_mask"": 32136, ""vertex_count"": 6}, {""canonical_edge_deck"": [1140, 1140, 1140, 1140, 1140, 1140], ""representative_edge_mask"": 10578, ""vertex_count"": 6}, {""canonical_edge_deck"": [1141, 1141, 1268, 1268, 1268, 1268, 3873], ""representative_edge_mask"": 11602, ""vertex_count"": 6}, {""canonical_edge_deck"": [1143, 1269, 1269, 1468, 1468, 3306, 3875, 3875], ""representative_edge_mask"": 15698, ""vertex_count"": 6}, {""canonical_edge_deck"": [1151, 1973, 1973, 3307, 3307, 3307, 3879, 3879, 3879], ""representative_edge_mask"": 32082, ""vertex_count"": 6}, {""canonical_edge_deck"": [1182, 1260, 1260, 1260, 1260, 1457, 1457], ""representative_edge_mask"": 14792, ""vertex_count"": 6}, {""canonical_edge_deck"": [1183, 1261, 1261, 1261, 1261, 1461, 1461, 3308], ""representative_edge_mask"": 31176, ""vertex_count"": 6}, {""canonical_edge_deck"": [1196, 1196, 1196, 1196, 1196, 1196], ""representative_edge_mask"": 6488, ""vertex_count"": 6}, {""canonical_edge_deck"": [1197, 1197, 1457, 1457, 1457, 1457, 3440], ""representative_edge_mask"": 7512, ""vertex_count"": 6}, {""canonical_edge_deck"": [1198, 1198, 1260, 1260, 1268, 1268, 3440], ""representative_edge_mask"": 14680, ""vertex_count"": 6}, {""canonical_edge_deck"": [1199, 1261, 1461, 1465, 1468, 3306, 3441, 3448], ""representative_edge_mask"": 15704, ""vertex_count"": 6}, {""canonical_edge_deck"": [1214, 1468, 1468, 3308, 3441, 3441, 3441, 3441], ""representative_edge_mask"": 11674, ""vertex_count"": 6}, {""canonical_edge_deck"": [1215, 1973, 1973, 3309, 3449, 3449, 3449, 3449, 3948], ""representative_edge_mask"": 30162, ""vertex_count"": 6}, {""canonical_edge_deck"": [1246, 1246, 1246, 1246, 1246, 1246, 1246, 1246], ""representative_edge_mask"": 16320, ""vertex_count"": 6}, {""canonical_edge_deck"": [1246, 1261, 1261, 1270, 1270, 1459, 3306, 3308], ""representative_edge_mask"": 15816, ""vertex_count"": 6}, {""canonical_edge_deck"": [1247, 1247, 1247, 1247, 1247, 1247, 1247, 1247, 3294], ""representative_edge_mask"": 32704, ""vertex_count"": 6}, {""canonical_edge_deck"": [1247, 1263, 1263, 1271, 1271, 1463, 3307, 3309, 3310], ""representative_edge_mask"": 32200, ""vertex_count"": 6}, {""canonical_edge_deck"": [1261, 1261, 1269, 1269, 1270, 1270, 3441, 3441], ""representative_edge_mask"": 31064, ""vertex_count"": 6}, {""canonical_edge_deck"": [1263, 1263, 1469, 1469, 3307, 3307, 3443, 3449, 3449], ""representative_edge_mask"": 32088, ""vertex_count"": 6}, {""canonical_edge_deck"": [1270, 1270, 1270, 1270, 3441, 3441, 3875, 3875], ""representative_edge_mask"": 11730, ""vertex_count"": 6}, {""canonical_edge_deck"": [1270, 1270, 1465, 1465, 3308, 3308, 3441, 3448], ""representative_edge_mask"": 7578, ""vertex_count"": 6}, {""canonical_edge_deck"": [1271, 1271, 1271, 1271, 1271, 1271, 3443, 3443, 3443], ""representative_edge_mask"": 31576, ""vertex_count"": 6}, {""canonical_edge_deck"": [1271, 1271, 1469, 1469, 3449, 3449, 3879, 3879, 3885], ""representative_edge_mask"": 28114, ""vertex_count"": 6}, {""canonical_edge_deck"": [1271, 1278, 1467, 1469, 3309, 3310, 3443, 3449, 3452], ""representative_edge_mask"": 16216, ""vertex_count"": 6}, {""canonical_edge_deck"": [1278, 1278, 1278, 1278, 3294, 3310, 3310, 3310, 3310], ""representative_edge_mask"": 16328, ""vertex_count"": 6}, {""canonical_edge_deck"": [1278, 1532, 3310, 3443, 3443, 3879, 3885, 3885, 3948], ""representative_edge_mask"": 15826, ""vertex_count"": 6}, {""canonical_edge_deck"": [1279, 1279, 1279, 1279, 3295, 3311, 3311, 3311, 3311, 3326], ""representative_edge_mask"": 32712, ""vertex_count"": 6}, {""canonical_edge_deck"": [1279, 1279, 1471, 1471, 3311, 3311, 3447, 3451, 3453, 3453], ""representative_edge_mask"": 32600, ""vertex_count"": 6}, {""canonical_edge_deck"": [1279, 1975, 3311, 3451, 3451, 3887, 3887, 3947, 3949, 3950], ""representative_edge_mask"": 32210, ""vertex_count"": 6}, {""canonical_edge_deck"": [1459, 1459, 1459, 1459, 3448, 3448, 3448, 3448], ""representative_edge_mask"": 7640, ""vertex_count"": 6}, {""canonical_edge_deck"": [1463, 1463, 1467, 1467, 3449, 3449, 3449, 3449, 3576], ""representative_edge_mask"": 24024, ""vertex_count"": 6}, {""canonical_edge_deck"": [1467, 1532, 3310, 3310, 3449, 3449, 3452, 3452, 3576], ""representative_edge_mask"": 15832, ""vertex_count"": 6}, {""canonical_edge_deck"": [1469, 1469, 3443, 3449, 3449, 3452, 3452, 3948, 3948], ""representative_edge_mask"": 15770, ""vertex_count"": 6}, {""canonical_edge_deck"": [1471, 1471, 1471, 1471, 3577, 3577, 3887, 3887, 3887, 3887], ""representative_edge_mask"": 24042, ""vertex_count"": 6}, {""canonical_edge_deck"": [1471, 1975, 3453, 3453, 3577, 3578, 3950, 3950, 3958, 3958], ""representative_edge_mask"": 15850, ""vertex_count"": 6}, {""canonical_edge_deck"": [1531, 1533, 3311, 3311, 3451, 3451, 3453, 3453, 3577, 3578], ""representative_edge_mask"": 32216, ""vertex_count"": 6}, {""canonical_edge_deck"": [1533, 1533, 3326, 3326, 3453, 3453, 3453, 3453, 3578, 3578], ""representative_edge_mask"": 28152, ""vertex_count"": 6}, {""canonical_edge_deck"": [1533, 1533, 3447, 3453, 3453, 3887, 3887, 3949, 3949, 3958], ""representative_edge_mask"": 28122, ""vertex_count"": 6}, {""canonical_edge_deck"": [1535, 1535, 3327, 3327, 3455, 3455, 3455, 3455, 3579, 3579, 3582], ""representative_edge_mask"": 32728, ""vertex_count"": 6}, {""canonical_edge_deck"": [1535, 1983, 3455, 3455, 3579, 3903, 3951, 3951, 3959, 3959, 3966], ""representative_edge_mask"": 32234, ""vertex_count"": 6}, {""canonical_edge_deck"": [1983, 1983, 3582, 3582, 3582, 3966, 3966, 3966, 3966, 3966, 3966], ""representative_edge_mask"": 24030, ""vertex_count"": 6}, {""canonical_edge_deck"": [2047, 2047, 3583, 3583, 3583, 3967, 3967, 3967, 3967, 3967, 3967, 4094], ""representative_edge_mask"": 32746, ""vertex_count"": 6}, {""canonical_edge_deck"": [3326, 3326, 3949, 3949, 3949, 3949, 3949, 3949, 3949, 3949], ""representative_edge_mask"": 16338, ""vertex_count"": 6}, {""canonical_edge_deck"": [3327, 3327, 3951, 3951, 3951, 3951, 3951, 3951, 3951, 3951, 7902], ""representative_edge_mask"": 32722, ""vertex_count"": 6}, {""canonical_edge_deck"": [3451, 3451, 3451, 3451, 3451, 3958, 3958, 3958, 3958, 3958], ""representative_edge_mask"": 32154, ""vertex_count"": 6}, {""canonical_edge_deck"": [3452, 3452, 3452, 3452, 3452, 3452, 3885, 3885, 3885], ""representative_edge_mask"": 14810, ""vertex_count"": 6}, {""canonical_edge_deck"": [3453, 3453, 3578, 3578, 3887, 3949, 3949, 3958, 3958, 7916], ""representative_edge_mask"": 15834, ""vertex_count"": 6}, {""canonical_edge_deck"": [3455, 3579, 3579, 3951, 3951, 3959, 3966, 3966, 7915, 7917, 7917], ""representative_edge_mask"": 32218, ""vertex_count"": 6}, {""canonical_edge_deck"": [3576, 3576, 3576, 3576, 3576, 3576, 3576, 3576, 3576], ""representative_edge_mask"": 7672, ""vertex_count"": 6}, {""canonical_edge_deck"": [3577, 3577, 3577, 3578, 3578, 3578, 3578, 3578, 3578, 7672], ""representative_edge_mask"": 15864, ""vertex_count"": 6}, {""canonical_edge_deck"": [3579, 3579, 3579, 3579, 3579, 3579, 3582, 3582, 3582, 7673, 7673], ""representative_edge_mask"": 32248, ""vertex_count"": 6}, {""canonical_edge_deck"": [3582, 3582, 3959, 3959, 3959, 3959, 7902, 7917, 7917, 7917, 7917], ""representative_edge_mask"": 15838, ""vertex_count"": 6}, {""canonical_edge_deck"": [3583, 3583, 3583, 3583, 3583, 3583, 3583, 3583, 3583, 7675, 7675, 7675], ""representative_edge_mask"": 32760, ""vertex_count"": 6}, {""canonical_edge_deck"": [3583, 3583, 3967, 3967, 3967, 3967, 7903, 7919, 7919, 7919, 7919, 7934], ""representative_edge_mask"": 32730, ""vertex_count"": 6}, {""canonical_edge_deck"": [3903, 3966, 3966, 3966, 3966, 7673, 7673, 7917, 7917, 7917, 7917], ""representative_edge_mask"": 30174, ""vertex_count"": 6}, {""canonical_edge_deck"": [3967, 3967, 4094, 7675, 7919, 7919, 7919, 7919, 7934, 7934, 8185, 8185], ""representative_edge_mask"": 32222, ""vertex_count"": 6}, {""canonical_edge_deck"": [4095, 4095, 4095, 7679, 7935, 7935, 7935, 7935, 7935, 7935, 8187, 8187, 8187], ""representative_edge_mask"": 32762, ""vertex_count"": 6}, {""canonical_edge_deck"": [7934, 7934, 7934, 7934, 7934, 7934, 7934, 7934, 7934, 7934, 7934, 7934], ""representative_edge_mask"": 16350, ""vertex_count"": 6}, {""canonical_edge_deck"": [7935, 7935, 7935, 7935, 8187, 8187, 8187, 8187, 8187, 8187, 8187, 8187, 16350], ""representative_edge_mask"": 32734, ""vertex_count"": 6}, {""canonical_edge_deck"": [8191, 8191, 8191, 8191, 8191, 8191, 8191, 8191, 16351, 16351, 16351, 16351, 16351, 16351], ""representative_edge_mask"": 32766, ""vertex_count"": 6}, {""canonical_edge_deck"": [16383, 16383, 16383, 16383, 16383, 16383, 16383, 16383, 16383, 16383, 16383, 16383, 16383, 16383, 16383], ""representative_edge_mask"": 32767, ""vertex_count"": 6}, {""canonical_edge_deck"": [7, 11, 13, 13], ""representative_edge_mask"": 1147904, ""vertex_count"": 7}, {""canonical_edge_deck"": [7, 76, 76, 76], ""representative_edge_mask"": 559168, ""vertex_count"": 7}, {""canonical_edge_deck"": [11, 11, 11, 11], ""representative_edge_mask"": 491520, ""vertex_count"": 7}, {""canonical_edge_deck"": [11, 13, 13, 76], ""representative_edge_mask"": 230400, ""vertex_count"": 7}, {""canonical_edge_deck"": [11, 76, 76, 76], ""representative_edge_mask"": 459776, ""vertex_count"": 7}, {""canonical_edge_deck"": [13, 13, 13, 13], ""representative_edge_mask"": 101376, ""vertex_count"": 7}, {""canonical_edge_deck"": [13, 13, 76, 76], ""representative_edge_mask"": 100416, ""vertex_count"": 7}, {""canonical_edge_deck"": [13, 76, 76, 1184], ""representative_edge_mask"": 165952, ""vertex_count"": 7}, {""canonical_edge_deck"": [15, 15, 15, 15, 30], ""representative_edge_mask"": 1149952, ""vertex_count"": 7}, {""canonical_edge_deck"": [15, 15, 75, 77, 77], ""representative_edge_mask"": 1278976, ""vertex_count"": 7}, {""canonical_edge_deck"": [15, 15, 77, 77, 86], ""representative_edge_mask"": 1215488, ""vertex_count"": 7}, {""canonical_edge_deck"": [15, 77, 86, 86, 116], ""representative_edge_mask"": 624704, ""vertex_count"": 7}, {""canonical_edge_deck"": [15, 116, 1100, 1185, 1185], ""representative_edge_mask"": 690240, ""vertex_count"": 7}, {""canonical_edge_deck"": [30, 77, 77, 86, 86], ""representative_edge_mask"": 232448, ""vertex_count"": 7}, {""canonical_edge_deck"": [30, 1185, 1185, 1185, 1185], ""representative_edge_mask"": 202816, ""vertex_count"": 7}, {""canonical_edge_deck"": [31, 31, 31, 31, 31, 31], ""representative_edge_mask"": 1623104, ""vertex_count"": 7}, {""canonical_edge_deck"": [31, 79, 79, 87, 87, 94], ""representative_edge_mask"": 1281024, ""vertex_count"": 7}, {""canonical_edge_deck"": [31, 87, 87, 94, 117, 117], ""representative_edge_mask"": 1150016, ""vertex_count"": 7}, {""canonical_edge_deck"": [31, 1194, 1194, 1194, 1194, 1456], ""representative_edge_mask"": 1251392, ""vertex_count"": 7}, {""canonical_edge_deck"": [63, 95, 95, 95, 119, 119, 119], ""representative_edge_mask"": 1688640, ""vertex_count"": 7}, {""canonical_edge_deck"": [63, 1460, 1460, 1460, 1460, 1460, 1460], ""representative_edge_mask"": 1352840, ""vertex_count"": 7}, {""canonical_edge_deck"": [75, 75, 75, 75, 75], ""representative_edge_mask"": 1015808, ""vertex_count"": 7}, {""canonical_edge_deck"": [75, 77, 77, 77, 1100], ""representative_edge_mask"": 492544, ""vertex_count"": 7}, {""canonical_edge_deck"": [75, 1100, 1100, 1100, 1100], ""representative_edge_mask"": 984064, ""vertex_count"": 7}, {""canonical_edge_deck"": [76, 76, 76, 76], ""representative_edge_mask"": 396288, ""vertex_count"": 7}, {""canonical_edge_deck"": [76, 76, 1184, 1184], ""representative_edge_mask"": 395328, ""vertex_count"": 7}, {""canonical_edge_deck"": [77, 77, 77, 77, 1108], ""representative_edge_mask"": 1444864, ""vertex_count"": 7}, {""canonical_edge_deck"": [77, 77, 86, 1185, 1185], ""representative_edge_mask"": 231488, ""vertex_count"": 7}, {""canonical_edge_deck"": [77, 86, 86, 1100, 1108], ""representative_edge_mask"": 429056, ""vertex_count"": 7}, {""canonical_edge_deck"": [77, 1100, 1185, 1185, 33952], ""representative_edge_mask"": 428096, ""vertex_count"": 7}, {""canonical_edge_deck"": [79, 79, 79, 1099, 1101, 1101], ""representative_edge_mask"": 1541120, ""vertex_count"": 7}, {""canonical_edge_deck"": [79, 79, 117, 117, 117, 117], ""representative_edge_mask"": 1673280, ""vertex_count"": 7}, {""canonical_edge_deck"": [79, 87, 87, 1101, 1109, 1110], ""representative_edge_mask"": 1477632, ""vertex_count"": 7}, {""canonical_edge_deck"": [79, 117, 1101, 1187, 1187, 1194], ""representative_edge_mask"": 755776, ""vertex_count"": 7}, {""canonical_edge_deck"": [79, 1194, 1194, 33868, 33953, 33953], ""representative_edge_mask"": 952384, ""vertex_count"": 7}, {""canonical_edge_deck"": [86, 86, 86, 86, 86], ""representative_edge_mask"": 592960, ""vertex_count"": 7}, {""canonical_edge_deck"": [86, 86, 1108, 1185, 1185], ""representative_edge_mask"": 104512, ""vertex_count"": 7}, {""canonical_edge_deck"": [86, 1185, 1185, 33952, 33952], ""representative_edge_mask"": 102536, ""vertex_count"": 7}, {""canonical_edge_deck"": [87, 87, 87, 1187, 1187, 1187], ""representative_edge_mask"": 1215552, ""vertex_count"": 7}, {""canonical_edge_deck"": [87, 94, 94, 117, 117, 236], ""representative_edge_mask"": 625728, ""vertex_count"": 7}, {""canonical_edge_deck"": [87, 117, 1110, 1187, 1194, 1196], ""representative_edge_mask"": 1153088, ""vertex_count"": 7}, {""canonical_edge_deck"": [87, 1194, 1194, 33953, 33953, 35040], ""representative_edge_mask"": 1382464, ""vertex_count"": 7}, {""canonical_edge_deck"": [94, 94, 94, 94, 94, 94], ""representative_edge_mask"": 236544, ""vertex_count"": 7}, {""canonical_edge_deck"": [94, 94, 1101, 1101, 1110, 1110], ""representative_edge_mask"": 494592, ""vertex_count"": 7}, {""canonical_edge_deck"": [94, 94, 1109, 1187, 1187, 1196], ""representative_edge_mask"": 232512, ""vertex_count"": 7}, {""canonical_edge_deck"": [94, 94, 1110, 1110, 1110, 1110], ""representative_edge_mask"": 367616, ""vertex_count"": 7}, {""canonical_edge_deck"": [94, 1187, 1187, 1196, 1196, 1456], ""representative_edge_mask"": 235584, ""vertex_count"": 7}, {""canonical_edge_deck"": [94, 1456, 33953, 33953, 35040, 35040], ""representative_edge_mask"": 464960, ""vertex_count"": 7}, {""canonical_edge_deck"": [95, 95, 95, 95, 95, 95, 222], ""representative_edge_mask"": 1285120, ""vertex_count"": 7}, {""canonical_edge_deck"": [95, 95, 119, 119, 235, 237, 237], ""representative_edge_mask"": 1674304, ""vertex_count"": 7}, {""canonical_edge_deck"": [95, 95, 1103, 1103, 1111, 1111, 1118], ""representative_edge_mask"": 1543168, ""vertex_count"": 7}, {""canonical_edge_deck"": [95, 95, 1111, 1111, 1111, 1111, 1182], ""representative_edge_mask"": 1416192, ""vertex_count"": 7}, {""canonical_edge_deck"": [95, 119, 1111, 1191, 1195, 1197, 1198], ""representative_edge_mask"": 1281088, ""vertex_count"": 7}, {""canonical_edge_deck"": [95, 1195, 1195, 1198, 1198, 1457, 1460], ""representative_edge_mask"": 1284160, ""vertex_count"": 7}, {""canonical_edge_deck"": [95, 1460, 33962, 33962, 35041, 35041, 35176], ""representative_edge_mask"": 1513536, ""vertex_count"": 7}, {""canonical_edge_deck"": [116, 116, 1108, 1108, 1108], ""representative_edge_mask"": 563264, ""vertex_count"": 7}, {""canonical_edge_deck"": [116, 116, 33952, 33952, 33952], ""representative_edge_mask"": 299144, ""vertex_count"": 7}, {""canonical_edge_deck"": [117, 117, 1109, 1110, 1110, 1140], ""representative_edge_mask"": 1611840, ""vertex_count"": 7}, {""canonical_edge_deck"": [117, 1110, 1140, 1194, 1196, 1196], ""representative_edge_mask"": 628800, ""vertex_count"": 7}, {""canonical_edge_deck"": [117, 1194, 33953, 35040, 35040, 35616], ""representative_edge_mask"": 364680, ""vertex_count"": 7}, {""canonical_edge_deck"": [119, 119, 222, 237, 237, 237, 237], ""representative_edge_mask"": 625856, ""vertex_count"": 7}, {""canonical_edge_deck"": [119, 119, 1111, 1111, 1118, 1141, 1141], ""representative_edge_mask"": 771136, ""vertex_count"": 7}, {""canonical_edge_deck"": [119, 119, 1182, 1198, 1198, 1198, 1198], ""representative_edge_mask"": 1610944, ""vertex_count"": 7}, {""canonical_edge_deck"": [119, 1198, 1198, 1268, 1268, 1457, 1460], ""representative_edge_mask"": 369800, ""vertex_count"": 7}, {""canonical_edge_deck"": [119, 1460, 35041, 35041, 35176, 35618, 35618], ""representative_edge_mask"": 435336, ""vertex_count"": 7}, {""canonical_edge_deck"": [127, 127, 223, 239, 239, 239, 239, 254], ""representative_edge_mask"": 1690688, ""vertex_count"": 7}, {""canonical_edge_deck"": [127, 127, 1119, 1119, 1119, 1143, 1143, 1143], ""representative_edge_mask"": 1819712, ""vertex_count"": 7}, {""canonical_edge_deck"": [127, 127, 1183, 1199, 1199, 1199, 1199, 1214], ""representative_edge_mask"": 1756224, ""vertex_count"": 7}, {""canonical_edge_deck"": [127, 1461, 1461, 1461, 1468, 1468, 1468, 1972], ""representative_edge_mask"": 1418376, ""vertex_count"": 7}, {""canonical_edge_deck"": [127, 1972, 35178, 35178, 35178, 35626, 35626, 35626], ""representative_edge_mask"": 1483912, ""vertex_count"": 7}, {""canonical_edge_deck"": [222, 1118, 1118, 1118, 1182, 1182, 1182], ""representative_edge_mask"": 498688, ""vertex_count"": 7}, {""canonical_edge_deck"": [222, 1197, 1197, 1197, 1197, 1457, 1457], ""representative_edge_mask"": 232640, ""vertex_count"": 7}, {""canonical_edge_deck"": [222, 35176, 35176, 35176, 35176, 35176, 35176], ""representative_edge_mask"": 473152, ""vertex_count"": 7}, {""canonical_edge_deck"": [223, 1119, 1119, 1119, 1183, 1183, 1183, 1246], ""representative_edge_mask"": 1547264, ""vertex_count"": 7}, {""canonical_edge_deck"": [223, 1199, 1199, 1199, 1199, 1459, 1461, 1461], ""representative_edge_mask"": 1285184, ""vertex_count"": 7}, {""canonical_edge_deck"": [223, 35178, 35178, 35178, 35178, 35178, 35178, 39344], ""representative_edge_mask"": 1521728, ""vertex_count"": 7}, {""canonical_edge_deck"": [235, 1103, 1103, 1195, 1195, 1195, 1195], ""representative_edge_mask"": 1804352, ""vertex_count"": 7}, {""canonical_edge_deck"": [235, 1111, 1141, 1195, 1198, 1198, 1268], ""representative_edge_mask"": 1677376, ""vertex_count"": 7}, {""canonical_edge_deck"": [235, 33962, 33962, 35618, 35618, 35618, 35618], ""representative_edge_mask"": 888968, ""vertex_count"": 7}, {""canonical_edge_deck"": [236, 1110, 1110, 1187, 1196, 1196], ""representative_edge_mask"": 724032, ""vertex_count"": 7}, {""canonical_edge_deck"": [236, 35040, 35040, 35040, 35040, 35040], ""representative_edge_mask"": 398472, ""vertex_count"": 7}, {""canonical_edge_deck"": [237, 1111, 1118, 1195, 1197, 1198, 1260], ""representative_edge_mask"": 756800, ""vertex_count"": 7}, {""canonical_edge_deck"": [237, 1141, 1182, 1197, 1198, 1260, 1268], ""representative_edge_mask"": 1643712, ""vertex_count"": 7}, {""canonical_edge_deck"": [237, 1191, 1198, 1198, 1260, 1457, 1457], ""representative_edge_mask"": 693440, ""vertex_count"": 7}, {""canonical_edge_deck"": [237, 35041, 35176, 35176, 35618, 35618, 39584], ""representative_edge_mask"": 431240, ""vertex_count"": 7}, {""canonical_edge_deck"": [239, 239, 239, 239, 254, 254, 254, 254], ""representative_edge_mask"": 1674432, ""vertex_count"": 7}, {""canonical_edge_deck"": [239, 1119, 1119, 1199, 1199, 1259, 1261, 1261], ""representative_edge_mask"": 1805376, ""vertex_count"": 7}, {""canonical_edge_deck"": [239, 1143, 1183, 1199, 1199, 1261, 1269, 1270], ""representative_edge_mask"": 1678400, ""vertex_count"": 7}, {""canonical_edge_deck"": [239, 1199, 1214, 1269, 1270, 1461, 1465, 1468], ""representative_edge_mask"": 1676480, ""vertex_count"": 7}, {""canonical_edge_deck"": [239, 35178, 35178, 35626, 35626, 39572, 39588, 39588], ""representative_edge_mask"": 1479816, ""vertex_count"": 7}, {""canonical_edge_deck"": [254, 1143, 1214, 1246, 1261, 1261, 1270, 1270], ""representative_edge_mask"": 773184, ""vertex_count"": 7}, {""canonical_edge_deck"": [254, 1199, 1199, 1261, 1261, 1459, 1465, 1465], ""representative_edge_mask"": 756928, ""vertex_count"": 7}, {""canonical_edge_deck"": [254, 1270, 1270, 1270, 1270, 1459, 1468, 1468], ""representative_edge_mask"": 629952, ""vertex_count"": 7}, {""canonical_edge_deck"": [254, 35626, 35626, 39344, 39588, 39588, 39588, 39588], ""representative_edge_mask"": 727432, ""vertex_count"": 7}, {""canonical_edge_deck"": [255, 255, 255, 255, 255, 255, 507, 507, 507], ""representative_edge_mask"": 1690816, ""vertex_count"": 7}, {""canonical_edge_deck"": [255, 1151, 1215, 1247, 1263, 1263, 1271, 1271, 1278], ""representative_edge_mask"": 1821760, ""vertex_count"": 7}, {""canonical_edge_deck"": [255, 1215, 1215, 1271, 1271, 1463, 1467, 1469, 1469], ""representative_edge_mask"": 1692864, ""vertex_count"": 7}, {""canonical_edge_deck"": [255, 1463, 1469, 1469, 1469, 1469, 1532, 1973, 1973], ""representative_edge_mask"": 1420424, ""vertex_count"": 7}, {""canonical_edge_deck"": [255, 35690, 35690, 39348, 39604, 39604, 39604, 39604, 39856], ""representative_edge_mask"": 1488008, ""vertex_count"": 7}, {""canonical_edge_deck"": [507, 1263, 1263, 1263, 1263, 1467, 1467, 1467, 1467], ""representative_edge_mask"": 1805504, ""vertex_count"": 7}, {""canonical_edge_deck"": [507, 1271, 1271, 1278, 1278, 1467, 1469, 1469, 1532], ""representative_edge_mask"": 773312, ""vertex_count"": 7}, {""canonical_edge_deck"": [507, 39604, 39604, 39604, 39604, 39856, 39856, 39856, 39856], ""representative_edge_mask"": 1776008, ""vertex_count"": 7}, {""canonical_edge_deck"": [511, 511, 511, 511, 511, 511, 511, 511, 511, 511], ""representative_edge_mask"": 1893960, ""vertex_count"": 7}, {""canonical_edge_deck"": [511, 1279, 1279, 1279, 1279, 1471, 1471, 1531, 1533, 1533], ""representative_edge_mask"": 1821888, ""vertex_count"": 7}, {""canonical_edge_deck"": [511, 1471, 1471, 1471, 1533, 1533, 1533, 1975, 1975, 1975], ""representative_edge_mask"": 1690824, ""vertex_count"": 7}, {""canonical_edge_deck"": [511, 39860, 39860, 39860, 39860, 39860, 39860, 48020, 48020, 48020], ""representative_edge_mask"": 1792392, ""vertex_count"": 7}, {""canonical_edge_deck"": [1023, 1535, 1535, 1535, 1535, 1535, 1535, 1983, 1983, 1983, 1983], ""representative_edge_mask"": 1959496, ""vertex_count"": 7}, {""canonical_edge_deck"": [1023, 48052, 48052, 48052, 48052, 48052, 48052, 48052, 48052, 48052, 48052], ""representative_edge_mask"": 1758546, ""vertex_count"": 7}, {""canonical_edge_deck"": [1099, 1099, 1099, 1099, 1099, 1099], ""representative_edge_mask"": 2064384, ""vertex_count"": 7}, {""canonical_edge_deck"": [1099, 1101, 1101, 1101, 1101, 33868], ""representative_edge_mask"": 1016832, ""vertex_count"": 7}, {""canonical_edge_deck"": [1100, 1100, 1108, 1108, 1108], ""representative_edge_mask"": 920576, ""vertex_count"": 7}, {""canonical_edge_deck"": [1101, 1101, 1109, 1109, 1109, 33876], ""representative_edge_mask"": 1969152, ""vertex_count"": 7}, {""canonical_edge_deck"": [1101, 1101, 1187, 1187, 33953, 33953], ""representative_edge_mask"": 493632, ""vertex_count"": 7}, {""canonical_edge_deck"": [1101, 1110, 1110, 1110, 33868, 33876], ""representative_edge_mask"": 953344, ""vertex_count"": 7}, {""canonical_edge_deck"": [1103, 1103, 1103, 1103, 33867, 33869, 33869], ""representative_edge_mask"": 2065408, ""vertex_count"": 7}, {""canonical_edge_deck"": [1103, 1111, 1111, 1111, 33869, 33877, 33878], ""representative_edge_mask"": 2001920, ""vertex_count"": 7}, {""canonical_edge_deck"": [1103, 1195, 1195, 33869, 33955, 33955, 33962], ""representative_edge_mask"": 1017920, ""vertex_count"": 7}, {""canonical_edge_deck"": [1108, 1108, 1185, 1185, 33952], ""representative_edge_mask"": 301120, ""vertex_count"": 7}, {""canonical_edge_deck"": [1109, 1110, 1187, 1187, 33953, 33956], ""representative_edge_mask"": 1349696, ""vertex_count"": 7}, {""canonical_edge_deck"": [1110, 1110, 1110, 1110, 33876, 33876], ""representative_edge_mask"": 826368, ""vertex_count"": 7}, {""canonical_edge_deck"": [1110, 1187, 1196, 33953, 33956, 35040], ""representative_edge_mask"": 366656, ""vertex_count"": 7}, {""canonical_edge_deck"": [1110, 1196, 1196, 33876, 33953, 33956], ""representative_edge_mask"": 461888, ""vertex_count"": 7}, {""canonical_edge_deck"": [1111, 1111, 1111, 1111, 33877, 33877, 33942], ""representative_edge_mask"": 1874944, ""vertex_count"": 7}, {""canonical_edge_deck"": [1111, 1111, 1191, 1191, 33955, 33957, 33957], ""representative_edge_mask"": 1477696, ""vertex_count"": 7}, {""canonical_edge_deck"": [1111, 1195, 1198, 33955, 33957, 35041, 35042], ""representative_edge_mask"": 1415232, ""vertex_count"": 7}, {""canonical_edge_deck"": [1111, 1198, 1198, 33878, 33957, 33962, 33964], ""representative_edge_mask"": 953408, ""vertex_count"": 7}, {""canonical_edge_deck"": [1118, 1118, 1118, 33869, 33869, 33878, 33878], ""representative_edge_mask"": 1018880, ""vertex_count"": 7}, {""canonical_edge_deck"": [1118, 1182, 1182, 33878, 33878, 33942, 33942], ""representative_edge_mask"": 891904, ""vertex_count"": 7}, {""canonical_edge_deck"": [1118, 1195, 1195, 1268, 1268, 1457, 1457], ""representative_edge_mask"": 759872, ""vertex_count"": 7}, {""canonical_edge_deck"": [1118, 1197, 1197, 33877, 33955, 33957, 33964], ""representative_edge_mask"": 494656, ""vertex_count"": 7}, {""canonical_edge_deck"": [1118, 1457, 33955, 33955, 35042, 35042, 35176], ""representative_edge_mask"": 497728, ""vertex_count"": 7}, {""canonical_edge_deck"": [1119, 1119, 1119, 33871, 33871, 33879, 33879, 33886], ""representative_edge_mask"": 2067456, ""vertex_count"": 7}, {""canonical_edge_deck"": [1119, 1183, 1183, 33879, 33879, 33943, 33943, 33950], ""representative_edge_mask"": 1940480, ""vertex_count"": 7}, {""canonical_edge_deck"": [1119, 1199, 1199, 33879, 33959, 33963, 33965, 33966], ""representative_edge_mask"": 1543232, ""vertex_count"": 7}, {""canonical_edge_deck"": [1119, 1259, 1259, 1269, 1269, 1461, 1461, 3306], ""representative_edge_mask"": 1808448, ""vertex_count"": 7}, {""canonical_edge_deck"": [1119, 1461, 33963, 33963, 35043, 35043, 35177, 35178], ""representative_edge_mask"": 1546304, ""vertex_count"": 7}, {""canonical_edge_deck"": [1140, 1140, 1140, 1140, 1140, 1140], ""representative_edge_mask"": 599176, ""vertex_count"": 7}, {""canonical_edge_deck"": [1140, 1140, 1140, 33876, 33876, 33876], ""representative_edge_mask"": 476224, ""vertex_count"": 7}, {""canonical_edge_deck"": [1140, 1140, 33956, 33956, 33956, 35616], ""representative_edge_mask"": 595080, ""vertex_count"": 7}, {""canonical_edge_deck"": [1140, 1194, 1194, 33876, 33956, 33956], ""representative_edge_mask"": 825408, ""vertex_count"": 7}, {""canonical_edge_deck"": [1141, 1141, 1141, 33877, 33878, 33878, 33908], ""representative_edge_mask"": 508992, ""vertex_count"": 7}, {""canonical_edge_deck"": [1141, 1141, 1268, 1268, 1268, 1268, 3873], ""representative_edge_mask"": 631944, ""vertex_count"": 7}, {""canonical_edge_deck"": [1141, 1195, 1195, 33877, 33957, 33957, 33972], ""representative_edge_mask"": 1873984, ""vertex_count"": 7}, {""canonical_edge_deck"": [1141, 1198, 1198, 33942, 33957, 33964, 33972], ""representative_edge_mask"": 1618112, ""vertex_count"": 7}, {""canonical_edge_deck"": [1141, 1268, 33957, 35042, 35042, 35617, 35618], ""representative_edge_mask"": 627848, ""vertex_count"": 7}, {""canonical_edge_deck"": [1143, 1143, 1143, 33879, 33879, 33886, 33909, 33909], ""representative_edge_mask"": 1033280, ""vertex_count"": 7}, {""canonical_edge_deck"": [1143, 1199, 1199, 33943, 33959, 33965, 33973, 33974], ""representative_edge_mask"": 1875008, ""vertex_count"": 7}, {""canonical_edge_deck"": [1143, 1214, 1214, 33950, 33966, 33966, 33974, 33974], ""representative_edge_mask"": 969792, ""vertex_count"": 7}, {""canonical_edge_deck"": [1143, 1269, 1269, 1468, 1468, 3306, 3875, 3875], ""representative_edge_mask"": 894088, ""vertex_count"": 7}, {""canonical_edge_deck"": [1143, 1468, 35043, 35043, 35177, 35619, 35619, 35626], ""representative_edge_mask"": 500872, ""vertex_count"": 7}, {""canonical_edge_deck"": [1151, 1151, 1151, 33887, 33887, 33887, 33911, 33911, 33911], ""representative_edge_mask"": 2081856, ""vertex_count"": 7}, {""canonical_edge_deck"": [1151, 1215, 1215, 33951, 33967, 33967, 33975, 33975, 33982], ""representative_edge_mask"": 2018368, ""vertex_count"": 7}, {""canonical_edge_deck"": [1151, 1973, 1973, 3307, 3307, 3307, 3879, 3879, 3879], ""representative_edge_mask"": 1942664, ""vertex_count"": 7}, {""canonical_edge_deck"": [1151, 1973, 35179, 35179, 35179, 35627, 35627, 35627, 35690], ""representative_edge_mask"": 1549448, ""vertex_count"": 7}, {""canonical_edge_deck"": [1182, 1197, 1197, 33957, 33957, 35042, 35042], ""representative_edge_mask"": 1840320, ""vertex_count"": 7}, {""canonical_edge_deck"": [1182, 1260, 1260, 1260, 1260, 1457, 1457], ""representative_edge_mask"": 728128, ""vertex_count"": 7}, {""canonical_edge_deck"": [1182, 1457, 33964, 33964, 35042, 35042, 35176], ""representative_edge_mask"": 243776, ""vertex_count"": 7}, {""canonical_edge_deck"": [1183, 1199, 1199, 33959, 33959, 35043, 35043, 35046], ""representative_edge_mask"": 1416256, ""vertex_count"": 7}, {""canonical_edge_deck"": [1183, 1261, 1261, 1261, 1261, 1461, 1461, 3308], ""representative_edge_mask"": 1776704, ""vertex_count"": 7}, {""canonical_edge_deck"": [1183, 1461, 33966, 33966, 35043, 35043, 35178, 35180], ""representative_edge_mask"": 1292352, ""vertex_count"": 7}, {""canonical_edge_deck"": [1187, 1187, 1187, 35040, 35040, 35040], ""representative_edge_mask"": 233608, ""vertex_count"": 7}, {""canonical_edge_deck"": [1191, 1198, 1198, 35041, 35042, 35042, 35128], ""representative_edge_mask"": 1152136, ""vertex_count"": 7}, {""canonical_edge_deck"": [1195, 1195, 33955, 35128, 35128, 35618, 35618], ""representative_edge_mask"": 495752, ""vertex_count"": 7}, {""canonical_edge_deck"": [1195, 1268, 33878, 33962, 33972, 35042, 35042], ""representative_edge_mask"": 890944, ""vertex_count"": 7}, {""canonical_edge_deck"": [1196, 1196, 1196, 1196, 1196, 1196], ""representative_edge_mask"": 201920, ""vertex_count"": 7}, {""canonical_edge_deck"": [1196, 1196, 33956, 33956, 35040, 35040], ""representative_edge_mask"": 201864, ""vertex_count"": 7}, {""canonical_edge_deck"": [1197, 1197, 1457, 1457, 1457, 1457, 3440], ""representative_edge_mask"": 234688, ""vertex_count"": 7}, {""canonical_edge_deck"": [1197, 1457, 33957, 35042, 35128, 35176, 35184], ""representative_edge_mask"": 234632, ""vertex_count"": 7}, {""canonical_edge_deck"": [1198, 1198, 1260, 1260, 1268, 1268, 3440], ""representative_edge_mask"": 726208, ""vertex_count"": 7}, {""canonical_edge_deck"": [1198, 1198, 35042, 35042, 35184, 35618, 35618], ""representative_edge_mask"": 365704, ""vertex_count"": 7}, {""canonical_edge_deck"": [1198, 1268, 33964, 33972, 35041, 35042, 35184], ""representative_edge_mask"": 700608, ""vertex_count"": 7}, {""canonical_edge_deck"": [1199, 1199, 1214, 35043, 35043, 35046, 35129, 35129], ""representative_edge_mask"": 1873088, ""vertex_count"": 7}, {""canonical_edge_deck"": [1199, 1261, 1461, 1465, 1468, 3306, 3441, 3448], ""representative_edge_mask"": 758976, ""vertex_count"": 7}, {""canonical_edge_deck"": [1199, 1461, 35043, 35129, 35192, 35622, 35626, 35628], ""representative_edge_mask"": 1283208, ""vertex_count"": 7}, {""canonical_edge_deck"": [1199, 1468, 33966, 35050, 35129, 35178, 35186, 35192], ""representative_edge_mask"": 890048, ""vertex_count"": 7}, {""canonical_edge_deck"": [1214, 1468, 1468, 3308, 3441, 3441, 3441, 3441], ""representative_edge_mask"": 633032, ""vertex_count"": 7}, {""canonical_edge_deck"": [1214, 1468, 35180, 35186, 35186, 35626, 35628, 35628], ""representative_edge_mask"": 628936, ""vertex_count"": 7}, {""canonical_edge_deck"": [1215, 1215, 1215, 35047, 35047, 35047, 35131, 35131, 35131], ""representative_edge_mask"": 1889472, ""vertex_count"": 7}, {""canonical_edge_deck"": [1215, 1973, 1973, 3309, 3449, 3449, 3449, 3449, 3948], ""representative_edge_mask"": 1879176, ""vertex_count"": 7}, {""canonical_edge_deck"": [1215, 1973, 35182, 35194, 35194, 35630, 35630, 35690, 35692], ""representative_edge_mask"": 1422472, ""vertex_count"": 7}, {""canonical_edge_deck"": [1246, 1246, 1246, 1246, 1246, 1246, 1246, 1246], ""representative_edge_mask"": 506880, ""vertex_count"": 7}, {""canonical_edge_deck"": [1246, 1246, 33886, 33886, 33886, 33950, 33950, 33950], ""representative_edge_mask"": 1022976, ""vertex_count"": 7}, {""canonical_edge_deck"": [1246, 1246, 33950, 33950, 33950, 33950, 33950, 33950], ""representative_edge_mask"": 769024, ""vertex_count"": 7}, {""canonical_edge_deck"": [1246, 1261, 1261, 1270, 1270, 1459, 3306, 3308], ""representative_edge_mask"": 760896, ""vertex_count"": 7}, {""canonical_edge_deck"": [1246, 1459, 33965, 33965, 35046, 35046, 35177, 35180], ""representative_edge_mask"": 498752, ""vertex_count"": 7}, {""canonical_edge_deck"": [1246, 35177, 35177, 35177, 35180, 35180, 35180, 39344], ""representative_edge_mask"": 505920, ""vertex_count"": 7}, {""canonical_edge_deck"": [1247, 1247, 1247, 1247, 1247, 1247, 1247, 1247, 3294], ""representative_edge_mask"": 1555456, ""vertex_count"": 7}, {""canonical_edge_deck"": [1247, 1247, 33887, 33887, 33887, 33951, 33951, 33951, 34014], ""representative_edge_mask"": 2071552, ""vertex_count"": 7}, {""canonical_edge_deck"": [1247, 1247, 33951, 33951, 33951, 33951, 33951, 33951, 35038], ""representative_edge_mask"": 1817600, ""vertex_count"": 7}, {""canonical_edge_deck"": [1247, 1263, 1263, 1271, 1271, 1463, 3307, 3309, 3310], ""representative_edge_mask"": 1809472, ""vertex_count"": 7}, {""canonical_edge_deck"": [1247, 1463, 33967, 33967, 35047, 35047, 35179, 35181, 35182], ""representative_edge_mask"": 1547328, ""vertex_count"": 7}, {""canonical_edge_deck"": [1247, 35179, 35179, 35179, 35182, 35182, 35182, 39345, 39348], ""representative_edge_mask"": 1554496, ""vertex_count"": 7}, {""canonical_edge_deck"": [1259, 1259, 33871, 33871, 33963, 33963, 33963, 33963], ""representative_edge_mask"": 2066496, ""vertex_count"": 7}, {""canonical_edge_deck"": [1259, 1269, 33879, 33963, 33973, 35043, 35043, 35050], ""representative_edge_mask"": 1939520, ""vertex_count"": 7}, {""canonical_edge_deck"": [1259, 33963, 33963, 35622, 35622, 35622, 35622, 39572], ""representative_edge_mask"": 1020040, ""vertex_count"": 7}, {""canonical_edge_deck"": [1260, 1260, 33878, 33878, 33955, 33964, 33964], ""representative_edge_mask"": 986176, ""vertex_count"": 7}, {""canonical_edge_deck"": [1260, 1260, 33942, 33964, 33964, 35042, 35042], ""representative_edge_mask"": 859200, ""vertex_count"": 7}, {""canonical_edge_deck"": [1260, 1260, 33957, 33957, 35042, 35042, 35184], ""representative_edge_mask"": 922816, ""vertex_count"": 7}, {""canonical_edge_deck"": [1260, 35042, 35042, 35128, 35184, 35184, 39584], ""representative_edge_mask"": 464008, ""vertex_count"": 7}, {""canonical_edge_deck"": [1261, 1261, 1269, 1269, 1270, 1270, 3441, 3441], ""representative_edge_mask"": 1774784, ""vertex_count"": 7}, {""canonical_edge_deck"": [1261, 1261, 33879, 33886, 33963, 33965, 33966, 34028], ""representative_edge_mask"": 1018944, ""vertex_count"": 7}, {""canonical_edge_deck"": [1261, 1261, 33943, 33965, 33965, 35043, 35043, 35052], ""representative_edge_mask"": 1907776, ""vertex_count"": 7}, {""canonical_edge_deck"": [1261, 1270, 33950, 33966, 33974, 35046, 35050, 35052], ""representative_edge_mask"": 891968, ""vertex_count"": 7}, {""canonical_edge_deck"": [1261, 1270, 33965, 33973, 35043, 35046, 35185, 35186], ""representative_edge_mask"": 1905856, ""vertex_count"": 7}, {""canonical_edge_deck"": [1261, 1465, 33959, 35043, 35129, 35177, 35185, 35192], ""representative_edge_mask"": 955584, ""vertex_count"": 7}, {""canonical_edge_deck"": [1261, 35043, 35177, 35192, 35622, 35628, 39585, 39588], ""representative_edge_mask"": 496776, ""vertex_count"": 7}, {""canonical_edge_deck"": [1263, 1263, 1469, 1469, 3307, 3307, 3443, 3449, 3449], ""representative_edge_mask"": 1807552, ""vertex_count"": 7}, {""canonical_edge_deck"": [1263, 1263, 33887, 33887, 33967, 33967, 34027, 34029, 34029], ""representative_edge_mask"": 2067520, ""vertex_count"": 7}, {""canonical_edge_deck"": [1263, 1271, 33951, 33967, 33975, 35047, 35051, 35053, 35054], ""representative_edge_mask"": 1940544, ""vertex_count"": 7}, {""canonical_edge_deck"": [1263, 1469, 33967, 35051, 35131, 35179, 35187, 35193, 35194], ""representative_edge_mask"": 1938624, ""vertex_count"": 7}, {""canonical_edge_deck"": [1263, 35179, 35179, 35630, 35630, 39573, 39589, 39589, 39604], ""representative_edge_mask"": 1545352, ""vertex_count"": 7}, {""canonical_edge_deck"": [1268, 1268, 33908, 33942, 33964, 33964, 33972], ""representative_edge_mask"": 636992, ""vertex_count"": 7}, {""canonical_edge_deck"": [1268, 33964, 33972, 35184, 35184, 35617, 35618], ""representative_edge_mask"": 726152, ""vertex_count"": 7}, {""canonical_edge_deck"": [1269, 1269, 33909, 33943, 33966, 33966, 33973, 34036], ""representative_edge_mask"": 1685568, ""vertex_count"": 7}, {""canonical_edge_deck"": [1269, 1269, 33959, 35129, 35129, 35619, 35619, 35622], ""representative_edge_mask"": 1676424, ""vertex_count"": 7}, {""canonical_edge_deck"": [1269, 1269, 33974, 33974, 35043, 35043, 35186, 35186], ""representative_edge_mask"": 1749184, ""vertex_count"": 7}, {""canonical_edge_deck"": [1269, 33966, 35050, 35619, 35628, 35628, 36644, 39572], ""representative_edge_mask"": 889992, ""vertex_count"": 7}, {""canonical_edge_deck"": [1270, 1270, 1270, 1270, 3441, 3441, 3875, 3875], ""representative_edge_mask"": 633992, ""vertex_count"": 7}, {""canonical_edge_deck"": [1270, 1270, 1465, 1465, 3308, 3308, 3441, 3448], ""representative_edge_mask"": 370888, ""vertex_count"": 7}, {""canonical_edge_deck"": [1270, 1270, 33909, 33950, 33965, 33974, 34028, 34036], ""representative_edge_mask"": 511040, ""vertex_count"": 7}, {""canonical_edge_deck"": [1270, 1270, 35046, 35046, 35185, 35619, 35619, 35628], ""representative_edge_mask"": 240776, ""vertex_count"": 7}, {""canonical_edge_deck"": [1270, 1465, 33974, 35052, 35129, 35180, 35186, 35192], ""representative_edge_mask"": 1153224, ""vertex_count"": 7}, {""canonical_edge_deck"": [1270, 35180, 35186, 35192, 35619, 36644, 39585, 39588], ""representative_edge_mask"": 366792, ""vertex_count"": 7}, {""canonical_edge_deck"": [1271, 1271, 1271, 1271, 1271, 1271, 3443, 3443, 3443], ""representative_edge_mask"": 1791168, ""vertex_count"": 7}, {""canonical_edge_deck"": [1271, 1271, 1469, 1469, 3449, 3449, 3879, 3879, 3885], ""representative_edge_mask"": 1682568, ""vertex_count"": 7}, {""canonical_edge_deck"": [1271, 1271, 33911, 33951, 33967, 33975, 34029, 34037, 34038], ""representative_edge_mask"": 1559616, ""vertex_count"": 7}, {""canonical_edge_deck"": [1271, 1271, 33975, 33975, 35047, 35047, 35187, 35187, 35190], ""representative_edge_mask"": 1765568, ""vertex_count"": 7}, {""canonical_edge_deck"": [1271, 1278, 1467, 1469, 3309, 3310, 3443, 3449, 3452], ""representative_edge_mask"": 775360, ""vertex_count"": 7}, {""canonical_edge_deck"": [1271, 1469, 33982, 35054, 35131, 35182, 35190, 35194, 35196], ""representative_edge_mask"": 906432, ""vertex_count"": 7}, {""canonical_edge_deck"": [1271, 1469, 35047, 35131, 35193, 35623, 35627, 35629, 35630], ""representative_edge_mask"": 1416328, ""vertex_count"": 7}, {""canonical_edge_deck"": [1271, 35182, 35194, 35627, 35630, 39574, 39589, 39596, 39604], ""representative_edge_mask"": 1481864, ""vertex_count"": 7}, {""canonical_edge_deck"": [1278, 1278, 1278, 1278, 3294, 3310, 3310, 3310, 3310], ""representative_edge_mask"": 777280, ""vertex_count"": 7}, {""canonical_edge_deck"": [1278, 1278, 33911, 33982, 34014, 34029, 34029, 34038, 34038], ""representative_edge_mask"": 1035328, ""vertex_count"": 7}, {""canonical_edge_deck"": [1278, 1278, 33982, 33982, 35038, 35054, 35054, 35054, 35054], ""representative_edge_mask"": 908352, ""vertex_count"": 7}, {""canonical_edge_deck"": [1278, 1467, 33975, 35053, 35131, 35181, 35187, 35193, 35196], ""representative_edge_mask"": 971968, ""vertex_count"": 7}, {""canonical_edge_deck"": [1278, 1532, 3310, 3443, 3443, 3879, 3885, 3885, 3948], ""representative_edge_mask"": 896136, ""vertex_count"": 7}, {""canonical_edge_deck"": [1278, 1532, 35181, 35187, 35187, 35627, 35629, 35629, 35692], ""representative_edge_mask"": 502920, ""vertex_count"": 7}, {""canonical_edge_deck"": [1278, 35627, 35692, 39345, 39589, 39589, 39596, 39596, 39856], ""representative_edge_mask"": 504968, ""vertex_count"": 7}, {""canonical_edge_deck"": [1279, 1279, 1279, 1279, 3295, 3311, 3311, 3311, 3311, 3326], ""representative_edge_mask"": 1825856, ""vertex_count"": 7}, {""canonical_edge_deck"": [1279, 1279, 1471, 1471, 3311, 3311, 3447, 3451, 3453, 3453], ""representative_edge_mask"": 1823936, ""vertex_count"": 7}, {""canonical_edge_deck"": [1279, 1279, 33919, 33983, 34015, 34031, 34031, 34039, 34039, 34046], ""representative_edge_mask"": 2083904, ""vertex_count"": 7}, {""canonical_edge_deck"": [1279, 1279, 33983, 33983, 35039, 35055, 35055, 35055, 35055, 35070], ""representative_edge_mask"": 1956928, ""vertex_count"": 7}, {""canonical_edge_deck"": [1279, 1471, 33983, 35055, 35135, 35183, 35191, 35195, 35197, 35198], ""representative_edge_mask"": 1955008, ""vertex_count"": 7}, {""canonical_edge_deck"": [1279, 1975, 3311, 3451, 3451, 3887, 3887, 3947, 3949, 3950], ""representative_edge_mask"": 1944712, ""vertex_count"": 7}, {""canonical_edge_deck"": [1279, 1975, 35183, 35195, 35195, 35631, 35631, 35691, 35693, 35694], ""representative_edge_mask"": 1551496, ""vertex_count"": 7}, {""canonical_edge_deck"": [1279, 35691, 35694, 39349, 39605, 39605, 39606, 39606, 39857, 39860], ""representative_edge_mask"": 1553544, ""vertex_count"": 7}, {""canonical_edge_deck"": [1456, 1456, 33956, 33956, 33956, 33956], ""representative_edge_mask"": 110784, ""vertex_count"": 7}, {""canonical_edge_deck"": [1457, 1457, 33957, 33957, 33964, 33964, 34224], ""representative_edge_mask"": 929984, ""vertex_count"": 7}, {""canonical_edge_deck"": [1457, 34224, 35042, 35042, 35176, 35184, 35184], ""representative_edge_mask"": 241856, ""vertex_count"": 7}, {""canonical_edge_deck"": [1459, 1459, 1459, 1459, 3448, 3448, 3448, 3448], ""representative_edge_mask"": 236736, ""vertex_count"": 7}, {""canonical_edge_deck"": [1459, 1459, 33965, 33965, 33965, 33965, 34225, 34225], ""representative_edge_mask"": 494784, ""vertex_count"": 7}, {""canonical_edge_deck"": [1459, 1459, 35046, 35046, 35192, 35192, 35192, 35192], ""representative_edge_mask"": 367808, ""vertex_count"": 7}, {""canonical_edge_deck"": [1459, 35192, 35192, 35192, 35192, 36272, 36272, 39344], ""representative_edge_mask"": 235912, ""vertex_count"": 7}, {""canonical_edge_deck"": [1460, 1460, 33972, 33972, 33972, 33972, 34224], ""representative_edge_mask"": 635072, ""vertex_count"": 7}, {""canonical_edge_deck"": [1461, 1461, 33973, 33973, 33974, 33974, 34225, 34228], ""representative_edge_mask"": 1683648, ""vertex_count"": 7}, {""canonical_edge_deck"": [1461, 34228, 35050, 35050, 35178, 35186, 35186, 36272], ""representative_edge_mask"": 766144, ""vertex_count"": 7}, {""canonical_edge_deck"": [1463, 1463, 1467, 1467, 3449, 3449, 3449, 3449, 3576], ""representative_edge_mask"": 1285312, ""vertex_count"": 7}, {""canonical_edge_deck"": [1463, 1463, 33975, 33975, 33975, 33975, 34227, 34229, 34229], ""representative_edge_mask"": 1700032, ""vertex_count"": 7}, {""canonical_edge_deck"": [1463, 1463, 35131, 35131, 35320, 35630, 35630, 35630, 35630], ""representative_edge_mask"": 1285256, ""vertex_count"": 7}, {""canonical_edge_deck"": [1463, 35194, 35194, 35194, 35194, 36276, 36276, 39348, 39352], ""representative_edge_mask"": 1488064, ""vertex_count"": 7}, {""canonical_edge_deck"": [1465, 1465, 33959, 33966, 33966, 34028, 34225, 34225], ""representative_edge_mask"": 953536, ""vertex_count"": 7}, {""canonical_edge_deck"": [1465, 35129, 35628, 35628, 36272, 36272, 39585, 39588], ""representative_edge_mask"": 727240, ""vertex_count"": 7}, {""canonical_edge_deck"": [1467, 1467, 33967, 33967, 34029, 34029, 34227, 34233, 34233], ""representative_edge_mask"": 1019072, ""vertex_count"": 7}, {""canonical_edge_deck"": [1467, 1467, 35047, 35047, 35193, 35193, 35193, 35193, 35320], ""representative_edge_mask"": 1416384, ""vertex_count"": 7}, {""canonical_edge_deck"": [1467, 1532, 3310, 3310, 3449, 3449, 3452, 3452, 3576], ""representative_edge_mask"": 761024, ""vertex_count"": 7}, {""canonical_edge_deck"": [1467, 1532, 35054, 35054, 35194, 35194, 35196, 35196, 35320], ""representative_edge_mask"": 892096, ""vertex_count"": 7}, {""canonical_edge_deck"": [1467, 35630, 35630, 39352, 39589, 39589, 39664, 39664, 39856], ""representative_edge_mask"": 760200, ""vertex_count"": 7}, {""canonical_edge_deck"": [1468, 1468, 33974, 33974, 34036, 34036, 34225, 34228], ""representative_edge_mask"": 1350216, ""vertex_count"": 7}, {""canonical_edge_deck"": [1468, 34228, 35186, 35186, 35626, 36272, 36644, 36644], ""representative_edge_mask"": 367176, ""vertex_count"": 7}, {""canonical_edge_deck"": [1469, 1469, 3443, 3449, 3449, 3452, 3452, 3948, 3948], ""representative_edge_mask"": 895176, ""vertex_count"": 7}, {""canonical_edge_deck"": [1469, 1469, 33975, 33982, 34037, 34038, 34229, 34233, 34236], ""representative_edge_mask"": 1684672, ""vertex_count"": 7}, {""canonical_edge_deck"": [1469, 1469, 35190, 35196, 35196, 35630, 35630, 35692, 35692], ""representative_edge_mask"": 1677512, ""vertex_count"": 7}, {""canonical_edge_deck"": [1469, 35194, 35692, 36276, 36660, 39574, 39596, 39604, 39664], ""representative_edge_mask"": 891080, ""vertex_count"": 7}, {""canonical_edge_deck"": [1471, 1471, 1471, 1471, 3577, 3577, 3887, 3887, 3887, 3887], ""representative_edge_mask"": 1887432, ""vertex_count"": 7}, {""canonical_edge_deck"": [1471, 1471, 33983, 33983, 34039, 34039, 34231, 34235, 34237, 34237], ""representative_edge_mask"": 2018496, ""vertex_count"": 7}, {""canonical_edge_deck"": [1471, 1471, 35135, 35135, 35321, 35631, 35631, 35631, 35631, 35646], ""representative_edge_mask"": 1756360, ""vertex_count"": 7}, {""canonical_edge_deck"": [1471, 1975, 3453, 3453, 3577, 3578, 3950, 3950, 3958, 3958], ""representative_edge_mask"": 1920200, ""vertex_count"": 7}, {""canonical_edge_deck"": [1471, 1975, 35198, 35198, 35322, 35646, 35694, 35694, 35702, 35702], ""representative_edge_mask"": 1691016, ""vertex_count"": 7}, {""canonical_edge_deck"": [1471, 35694, 35694, 39356, 39606, 39606, 39668, 39668, 39860, 39864], ""representative_edge_mask"": 1694088, ""vertex_count"": 7}, {""canonical_edge_deck"": [1531, 1531, 34031, 34031, 34031, 34031, 34235, 34235, 34235, 34235], ""representative_edge_mask"": 2067648, ""vertex_count"": 7}, {""canonical_edge_deck"": [1531, 1533, 3311, 3311, 3451, 3451, 3453, 3453, 3577, 3578], ""representative_edge_mask"": 1809600, ""vertex_count"": 7}, {""canonical_edge_deck"": [1531, 1533, 35055, 35055, 35195, 35195, 35197, 35197, 35321, 35322], ""representative_edge_mask"": 1940672, ""vertex_count"": 7}, {""canonical_edge_deck"": [1531, 39605, 39605, 39605, 39605, 39864, 39864, 39864, 39864, 48020], ""representative_edge_mask"": 1808776, ""vertex_count"": 7}, {""canonical_edge_deck"": [1532, 1532, 34038, 34038, 34038, 34038, 34227, 34236, 34236], ""representative_edge_mask"": 511168, ""vertex_count"": 7}, {""canonical_edge_deck"": [1532, 36660, 36660, 39352, 39596, 39596, 39596, 39596, 39856], ""representative_edge_mask"": 728456, ""vertex_count"": 7}, {""canonical_edge_deck"": [1533, 1533, 3326, 3326, 3453, 3453, 3453, 3453, 3578, 3578], ""representative_edge_mask"": 1678784, ""vertex_count"": 7}, {""canonical_edge_deck"": [1533, 1533, 3447, 3453, 3453, 3887, 3887, 3949, 3949, 3958], ""representative_edge_mask"": 1682632, ""vertex_count"": 7}, {""canonical_edge_deck"": [1533, 1533, 34039, 34039, 34046, 34046, 34235, 34237, 34237, 34300], ""representative_edge_mask"": 1035456, ""vertex_count"": 7}, {""canonical_edge_deck"": [1533, 1533, 35070, 35070, 35198, 35198, 35198, 35198, 35322, 35322], ""representative_edge_mask"": 1682880, ""vertex_count"": 7}, {""canonical_edge_deck"": [1533, 1533, 35191, 35197, 35197, 35631, 35631, 35693, 35693, 35702], ""representative_edge_mask"": 1678536, ""vertex_count"": 7}, {""canonical_edge_deck"": [1533, 39606, 39606, 39668, 39668, 39857, 39857, 39864, 40880, 48020], ""representative_edge_mask"": 776584, ""vertex_count"": 7}, {""canonical_edge_deck"": [1535, 1535, 3327, 3327, 3455, 3455, 3455, 3455, 3579, 3579, 3582], ""representative_edge_mask"": 1825984, ""vertex_count"": 7}, {""canonical_edge_deck"": [1535, 1535, 34047, 34047, 34047, 34047, 34239, 34239, 34299, 34301, 34301], ""representative_edge_mask"": 2084032, ""vertex_count"": 7}, {""canonical_edge_deck"": [1535, 1535, 35071, 35071, 35199, 35199, 35199, 35199, 35323, 35323, 35326], ""representative_edge_mask"": 1957056, ""vertex_count"": 7}, {""canonical_edge_deck"": [1535, 1983, 3455, 3455, 3579, 3903, 3951, 3951, 3959, 3959, 3966], ""representative_edge_mask"": 1952968, ""vertex_count"": 7}, {""canonical_edge_deck"": [1535, 1983, 35199, 35199, 35323, 35647, 35695, 35695, 35703, 35703, 35710], ""representative_edge_mask"": 1821896, ""vertex_count"": 7}, {""canonical_edge_deck"": [1535, 39861, 39861, 39861, 39861, 39868, 39868, 48021, 48022, 48022, 48052], ""representative_edge_mask"": 1825160, ""vertex_count"": 7}, {""canonical_edge_deck"": [1972, 1972, 34228, 34228, 34228, 34228, 34228, 34228], ""representative_edge_mask"": 825928, ""vertex_count"": 7}, {""canonical_edge_deck"": [1973, 1973, 34229, 34229, 34229, 34236, 34236, 34236, 34740], ""representative_edge_mask"": 1874504, ""vertex_count"": 7}, {""canonical_edge_deck"": [1973, 34740, 35690, 36276, 36276, 36276, 36660, 36660, 36660], ""representative_edge_mask"": 891464, ""vertex_count"": 7}, {""canonical_edge_deck"": [1975, 1975, 34231, 34237, 34237, 34237, 34237, 34300, 34741, 34741], ""representative_edge_mask"": 1893768, ""vertex_count"": 7}, {""canonical_edge_deck"": [1975, 36788, 36788, 39356, 39668, 39668, 39668, 39668, 39860, 40880], ""representative_edge_mask"": 1420680, ""vertex_count"": 7}, {""canonical_edge_deck"": [1983, 1983, 3582, 3582, 3582, 3966, 3966, 3966, 3966, 3966, 3966], ""representative_edge_mask"": 1879752, ""vertex_count"": 7}, {""canonical_edge_deck"": [1983, 1983, 34239, 34239, 34239, 34301, 34301, 34301, 34743, 34743, 34743], ""representative_edge_mask"": 1041992, ""vertex_count"": 7}, {""canonical_edge_deck"": [1983, 1983, 35326, 35326, 35326, 35710, 35710, 35710, 35710, 35710, 35710], ""representative_edge_mask"": 1881800, ""vertex_count"": 7}, {""canonical_edge_deck"": [1983, 39868, 39868, 39868, 40884, 40884, 40884, 48022, 48022, 48022, 48052], ""representative_edge_mask"": 775506, ""vertex_count"": 7}, {""canonical_edge_deck"": [2047, 2047, 3583, 3583, 3583, 3967, 3967, 3967, 3967, 3967, 3967, 4094], ""representative_edge_mask"": 1961544, ""vertex_count"": 7}, {""canonical_edge_deck"": [2047, 2047, 34303, 34303, 34303, 34303, 34303, 34303, 34751, 34751, 34751, 34751], ""representative_edge_mask"": 2090568, ""vertex_count"": 7}, {""canonical_edge_deck"": [2047, 2047, 35327, 35327, 35327, 35711, 35711, 35711, 35711, 35711, 35711, 35838], ""representative_edge_mask"": 2027080, ""vertex_count"": 7}, {""canonical_edge_deck"": [2047, 48053, 48053, 48053, 48053, 48053, 48053, 48116, 48116, 48116, 48116, 64436], ""representative_edge_mask"": 1824082, ""vertex_count"": 7}, {""canonical_edge_deck"": [3294, 34014, 34014, 34014, 34014, 35038, 35038, 35038, 35038], ""representative_edge_mask"": 1031168, ""vertex_count"": 7}, {""canonical_edge_deck"": [3294, 35181, 35181, 35181, 35181, 35181, 35181, 39345, 39345], ""representative_edge_mask"": 506944, ""vertex_count"": 7}, {""canonical_edge_deck"": [3295, 34015, 34015, 34015, 34015, 35039, 35039, 35039, 35039, 36062], ""representative_edge_mask"": 2079744, ""vertex_count"": 7}, {""canonical_edge_deck"": [3295, 35183, 35183, 35183, 35183, 35183, 35183, 39347, 39349, 39349], ""representative_edge_mask"": 1555520, ""vertex_count"": 7}, {""canonical_edge_deck"": [3306, 33886, 33963, 33963, 35050, 35050, 35177, 35177], ""representative_edge_mask"": 1022016, ""vertex_count"": 7}, {""canonical_edge_deck"": [3306, 33950, 34036, 34036, 35050, 35050, 35180, 35180], ""representative_edge_mask"": 768064, ""vertex_count"": 7}, {""canonical_edge_deck"": [3306, 33965, 33973, 35192, 35192, 35619, 35622, 36644], ""representative_edge_mask"": 758920, ""vertex_count"": 7}, {""canonical_edge_deck"": [3306, 34225, 35043, 35043, 35177, 35186, 35186, 36272], ""representative_edge_mask"": 962752, ""vertex_count"": 7}, {""canonical_edge_deck"": [3307, 33887, 34027, 34027, 35051, 35051, 35179, 35179, 36074], ""representative_edge_mask"": 2070592, ""vertex_count"": 7}, {""canonical_edge_deck"": [3307, 33951, 34037, 34037, 35051, 35051, 35182, 35182, 36084], ""representative_edge_mask"": 1816640, ""vertex_count"": 7}, {""canonical_edge_deck"": [3307, 33967, 35051, 35623, 35630, 35630, 36646, 39573, 39574], ""representative_edge_mask"": 1807496, ""vertex_count"": 7}, {""canonical_edge_deck"": [3307, 34229, 35051, 35051, 35179, 35190, 35190, 36273, 36276], ""representative_edge_mask"": 1814720, ""vertex_count"": 7}, {""canonical_edge_deck"": [3308, 33950, 34028, 34028, 35052, 35052, 35177, 35180], ""representative_edge_mask"": 990272, ""vertex_count"": 7}, {""canonical_edge_deck"": [3308, 34225, 35052, 35052, 35180, 35185, 35185, 36272], ""representative_edge_mask"": 931008, ""vertex_count"": 7}, {""canonical_edge_deck"": [3308, 35046, 35185, 35185, 35192, 35192, 39585, 39585], ""representative_edge_mask"": 239816, ""vertex_count"": 7}, {""canonical_edge_deck"": [3309, 33951, 34029, 34029, 35053, 35053, 35179, 35182, 36076], ""representative_edge_mask"": 2038848, ""vertex_count"": 7}, {""canonical_edge_deck"": [3309, 34229, 35054, 35054, 35182, 35187, 35187, 36274, 36276], ""representative_edge_mask"": 782528, ""vertex_count"": 7}, {""canonical_edge_deck"": [3309, 35047, 35193, 35193, 35630, 35630, 39587, 39589, 39589], ""representative_edge_mask"": 1514632, ""vertex_count"": 7}, {""canonical_edge_deck"": [3310, 34014, 34029, 34029, 35054, 35054, 35181, 36074, 36076], ""representative_edge_mask"": 1023040, ""vertex_count"": 7}, {""canonical_edge_deck"": [3310, 34038, 34038, 35038, 35054, 35054, 35181, 36076, 36084], ""representative_edge_mask"": 769088, ""vertex_count"": 7}, {""canonical_edge_deck"": [3310, 34227, 35053, 35053, 35181, 35187, 35187, 36273, 36274], ""representative_edge_mask"": 979136, ""vertex_count"": 7}, {""canonical_edge_deck"": [3310, 35181, 35187, 35320, 35629, 36646, 39587, 39589, 39596], ""representative_edge_mask"": 498824, ""vertex_count"": 7}, {""canonical_edge_deck"": [3310, 35193, 35193, 35196, 35196, 36273, 36274, 39345, 39352], ""representative_edge_mask"": 963776, ""vertex_count"": 7}, {""canonical_edge_deck"": [3311, 34015, 34031, 34031, 35055, 35055, 35183, 36075, 36077, 36078], ""representative_edge_mask"": 2071616, ""vertex_count"": 7}, {""canonical_edge_deck"": [3311, 34039, 34039, 35039, 35055, 35055, 35183, 36077, 36085, 36086], ""representative_edge_mask"": 1817664, ""vertex_count"": 7}, {""canonical_edge_deck"": [3311, 34231, 35055, 35055, 35183, 35191, 35191, 36275, 36277, 36278], ""representative_edge_mask"": 1831104, ""vertex_count"": 7}, {""canonical_edge_deck"": [3311, 35183, 35195, 35631, 35646, 39575, 39591, 39597, 39605, 39606], ""representative_edge_mask"": 1547400, ""vertex_count"": 7}, {""canonical_edge_deck"": [3311, 35195, 35195, 35198, 35198, 36277, 36278, 39349, 39353, 39356], ""representative_edge_mask"": 2012352, ""vertex_count"": 7}, {""canonical_edge_deck"": [3326, 3326, 3949, 3949, 3949, 3949, 3949, 3949, 3949, 3949], ""representative_edge_mask"": 912520, ""vertex_count"": 7}, {""canonical_edge_deck"": [3326, 34046, 34046, 35070, 35070, 36062, 36078, 36078, 36086, 36086], ""representative_edge_mask"": 1039424, ""vertex_count"": 7}, {""canonical_edge_deck"": [3326, 35197, 35197, 35197, 35197, 36275, 36275, 39347, 39353, 39353], ""representative_edge_mask"": 1875392, ""vertex_count"": 7}, {""canonical_edge_deck"": [3326, 35693, 35693, 39347, 39597, 39597, 39597, 39597, 39857, 39857], ""representative_edge_mask"": 507016, ""vertex_count"": 7}, {""canonical_edge_deck"": [3327, 3327, 3951, 3951, 3951, 3951, 3951, 3951, 3951, 3951, 7902], ""representative_edge_mask"": 1961096, ""vertex_count"": 7}, {""canonical_edge_deck"": [3327, 34047, 34047, 35071, 35071, 36063, 36079, 36079, 36087, 36087, 36094], ""representative_edge_mask"": 2088000, ""vertex_count"": 7}, {""canonical_edge_deck"": [3327, 35199, 35199, 35199, 35199, 36279, 36279, 39351, 39355, 39357, 39357], ""representative_edge_mask"": 2028736, ""vertex_count"": 7}, {""canonical_edge_deck"": [3327, 35695, 35695, 39351, 39607, 39607, 39607, 39607, 39859, 39861, 39861], ""representative_edge_mask"": 1555592, ""vertex_count"": 7}, {""canonical_edge_deck"": [3440, 33964, 33964, 35042, 35042, 35184, 35184], ""representative_edge_mask"": 464064, ""vertex_count"": 7}, {""canonical_edge_deck"": [3441, 33966, 34028, 35043, 35050, 35185, 35186, 36208], ""representative_edge_mask"": 988352, ""vertex_count"": 7}, {""canonical_edge_deck"": [3441, 33974, 35052, 35185, 35619, 35628, 36208, 36644], ""representative_edge_mask"": 1218760, ""vertex_count"": 7}, {""canonical_edge_deck"": [3441, 34036, 34036, 35052, 35052, 35186, 35186, 36208], ""representative_edge_mask"": 734400, ""vertex_count"": 7}, {""canonical_edge_deck"": [3441, 35129, 35129, 35186, 35186, 36208, 39585, 39585], ""representative_edge_mask"": 694472, ""vertex_count"": 7}, {""canonical_edge_deck"": [3443, 34029, 34029, 35051, 35051, 35187, 35187, 36209, 36209], ""representative_edge_mask"": 2036928, ""vertex_count"": 7}, {""canonical_edge_deck"": [3443, 34037, 34038, 35053, 35054, 35187, 35190, 36209, 36212], ""representative_edge_mask"": 1004736, ""vertex_count"": 7}, {""canonical_edge_deck"": [3443, 35054, 35054, 35629, 35629, 36652, 36652, 39574, 39574], ""representative_edge_mask"": 892040, ""vertex_count"": 7}, {""canonical_edge_deck"": [3443, 35190, 35193, 35196, 35623, 36652, 39589, 39594, 39596], ""representative_edge_mask"": 1415368, ""vertex_count"": 7}, {""canonical_edge_deck"": [3447, 34039, 34039, 35055, 35055, 35191, 35191, 36211, 36213, 36213], ""representative_edge_mask"": 2053312, ""vertex_count"": 7}, {""canonical_edge_deck"": [3447, 35198, 35198, 35631, 35631, 39582, 39598, 39598, 39606, 39606], ""representative_edge_mask"": 1756552, ""vertex_count"": 7}, {""canonical_edge_deck"": [3448, 33965, 33965, 35177, 35177, 35192, 35192, 36208], ""representative_edge_mask"": 496832, ""vertex_count"": 7}, {""canonical_edge_deck"": [3448, 34225, 35046, 35180, 35192, 35192, 36208, 36272], ""representative_edge_mask"": 235720, ""vertex_count"": 7}, {""canonical_edge_deck"": [3449, 33967, 34029, 35179, 35193, 35194, 36074, 36209, 36216], ""representative_edge_mask"": 1021120, ""vertex_count"": 7}, {""canonical_edge_deck"": [3449, 33975, 35053, 35193, 35627, 35630, 36216, 36646, 36652], ""representative_edge_mask"": 1875080, ""vertex_count"": 7}, {""canonical_edge_deck"": [3449, 34229, 35187, 35196, 35630, 36280, 36646, 36652, 36660], ""representative_edge_mask"": 1284296, ""vertex_count"": 7}, {""canonical_edge_deck"": [3449, 34233, 35047, 35182, 35193, 35194, 36209, 36273, 36280], ""representative_edge_mask"": 1291456, ""vertex_count"": 7}, {""canonical_edge_deck"": [3449, 34236, 35054, 35194, 35196, 36084, 36212, 36276, 36280], ""representative_edge_mask"": 767168, ""vertex_count"": 7}, {""canonical_edge_deck"": [3449, 35131, 35630, 35692, 36273, 36280, 39589, 39594, 39664], ""representative_edge_mask"": 760008, ""vertex_count"": 7}, {""canonical_edge_deck"": [3451, 3451, 3451, 3451, 3451, 3958, 3958, 3958, 3958, 3958], ""representative_edge_mask"": 1943752, ""vertex_count"": 7}, {""canonical_edge_deck"": [3451, 34031, 34031, 35195, 35195, 36075, 36075, 36211, 36217, 36217], ""representative_edge_mask"": 2069696, ""vertex_count"": 7}, {""canonical_edge_deck"": [3451, 34237, 35055, 35195, 35198, 36085, 36213, 36277, 36281, 36284], ""representative_edge_mask"": 1815744, ""vertex_count"": 7}, {""canonical_edge_deck"": [3451, 35055, 35055, 35631, 35631, 36654, 36654, 39575, 39575, 39582], ""representative_edge_mask"": 1940616, ""vertex_count"": 7}, {""canonical_edge_deck"": [3451, 35195, 35702, 36277, 36662, 39575, 39598, 39605, 39665, 39668], ""representative_edge_mask"": 1808584, ""vertex_count"": 7}, {""canonical_edge_deck"": [3452, 3452, 3452, 3452, 3452, 3452, 3885, 3885, 3885], ""representative_edge_mask"": 863432, ""vertex_count"": 7}, {""canonical_edge_deck"": [3452, 34038, 34038, 35196, 35196, 36076, 36076, 36212, 36216], ""representative_edge_mask"": 513216, ""vertex_count"": 7}, {""canonical_edge_deck"": [3452, 34233, 35054, 35193, 35196, 36076, 36209, 36274, 36280], ""representative_edge_mask"": 957632, ""vertex_count"": 7}, {""canonical_edge_deck"": [3452, 35187, 35187, 35193, 35193, 36216, 39587, 39587, 39594], ""representative_edge_mask"": 501960, ""vertex_count"": 7}, {""canonical_edge_deck"": [3452, 35196, 35629, 36274, 36280, 36652, 39587, 39596, 39664], ""representative_edge_mask"": 630152, ""vertex_count"": 7}, {""canonical_edge_deck"": [3453, 3453, 3578, 3578, 3887, 3949, 3949, 3958, 3958, 7916], ""representative_edge_mask"": 896200, ""vertex_count"": 7}, {""canonical_edge_deck"": [3453, 34039, 34046, 35197, 35198, 36077, 36078, 36213, 36217, 36220], ""representative_edge_mask"": 1037504, ""vertex_count"": 7}, {""canonical_edge_deck"": [3453, 34235, 35055, 35195, 35197, 36077, 36211, 36275, 36281, 36282], ""representative_edge_mask"": 2006208, ""vertex_count"": 7}, {""canonical_edge_deck"": [3453, 34237, 35070, 35197, 35198, 36086, 36213, 36278, 36282, 36284], ""representative_edge_mask"": 1748416, ""vertex_count"": 7}, {""canonical_edge_deck"": [3453, 35191, 35197, 35321, 35631, 36654, 39591, 39595, 39597, 39598], ""representative_edge_mask"": 1289416, ""vertex_count"": 7}, {""canonical_edge_deck"": [3453, 35322, 35693, 36278, 36662, 39582, 39597, 39606, 39666, 39668], ""representative_edge_mask"": 892104, ""vertex_count"": 7}, {""canonical_edge_deck"": [3453, 35631, 35702, 39353, 39591, 39598, 39665, 39666, 39857, 39864], ""representative_edge_mask"": 1297800, ""vertex_count"": 7}, {""canonical_edge_deck"": [3455, 3579, 3579, 3951, 3951, 3959, 3966, 3966, 7915, 7917, 7917], ""representative_edge_mask"": 1944776, ""vertex_count"": 7}, {""canonical_edge_deck"": [3455, 34047, 34047, 35199, 35199, 36079, 36079, 36215, 36219, 36221, 36221], ""representative_edge_mask"": 2086080, ""vertex_count"": 7}, {""canonical_edge_deck"": [3455, 34239, 35071, 35199, 35199, 36087, 36215, 36279, 36283, 36285, 36286], ""representative_edge_mask"": 1832128, ""vertex_count"": 7}, {""canonical_edge_deck"": [3455, 35199, 35199, 35647, 35647, 39583, 39599, 39599, 39607, 39607, 39614], ""representative_edge_mask"": 1823944, ""vertex_count"": 7}, {""canonical_edge_deck"": [3455, 35695, 35710, 39357, 39607, 39614, 39669, 39670, 39861, 39865, 39868], ""representative_edge_mask"": 1822088, ""vertex_count"": 7}, {""canonical_edge_deck"": [3576, 3576, 3576, 3576, 3576, 3576, 3576, 3576, 3576], ""representative_edge_mask"": 236992, ""vertex_count"": 7}, {""canonical_edge_deck"": [3576, 34227, 35181, 35181, 35320, 36216, 36216, 36280, 36280], ""representative_edge_mask"": 498880, ""vertex_count"": 7}, {""canonical_edge_deck"": [3576, 35320, 35320, 36280, 36280, 36280, 36280, 39352, 39352], ""representative_edge_mask"": 236936, ""vertex_count"": 7}, {""canonical_edge_deck"": [3577, 3577, 3577, 3578, 3578, 3578, 3578, 3578, 3578, 7672], ""representative_edge_mask"": 761280, ""vertex_count"": 7}, {""canonical_edge_deck"": [3577, 34231, 35197, 35197, 35646, 36344, 36654, 36654, 36662, 36662], ""representative_edge_mask"": 1985736, ""vertex_count"": 7}, {""canonical_edge_deck"": [3577, 34235, 35183, 35183, 35321, 36217, 36217, 36281, 36281, 36344], ""representative_edge_mask"": 1547456, ""vertex_count"": 7}, {""canonical_edge_deck"": [3577, 35322, 35322, 36284, 36284, 36284, 36284, 39356, 39356, 39416], ""representative_edge_mask"": 765376, ""vertex_count"": 7}, {""canonical_edge_deck"": [3577, 35646, 35646, 39416, 39665, 39665, 39665, 39665, 39864, 39864], ""representative_edge_mask"": 1285512, ""vertex_count"": 7}, {""canonical_edge_deck"": [3578, 34235, 35322, 36078, 36078, 36217, 36217, 36282, 36282, 36344], ""representative_edge_mask"": 1023168, ""vertex_count"": 7}, {""canonical_edge_deck"": [3578, 34300, 35322, 36086, 36086, 36220, 36220, 36284, 36284, 36344], ""representative_edge_mask"": 515264, ""vertex_count"": 7}, {""canonical_edge_deck"": [3578, 35197, 35693, 36275, 36344, 36654, 39595, 39597, 39665, 39666], ""representative_edge_mask"": 761032, ""vertex_count"": 7}, {""canonical_edge_deck"": [3578, 35321, 35322, 36281, 36281, 36282, 36282, 39353, 39353, 39416], ""representative_edge_mask"": 896448, ""vertex_count"": 7}, {""canonical_edge_deck"": [3578, 36662, 36662, 39416, 39597, 39597, 39666, 39666, 39864, 40880], ""representative_edge_mask"": 761224, ""vertex_count"": 7}, {""canonical_edge_deck"": [3579, 3579, 3579, 3579, 3579, 3579, 3582, 3582, 3582, 7673, 7673], ""representative_edge_mask"": 1809856, ""vertex_count"": 7}, {""canonical_edge_deck"": [3579, 34299, 35323, 36079, 36079, 36219, 36219, 36283, 36283, 36345, 36346], ""representative_edge_mask"": 2071744, ""vertex_count"": 7}, {""canonical_edge_deck"": [3579, 34301, 35323, 36087, 36087, 36221, 36221, 36285, 36285, 36345, 36348], ""representative_edge_mask"": 1563840, ""vertex_count"": 7}, {""canonical_edge_deck"": [3579, 35323, 35326, 36285, 36285, 36286, 36286, 39357, 39357, 39417, 39420], ""representative_edge_mask"": 1813952, ""vertex_count"": 7}, {""canonical_edge_deck"": [3579, 35323, 35703, 36279, 36670, 39583, 39599, 39607, 39667, 39669, 39670], ""representative_edge_mask"": 1809608, ""vertex_count"": 7}, {""canonical_edge_deck"": [3579, 39607, 39607, 39669, 39669, 39865, 39865, 39928, 40888, 48021, 48022], ""representative_edge_mask"": 1809800, ""vertex_count"": 7}, {""canonical_edge_deck"": [3582, 3582, 3959, 3959, 3959, 3959, 7902, 7917, 7917, 7917, 7917], ""representative_edge_mask"": 1683144, ""vertex_count"": 7}, {""canonical_edge_deck"": [3582, 34301, 35326, 36094, 36094, 36221, 36221, 36286, 36286, 36346, 36348], ""representative_edge_mask"": 1039552, ""vertex_count"": 7}, {""canonical_edge_deck"": [3582, 35323, 35323, 36283, 36283, 36283, 36283, 39355, 39355, 39417, 39417], ""representative_edge_mask"": 1940928, ""vertex_count"": 7}, {""canonical_edge_deck"": [3582, 35703, 35703, 39355, 39599, 39599, 39667, 39667, 39859, 39865, 39865], ""representative_edge_mask"": 1678792, ""vertex_count"": 7}, {""canonical_edge_deck"": [3582, 39670, 39670, 39670, 39670, 39859, 39859, 40888, 40888, 48022, 48022], ""representative_edge_mask"": 1777096, ""vertex_count"": 7}, {""canonical_edge_deck"": [3583, 3583, 3583, 3583, 3583, 3583, 3583, 3583, 3583, 7675, 7675, 7675], ""representative_edge_mask"": 1826240, ""vertex_count"": 7}, {""canonical_edge_deck"": [3583, 3583, 3967, 3967, 3967, 3967, 7903, 7919, 7919, 7919, 7919, 7934], ""representative_edge_mask"": 1961160, ""vertex_count"": 7}, {""canonical_edge_deck"": [3583, 34303, 35327, 36095, 36095, 36223, 36223, 36287, 36287, 36347, 36349, 36350], ""representative_edge_mask"": 2088128, ""vertex_count"": 7}, {""canonical_edge_deck"": [3583, 35327, 35327, 36287, 36287, 36287, 36287, 39359, 39359, 39419, 39421, 39421], ""representative_edge_mask"": 1957312, ""vertex_count"": 7}, {""canonical_edge_deck"": [3583, 35711, 35711, 39359, 39615, 39615, 39671, 39671, 39863, 39867, 39869, 39869], ""representative_edge_mask"": 1825992, ""vertex_count"": 7}, {""canonical_edge_deck"": [3583, 39863, 39863, 39869, 39869, 39869, 39869, 48023, 48023, 48030, 48053, 48053], ""representative_edge_mask"": 1826184, ""vertex_count"": 7}, {""canonical_edge_deck"": [3873, 33908, 33972, 33972, 33972, 35617, 35617], ""representative_edge_mask"": 730248, ""vertex_count"": 7}, {""canonical_edge_deck"": [3875, 33909, 33973, 35050, 35050, 35619, 35619, 36641], ""representative_edge_mask"": 763016, ""vertex_count"": 7}, {""canonical_edge_deck"": [3875, 33974, 34036, 35186, 35186, 35619, 36641, 36644], ""representative_edge_mask"": 1153608, ""vertex_count"": 7}, {""canonical_edge_deck"": [3879, 33911, 35051, 35051, 35627, 35627, 36074, 36643, 36643], ""representative_edge_mask"": 1025160, ""vertex_count"": 7}, {""canonical_edge_deck"": [3879, 33975, 34037, 35194, 35194, 35623, 36643, 36645, 36646], ""representative_edge_mask"": 1684616, ""vertex_count"": 7}, {""canonical_edge_deck"": [3879, 33982, 35692, 35692, 36084, 36645, 36645, 39574, 39574], ""representative_edge_mask"": 898184, ""vertex_count"": 7}, {""canonical_edge_deck"": [3879, 34236, 35190, 35190, 35627, 36273, 36645, 36645, 36660], ""representative_edge_mask"": 1415752, ""vertex_count"": 7}, {""canonical_edge_deck"": [3885, 34038, 35054, 35187, 35629, 36209, 36643, 36645, 36652], ""representative_edge_mask"": 765064, ""vertex_count"": 7}, {""canonical_edge_deck"": [3885, 35196, 35196, 36212, 36645, 36645, 39594, 39596, 39596], ""representative_edge_mask"": 634248, ""vertex_count"": 7}, {""canonical_edge_deck"": [3887, 34039, 35055, 35195, 35631, 36217, 36647, 36651, 36653, 36654], ""representative_edge_mask"": 1813640, ""vertex_count"": 7}, {""canonical_edge_deck"": [3887, 34237, 35191, 35198, 35631, 36281, 36647, 36653, 36661, 36662], ""representative_edge_mask"": 1887624, ""vertex_count"": 7}, {""canonical_edge_deck"": [3887, 35198, 35702, 36284, 36661, 39606, 39644, 39660, 39665, 39668], ""representative_edge_mask"": 1428872, ""vertex_count"": 7}, {""canonical_edge_deck"": [3903, 3966, 3966, 3966, 3966, 7673, 7673, 7917, 7917, 7917, 7917], ""representative_edge_mask"": 896712, ""vertex_count"": 7}, {""canonical_edge_deck"": [3903, 34239, 35199, 35199, 35647, 36345, 36655, 36655, 36663, 36663, 36670], ""representative_edge_mask"": 2018504, ""vertex_count"": 7}, {""canonical_edge_deck"": [3903, 35710, 35710, 39420, 39676, 39676, 39676, 39676, 39868, 39868, 39928], ""representative_edge_mask"": 1285458, ""vertex_count"": 7}, {""canonical_edge_deck"": [3947, 33919, 35691, 35691, 36075, 36075, 36075, 36651, 36651, 36651], ""representative_edge_mask"": 2073736, ""vertex_count"": 7}, {""canonical_edge_deck"": [3947, 33983, 35694, 35694, 36085, 36647, 36647, 39575, 39575, 39644], ""representative_edge_mask"": 1946760, ""vertex_count"": 7}, {""canonical_edge_deck"": [3947, 34741, 35691, 36277, 36277, 36277, 36661, 36661, 36661, 36788], ""representative_edge_mask"": 1940040, ""vertex_count"": 7}, {""canonical_edge_deck"": [3948, 33982, 35627, 35692, 36076, 36209, 36209, 36652, 36652], ""representative_edge_mask"": 961672, ""vertex_count"": 7}, {""canonical_edge_deck"": [3948, 34236, 35692, 36212, 36212, 36274, 36652, 36652, 36660], ""representative_edge_mask"": 830856, ""vertex_count"": 7}, {""canonical_edge_deck"": [3948, 35131, 35194, 35194, 36209, 36209, 39587, 39594, 39594], ""representative_edge_mask"": 764104, ""vertex_count"": 7}, {""canonical_edge_deck"": [3949, 34046, 35693, 36078, 36211, 36211, 36651, 36653, 36653, 36716], ""representative_edge_mask"": 1027208, ""vertex_count"": 7}, {""canonical_edge_deck"": [3949, 34300, 35693, 36213, 36213, 36275, 36653, 36653, 36661, 36724], ""representative_edge_mask"": 910728, ""vertex_count"": 7}, {""canonical_edge_deck"": [3949, 35070, 35693, 36086, 36653, 36653, 36716, 39582, 39582, 39644], ""representative_edge_mask"": 900232, ""vertex_count"": 7}, {""canonical_edge_deck"": [3949, 35197, 35322, 36213, 36647, 36653, 39597, 39598, 39657, 39660], ""representative_edge_mask"": 904584, ""vertex_count"": 7}, {""canonical_edge_deck"": [3949, 36661, 36724, 39353, 39598, 39598, 39660, 39660, 39857, 40880], ""representative_edge_mask"": 896392, ""vertex_count"": 7}, {""canonical_edge_deck"": [3950, 33983, 35691, 35694, 36077, 36217, 36217, 36654, 36654, 36716], ""representative_edge_mask"": 2010248, ""vertex_count"": 7}, {""canonical_edge_deck"": [3950, 34741, 35694, 36278, 36284, 36284, 36662, 36662, 36724, 36788], ""representative_edge_mask"": 1435016, ""vertex_count"": 7}, {""canonical_edge_deck"": [3950, 35135, 35694, 35694, 36281, 36281, 39591, 39657, 39665, 39665], ""representative_edge_mask"": 1920392, ""vertex_count"": 7}, {""canonical_edge_deck"": [3951, 34047, 35695, 36079, 36219, 36219, 36655, 36655, 36715, 36717, 36718], ""representative_edge_mask"": 2075784, ""vertex_count"": 7}, {""canonical_edge_deck"": [3951, 34743, 35695, 36279, 36285, 36285, 36663, 36663, 36725, 36789, 36790], ""representative_edge_mask"": 1959304, ""vertex_count"": 7}, {""canonical_edge_deck"": [3951, 35071, 35695, 36087, 36655, 36655, 36718, 39583, 39583, 39645, 39646], ""representative_edge_mask"": 1948808, ""vertex_count"": 7}, {""canonical_edge_deck"": [3951, 35199, 35710, 36285, 36663, 39607, 39645, 39661, 39669, 39673, 39676], ""representative_edge_mask"": 1953160, ""vertex_count"": 7}, {""canonical_edge_deck"": [3951, 36789, 36790, 39357, 39669, 39669, 39676, 39676, 39861, 40881, 40884], ""representative_edge_mask"": 1944968, ""vertex_count"": 7}, {""canonical_edge_deck"": [3958, 34237, 35702, 36213, 36220, 36282, 36654, 36662, 36716, 36724], ""representative_edge_mask"": 1002696, ""vertex_count"": 7}, {""canonical_edge_deck"": [3958, 35195, 35195, 36211, 36217, 36217, 39595, 39595, 39657, 39657], ""representative_edge_mask"": 1026248, ""vertex_count"": 7}, {""canonical_edge_deck"": [3958, 35198, 35631, 36281, 36282, 36716, 39598, 39657, 39665, 39666], ""representative_edge_mask"": 1423560, ""vertex_count"": 7}, {""canonical_edge_deck"": [3958, 36284, 36284, 36724, 36724, 39582, 39666, 39666, 39668, 39668], ""representative_edge_mask"": 899272, ""vertex_count"": 7}, {""canonical_edge_deck"": [3959, 34301, 35703, 36215, 36221, 36283, 36655, 36663, 36717, 36725, 36726], ""representative_edge_mask"": 1035464, ""vertex_count"": 7}, {""canonical_edge_deck"": [3959, 35323, 35323, 36215, 36655, 36655, 39599, 39599, 39659, 39661, 39661], ""representative_edge_mask"": 1813704, ""vertex_count"": 7}, {""canonical_edge_deck"": [3959, 35326, 35703, 36286, 36663, 39614, 39646, 39661, 39670, 39674, 39676], ""representative_edge_mask"": 1685192, ""vertex_count"": 7}, {""canonical_edge_deck"": [3959, 39614, 39676, 39676, 39865, 39865, 40692, 40881, 40881, 48022, 48022], ""representative_edge_mask"": 1750360, ""vertex_count"": 7}, {""canonical_edge_deck"": [3966, 34239, 35710, 36221, 36221, 36346, 36670, 36718, 36718, 36726, 36726], ""representative_edge_mask"": 2051272, ""vertex_count"": 7}, {""canonical_edge_deck"": [3966, 34743, 35710, 36286, 36286, 36348, 36670, 36726, 36726, 36790, 36790], ""representative_edge_mask"": 1875656, ""vertex_count"": 7}, {""canonical_edge_deck"": [3966, 35199, 35695, 36283, 36345, 36718, 39599, 39659, 39667, 39673, 39674], ""representative_edge_mask"": 1551560, ""vertex_count"": 7}, {""canonical_edge_deck"": [3966, 35647, 35710, 39417, 39673, 39673, 39674, 39674, 39865, 39865, 39928], ""representative_edge_mask"": 964296, ""vertex_count"": 7}, {""canonical_edge_deck"": [3966, 36790, 36790, 39420, 39670, 39670, 39868, 40692, 40692, 40884, 40888], ""representative_edge_mask"": 892616, ""vertex_count"": 7}, {""canonical_edge_deck"": [3967, 3967, 4094, 7675, 7919, 7919, 7919, 7919, 7934, 7934, 8185, 8185], ""representative_edge_mask"": 1945288, ""vertex_count"": 7}, {""canonical_edge_deck"": [3967, 34303, 35711, 36223, 36223, 36347, 36671, 36719, 36719, 36727, 36727, 36734], ""representative_edge_mask"": 2084040, ""vertex_count"": 7}, {""canonical_edge_deck"": [3967, 34751, 35711, 36287, 36287, 36349, 36671, 36727, 36727, 36791, 36791, 36798], ""representative_edge_mask"": 1949256, ""vertex_count"": 7}, {""canonical_edge_deck"": [3967, 35327, 35711, 36287, 36671, 39615, 39647, 39663, 39671, 39675, 39677, 39678], ""representative_edge_mask"": 1957064, ""vertex_count"": 7}, {""canonical_edge_deck"": [3967, 35711, 35838, 39421, 39677, 39677, 39678, 39678, 39869, 39869, 39929, 39932], ""representative_edge_mask"": 1947336, ""vertex_count"": 7}, {""canonical_edge_deck"": [3967, 39869, 39869, 39932, 40885, 40885, 40892, 48023, 48053, 48086, 48086, 48116], ""representative_edge_mask"": 1809746, ""vertex_count"": 7}, {""canonical_edge_deck"": [4094, 34751, 35838, 36350, 36350, 36350, 36734, 36734, 36734, 36798, 36798, 36798], ""representative_edge_mask"": 1044040, ""vertex_count"": 7}, {""canonical_edge_deck"": [4094, 35711, 35711, 39419, 39675, 39675, 39675, 39675, 39867, 39867, 39929, 39929], ""representative_edge_mask"": 2010824, ""vertex_count"": 7}, {""canonical_edge_deck"": [4094, 40892, 40892, 40892, 40892, 40892, 40892, 48030, 48030, 48030, 48116, 48116], ""representative_edge_mask"": 1420760, ""vertex_count"": 7}, {""canonical_edge_deck"": [4095, 4095, 4095, 7679, 7935, 7935, 7935, 7935, 7935, 7935, 8187, 8187, 8187], ""representative_edge_mask"": 1961672, ""vertex_count"": 7}, {""canonical_edge_deck"": [4095, 34815, 35839, 36351, 36351, 36351, 36735, 36735, 36735, 36799, 36799, 36799, 36862], ""representative_edge_mask"": 2092616, ""vertex_count"": 7}, {""canonical_edge_deck"": [4095, 35839, 35839, 39423, 39679, 39679, 39679, 39679, 39871, 39871, 39931, 39933, 39933], ""representative_edge_mask"": 2027208, ""vertex_count"": 7}, {""canonical_edge_deck"": [4095, 48055, 48055, 48055, 48117, 48117, 48117, 48117, 48117, 48117, 49140, 64437, 64437], ""representative_edge_mask"": 1826130, ""vertex_count"": 7}, {""canonical_edge_deck"": [7672, 36344, 36344, 36344, 36344, 36344, 36344, 39416, 39416, 39416], ""representative_edge_mask"": 499136, ""vertex_count"": 7}, {""canonical_edge_deck"": [7673, 36345, 36345, 36345, 36346, 36346, 36346, 39417, 39417, 39417, 40440], ""representative_edge_mask"": 1023424, ""vertex_count"": 7}, {""canonical_edge_deck"": [7673, 36348, 36348, 36348, 36348, 36348, 36348, 39420, 39420, 39420, 40440], ""representative_edge_mask"": 769472, ""vertex_count"": 7}, {""canonical_edge_deck"": [7673, 36670, 36670, 39667, 39667, 39667, 39667, 39928, 40440, 40888, 40888], ""representative_edge_mask"": 761288, ""vertex_count"": 7}, {""canonical_edge_deck"": [7675, 36347, 36347, 36347, 36347, 36347, 36347, 39419, 39419, 39419, 40441, 40441], ""representative_edge_mask"": 2072000, ""vertex_count"": 7}, {""canonical_edge_deck"": [7675, 36349, 36349, 36349, 36350, 36350, 36350, 39421, 39421, 39421, 40441, 40444], ""representative_edge_mask"": 1039808, ""vertex_count"": 7}, {""canonical_edge_deck"": [7675, 39671, 39671, 39671, 39671, 39867, 39867, 40952, 40952, 48023, 48023, 48030], ""representative_edge_mask"": 1809864, ""vertex_count"": 7}, {""canonical_edge_deck"": [7679, 36351, 36351, 36351, 36351, 36351, 36351, 39423, 39423, 39423, 40443, 40445, 40445], ""representative_edge_mask"": 2088384, ""vertex_count"": 7}, {""canonical_edge_deck"": [7679, 39871, 39871, 39871, 39871, 39871, 39871, 48031, 48031, 48031, 48055, 48055, 48055], ""representative_edge_mask"": 1826248, ""vertex_count"": 7}, {""canonical_edge_deck"": [7902, 36094, 36094, 36717, 36717, 36717, 36717, 39646, 39646, 39646, 39646], ""representative_edge_mask"": 1043592, ""vertex_count"": 7}, {""canonical_edge_deck"": [7902, 36725, 36725, 39355, 39661, 39661, 39661, 39661, 39859, 40881, 40881], ""representative_edge_mask"": 1781448, ""vertex_count"": 7}, {""canonical_edge_deck"": [7903, 36095, 36095, 36719, 36719, 36719, 36719, 39647, 39647, 39647, 39647, 40670], ""representative_edge_mask"": 2092168, ""vertex_count"": 7}, {""canonical_edge_deck"": [7903, 36791, 36791, 39359, 39677, 39677, 39677, 39677, 39863, 40883, 40885, 40885], ""representative_edge_mask"": 1961352, ""vertex_count"": 7}, {""canonical_edge_deck"": [7915, 36219, 36219, 36219, 36219, 36219, 39659, 39659, 39659, 39659, 39659], ""representative_edge_mask"": 2074824, ""vertex_count"": 7}, {""canonical_edge_deck"": [7915, 36285, 36285, 36726, 36726, 39583, 39669, 39669, 39674, 39674, 40692], ""representative_edge_mask"": 1947848, ""vertex_count"": 7}, {""canonical_edge_deck"": [7916, 36220, 36282, 36282, 36653, 36653, 39595, 39660, 39666, 39666], ""representative_edge_mask"": 994504, ""vertex_count"": 7}, {""canonical_edge_deck"": [7917, 36221, 36283, 36346, 36655, 36717, 39659, 39661, 39667, 39674, 40684], ""representative_edge_mask"": 1027272, ""vertex_count"": 7}, {""canonical_edge_deck"": [7917, 36286, 36348, 36725, 36726, 39646, 39667, 39670, 39676, 40684, 40692], ""representative_edge_mask"": 1908424, ""vertex_count"": 7}, {""canonical_edge_deck"": [7917, 36663, 36726, 39417, 39599, 39661, 39674, 39865, 40684, 40881, 40888], ""representative_edge_mask"": 1416904, ""vertex_count"": 7}, {""canonical_edge_deck"": [7919, 36223, 36347, 36347, 36719, 36719, 39663, 39675, 39675, 40683, 40685, 40685], ""representative_edge_mask"": 2075848, ""vertex_count"": 7}, {""canonical_edge_deck"": [7919, 36287, 36349, 36727, 36734, 39647, 39671, 39675, 39677, 40685, 40693, 40694], ""representative_edge_mask"": 1948872, ""vertex_count"": 7}, {""canonical_edge_deck"": [7919, 36791, 36798, 39421, 39671, 39678, 39869, 40693, 40694, 40885, 40889, 40892], ""representative_edge_mask"": 1941192, ""vertex_count"": 7}, {""canonical_edge_deck"": [7919, 39615, 39677, 39677, 39929, 39929, 40693, 40889, 40889, 48023, 48023, 48086], ""representative_edge_mask"": 2012504, ""vertex_count"": 7}, {""canonical_edge_deck"": [7934, 7934, 7934, 7934, 7934, 7934, 7934, 7934, 7934, 7934, 7934, 7934], ""representative_edge_mask"": 912600, ""vertex_count"": 7}, {""canonical_edge_deck"": [7934, 36350, 36350, 36727, 36727, 39678, 39678, 40670, 40685, 40685, 40694, 40694], ""representative_edge_mask"": 1043656, ""vertex_count"": 7}, {""canonical_edge_deck"": [7934, 36727, 36727, 39419, 39663, 39663, 39867, 40685, 40685, 40883, 40889, 40889], ""representative_edge_mask"": 1814216, ""vertex_count"": 7}, {""canonical_edge_deck"": [7934, 39678, 39678, 39867, 40694, 40694, 40883, 40889, 40889, 48030, 48086, 48086], ""representative_edge_mask"": 896472, ""vertex_count"": 7}, {""canonical_edge_deck"": [7935, 7935, 7935, 7935, 8187, 8187, 8187, 8187, 8187, 8187, 8187, 8187, 16350], ""representative_edge_mask"": 1961176, ""vertex_count"": 7}, {""canonical_edge_deck"": [7935, 36351, 36351, 36735, 36735, 39679, 39679, 40671, 40687, 40687, 40695, 40695, 40702], ""representative_edge_mask"": 2092232, ""vertex_count"": 7}, {""canonical_edge_deck"": [7935, 36799, 36799, 39423, 39679, 39679, 39871, 40695, 40695, 40887, 40891, 40893, 40893], ""representative_edge_mask"": 1961416, ""vertex_count"": 7}, {""canonical_edge_deck"": [7935, 39871, 39933, 39933, 40887, 40893, 40893, 48055, 48087, 48087, 48094, 48117, 48117], ""representative_edge_mask"": 1961304, ""vertex_count"": 7}, {""canonical_edge_deck"": [8185, 36671, 36734, 39675, 39675, 39929, 40441, 40685, 40685, 40889, 40889, 40952], ""representative_edge_mask"": 1027784, ""vertex_count"": 7}, {""canonical_edge_deck"": [8185, 36798, 36798, 39932, 40444, 40694, 40694, 40694, 40694, 40892, 40892, 40952], ""representative_edge_mask"": 1879512, ""vertex_count"": 7}, {""canonical_edge_deck"": [8187, 36735, 36735, 39931, 40443, 40687, 40687, 40687, 40687, 40891, 40891, 40953, 40953], ""representative_edge_mask"": 2076360, ""vertex_count"": 7}, {""canonical_edge_deck"": [8187, 36799, 36862, 39933, 40445, 40695, 40695, 40702, 40702, 40893, 40893, 40953, 40956], ""representative_edge_mask"": 1044168, ""vertex_count"": 7}, {""canonical_edge_deck"": [8187, 39679, 39679, 39931, 40695, 40695, 40891, 40953, 40953, 48031, 48087, 48087, 48094], ""representative_edge_mask"": 1948888, ""vertex_count"": 7}, {""canonical_edge_deck"": [8187, 40893, 40893, 40893, 40893, 40956, 40956, 48031, 48094, 48094, 48117, 48117, 49140], ""representative_edge_mask"": 1945048, ""vertex_count"": 7}, {""canonical_edge_deck"": [8191, 8191, 8191, 8191, 8191, 8191, 8191, 8191, 16351, 16351, 16351, 16351, 16351, 16351], ""representative_edge_mask"": 1961688, ""vertex_count"": 7}, {""canonical_edge_deck"": [8191, 36863, 36863, 39935, 40447, 40703, 40703, 40703, 40703, 40895, 40895, 40955, 40957, 40957], ""representative_edge_mask"": 2092744, ""vertex_count"": 7}, {""canonical_edge_deck"": [8191, 39935, 39935, 39935, 40895, 40895, 40895, 48063, 48095, 48095, 48095, 48119, 48119, 48119], ""representative_edge_mask"": 2027224, ""vertex_count"": 7}, {""canonical_edge_deck"": [8191, 48063, 48119, 48119, 48119, 48119, 48119, 48119, 49141, 49141, 49141, 64439, 64439, 64439], ""representative_edge_mask"": 1826258, ""vertex_count"": 7}, {""canonical_edge_deck"": [16350, 40702, 40702, 40702, 40702, 40891, 40891, 40891, 40891, 48094, 48094, 48094, 48094], ""representative_edge_mask"": 1043672, ""vertex_count"": 7}, {""canonical_edge_deck"": [16351, 40703, 40703, 40703, 40703, 40955, 40955, 40955, 40955, 48095, 48095, 48095, 48095, 49118], ""representative_edge_mask"": 2092248, ""vertex_count"": 7}, {""canonical_edge_deck"": [16351, 40895, 40895, 40957, 40957, 40957, 40957, 48095, 48095, 48119, 48119, 49118, 49141, 49141], ""representative_edge_mask"": 1044184, ""vertex_count"": 7}, {""canonical_edge_deck"": [16383, 16383, 16383, 16383, 16383, 16383, 16383, 16383, 16383, 16383, 16383, 16383, 16383, 16383, 16383], ""representative_edge_mask"": 2029418, ""vertex_count"": 7}, {""canonical_edge_deck"": [16383, 40959, 40959, 40959, 40959, 40959, 40959, 48127, 48127, 49119, 49119, 49119, 49143, 49143, 49143], ""representative_edge_mask"": 2092760, ""vertex_count"": 7}, {""canonical_edge_deck"": [16383, 48127, 48127, 48127, 48127, 49143, 49143, 49143, 49143, 49143, 49143, 64447, 64447, 64447, 64447], ""representative_edge_mask"": 1046378, ""vertex_count"": 7}, {""canonical_edge_deck"": [32767, 49151, 49151, 49151, 49151, 49151, 49151, 49151, 49151, 49151, 49151, 64511, 64511, 64511, 64511, 64511], ""representative_edge_mask"": 2094954, ""vertex_count"": 7}, {""canonical_edge_deck"": [34014, 36074, 36074, 36074, 36084, 36084, 36084, 39345, 39345], ""representative_edge_mask"": 1030208, ""vertex_count"": 7}, {""canonical_edge_deck"": [34015, 36075, 36075, 36075, 36085, 36085, 36085, 39349, 39349, 101610], ""representative_edge_mask"": 2078784, ""vertex_count"": 7}, {""canonical_edge_deck"": [34027, 34027, 34027, 39573, 39573, 39573, 39573, 39573, 39573], ""representative_edge_mask"": 2068616, ""vertex_count"": 7}, {""canonical_edge_deck"": [34028, 35050, 35050, 35622, 36644, 36644, 39585, 39585], ""representative_edge_mask"": 988296, ""vertex_count"": 7}, {""canonical_edge_deck"": [34029, 35051, 36074, 36646, 39573, 39574, 39589, 39589, 104012], ""representative_edge_mask"": 1021064, ""vertex_count"": 7}, {""canonical_edge_deck"": [34031, 36075, 36075, 39575, 39575, 39605, 39605, 104011, 104013, 104013], ""representative_edge_mask"": 2069640, ""vertex_count"": 7}, {""canonical_edge_deck"": [34036, 34036, 36641, 36641, 36644, 36644, 36644, 36644], ""representative_edge_mask"": 734344, ""vertex_count"": 7}, {""canonical_edge_deck"": [34037, 34037, 36643, 36643, 39574, 39574, 39574, 39574, 104082], ""representative_edge_mask"": 1782920, ""vertex_count"": 7}, {""canonical_edge_deck"": [34038, 36084, 36643, 36645, 36646, 39596, 39596, 104012, 104082], ""representative_edge_mask"": 767112, ""vertex_count"": 7}, {""canonical_edge_deck"": [34039, 36085, 36647, 36651, 39575, 39606, 39606, 104013, 104083, 104086], ""representative_edge_mask"": 1815688, ""vertex_count"": 7}, {""canonical_edge_deck"": [34046, 36651, 39644, 39857, 39857, 101610, 104013, 104013, 104086, 104086], ""representative_edge_mask"": 1029256, ""vertex_count"": 7}, {""canonical_edge_deck"": [34047, 36715, 39645, 39861, 39861, 101611, 104015, 104015, 104087, 104087, 104154], ""representative_edge_mask"": 2077832, ""vertex_count"": 7}, {""canonical_edge_deck"": [34224, 34224, 34224, 35617, 35617, 35617, 35617], ""representative_edge_mask"": 203336, ""vertex_count"": 7}, {""canonical_edge_deck"": [34225, 35619, 35619, 36272, 36272, 36644, 36644, 102176], ""representative_edge_mask"": 366984, ""vertex_count"": 7}, {""canonical_edge_deck"": [34227, 36646, 36646, 36646, 36646, 39352, 39352, 102178, 102178], ""representative_edge_mask"": 498056, ""vertex_count"": 7}, {""canonical_edge_deck"": [34228, 34228, 34228, 36641, 36641, 36641, 36641, 102176], ""representative_edge_mask"": 1251912, ""vertex_count"": 7}, {""canonical_edge_deck"": [34229, 36276, 36276, 36643, 36643, 36645, 36645, 102177, 102178], ""representative_edge_mask"": 1284680, ""vertex_count"": 7}, {""canonical_edge_deck"": [34231, 36647, 36647, 36647, 36647, 39356, 39356, 102179, 102179, 102182], ""representative_edge_mask"": 1890696, ""vertex_count"": 7}, {""canonical_edge_deck"": [34233, 35623, 39574, 39574, 39664, 39664, 102178, 102178, 104012], ""representative_edge_mask"": 891272, ""vertex_count"": 7}, {""canonical_edge_deck"": [34235, 39575, 39575, 39864, 39864, 102182, 104013, 104013, 106274, 106274], ""representative_edge_mask"": 1022344, ""vertex_count"": 7}, {""canonical_edge_deck"": [34236, 36645, 36645, 36660, 36660, 102177, 102178, 104082, 104082], ""representative_edge_mask"": 239954, ""vertex_count"": 7}, {""canonical_edge_deck"": [34237, 36647, 39644, 39668, 39668, 102179, 104083, 104086, 106273, 106274], ""representative_edge_mask"": 907656, ""vertex_count"": 7}, {""canonical_edge_deck"": [34239, 39645, 39645, 39868, 39868, 102183, 104087, 104087, 106275, 106275, 106278], ""representative_edge_mask"": 1956232, ""vertex_count"": 7}, {""canonical_edge_deck"": [34299, 48021, 48021, 104015, 104015, 104015, 104015, 106278, 106278, 106278, 106278], ""representative_edge_mask"": 2070920, ""vertex_count"": 7}, {""canonical_edge_deck"": [34300, 40880, 40880, 102182, 104086, 104086, 104086, 104086, 106273, 106273], ""representative_edge_mask"": 514440, ""vertex_count"": 7}, {""canonical_edge_deck"": [34301, 48022, 48022, 104087, 104087, 104154, 104154, 106275, 106275, 106278, 112481], ""representative_edge_mask"": 1038728, ""vertex_count"": 7}, {""canonical_edge_deck"": [34303, 48053, 48053, 104155, 104155, 104155, 104155, 106279, 106279, 112459, 112483, 112483], ""representative_edge_mask"": 2087304, ""vertex_count"": 7}, {""canonical_edge_deck"": [34740, 34740, 34740, 102177, 102177, 102177, 102177, 102177, 102177], ""representative_edge_mask"": 698706, ""vertex_count"": 7}, {""canonical_edge_deck"": [34741, 36788, 36788, 102179, 102179, 102179, 106273, 106273, 106273, 127777], ""representative_edge_mask"": 764242, ""vertex_count"": 7}, {""canonical_edge_deck"": [34743, 40884, 40884, 102183, 106275, 106275, 106275, 106275, 112481, 127779, 127779], ""representative_edge_mask"": 1420626, ""vertex_count"": 7}, {""canonical_edge_deck"": [34751, 48116, 48116, 106279, 106279, 106279, 112483, 112483, 112483, 127787, 127787, 127787], ""representative_edge_mask"": 1037650, ""vertex_count"": 7}, {""canonical_edge_deck"": [34815, 64437, 64437, 112491, 112491, 112491, 112491, 112491, 112491, 127851, 127851, 127851, 127851], ""representative_edge_mask"": 2086226, ""vertex_count"": 7}, {""canonical_edge_deck"": [35038, 36076, 36076, 36076, 36076, 36076, 36076, 39345, 39345], ""representative_edge_mask"": 998464, ""vertex_count"": 7}, {""canonical_edge_deck"": [35039, 36077, 36077, 36077, 36077, 36077, 36077, 39349, 39349, 101612], ""representative_edge_mask"": 2047040, ""vertex_count"": 7}, {""canonical_edge_deck"": [35052, 35052, 36208, 36208, 39585, 39585, 39585, 39585], ""representative_edge_mask"": 924808, ""vertex_count"": 7}, {""canonical_edge_deck"": [35053, 35053, 36216, 36216, 39589, 39589, 39589, 39589, 104020], ""representative_edge_mask"": 1973384, ""vertex_count"": 7}, {""canonical_edge_deck"": [35054, 36076, 36209, 36652, 39587, 39589, 39596, 104012, 104020], ""representative_edge_mask"": 957576, ""vertex_count"": 7}, {""canonical_edge_deck"": [35055, 36077, 36217, 36654, 39591, 39605, 39606, 104013, 104021, 104022], ""representative_edge_mask"": 2006152, ""vertex_count"": 7}, {""canonical_edge_deck"": [35070, 36716, 36716, 39857, 39857, 101612, 104022, 104022, 104022, 104022], ""representative_edge_mask"": 965768, ""vertex_count"": 7}, {""canonical_edge_deck"": [35071, 36718, 36718, 39861, 39861, 101613, 104023, 104023, 104023, 104023, 104156], ""representative_edge_mask"": 2014344, ""vertex_count"": 7}, {""canonical_edge_deck"": [35177, 35177, 35177, 35177, 36272, 36272, 36272, 36272], ""representative_edge_mask"": 504000, ""vertex_count"": 7}, {""canonical_edge_deck"": [35179, 35179, 36074, 36074, 36273, 36273, 36276, 36276, 101736], ""representative_edge_mask"": 1028288, ""vertex_count"": 7}, {""canonical_edge_deck"": [35180, 35180, 36208, 36208, 36208, 36208, 36272, 36272], ""representative_edge_mask"": 472256, ""vertex_count"": 7}, {""canonical_edge_deck"": [35181, 36216, 36216, 36280, 36280, 39345, 39352, 101736, 101744], ""representative_edge_mask"": 505024, ""vertex_count"": 7}, {""canonical_edge_deck"": [35182, 35182, 36209, 36209, 36209, 36209, 36276, 36276, 101744], ""representative_edge_mask"": 1520832, ""vertex_count"": 7}, {""canonical_edge_deck"": [35183, 36217, 36217, 36281, 36281, 39349, 39356, 101737, 101745, 101752], ""representative_edge_mask"": 1553600, ""vertex_count"": 7}, {""canonical_edge_deck"": [35184, 35184, 35184, 35184, 35184, 35184, 35184], ""representative_edge_mask"": 399560, ""vertex_count"": 7}, {""canonical_edge_deck"": [35185, 35192, 35192, 36272, 36272, 39585, 39585, 104096], ""representative_edge_mask"": 465096, ""vertex_count"": 7}, {""canonical_edge_deck"": [35186, 35186, 35628, 36208, 36208, 36644, 36644, 104096], ""representative_edge_mask"": 432328, ""vertex_count"": 7}, {""canonical_edge_deck"": [35187, 36216, 36273, 36280, 36646, 39589, 39596, 104097, 104100], ""representative_edge_mask"": 497864, ""vertex_count"": 7}, {""canonical_edge_deck"": [35190, 36209, 36209, 36652, 36652, 39574, 39574, 104097, 104097], ""representative_edge_mask"": 1480904, ""vertex_count"": 7}, {""canonical_edge_deck"": [35191, 36281, 36281, 36654, 36654, 39606, 39606, 104099, 104101, 104101], ""representative_edge_mask"": 1985928, ""vertex_count"": 7}, {""canonical_edge_deck"": [35193, 35193, 39589, 39589, 39664, 39664, 101736, 104100, 104100], ""representative_edge_mask"": 989384, ""vertex_count"": 7}, {""canonical_edge_deck"": [35194, 35630, 36209, 36276, 36660, 39594, 104012, 104097, 104100], ""representative_edge_mask"": 956616, ""vertex_count"": 7}, {""canonical_edge_deck"": [35195, 36217, 39605, 39665, 39668, 101737, 104013, 104101, 104106, 104168], ""representative_edge_mask"": 1022152, ""vertex_count"": 7}, {""canonical_edge_deck"": [35196, 36652, 39594, 39596, 39664, 101744, 104020, 104097, 104100], ""representative_edge_mask"": 432472, ""vertex_count"": 7}, {""canonical_edge_deck"": [35197, 36654, 39665, 39857, 39864, 101752, 104021, 104101, 104168, 104176], ""representative_edge_mask"": 1527176, ""vertex_count"": 7}, {""canonical_edge_deck"": [35198, 36716, 39606, 39657, 39668, 101745, 104022, 104099, 104106, 104176], ""representative_edge_mask"": 1002888, ""vertex_count"": 7}, {""canonical_edge_deck"": [35199, 36718, 39673, 39861, 39868, 101753, 104023, 104103, 104169, 104177, 104184], ""representative_edge_mask"": 2051464, ""vertex_count"": 7}, {""canonical_edge_deck"": [35320, 39352, 39352, 39587, 39587, 104100, 104100, 104100, 104100], ""representative_edge_mask"": 466312, ""vertex_count"": 7}, {""canonical_edge_deck"": [35321, 39591, 39591, 39864, 39864, 104168, 104168, 104168, 104168, 106208], ""representative_edge_mask"": 1514888, ""vertex_count"": 7}, {""canonical_edge_deck"": [35322, 39864, 40880, 104022, 104022, 104106, 104106, 104176, 104176, 106208], ""representative_edge_mask"": 990600, ""vertex_count"": 7}, {""canonical_edge_deck"": [35323, 48021, 48022, 104023, 104023, 104169, 104169, 104184, 104184, 111558, 112460], ""representative_edge_mask"": 2039176, ""vertex_count"": 7}, {""canonical_edge_deck"": [35326, 48022, 48022, 104156, 104156, 104177, 104177, 104177, 104177, 112460, 112460], ""representative_edge_mask"": 1784264, ""vertex_count"": 7}, {""canonical_edge_deck"": [35327, 48053, 48053, 104157, 104157, 104185, 104185, 104185, 104185, 112462, 112462, 112492], ""representative_edge_mask"": 2055560, ""vertex_count"": 7}, {""canonical_edge_deck"": [35627, 35627, 36273, 36273, 36660, 36660, 101736, 102178, 102178], ""representative_edge_mask"": 498248, ""vertex_count"": 7}, {""canonical_edge_deck"": [35629, 36280, 36280, 39596, 39596, 102178, 102178, 104097, 104100], ""representative_edge_mask"": 241032, ""vertex_count"": 7}, {""canonical_edge_deck"": [35631, 36281, 39606, 39665, 39668, 102186, 104106, 104168, 106274, 106280], ""representative_edge_mask"": 1416584, ""vertex_count"": 7}, {""canonical_edge_deck"": [35646, 39356, 39356, 39657, 39657, 104106, 104106, 104106, 104106, 106208], ""representative_edge_mask"": 1521864, ""vertex_count"": 7}, {""canonical_edge_deck"": [35647, 39673, 39673, 39868, 39868, 106209, 106282, 106282, 106282, 106282, 111558], ""representative_edge_mask"": 1482066, ""vertex_count"": 7}, {""canonical_edge_deck"": [35691, 35691, 36788, 36788, 101737, 101737, 101737, 102186, 102186, 102186], ""representative_edge_mask"": 1022536, ""vertex_count"": 7}, {""canonical_edge_deck"": [35692, 35692, 36660, 36660, 101744, 104097, 104097, 104097, 104097], ""representative_edge_mask"": 366936, ""vertex_count"": 7}, {""canonical_edge_deck"": [35693, 39857, 40880, 101752, 102186, 104101, 104101, 104368, 106280, 106280], ""representative_edge_mask"": 503176, ""vertex_count"": 7}, {""canonical_edge_deck"": [35694, 35694, 36788, 36788, 101745, 104106, 104106, 104106, 104106, 104368], ""representative_edge_mask"": 1486216, ""vertex_count"": 7}, {""canonical_edge_deck"": [35695, 39861, 40884, 101753, 102250, 104169, 104169, 104372, 106282, 106282, 106344], ""representative_edge_mask"": 1551752, ""vertex_count"": 7}, {""canonical_edge_deck"": [35702, 39668, 39668, 104099, 104106, 104106, 104176, 104176, 104368, 104368], ""representative_edge_mask"": 891224, ""vertex_count"": 7}, {""canonical_edge_deck"": [35703, 48022, 48022, 104103, 104184, 104184, 106282, 106282, 106344, 106344, 112546], ""representative_edge_mask"": 1416536, ""vertex_count"": 7}, {""canonical_edge_deck"": [35710, 39868, 40884, 104177, 104177, 104372, 104372, 106209, 112460, 112546, 112546], ""representative_edge_mask"": 957778, ""vertex_count"": 7}, {""canonical_edge_deck"": [35711, 48053, 48116, 104185, 104185, 106346, 106346, 111559, 112462, 112554, 112610, 112610], ""representative_edge_mask"": 2006354, ""vertex_count"": 7}, {""canonical_edge_deck"": [35838, 48116, 48116, 112492, 112492, 112492, 112554, 112554, 112554, 112554, 112554, 112554], ""representative_edge_mask"": 1750482, ""vertex_count"": 7}, {""canonical_edge_deck"": [35839, 64437, 64437, 112494, 112494, 112494, 112618, 112618, 112618, 112618, 112618, 112618, 128876], ""representative_edge_mask"": 2022738, ""vertex_count"": 7}, {""canonical_edge_deck"": [36062, 36062, 36062, 36062, 36062, 36062, 36062, 36062, 36062, 36062], ""representative_edge_mask"": 1047552, ""vertex_count"": 7}, {""canonical_edge_deck"": [36062, 36078, 36078, 36078, 36086, 36086, 36086, 39347, 101610, 101612], ""representative_edge_mask"": 1031232, ""vertex_count"": 7}, {""canonical_edge_deck"": [36063, 36063, 36063, 36063, 36063, 36063, 36063, 36063, 36063, 36063, 101598], ""representative_edge_mask"": 2096128, ""vertex_count"": 7}, {""canonical_edge_deck"": [36063, 36079, 36079, 36079, 36087, 36087, 36087, 39351, 101611, 101613, 101614], ""representative_edge_mask"": 2079808, ""vertex_count"": 7}, {""canonical_edge_deck"": [36075, 36075, 36075, 36075, 36277, 36277, 36277, 36277, 101737, 101737], ""representative_edge_mask"": 2076864, ""vertex_count"": 7}, {""canonical_edge_deck"": [36076, 36076, 36076, 36076, 36274, 36274, 36274, 36274, 101736], ""representative_edge_mask"": 520384, ""vertex_count"": 7}, {""canonical_edge_deck"": [36076, 36084, 36209, 36209, 36212, 36212, 36273, 36274, 101744], ""representative_edge_mask"": 996544, ""vertex_count"": 7}, {""canonical_edge_deck"": [36077, 36077, 36078, 36078, 36275, 36275, 36278, 36278, 101737, 101740], ""representative_edge_mask"": 1044672, ""vertex_count"": 7}, {""canonical_edge_deck"": [36077, 36085, 36211, 36211, 36213, 36213, 36277, 36278, 101745, 101746], ""representative_edge_mask"": 2045120, ""vertex_count"": 7}, {""canonical_edge_deck"": [36078, 36078, 36211, 39582, 39597, 39597, 104013, 104013, 104022, 104022], ""representative_edge_mask"": 1023112, ""vertex_count"": 7}, {""canonical_edge_deck"": [36078, 36217, 36217, 36284, 36284, 39353, 101610, 101737, 101746, 101752], ""representative_edge_mask"": 1029312, ""vertex_count"": 7}, {""canonical_edge_deck"": [36079, 36079, 36079, 36079, 36279, 36279, 36279, 36279, 101739, 101741, 101741], ""representative_edge_mask"": 2093248, ""vertex_count"": 7}, {""canonical_edge_deck"": [36079, 36079, 36219, 39583, 39607, 39607, 104015, 104015, 104023, 104023, 104030], ""representative_edge_mask"": 2071688, ""vertex_count"": 7}, {""canonical_edge_deck"": [36079, 36219, 36219, 36285, 36285, 39357, 101611, 101739, 101747, 101753, 101754], ""representative_edge_mask"": 2077888, ""vertex_count"": 7}, {""canonical_edge_deck"": [36086, 36086, 36213, 36213, 36213, 36213, 36275, 36275, 101746, 101746], ""representative_edge_mask"": 1977792, ""vertex_count"": 7}, {""canonical_edge_deck"": [36086, 36086, 36653, 36653, 39597, 39597, 104022, 104022, 104086, 104086], ""representative_edge_mask"": 769160, ""vertex_count"": 7}, {""canonical_edge_deck"": [36086, 36220, 36220, 36282, 36282, 39353, 101612, 101740, 101746, 101752], ""representative_edge_mask"": 521408, ""vertex_count"": 7}, {""canonical_edge_deck"": [36087, 36087, 36215, 36215, 36215, 36215, 36279, 36279, 101747, 101747, 101750], ""representative_edge_mask"": 2061504, ""vertex_count"": 7}, {""canonical_edge_deck"": [36087, 36087, 36655, 36655, 39607, 39607, 104023, 104023, 104087, 104087, 104094], ""representative_edge_mask"": 1817736, ""vertex_count"": 7}, {""canonical_edge_deck"": [36087, 36221, 36221, 36283, 36283, 39357, 101613, 101741, 101747, 101753, 101756], ""representative_edge_mask"": 1569984, ""vertex_count"": 7}, {""canonical_edge_deck"": [36094, 36094, 36094, 36094, 36094, 36094, 101598, 101614, 101614, 101614, 101614], ""representative_edge_mask"": 1047616, ""vertex_count"": 7}, {""canonical_edge_deck"": [36094, 36221, 36221, 36286, 36286, 39355, 101614, 101741, 101750, 101754, 101756], ""representative_edge_mask"": 1045696, ""vertex_count"": 7}, {""canonical_edge_deck"": [36094, 36717, 39646, 39859, 101614, 104030, 104030, 104094, 104094, 104154, 104156], ""representative_edge_mask"": 1031304, ""vertex_count"": 7}, {""canonical_edge_deck"": [36095, 36095, 36095, 36095, 36095, 36095, 101599, 101615, 101615, 101615, 101615, 101630], ""representative_edge_mask"": 2096192, ""vertex_count"": 7}, {""canonical_edge_deck"": [36095, 36223, 36223, 36287, 36287, 39359, 101615, 101743, 101751, 101755, 101757, 101758], ""representative_edge_mask"": 2094272, ""vertex_count"": 7}, {""canonical_edge_deck"": [36095, 36719, 39647, 39863, 101615, 104031, 104031, 104095, 104095, 104155, 104157, 104158], ""representative_edge_mask"": 2079880, ""vertex_count"": 7}, {""canonical_edge_deck"": [36211, 36217, 36277, 36662, 39575, 39598, 104013, 104099, 104101, 104106], ""representative_edge_mask"": 1546440, ""vertex_count"": 7}, {""canonical_edge_deck"": [36212, 36212, 36212, 39594, 39594, 39594, 104020, 104020, 104020], ""representative_edge_mask"": 702664, ""vertex_count"": 7}, {""canonical_edge_deck"": [36212, 36212, 36645, 36645, 36652, 36652, 104082, 104097, 104097], ""representative_edge_mask"": 699784, ""vertex_count"": 7}, {""canonical_edge_deck"": [36213, 36213, 36220, 39595, 39598, 39598, 104021, 104022, 104022, 104052], ""representative_edge_mask"": 513224, ""vertex_count"": 7}, {""canonical_edge_deck"": [36213, 36213, 36653, 36653, 39582, 39582, 104083, 104099, 104099, 104114], ""representative_edge_mask"": 970120, ""vertex_count"": 7}, {""canonical_edge_deck"": [36213, 36284, 36647, 36654, 36661, 39598, 104086, 104101, 104106, 104114], ""representative_edge_mask"": 1494408, ""vertex_count"": 7}, {""canonical_edge_deck"": [36215, 36221, 36221, 39599, 39599, 39614, 104023, 104023, 104030, 104053, 104053], ""representative_edge_mask"": 1037512, ""vertex_count"": 7}, {""canonical_edge_deck"": [36215, 36285, 36655, 36663, 39583, 39614, 104087, 104103, 104107, 104115, 104118], ""representative_edge_mask"": 2018696, ""vertex_count"": 7}, {""canonical_edge_deck"": [36219, 36219, 39669, 39669, 101739, 104015, 104015, 104107, 104107, 104169, 104169], ""representative_edge_mask"": 2070728, ""vertex_count"": 7}, {""canonical_edge_deck"": [36220, 36653, 39660, 39666, 101746, 104022, 104086, 104101, 104114, 104176], ""representative_edge_mask"": 511368, ""vertex_count"": 7}, {""canonical_edge_deck"": [36221, 36655, 39676, 39865, 101754, 104023, 104118, 104154, 104169, 104178, 104184], ""representative_edge_mask"": 1559944, ""vertex_count"": 7}, {""canonical_edge_deck"": [36221, 36717, 39661, 39670, 101747, 104030, 104087, 104107, 104115, 104177, 104178], ""representative_edge_mask"": 1035656, ""vertex_count"": 7}, {""canonical_edge_deck"": [36223, 36223, 36223, 39615, 39615, 39615, 104031, 104031, 104031, 104055, 104055, 104055], ""representative_edge_mask"": 2086088, ""vertex_count"": 7}, {""canonical_edge_deck"": [36223, 36719, 39677, 39869, 101755, 104031, 104119, 104155, 104171, 104179, 104185, 104186], ""representative_edge_mask"": 2084232, ""vertex_count"": 7}, {""canonical_edge_deck"": [36274, 36274, 36280, 36280, 39587, 39587, 104020, 104100, 104100], ""representative_edge_mask"": 243912, ""vertex_count"": 7}, {""canonical_edge_deck"": [36274, 36274, 36652, 36652, 36652, 36652, 101744, 102178, 102178], ""representative_edge_mask"": 826760, ""vertex_count"": 7}, {""canonical_edge_deck"": [36275, 36275, 36344, 36344, 39597, 39597, 104021, 104101, 104101, 104108], ""representative_edge_mask"": 498888, ""vertex_count"": 7}, {""canonical_edge_deck"": [36275, 36654, 36654, 36662, 36662, 39353, 101752, 102182, 102186, 102188], ""representative_edge_mask"": 1303944, ""vertex_count"": 7}, {""canonical_edge_deck"": [36277, 36277, 36651, 36651, 36661, 36661, 101737, 102179, 102179, 102186], ""representative_edge_mask"": 1546824, ""vertex_count"": 7}, {""canonical_edge_deck"": [36278, 36278, 36653, 36653, 36653, 36653, 101745, 102179, 102179, 102188], ""representative_edge_mask"": 779656, ""vertex_count"": 7}, {""canonical_edge_deck"": [36278, 36281, 36282, 36662, 39591, 39595, 104022, 104101, 104106, 104108], ""representative_edge_mask"": 957640, ""vertex_count"": 7}, {""canonical_edge_deck"": [36279, 36283, 36345, 36670, 39599, 39607, 104023, 104103, 104107, 104109, 104110], ""representative_edge_mask"": 1547464, ""vertex_count"": 7}, {""canonical_edge_deck"": [36279, 36655, 36655, 36663, 36663, 39357, 101753, 102183, 102187, 102189, 102190], ""representative_edge_mask"": 1828232, ""vertex_count"": 7}, {""canonical_edge_deck"": [36280, 36280, 36280, 36280, 36280, 36280, 101744, 101744, 101744], ""representative_edge_mask"": 235864, ""vertex_count"": 7}, {""canonical_edge_deck"": [36281, 36281, 36282, 36282, 36284, 36284, 101745, 101746, 101746, 103864], ""representative_edge_mask"": 961984, ""vertex_count"": 7}, {""canonical_edge_deck"": [36282, 36282, 39666, 39666, 101740, 104022, 104022, 104108, 104108, 104168], ""representative_edge_mask"": 990408, ""vertex_count"": 7}, {""canonical_edge_deck"": [36282, 39582, 39598, 39666, 102188, 104022, 104099, 104176, 106274, 106280], ""representative_edge_mask"": 892296, ""vertex_count"": 7}, {""canonical_edge_deck"": [36283, 36283, 36285, 36285, 36286, 36286, 101747, 101747, 101750, 103865, 103865], ""representative_edge_mask"": 2010560, ""vertex_count"": 7}, {""canonical_edge_deck"": [36283, 36346, 39667, 39670, 101741, 104023, 104030, 104109, 104110, 104169, 104172], ""representative_edge_mask"": 1023176, ""vertex_count"": 7}, {""canonical_edge_deck"": [36283, 39583, 39669, 39865, 102190, 104023, 104107, 104184, 106278, 106282, 106284], ""representative_edge_mask"": 1940872, ""vertex_count"": 7}, {""canonical_edge_deck"": [36284, 36653, 36662, 39660, 102179, 104086, 104106, 104114, 106273, 106280], ""representative_edge_mask"": 765320, ""vertex_count"": 7}, {""canonical_edge_deck"": [36284, 36724, 39657, 39665, 101746, 104022, 104052, 104106, 104108, 104176], ""representative_edge_mask"": 768200, ""vertex_count"": 7}, {""canonical_edge_deck"": [36285, 36655, 39669, 39676, 102187, 104087, 104118, 104169, 106275, 106281, 106282], ""representative_edge_mask"": 1813896, ""vertex_count"": 7}, {""canonical_edge_deck"": [36285, 36726, 39659, 39669, 101747, 104023, 104053, 104107, 104110, 104177, 104180], ""representative_edge_mask"": 1816776, ""vertex_count"": 7}, {""canonical_edge_deck"": [36286, 36286, 36663, 36663, 39599, 39599, 104094, 104110, 104110, 104118, 104118], ""representative_edge_mask"": 1744584, ""vertex_count"": 7}, {""canonical_edge_deck"": [36286, 36726, 39674, 39865, 101756, 104053, 104110, 104156, 104172, 104180, 104184], ""representative_edge_mask"": 1685960, ""vertex_count"": 7}, {""canonical_edge_deck"": [36286, 39646, 39661, 39670, 102189, 104094, 104115, 104177, 106275, 106281, 106284], ""representative_edge_mask"": 1777352, ""vertex_count"": 7}, {""canonical_edge_deck"": [36287, 36287, 36287, 36287, 36287, 36287, 101751, 101751, 101751, 103867, 103867, 103867], ""representative_edge_mask"": 2026944, ""vertex_count"": 7}, {""canonical_edge_deck"": [36287, 36287, 36671, 36671, 39615, 39615, 104095, 104111, 104111, 104119, 104119, 104126], ""representative_edge_mask"": 2022600, ""vertex_count"": 7}, {""canonical_edge_deck"": [36287, 36734, 39675, 39869, 101757, 104055, 104111, 104157, 104173, 104181, 104185, 104188], ""representative_edge_mask"": 2055368, ""vertex_count"": 7}, {""canonical_edge_deck"": [36287, 39647, 39677, 39869, 102191, 104095, 104119, 104185, 106279, 106283, 106285, 106286], ""representative_edge_mask"": 1957256, ""vertex_count"": 7}, {""canonical_edge_deck"": [36344, 36344, 36344, 36344, 39347, 39347, 101752, 101752, 101752, 101752], ""representative_edge_mask"": 507072, ""vertex_count"": 7}, {""canonical_edge_deck"": [36344, 36344, 39416, 39416, 101752, 101752, 101752, 101752, 103864, 103864], ""representative_edge_mask"": 503232, ""vertex_count"": 7}, {""canonical_edge_deck"": [36344, 39416, 39597, 39597, 102182, 104101, 104101, 106208, 106280, 106280], ""representative_edge_mask"": 499080, ""vertex_count"": 7}, {""canonical_edge_deck"": [36345, 36345, 36345, 36345, 39351, 39351, 101753, 101753, 101753, 101753, 101880], ""representative_edge_mask"": 1555648, ""vertex_count"": 7}, {""canonical_edge_deck"": [36345, 36346, 39417, 39420, 101753, 101753, 101754, 101754, 103865, 103865, 103928], ""representative_edge_mask"": 1027520, ""vertex_count"": 7}, {""canonical_edge_deck"": [36345, 39607, 39607, 39928, 104169, 104169, 106278, 106282, 106282, 106296, 111558], ""representative_edge_mask"": 1547656, ""vertex_count"": 7}, {""canonical_edge_deck"": [36346, 36346, 36348, 36348, 101614, 101614, 101754, 101754, 101756, 101756, 101880], ""representative_edge_mask"": 1031360, ""vertex_count"": 7}, {""canonical_edge_deck"": [36346, 40888, 104030, 104030, 104107, 104107, 106278, 106284, 106284, 106296, 112460], ""representative_edge_mask"": 1023368, ""vertex_count"": 7}, {""canonical_edge_deck"": [36347, 36347, 36349, 36349, 101615, 101615, 101755, 101755, 101757, 101757, 101881, 101882], ""representative_edge_mask"": 2079936, ""vertex_count"": 7}, {""canonical_edge_deck"": [36347, 36347, 39421, 39421, 101755, 101755, 101755, 101755, 103867, 103867, 103929, 103929], ""representative_edge_mask"": 2076096, ""vertex_count"": 7}, {""canonical_edge_deck"": [36347, 36347, 39671, 39671, 101743, 104031, 104031, 104111, 104111, 104171, 104173, 104173], ""representative_edge_mask"": 2071752, ""vertex_count"": 7}, {""canonical_edge_deck"": [36347, 48023, 104031, 104031, 104171, 104171, 106286, 106286, 111563, 112459, 112461, 112462], ""representative_edge_mask"": 2071944, ""vertex_count"": 7}, {""canonical_edge_deck"": [36348, 36348, 39417, 39417, 101756, 101756, 101756, 101756, 103865, 103865, 103928], ""representative_edge_mask"": 900544, ""vertex_count"": 7}, {""canonical_edge_deck"": [36348, 36725, 39661, 39667, 101750, 104053, 104094, 104109, 104118, 104178, 104180], ""representative_edge_mask"": 1973960, ""vertex_count"": 7}, {""canonical_edge_deck"": [36348, 40888, 104094, 104094, 104178, 104178, 106281, 106281, 106296, 112460, 112481], ""representative_edge_mask"": 515464, ""vertex_count"": 7}, {""canonical_edge_deck"": [36349, 36350, 39419, 39421, 101757, 101757, 101758, 101758, 103867, 103867, 103929, 103932], ""representative_edge_mask"": 1043904, ""vertex_count"": 7}, {""canonical_edge_deck"": [36349, 36727, 39663, 39671, 101751, 104055, 104095, 104111, 104119, 104179, 104181, 104182], ""representative_edge_mask"": 1563848, ""vertex_count"": 7}, {""canonical_edge_deck"": [36349, 48023, 104095, 104095, 104186, 104186, 106283, 106283, 111563, 112462, 112483, 112485], ""representative_edge_mask"": 1564040, ""vertex_count"": 7}, {""canonical_edge_deck"": [36350, 36350, 36350, 36350, 101630, 101630, 101758, 101758, 101758, 101758, 101882, 101882], ""representative_edge_mask"": 1047744, ""vertex_count"": 7}, {""canonical_edge_deck"": [36350, 36727, 39678, 39867, 101758, 104055, 104126, 104158, 104173, 104182, 104186, 104188], ""representative_edge_mask"": 1039560, ""vertex_count"": 7}, {""canonical_edge_deck"": [36350, 48030, 104158, 104158, 104179, 104179, 106285, 106285, 112461, 112483, 112485, 112492], ""representative_edge_mask"": 1039752, ""vertex_count"": 7}, {""canonical_edge_deck"": [36351, 36351, 36351, 36351, 101631, 101631, 101759, 101759, 101759, 101759, 101883, 101883, 101886], ""representative_edge_mask"": 2096320, ""vertex_count"": 7}, {""canonical_edge_deck"": [36351, 36351, 39423, 39423, 101759, 101759, 101759, 101759, 103871, 103871, 103931, 103933, 103933], ""representative_edge_mask"": 2092480, ""vertex_count"": 7}, {""canonical_edge_deck"": [36351, 36735, 39679, 39871, 101759, 104063, 104127, 104159, 104175, 104183, 104187, 104189, 104190], ""representative_edge_mask"": 2088136, ""vertex_count"": 7}, {""canonical_edge_deck"": [36351, 48055, 104159, 104159, 104187, 104187, 106287, 106287, 112463, 112487, 112491, 112493, 112494], ""representative_edge_mask"": 2088328, ""vertex_count"": 7}, {""canonical_edge_deck"": [36661, 36661, 36661, 36661, 102186, 102186, 106273, 106273, 106273, 106273], ""representative_edge_mask"": 502098, ""vertex_count"": 7}, {""canonical_edge_deck"": [36661, 36716, 36724, 39644, 101746, 104099, 104099, 104114, 104114, 104368], ""representative_edge_mask"": 961928, ""vertex_count"": 7}, {""canonical_edge_deck"": [36662, 36662, 39665, 39665, 103864, 104101, 104101, 104176, 104176, 104368], ""representative_edge_mask"": 498008, ""vertex_count"": 7}, {""canonical_edge_deck"": [36663, 36663, 39676, 39676, 106275, 106275, 106281, 106281, 106282, 106282, 111585], ""representative_edge_mask"": 1289554, ""vertex_count"": 7}, {""canonical_edge_deck"": [36663, 36726, 39674, 39676, 103865, 104103, 104118, 104177, 104178, 104369, 104376], ""representative_edge_mask"": 1482440, ""vertex_count"": 7}, {""canonical_edge_deck"": [36670, 36670, 36670, 36670, 39355, 39355, 101880, 102190, 102190, 102190, 102190], ""representative_edge_mask"": 1875400, ""vertex_count"": 7}, {""canonical_edge_deck"": [36670, 36670, 39928, 39928, 103928, 104184, 104184, 104184, 104184, 104376, 104376], ""representative_edge_mask"": 1285464, ""vertex_count"": 7}, {""canonical_edge_deck"": [36670, 39420, 39661, 39661, 102183, 104118, 104118, 106209, 106281, 106281, 106296], ""representative_edge_mask"": 1285832, ""vertex_count"": 7}, {""canonical_edge_deck"": [36671, 36671, 36671, 36671, 39359, 39359, 101881, 102191, 102191, 102191, 102191, 102206], ""representative_edge_mask"": 1556040, ""vertex_count"": 7}, {""canonical_edge_deck"": [36671, 36734, 39929, 39932, 103929, 104185, 104185, 104186, 104186, 104377, 104377, 104440], ""representative_edge_mask"": 1029832, ""vertex_count"": 7}, {""canonical_edge_deck"": [36671, 39677, 39677, 39932, 106279, 106283, 106283, 106297, 111559, 111563, 111587, 111587], ""representative_edge_mask"": 1547602, ""vertex_count"": 7}, {""canonical_edge_deck"": [36715, 36715, 36789, 36789, 101739, 101739, 101739, 102187, 102187, 102187, 102250], ""representative_edge_mask"": 2071112, ""vertex_count"": 7}, {""canonical_edge_deck"": [36716, 36716, 36724, 36724, 101740, 101746, 101746, 102186, 102188, 102188], ""representative_edge_mask"": 517512, ""vertex_count"": 7}, {""canonical_edge_deck"": [36717, 36717, 36725, 36725, 101741, 101747, 101747, 102187, 102189, 102189, 102252], ""representative_edge_mask"": 1041800, ""vertex_count"": 7}, {""canonical_edge_deck"": [36717, 40881, 101754, 102187, 104107, 104107, 104154, 104369, 106281, 106281, 106344], ""representative_edge_mask"": 1027464, ""vertex_count"": 7}, {""canonical_edge_deck"": [36718, 36718, 36790, 36790, 101741, 101754, 101754, 102190, 102190, 102250, 102252], ""representative_edge_mask"": 1566088, ""vertex_count"": 7}, {""canonical_edge_deck"": [36718, 36789, 36790, 39645, 101747, 104107, 104107, 104118, 104118, 104369, 104372], ""representative_edge_mask"": 2010504, ""vertex_count"": 7}, {""canonical_edge_deck"": [36719, 36719, 36791, 36791, 101743, 101755, 101755, 102191, 102191, 102251, 102253, 102254], ""representative_edge_mask"": 2090376, ""vertex_count"": 7}, {""canonical_edge_deck"": [36719, 40885, 101755, 102251, 104155, 104171, 104171, 104373, 106283, 106283, 106345, 106346], ""representative_edge_mask"": 2076040, ""vertex_count"": 7}, {""canonical_edge_deck"": [36724, 36724, 102188, 104114, 104114, 104114, 104114, 104368, 106273, 106273], ""representative_edge_mask"": 470354, ""vertex_count"": 7}, {""canonical_edge_deck"": [36725, 36725, 39646, 39646, 101750, 104115, 104115, 104115, 104115, 104369, 104369], ""representative_edge_mask"": 1783496, ""vertex_count"": 7}, {""canonical_edge_deck"": [36725, 40881, 102190, 104118, 104118, 106281, 106281, 106344, 111585, 112481, 112545], ""representative_edge_mask"": 503122, ""vertex_count"": 7}, {""canonical_edge_deck"": [36726, 36726, 36726, 36726, 101750, 101756, 101756, 102190, 102190, 102252, 102252], ""representative_edge_mask"": 1882568, ""vertex_count"": 7}, {""canonical_edge_deck"": [36726, 40692, 104115, 104118, 104178, 104369, 106275, 106281, 106284, 112545, 112546], ""representative_edge_mask"": 964952, ""vertex_count"": 7}, {""canonical_edge_deck"": [36727, 36727, 36727, 36727, 101751, 101757, 101757, 102191, 102191, 102253, 102253, 102262], ""representative_edge_mask"": 1818184, ""vertex_count"": 7}, {""canonical_edge_deck"": [36727, 36727, 39678, 39678, 103867, 104119, 104119, 104179, 104179, 104371, 104377, 104377], ""representative_edge_mask"": 1816264, ""vertex_count"": 7}, {""canonical_edge_deck"": [36727, 48086, 104119, 104186, 106283, 106286, 106345, 111587, 112483, 112547, 112609, 112610], ""representative_edge_mask"": 1940818, ""vertex_count"": 7}, {""canonical_edge_deck"": [36734, 36734, 36798, 36798, 101758, 101758, 101882, 102206, 102254, 102254, 102262, 102262], ""representative_edge_mask"": 1031752, ""vertex_count"": 7}, {""canonical_edge_deck"": [36734, 40892, 104179, 104179, 104373, 104373, 106279, 106297, 112461, 112547, 112547, 112554], ""representative_edge_mask"": 1023314, ""vertex_count"": 7}, {""canonical_edge_deck"": [36735, 36735, 36799, 36799, 101759, 101759, 101883, 102207, 102255, 102255, 102263, 102263, 102270], ""representative_edge_mask"": 2080328, ""vertex_count"": 7}, {""canonical_edge_deck"": [36735, 36735, 39933, 39933, 103931, 104187, 104187, 104187, 104187, 104379, 104379, 104441, 104441], ""representative_edge_mask"": 2078408, ""vertex_count"": 7}, {""canonical_edge_deck"": [36735, 48117, 104187, 104187, 106347, 106347, 111591, 112463, 112491, 112555, 112611, 112611, 112618], ""representative_edge_mask"": 2071890, ""vertex_count"": 7}, {""canonical_edge_deck"": [36789, 36789, 102187, 102187, 102187, 102250, 111585, 111585, 111585, 127779, 127779], ""representative_edge_mask"": 1026386, ""vertex_count"": 7}, {""canonical_edge_deck"": [36790, 36790, 39673, 39673, 103865, 104110, 104110, 104180, 104180, 104372, 104376], ""representative_edge_mask"": 958152, ""vertex_count"": 7}, {""canonical_edge_deck"": [36790, 36790, 102189, 104372, 106281, 106281, 106281, 106281, 112545, 127779, 127779], ""representative_edge_mask"": 765266, ""vertex_count"": 7}, {""canonical_edge_deck"": [36791, 36791, 39647, 39647, 101751, 104119, 104119, 104119, 104119, 104371, 104373, 104373], ""representative_edge_mask"": 2026888, ""vertex_count"": 7}, {""canonical_edge_deck"": [36791, 36798, 39675, 39677, 103867, 104111, 104126, 104181, 104182, 104373, 104377, 104380], ""representative_edge_mask"": 2006728, ""vertex_count"": 7}, {""canonical_edge_deck"": [36791, 40885, 102191, 106283, 106283, 106346, 111587, 111587, 112609, 127783, 127787, 127789], ""representative_edge_mask"": 1551698, ""vertex_count"": 7}, {""canonical_edge_deck"": [36798, 36798, 39929, 39929, 103932, 104188, 104188, 104188, 104188, 104380, 104380, 104440], ""representative_edge_mask"": 1875800, ""vertex_count"": 7}, {""canonical_edge_deck"": [36798, 40892, 106285, 106285, 106297, 112485, 112547, 112547, 112554, 127787, 127789, 127789], ""representative_edge_mask"": 765394, ""vertex_count"": 7}, {""canonical_edge_deck"": [36799, 36799, 39679, 39679, 103871, 104127, 104127, 104183, 104183, 104375, 104379, 104381, 104381], ""representative_edge_mask"": 2026952, ""vertex_count"": 7}, {""canonical_edge_deck"": [36799, 36862, 39931, 39933, 103933, 104189, 104189, 104190, 104190, 104381, 104381, 104441, 104444], ""representative_edge_mask"": 2014920, ""vertex_count"": 7}, {""canonical_edge_deck"": [36799, 48117, 106287, 106287, 111591, 112487, 112611, 112611, 112618, 127791, 127791, 127851, 127853], ""representative_edge_mask"": 1817938, ""vertex_count"": 7}, {""canonical_edge_deck"": [36862, 36862, 36862, 36862, 101886, 101886, 101886, 102270, 102270, 102270, 102270, 102270, 102270], ""representative_edge_mask"": 1048136, ""vertex_count"": 7}, {""canonical_edge_deck"": [36862, 49140, 112493, 112493, 112493, 112555, 112555, 112555, 127851, 127853, 127853, 127853, 128876], ""representative_edge_mask"": 1039698, ""vertex_count"": 7}, {""canonical_edge_deck"": [36863, 36863, 36863, 36863, 101887, 101887, 101887, 102271, 102271, 102271, 102271, 102271, 102271, 102398], ""representative_edge_mask"": 2096712, ""vertex_count"": 7}, {""canonical_edge_deck"": [36863, 36863, 39935, 39935, 103935, 104191, 104191, 104191, 104191, 104383, 104383, 104443, 104445, 104445], ""representative_edge_mask"": 2094792, ""vertex_count"": 7}, {""canonical_edge_deck"": [36863, 64439, 112495, 112495, 112495, 112619, 112619, 112619, 127855, 127855, 127855, 128875, 128877, 128878], ""representative_edge_mask"": 2088274, ""vertex_count"": 7}, {""canonical_edge_deck"": [39353, 39595, 39597, 39666, 101752, 104101, 104108, 104168, 104176, 106208], ""representative_edge_mask"": 506056, ""vertex_count"": 7}, {""canonical_edge_deck"": [39355, 39667, 39667, 39859, 101880, 104109, 104109, 104184, 104184, 106210, 106210], ""representative_edge_mask"": 1908168, ""vertex_count"": 7}, {""canonical_edge_deck"": [39357, 39607, 39659, 39674, 101753, 104107, 104110, 104169, 104177, 106209, 106210], ""representative_edge_mask"": 1554632, ""vertex_count"": 7}, {""canonical_edge_deck"": [39359, 39675, 39675, 39863, 101881, 104111, 104111, 104185, 104185, 106211, 106211, 106214], ""representative_edge_mask"": 1555656, ""vertex_count"": 7}, {""canonical_edge_deck"": [39416, 39416, 104108, 104108, 104108, 104108, 106208, 106208, 106208, 106208], ""representative_edge_mask"": 244168, ""vertex_count"": 7}, {""canonical_edge_deck"": [39417, 39599, 39667, 39670, 102190, 104103, 104110, 106210, 106282, 106284, 106296], ""representative_edge_mask"": 761544, ""vertex_count"": 7}, {""canonical_edge_deck"": [39417, 40888, 104110, 104110, 104172, 104172, 106210, 106210, 111558, 112460, 112468], ""representative_edge_mask"": 990664, ""vertex_count"": 7}, {""canonical_edge_deck"": [39419, 39671, 39671, 39867, 102206, 104111, 104111, 106214, 106286, 106286, 106298, 106298], ""representative_edge_mask"": 1940936, ""vertex_count"": 7}, {""canonical_edge_deck"": [39419, 48030, 104173, 104173, 104173, 104173, 106214, 106214, 112462, 112462, 112470, 112470], ""representative_edge_mask"": 2039240, ""vertex_count"": 7}, {""canonical_edge_deck"": [39420, 39928, 104180, 104180, 104180, 104180, 106209, 106209, 112460, 112460, 112468], ""representative_edge_mask"": 768456, ""vertex_count"": 7}, {""canonical_edge_deck"": [39421, 39663, 39671, 39678, 102191, 104119, 104126, 106211, 106283, 106285, 106297, 106298], ""representative_edge_mask"": 1810120, ""vertex_count"": 7}, {""canonical_edge_deck"": [39421, 48023, 104181, 104181, 104188, 104188, 106211, 106211, 112462, 112470, 112492, 112500], ""representative_edge_mask"": 1817032, ""vertex_count"": 7}, {""canonical_edge_deck"": [39423, 39679, 39679, 39871, 102207, 104127, 104127, 106215, 106287, 106287, 106299, 106299, 106302], ""representative_edge_mask"": 1957320, ""vertex_count"": 7}, {""canonical_edge_deck"": [39423, 48055, 104189, 104189, 104189, 104189, 106215, 106215, 112478, 112494, 112494, 112502, 112502], ""representative_edge_mask"": 2055624, ""vertex_count"": 7}, {""canonical_edge_deck"": [39598, 39598, 39598, 39598, 104168, 104168, 104176, 104176, 104176, 104176], ""representative_edge_mask"": 989528, ""vertex_count"": 7}, {""canonical_edge_deck"": [39599, 39599, 39865, 39865, 104184, 104184, 106210, 106210, 111558, 111558, 111564], ""representative_edge_mask"": 1482072, ""vertex_count"": 7}, {""canonical_edge_deck"": [39614, 39614, 39674, 39674, 104177, 104177, 106282, 106282, 106284, 106284, 111564], ""representative_edge_mask"": 1489240, ""vertex_count"": 7}, {""canonical_edge_deck"": [39615, 39675, 39869, 39929, 104185, 106211, 106286, 106298, 111559, 111563, 111565, 111566], ""representative_edge_mask"": 1553752, ""vertex_count"": 7}, {""canonical_edge_deck"": [39646, 40881, 101756, 102252, 104156, 104178, 104178, 104369, 106284, 106284, 106344], ""representative_edge_mask"": 519560, ""vertex_count"": 7}, {""canonical_edge_deck"": [39647, 40885, 101757, 102254, 104157, 104186, 104186, 104373, 106286, 106286, 106346, 106348], ""representative_edge_mask"": 1568136, ""vertex_count"": 7}, {""canonical_edge_deck"": [39659, 40692, 101754, 101754, 104030, 104169, 104169, 104180, 104180, 106210, 106210], ""representative_edge_mask"": 1030344, ""vertex_count"": 7}, {""canonical_edge_deck"": [39660, 39660, 104052, 104052, 104114, 104114, 104176, 104176, 104176, 104176], ""representative_edge_mask"": 637272, ""vertex_count"": 7}, {""canonical_edge_deck"": [39661, 40881, 104053, 104118, 104178, 104180, 104184, 106210, 111564, 112460, 112524], ""representative_edge_mask"": 997720, ""vertex_count"": 7}, {""canonical_edge_deck"": [39663, 48086, 104055, 104186, 104186, 106218, 111566, 111566, 112462, 112462, 112526, 112526], ""representative_edge_mask"": 1815896, ""vertex_count"": 7}, {""canonical_edge_deck"": [39666, 39666, 102188, 103864, 104108, 104108, 104176, 104176, 106280, 106280], ""representative_edge_mask"": 244056, ""vertex_count"": 7}, {""canonical_edge_deck"": [39667, 40888, 102190, 103928, 104109, 104184, 104376, 106210, 106296, 106344, 106352], ""representative_edge_mask"": 499032, ""vertex_count"": 7}, {""canonical_edge_deck"": [39669, 39669, 104107, 104107, 104169, 104169, 104376, 104376, 111564, 112546, 112546], ""representative_edge_mask"": 1022296, ""vertex_count"": 7}, {""canonical_edge_deck"": [39670, 39865, 104110, 104376, 106210, 106282, 106284, 106344, 106352, 112460, 112546], ""representative_edge_mask"": 892248, ""vertex_count"": 7}, {""canonical_edge_deck"": [39671, 48023, 104111, 104440, 106286, 106360, 111563, 111566, 112462, 112550, 112610, 112612], ""representative_edge_mask"": 1547608, ""vertex_count"": 7}, {""canonical_edge_deck"": [39674, 40692, 102252, 103865, 104172, 104177, 104180, 104180, 106282, 106284, 106352], ""representative_edge_mask"": 990920, ""vertex_count"": 7}, {""canonical_edge_deck"": [39675, 40892, 102254, 103929, 104173, 104185, 104380, 106218, 106298, 106346, 106354, 106360], ""representative_edge_mask"": 1023688, ""vertex_count"": 7}, {""canonical_edge_deck"": [39676, 39676, 104177, 104177, 104180, 104180, 104369, 104369, 112524, 112546, 112546], ""representative_edge_mask"": 899416, ""vertex_count"": 7}, {""canonical_edge_deck"": [39677, 40885, 104181, 104185, 104373, 104377, 104380, 106211, 112526, 112550, 112554, 112556], ""representative_edge_mask"": 1947992, ""vertex_count"": 7}, {""canonical_edge_deck"": [39678, 39678, 39678, 39678, 106285, 106285, 106285, 106285, 111565, 111565, 111587, 111587], ""representative_edge_mask"": 1682898, ""vertex_count"": 7}, {""canonical_edge_deck"": [39678, 48086, 104188, 104377, 106348, 106354, 111565, 112492, 112526, 112556, 112610, 112612], ""representative_edge_mask"": 1684946, ""vertex_count"": 7}, {""canonical_edge_deck"": [39679, 39679, 39933, 39933, 106287, 106287, 106299, 106299, 111567, 111567, 111591, 111591, 111597], ""representative_edge_mask"": 2026840, ""vertex_count"": 7}, {""canonical_edge_deck"": [39679, 48117, 104189, 104441, 106350, 106362, 111567, 112494, 112558, 112590, 112614, 112618, 112620], ""representative_edge_mask"": 1949016, ""vertex_count"": 7}, {""canonical_edge_deck"": [39859, 39859, 101880, 106296, 106296, 106296, 106296, 106344, 106344, 106344, 106344], ""representative_edge_mask"": 507272, ""vertex_count"": 7}, {""canonical_edge_deck"": [39863, 39863, 101881, 106346, 106346, 106346, 106346, 111563, 111563, 111563, 111563, 114656], ""representative_edge_mask"": 1555848, ""vertex_count"": 7}, {""canonical_edge_deck"": [39867, 39867, 39867, 39867, 106214, 106214, 106214, 106214, 111566, 111566, 111566, 111566], ""representative_edge_mask"": 1678808, ""vertex_count"": 7}, {""canonical_edge_deck"": [39867, 48030, 106214, 106298, 106298, 106360, 106360, 112610, 112610, 112612, 112612, 114656], ""representative_edge_mask"": 503256, ""vertex_count"": 7}, {""canonical_edge_deck"": [39869, 39869, 106211, 106211, 106346, 106346, 111565, 112550, 112554, 112554, 112612, 112612], ""representative_edge_mask"": 1554776, ""vertex_count"": 7}, {""canonical_edge_deck"": [39871, 39871, 39931, 39931, 106215, 106215, 106302, 106302, 111567, 111567, 111567, 111567, 111582], ""representative_edge_mask"": 1555672, ""vertex_count"": 7}, {""canonical_edge_deck"": [39871, 48055, 106215, 111567, 111567, 112614, 112614, 112618, 112618, 114658, 127806, 127862, 127862], ""representative_edge_mask"": 1555800, ""vertex_count"": 7}, {""canonical_edge_deck"": [39929, 40892, 104380, 104380, 106354, 106354, 111559, 112470, 112500, 112554, 112612, 112612], ""representative_edge_mask"": 1486296, ""vertex_count"": 7}, {""canonical_edge_deck"": [39931, 49140, 106362, 106362, 106362, 106362, 112478, 112618, 112618, 112628, 112628, 114658, 114658], ""representative_edge_mask"": 1551832, ""vertex_count"": 7}, {""canonical_edge_deck"": [39932, 39932, 112500, 112500, 112554, 112554, 112554, 112554, 112556, 112556, 112556, 112556], ""representative_edge_mask"": 767442, ""vertex_count"": 7}, {""canonical_edge_deck"": [39933, 48117, 112502, 112558, 112558, 112618, 112620, 112620, 112628, 127862, 127862, 128876, 128884], ""representative_edge_mask"": 1816018, ""vertex_count"": 7}, {""canonical_edge_deck"": [39935, 39935, 39935, 39935, 106303, 106303, 106303, 106303, 111583, 111583, 111599, 111599, 111599, 111599], ""representative_edge_mask"": 2029272, ""vertex_count"": 7}, {""canonical_edge_deck"": [39935, 64439, 112510, 112622, 112622, 112622, 112622, 114666, 127870, 127870, 128878, 128878, 128886, 128886], ""representative_edge_mask"": 2022866, ""vertex_count"": 7}, {""canonical_edge_deck"": [40440, 40440, 101880, 101880, 101880, 103928, 103928, 103928, 103928, 103928, 103928], ""representative_edge_mask"": 507328, ""vertex_count"": 7}, {""canonical_edge_deck"": [40440, 40440, 104109, 104109, 104109, 104109, 106296, 106296, 106296, 106296, 112468], ""representative_edge_mask"": 499144, ""vertex_count"": 7}, {""canonical_edge_deck"": [40441, 40441, 101881, 101881, 101881, 103929, 103929, 103929, 103929, 103929, 103929, 105976], ""representative_edge_mask"": 1555904, ""vertex_count"": 7}, {""canonical_edge_deck"": [40441, 40444, 101882, 101882, 101882, 103929, 103929, 103929, 103932, 103932, 103932, 105976], ""representative_edge_mask"": 1031616, ""vertex_count"": 7}, {""canonical_edge_deck"": [40441, 40952, 104111, 104111, 104173, 104173, 106298, 106298, 111563, 112461, 112469, 112470], ""representative_edge_mask"": 1023432, ""vertex_count"": 7}, {""canonical_edge_deck"": [40443, 40445, 101883, 101883, 101883, 103931, 103931, 103931, 103933, 103933, 103933, 105977, 105978], ""representative_edge_mask"": 2080192, ""vertex_count"": 7}, {""canonical_edge_deck"": [40443, 48031, 104175, 104175, 104175, 104175, 106302, 106302, 112463, 112463, 112471, 112471, 112478], ""representative_edge_mask"": 2072008, ""vertex_count"": 7}, {""canonical_edge_deck"": [40444, 40952, 104182, 104182, 104182, 104182, 106297, 106297, 112469, 112485, 112485, 112500], ""representative_edge_mask"": 1977816, ""vertex_count"": 7}, {""canonical_edge_deck"": [40445, 40445, 101886, 101886, 101886, 103933, 103933, 103933, 103933, 103933, 103933, 105978, 105978], ""representative_edge_mask"": 1818560, ""vertex_count"": 7}, {""canonical_edge_deck"": [40445, 48031, 104183, 104183, 104190, 104190, 106299, 106299, 112471, 112487, 112493, 112501, 112502], ""representative_edge_mask"": 1039816, ""vertex_count"": 7}, {""canonical_edge_deck"": [40447, 40447, 101887, 101887, 101887, 103935, 103935, 103935, 103935, 103935, 103935, 105979, 105979, 105982], ""representative_edge_mask"": 2096576, ""vertex_count"": 7}, {""canonical_edge_deck"": [40447, 48063, 104191, 104191, 104191, 104191, 106303, 106303, 112479, 112495, 112495, 112503, 112503, 112510], ""representative_edge_mask"": 2088392, ""vertex_count"": 7}, {""canonical_edge_deck"": [40670, 40670, 101630, 101630, 104158, 104158, 104158, 104158, 104158, 104158, 104158, 104158], ""representative_edge_mask"": 1047688, ""vertex_count"": 7}, {""canonical_edge_deck"": [40670, 40883, 101758, 102253, 104158, 104179, 104179, 104371, 106285, 106285, 106345, 106348], ""representative_edge_mask"": 1043848, ""vertex_count"": 7}, {""canonical_edge_deck"": [40671, 40671, 101631, 101631, 104159, 104159, 104159, 104159, 104159, 104159, 104159, 104159, 106206], ""representative_edge_mask"": 2096264, ""vertex_count"": 7}, {""canonical_edge_deck"": [40671, 40887, 101759, 102255, 104159, 104187, 104187, 104375, 106287, 106287, 106347, 106349, 106350], ""representative_edge_mask"": 2092424, ""vertex_count"": 7}, {""canonical_edge_deck"": [40683, 40693, 101755, 101755, 104031, 104171, 104171, 104181, 104181, 106211, 106211, 106218], ""representative_edge_mask"": 2078920, ""vertex_count"": 7}, {""canonical_edge_deck"": [40684, 40684, 101756, 101756, 104094, 104172, 104172, 104178, 104178, 106210, 106210], ""representative_edge_mask"": 998600, ""vertex_count"": 7}, {""canonical_edge_deck"": [40684, 40684, 102189, 103865, 104110, 104110, 104178, 104178, 106281, 106281, 106352], ""representative_edge_mask"": 1515208, ""vertex_count"": 7}, {""canonical_edge_deck"": [40684, 40684, 104053, 104053, 104115, 104115, 106284, 106284, 106284, 106284, 112524], ""representative_edge_mask"": 996696, ""vertex_count"": 7}, {""canonical_edge_deck"": [40685, 40685, 101757, 101757, 104095, 104173, 104173, 104179, 104179, 106211, 106211, 106220], ""representative_edge_mask"": 2047176, ""vertex_count"": 7}, {""canonical_edge_deck"": [40685, 40694, 101758, 101882, 104158, 104173, 104182, 104186, 104188, 106214, 106218, 106220], ""representative_edge_mask"": 1031368, ""vertex_count"": 7}, {""canonical_edge_deck"": [40685, 40694, 102253, 103867, 104173, 104179, 104181, 104182, 106283, 106285, 106353, 106354], ""representative_edge_mask"": 2039496, ""vertex_count"": 7}, {""canonical_edge_deck"": [40685, 40889, 102191, 103929, 104111, 104186, 104377, 106211, 106297, 106345, 106353, 106360], ""representative_edge_mask"": 1547976, ""vertex_count"": 7}, {""canonical_edge_deck"": [40685, 40889, 104055, 104119, 104179, 104181, 106286, 106298, 111565, 112461, 112525, 112526], ""representative_edge_mask"": 1029464, ""vertex_count"": 7}, {""canonical_edge_deck"": [40687, 40695, 101759, 101883, 104159, 104175, 104183, 104187, 104189, 106215, 106219, 106221, 106222], ""representative_edge_mask"": 2079944, ""vertex_count"": 7}, {""canonical_edge_deck"": [40687, 40893, 102255, 103931, 104175, 104187, 104381, 106219, 106299, 106347, 106355, 106361, 106362], ""representative_edge_mask"": 2072264, ""vertex_count"": 7}, {""canonical_edge_deck"": [40687, 48087, 104063, 104187, 104187, 106219, 111567, 111567, 112463, 112463, 112527, 112527, 112590], ""representative_edge_mask"": 2078040, ""vertex_count"": 7}, {""canonical_edge_deck"": [40693, 40693, 102262, 103867, 104181, 104181, 104188, 104188, 106286, 106286, 106354, 106354], ""representative_edge_mask"": 1948104, ""vertex_count"": 7}, {""canonical_edge_deck"": [40693, 40693, 104119, 104119, 104377, 104377, 106283, 106283, 111565, 112547, 112547, 112550], ""representative_edge_mask"": 2013528, ""vertex_count"": 7}, {""canonical_edge_deck"": [40694, 40694, 104182, 104182, 104371, 104371, 106285, 106285, 112525, 112547, 112547, 112556], ""representative_edge_mask"": 915800, ""vertex_count"": 7}, {""canonical_edge_deck"": [40694, 40889, 102262, 103932, 104182, 104188, 104377, 106220, 106298, 106348, 106354, 106360], ""representative_edge_mask"": 1908568, ""vertex_count"": 7}, {""canonical_edge_deck"": [40694, 40889, 104126, 104377, 106285, 106298, 106353, 111587, 112485, 112547, 112609, 112612], ""representative_edge_mask"": 896466, ""vertex_count"": 7}, {""canonical_edge_deck"": [40695, 40695, 102263, 103871, 104183, 104183, 104189, 104189, 106287, 106287, 106355, 106355, 106358], ""representative_edge_mask"": 1964488, ""vertex_count"": 7}, {""canonical_edge_deck"": [40695, 40893, 102270, 103933, 104189, 104190, 104381, 106222, 106302, 106350, 106358, 106362, 106364], ""representative_edge_mask"": 1568200, ""vertex_count"": 7}, {""canonical_edge_deck"": [40695, 40893, 104183, 104375, 104379, 104381, 106287, 106299, 112527, 112551, 112555, 112557, 112558], ""representative_edge_mask"": 1964376, ""vertex_count"": 7}, {""canonical_edge_deck"": [40695, 48087, 104127, 104441, 106287, 106361, 111567, 111591, 112487, 112551, 112611, 112613, 112614], ""representative_edge_mask"": 2014552, ""vertex_count"": 7}, {""canonical_edge_deck"": [40702, 40702, 101886, 101886, 104190, 104190, 104190, 104190, 106206, 106222, 106222, 106222, 106222], ""representative_edge_mask"": 1047752, ""vertex_count"": 7}, {""canonical_edge_deck"": [40702, 40891, 102263, 103933, 104183, 104190, 104379, 106221, 106299, 106349, 106355, 106361, 106364], ""representative_edge_mask"": 1043912, ""vertex_count"": 7}, {""canonical_edge_deck"": [40702, 48094, 104190, 104379, 106349, 106355, 111597, 112493, 112527, 112557, 112611, 112613, 112620], ""representative_edge_mask"": 1043800, ""vertex_count"": 7}, {""canonical_edge_deck"": [40703, 40703, 101887, 101887, 104191, 104191, 104191, 104191, 106207, 106223, 106223, 106223, 106223, 106238], ""representative_edge_mask"": 2096328, ""vertex_count"": 7}, {""canonical_edge_deck"": [40703, 40895, 102271, 103935, 104191, 104191, 104383, 106223, 106303, 106351, 106359, 106363, 106365, 106366], ""representative_edge_mask"": 2092488, ""vertex_count"": 7}, {""canonical_edge_deck"": [40703, 48119, 104191, 104443, 106351, 106363, 111599, 112495, 112559, 112591, 112615, 112619, 112621, 112622], ""representative_edge_mask"": 2092376, ""vertex_count"": 7}, {""canonical_edge_deck"": [40883, 40883, 102206, 106297, 106297, 106297, 106297, 112609, 112609, 112609, 112609, 114656], ""representative_edge_mask"": 765400, ""vertex_count"": 7}, {""canonical_edge_deck"": [40883, 40883, 104182, 104182, 104182, 104182, 106214, 106214, 112526, 112526, 112526, 112526], ""representative_edge_mask"": 1014104, ""vertex_count"": 7}, {""canonical_edge_deck"": [40887, 40887, 102207, 111591, 111591, 111591, 111591, 114657, 127791, 127791, 127791, 127791, 127806], ""representative_edge_mask"": 1555794, ""vertex_count"": 7}, {""canonical_edge_deck"": [40887, 40887, 104381, 104381, 104381, 104381, 106215, 106215, 112542, 112558, 112558, 112558, 112558], ""representative_edge_mask"": 2062680, ""vertex_count"": 7}, {""canonical_edge_deck"": [40889, 40889, 104126, 104188, 104188, 106220, 111566, 111566, 112470, 112470, 112526, 112526], ""representative_edge_mask"": 1482584, ""vertex_count"": 7}, {""canonical_edge_deck"": [40891, 40891, 104183, 104183, 104183, 104183, 106302, 106302, 112527, 112527, 112527, 112527, 112542], ""representative_edge_mask"": 1817816, ""vertex_count"": 7}, {""canonical_edge_deck"": [40891, 48094, 104190, 104190, 106222, 106222, 111582, 112478, 112542, 112590, 112590, 112598, 112598], ""representative_edge_mask"": 1031384, ""vertex_count"": 7}, {""canonical_edge_deck"": [40891, 48094, 106299, 106299, 106302, 106361, 106361, 112611, 112611, 112613, 112613, 114657, 114658], ""representative_edge_mask"": 1027544, ""vertex_count"": 7}, {""canonical_edge_deck"": [40893, 40893, 106299, 106299, 111597, 112551, 112613, 112613, 127791, 127791, 127853, 127853, 127862], ""representative_edge_mask"": 1813970, ""vertex_count"": 7}, {""canonical_edge_deck"": [40893, 48087, 104381, 104444, 106358, 106364, 111567, 112502, 112558, 112598, 112614, 112620, 112628], ""representative_edge_mask"": 1941336, ""vertex_count"": 7}, {""canonical_edge_deck"": [40895, 40895, 104383, 104383, 104383, 104383, 106303, 106303, 112543, 112559, 112559, 112559, 112559, 112574], ""representative_edge_mask"": 1964888, ""vertex_count"": 7}, {""canonical_edge_deck"": [40895, 48119, 104445, 104445, 106366, 106366, 111583, 112510, 112574, 112606, 112622, 112622, 112630, 112630], ""representative_edge_mask"": 1046232, ""vertex_count"": 7}, {""canonical_edge_deck"": [40895, 48119, 106303, 111599, 111599, 112615, 112615, 114659, 127807, 127855, 127855, 127863, 127863, 127870], ""representative_edge_mask"": 1957330, ""vertex_count"": 7}, {""canonical_edge_deck"": [40952, 40952, 102206, 104440, 104440, 105976, 106214, 106214, 106360, 106360, 106360, 106360], ""representative_edge_mask"": 761304, ""vertex_count"": 7}, {""canonical_edge_deck"": [40953, 40953, 102207, 104441, 104441, 105977, 106215, 106215, 106361, 106361, 106361, 106361, 106488], ""representative_edge_mask"": 1556168, ""vertex_count"": 7}, {""canonical_edge_deck"": [40953, 40953, 104127, 104189, 104189, 106221, 111567, 111567, 112471, 112471, 112527, 112527, 112598], ""representative_edge_mask"": 2014424, ""vertex_count"": 7}, {""canonical_edge_deck"": [40953, 40956, 102270, 104441, 104444, 105978, 106222, 106222, 106362, 106362, 106364, 106364, 106488], ""representative_edge_mask"": 1031880, ""vertex_count"": 7}, {""canonical_edge_deck"": [40953, 40956, 104381, 104381, 106355, 106355, 111591, 112471, 112501, 112555, 112613, 112613, 112628], ""representative_edge_mask"": 2010584, ""vertex_count"": 7}, {""canonical_edge_deck"": [40955, 40957, 102271, 104443, 104445, 105979, 106223, 106223, 106363, 106363, 106365, 106365, 106489, 106490], ""representative_edge_mask"": 2080456, ""vertex_count"": 7}, {""canonical_edge_deck"": [40955, 48095, 104191, 104191, 106223, 106223, 111583, 112479, 112543, 112591, 112591, 112599, 112599, 112606], ""representative_edge_mask"": 2079960, ""vertex_count"": 7}, {""canonical_edge_deck"": [40955, 49141, 106363, 106363, 106363, 106363, 112479, 112619, 112619, 112629, 112629, 114659, 114659, 114666], ""representative_edge_mask"": 2076120, ""vertex_count"": 7}, {""canonical_edge_deck"": [40956, 40956, 112501, 112501, 112557, 112557, 112557, 112557, 127853, 127853, 127853, 127853, 128884], ""representative_edge_mask"": 769490, ""vertex_count"": 7}, {""canonical_edge_deck"": [40957, 40957, 102398, 104445, 104445, 105982, 106238, 106238, 106366, 106366, 106366, 106366, 106490, 106490], ""representative_edge_mask"": 1949640, ""vertex_count"": 7}, {""canonical_edge_deck"": [40957, 48095, 104383, 104445, 106359, 106365, 111599, 112503, 112559, 112599, 112615, 112621, 112629, 112630], ""representative_edge_mask"": 1570520, ""vertex_count"": 7}, {""canonical_edge_deck"": [40957, 49141, 112503, 112559, 112559, 112621, 112621, 112629, 127855, 127863, 127863, 128877, 128885, 128886], ""representative_edge_mask"": 1039826, ""vertex_count"": 7}, {""canonical_edge_deck"": [40959, 40959, 102399, 104447, 104447, 105983, 106239, 106239, 106367, 106367, 106367, 106367, 106491, 106491, 106494], ""representative_edge_mask"": 2096840, ""vertex_count"": 7}, {""canonical_edge_deck"": [40959, 48127, 104447, 104447, 106367, 106367, 111615, 112511, 112575, 112607, 112623, 112623, 112631, 112631, 112638], ""representative_edge_mask"": 2094808, ""vertex_count"": 7}, {""canonical_edge_deck"": [40959, 64447, 112511, 112623, 112623, 112623, 112623, 114667, 127871, 127871, 128879, 128879, 128887, 128887, 128894], ""representative_edge_mask"": 2088402, ""vertex_count"": 7}, {""canonical_edge_deck"": [48031, 48031, 106302, 106302, 106488, 106488, 111582, 112614, 112614, 112614, 112614, 114658, 114658], ""representative_edge_mask"": 1809880, ""vertex_count"": 7}, {""canonical_edge_deck"": [48063, 48063, 111583, 111583, 111583, 114662, 114662, 114662, 127870, 127870, 127870, 127870, 127870, 127870], ""representative_edge_mask"": 1826264, ""vertex_count"": 7}, {""canonical_edge_deck"": [48094, 48094, 106364, 106364, 106364, 106364, 112542, 112620, 112620, 112620, 112620, 114658, 114658], ""representative_edge_mask"": 507290, ""vertex_count"": 7}, {""canonical_edge_deck"": [48095, 48095, 106303, 106303, 106489, 106489, 111583, 112615, 112615, 112615, 112615, 114659, 114659, 114662], ""representative_edge_mask"": 1556184, ""vertex_count"": 7}, {""canonical_edge_deck"": [48095, 49141, 106366, 106366, 106490, 106490, 112606, 112622, 112622, 112630, 112630, 114662, 114666, 114668], ""representative_edge_mask"": 1031896, ""vertex_count"": 7}, {""canonical_edge_deck"": [48119, 48119, 112574, 112630, 112630, 112630, 112630, 114668, 127870, 127870, 128886, 128886, 128886, 128886], ""representative_edge_mask"": 1555866, ""vertex_count"": 7}, {""canonical_edge_deck"": [48127, 48127, 111615, 111615, 111615, 114663, 114663, 114663, 127871, 127871, 127871, 127871, 127871, 127871, 127998], ""representative_edge_mask"": 1556330, ""vertex_count"": 7}, {""canonical_edge_deck"": [48127, 64447, 112638, 112638, 112638, 114670, 114670, 114670, 127998, 128894, 128894, 128894, 128958, 128958, 128958], ""representative_edge_mask"": 1032042, ""vertex_count"": 7}, {""canonical_edge_deck"": [49118, 49118, 106238, 106238, 106238, 106238, 112606, 112606, 112606, 112606, 112606, 112606, 112606, 112606], ""representative_edge_mask"": 1047768, ""vertex_count"": 7}, {""canonical_edge_deck"": [49118, 49118, 106365, 106365, 106365, 106365, 112543, 112621, 112621, 112621, 112621, 114659, 114659, 114668], ""representative_edge_mask"": 1818328, ""vertex_count"": 7}, {""canonical_edge_deck"": [49119, 49119, 106239, 106239, 106239, 106239, 112607, 112607, 112607, 112607, 112607, 112607, 112607, 112607, 114654], ""representative_edge_mask"": 2096344, ""vertex_count"": 7}, {""canonical_edge_deck"": [49119, 49143, 106367, 106367, 106491, 106491, 112607, 112623, 112623, 112631, 112631, 114663, 114667, 114669, 114670], ""representative_edge_mask"": 2080472, ""vertex_count"": 7}, {""canonical_edge_deck"": [49143, 49143, 106494, 106494, 106494, 106494, 112638, 112638, 112638, 112638, 114654, 114670, 114670, 114670, 114670], ""representative_edge_mask"": 1949656, ""vertex_count"": 7}, {""canonical_edge_deck"": [49143, 49143, 112575, 112631, 112631, 112631, 112631, 114669, 127871, 127871, 128887, 128887, 128887, 128887, 128958], ""representative_edge_mask"": 1961434, ""vertex_count"": 7}, {""canonical_edge_deck"": [49151, 49151, 106495, 106495, 106495, 106495, 112639, 112639, 112639, 112639, 114655, 114671, 114671, 114671, 114671, 114686], ""representative_edge_mask"": 2096856, ""vertex_count"": 7}, {""canonical_edge_deck"": [49151, 64511, 112639, 112639, 112639, 114671, 114671, 114671, 127999, 128895, 128895, 128895, 128959, 128959, 128959, 129022], ""representative_edge_mask"": 2080618, ""vertex_count"": 7}, {""canonical_edge_deck"": [64511, 64511, 114686, 114686, 114686, 114686, 114686, 114686, 129022, 129022, 129022, 129022, 129022, 129022, 129022, 129022], ""representative_edge_mask"": 1826270, ""vertex_count"": 7}, {""canonical_edge_deck"": [65535, 65535, 114687, 114687, 114687, 114687, 114687, 114687, 129023, 129023, 129023, 129023, 129023, 129023, 129023, 129023, 131070], ""representative_edge_mask"": 2097002, ""vertex_count"": 7}, {""canonical_edge_deck"": [101882, 104158, 104158, 106345, 106345, 106348, 106348, 112461, 112461, 112485, 112485, 114656], ""representative_edge_mask"": 1031560, ""vertex_count"": 7}, {""canonical_edge_deck"": [101883, 104159, 104159, 106347, 106347, 106350, 106350, 112463, 112463, 112487, 112487, 127806, 237274], ""representative_edge_mask"": 2080136, ""vertex_count"": 7}, {""canonical_edge_deck"": [101886, 106206, 106206, 106349, 106349, 106349, 106349, 112493, 112493, 112493, 112493, 237274, 237274], ""representative_edge_mask"": 1047944, ""vertex_count"": 7}, {""canonical_edge_deck"": [101887, 106207, 106207, 106351, 106351, 106351, 106351, 112495, 112495, 112495, 112495, 237275, 237275, 237278], ""representative_edge_mask"": 2096520, ""vertex_count"": 7}, {""canonical_edge_deck"": [102251, 102251, 102251, 102251, 102251, 102251, 127783, 127783, 127783, 127783, 127783, 127783], ""representative_edge_mask"": 2074962, ""vertex_count"": 7}, {""canonical_edge_deck"": [102252, 102252, 104369, 104369, 104369, 104369, 111585, 112545, 112545, 112545, 112545], ""representative_edge_mask"": 994642, ""vertex_count"": 7}, {""canonical_edge_deck"": [102253, 102254, 104373, 104373, 106345, 106345, 112609, 112609, 127783, 127789, 127789, 255574], ""representative_edge_mask"": 1027410, ""vertex_count"": 7}, {""canonical_edge_deck"": [102255, 102255, 106347, 106347, 106347, 106347, 127791, 127791, 127791, 127791, 255567, 255575, 255575], ""representative_edge_mask"": 2075986, ""vertex_count"": 7}, {""canonical_edge_deck"": [102262, 104371, 106348, 106348, 112547, 112547, 112547, 112547, 112609, 112609, 255574, 255574], ""representative_edge_mask"": 1914322, ""vertex_count"": 7}, {""canonical_edge_deck"": [102263, 104375, 106350, 106350, 112611, 112611, 112611, 112611, 127791, 127791, 255575, 255575, 255605], ""representative_edge_mask"": 1949010, ""vertex_count"": 7}, {""canonical_edge_deck"": [102270, 106349, 106349, 112555, 112555, 114657, 127853, 127853, 237274, 255575, 255575, 255605, 255605], ""representative_edge_mask"": 1031506, ""vertex_count"": 7}, {""canonical_edge_deck"": [102271, 106351, 106351, 112619, 112619, 127807, 127855, 127855, 237275, 255583, 255583, 255607, 255613, 255613], ""representative_edge_mask"": 2080082, ""vertex_count"": 7}, {""canonical_edge_deck"": [102398, 128877, 128877, 128877, 128877, 237278, 237278, 237278, 255607, 255607, 255607, 255607, 255607, 255607], ""representative_edge_mask"": 1047890, ""vertex_count"": 7}, {""canonical_edge_deck"": [102399, 128879, 128879, 128879, 128879, 237279, 237279, 237279, 255615, 255615, 255615, 255615, 255615, 255615, 257758], ""representative_edge_mask"": 2096466, ""vertex_count"": 7}, {""canonical_edge_deck"": [103928, 106210, 106210, 106210, 106210, 106296, 106296, 106352, 106352, 112468, 112468], ""representative_edge_mask"": 506312, ""vertex_count"": 7}, {""canonical_edge_deck"": [103929, 106211, 106211, 106218, 106218, 106354, 106354, 111563, 112461, 112470, 112500, 237288], ""representative_edge_mask"": 1030600, ""vertex_count"": 7}, {""canonical_edge_deck"": [103931, 106219, 106219, 106219, 106219, 106358, 106358, 112463, 112463, 112502, 112502, 237289, 237289], ""representative_edge_mask"": 2079176, ""vertex_count"": 7}, {""canonical_edge_deck"": [103932, 106220, 106220, 106220, 106220, 106353, 106353, 112470, 112470, 112485, 112485, 237288], ""representative_edge_mask"": 998856, ""vertex_count"": 7}, {""canonical_edge_deck"": [103933, 106221, 106221, 106222, 106222, 106355, 106355, 112478, 112487, 112493, 112502, 237289, 237292], ""representative_edge_mask"": 2047432, ""vertex_count"": 7}, {""canonical_edge_deck"": [103935, 106223, 106223, 106223, 106223, 106359, 106359, 112495, 112495, 112510, 112510, 237291, 237293, 237293], ""representative_edge_mask"": 2095560, ""vertex_count"": 7}, {""canonical_edge_deck"": [104171, 104171, 104171, 104171, 104171, 104171, 112550, 112550, 112550, 112550, 112550, 112550], ""representative_edge_mask"": 2070872, ""vertex_count"": 7}, {""canonical_edge_deck"": [104172, 104172, 106284, 106284, 106284, 106284, 106352, 106352, 106352, 106352, 111564], ""representative_edge_mask"": 990552, ""vertex_count"": 7}, {""canonical_edge_deck"": [104173, 104173, 106286, 106286, 106360, 106360, 112461, 112461, 112550, 112612, 112612, 241492], ""representative_edge_mask"": 1023320, ""vertex_count"": 7}, {""canonical_edge_deck"": [104175, 104175, 112463, 112463, 112463, 112463, 112614, 112614, 112614, 112614, 241483, 241493, 241493], ""representative_edge_mask"": 2071896, ""vertex_count"": 7}, {""canonical_edge_deck"": [104178, 104178, 104180, 104180, 104376, 106281, 106281, 106352, 112524, 112524, 112545], ""representative_edge_mask"": 768344, ""vertex_count"": 7}, {""canonical_edge_deck"": [104179, 104181, 104186, 106218, 106283, 106345, 112526, 112547, 112550, 112556, 112612, 241484], ""representative_edge_mask"": 1030488, ""vertex_count"": 7}, {""canonical_edge_deck"": [104182, 104182, 106360, 106360, 112485, 112485, 112526, 112526, 112609, 112609, 241484, 241484], ""representative_edge_mask"": 503250, ""vertex_count"": 7}, {""canonical_edge_deck"": [104183, 104183, 112487, 112487, 112590, 112590, 112611, 112611, 112614, 112614, 241485, 241485, 241612], ""representative_edge_mask"": 1817944, ""vertex_count"": 7}, {""canonical_edge_deck"": [104187, 104187, 106219, 106219, 106347, 106347, 112551, 112558, 112558, 127862, 241483, 241485, 241485], ""representative_edge_mask"": 2079064, ""vertex_count"": 7}, {""canonical_edge_deck"": [104188, 106220, 106285, 106348, 106353, 106354, 112525, 112526, 112547, 112612, 241484, 241492], ""representative_edge_mask"": 1515352, ""vertex_count"": 7}, {""canonical_edge_deck"": [104189, 106221, 106287, 106350, 106361, 106362, 112527, 112555, 112558, 127862, 241485, 241493, 241494], ""representative_edge_mask"": 2047320, ""vertex_count"": 7}, {""canonical_edge_deck"": [104190, 106222, 112493, 112527, 112611, 112613, 112620, 114658, 237274, 241485, 241493, 241494, 241612], ""representative_edge_mask"": 1031512, ""vertex_count"": 7}, {""canonical_edge_deck"": [104191, 106223, 112495, 112591, 112615, 112619, 112622, 127870, 237275, 241487, 241495, 241611, 241613, 241614], ""representative_edge_mask"": 2080088, ""vertex_count"": 7}, {""canonical_edge_deck"": [104377, 104377, 106354, 106354, 111587, 112547, 112547, 112556, 112556, 241484, 241484, 255574], ""representative_edge_mask"": 898514, ""vertex_count"": 7}, {""canonical_edge_deck"": [104379, 106358, 112551, 112551, 112611, 112611, 112620, 112620, 241485, 241485, 255605, 255662, 255662], ""representative_edge_mask"": 1947090, ""vertex_count"": 7}, {""canonical_edge_deck"": [104380, 104380, 104380, 106353, 106353, 106353, 127789, 127789, 127789, 241484, 241484, 241484], ""representative_edge_mask"": 962002, ""vertex_count"": 7}, {""canonical_edge_deck"": [104381, 106355, 106361, 106362, 112558, 112613, 127791, 127853, 241485, 241612, 255575, 255655, 255662], ""representative_edge_mask"": 1027538, ""vertex_count"": 7}, {""canonical_edge_deck"": [104383, 106359, 112615, 112615, 112622, 112622, 127855, 127855, 241613, 241613, 255613, 255663, 255663, 255678], ""representative_edge_mask"": 1963474, ""vertex_count"": 7}, {""canonical_edge_deck"": [104440, 106297, 106297, 112500, 112500, 112526, 112526, 112526, 112526, 237288, 241484, 241484], ""representative_edge_mask"": 505298, ""vertex_count"": 7}, {""canonical_edge_deck"": [104441, 111591, 112555, 112558, 112558, 112628, 128884, 237289, 241485, 241485, 241633, 255662, 255662], ""representative_edge_mask"": 1029586, ""vertex_count"": 7}, {""canonical_edge_deck"": [104443, 112619, 112619, 128886, 128886, 237291, 241487, 241487, 241487, 241487, 255678, 255678, 255925, 255925], ""representative_edge_mask"": 2078162, ""vertex_count"": 7}, {""canonical_edge_deck"": [104444, 112628, 112628, 127853, 127853, 237292, 241494, 241494, 241494, 241494, 241633, 255655, 255655], ""representative_edge_mask"": 768474, ""vertex_count"": 7}, {""canonical_edge_deck"": [104445, 114666, 127855, 128877, 128886, 237293, 241495, 241495, 241614, 241614, 255663, 255663, 255925, 257772], ""representative_edge_mask"": 1045970, ""vertex_count"": 7}, {""canonical_edge_deck"": [104447, 128879, 128879, 128894, 128894, 237295, 241615, 241615, 241615, 241615, 255679, 255679, 257771, 257773, 257773], ""representative_edge_mask"": 2094546, ""vertex_count"": 7}, {""canonical_edge_deck"": [105976, 105976, 105976, 105976, 105976, 105976, 105976, 105976, 105976, 105976, 105976, 105976], ""representative_edge_mask"": 507840, ""vertex_count"": 7}, {""canonical_edge_deck"": [105976, 106214, 106214, 106360, 106360, 106360, 106360, 112469, 112469, 114656, 237288, 237288], ""representative_edge_mask"": 499160, ""vertex_count"": 7}, {""canonical_edge_deck"": [105977, 105977, 105977, 105977, 105978, 105978, 105978, 105978, 105978, 105978, 105978, 105978, 237048], ""representative_edge_mask"": 1032128, ""vertex_count"": 7}, {""canonical_edge_deck"": [105977, 106215, 106215, 106362, 106362, 106362, 106362, 112471, 112471, 127806, 237289, 237289, 237304], ""representative_edge_mask"": 1555912, ""vertex_count"": 7}, {""canonical_edge_deck"": [105978, 106222, 106222, 106361, 106361, 106364, 106364, 112471, 112501, 237274, 237289, 237292, 237304], ""representative_edge_mask"": 1031624, ""vertex_count"": 7}, {""canonical_edge_deck"": [105979, 105979, 105979, 105979, 105979, 105979, 105979, 105979, 105982, 105982, 105982, 105982, 237049, 237049], ""representative_edge_mask"": 2080704, ""vertex_count"": 7}, {""canonical_edge_deck"": [105979, 106223, 106223, 106363, 106363, 106366, 106366, 112479, 112503, 237275, 237291, 237293, 237305, 237306], ""representative_edge_mask"": 2080200, ""vertex_count"": 7}, {""canonical_edge_deck"": [105982, 106238, 106238, 106365, 106365, 106365, 106365, 112503, 112503, 237278, 237293, 237293, 237306, 237306], ""representative_edge_mask"": 1818568, ""vertex_count"": 7}, {""canonical_edge_deck"": [105983, 105983, 105983, 105983, 105983, 105983, 105983, 105983, 105983, 105983, 105983, 105983, 237051, 237051, 237051], ""representative_edge_mask"": 2097088, ""vertex_count"": 7}, {""canonical_edge_deck"": [105983, 106239, 106239, 106367, 106367, 106367, 106367, 112511, 112511, 237279, 237295, 237295, 237307, 237307, 237310], ""representative_edge_mask"": 2096584, ""vertex_count"": 7}, {""canonical_edge_deck"": [106222, 106222, 106349, 106349, 106355, 106355, 112542, 112557, 112557, 241485, 241485, 241494, 241494], ""representative_edge_mask"": 1046872, ""vertex_count"": 7}, {""canonical_edge_deck"": [106223, 106223, 106351, 106351, 106363, 106363, 112559, 112559, 112574, 241487, 241487, 241495, 241495, 241502], ""representative_edge_mask"": 2095448, ""vertex_count"": 7}, {""canonical_edge_deck"": [106238, 106238, 112621, 112621, 112621, 112621, 237278, 237278, 241502, 241502, 241614, 241614, 241614, 241614], ""representative_edge_mask"": 1047896, ""vertex_count"": 7}, {""canonical_edge_deck"": [106239, 106239, 112623, 112623, 112623, 112623, 237279, 237279, 241503, 241503, 241615, 241615, 241615, 241615, 241630], ""representative_edge_mask"": 2096472, ""vertex_count"": 7}, {""canonical_edge_deck"": [106298, 106298, 106360, 106360, 111566, 112470, 112470, 112612, 112612, 237288, 237288, 241492], ""representative_edge_mask"": 499544, ""vertex_count"": 7}, {""canonical_edge_deck"": [106299, 106361, 112502, 112527, 112590, 112598, 112614, 112620, 237289, 241485, 241494, 241633, 241634], ""representative_edge_mask"": 1548120, ""vertex_count"": 7}, {""canonical_edge_deck"": [106302, 106488, 112471, 112471, 112478, 112614, 112614, 114658, 237304, 241493, 241493, 241634, 241634], ""representative_edge_mask"": 1023448, ""vertex_count"": 7}, {""canonical_edge_deck"": [106303, 106489, 112510, 112599, 112599, 112622, 112622, 127870, 237305, 241495, 241495, 241635, 241635, 241638], ""representative_edge_mask"": 1556312, ""vertex_count"": 7}, {""canonical_edge_deck"": [106354, 106354, 106354, 106354, 106354, 106354, 111565, 111565, 111565, 241492, 241492, 241492], ""representative_edge_mask"": 991064, ""vertex_count"": 7}, {""canonical_edge_deck"": [106355, 106355, 106358, 106358, 106364, 106364, 112527, 112527, 112551, 241493, 241494, 241494, 241524], ""representative_edge_mask"": 2039640, ""vertex_count"": 7}, {""canonical_edge_deck"": [106359, 106359, 106365, 106365, 106366, 106366, 112543, 112559, 112559, 241495, 241495, 241502, 241525, 241525], ""representative_edge_mask"": 1047384, ""vertex_count"": 7}, {""canonical_edge_deck"": [106362, 106362, 111567, 111567, 112628, 112628, 127862, 237289, 237289, 241493, 241524, 241634, 241634], ""representative_edge_mask"": 1023832, ""vertex_count"": 7}, {""canonical_edge_deck"": [106363, 106363, 106363, 106363, 127863, 127863, 241487, 241487, 255583, 255583, 255663, 255663, 255663, 255663], ""representative_edge_mask"": 2076114, ""vertex_count"": 7}, {""canonical_edge_deck"": [106363, 106363, 112591, 112591, 112630, 112630, 237291, 237291, 241487, 241525, 241611, 241635, 241635, 241642], ""representative_edge_mask"": 2072408, ""vertex_count"": 7}, {""canonical_edge_deck"": [106364, 106364, 112557, 112557, 112613, 112613, 241494, 241494, 241612, 255605, 255605, 255662, 255662], ""representative_edge_mask"": 900562, ""vertex_count"": 7}, {""canonical_edge_deck"": [106364, 106364, 112598, 112598, 112613, 112613, 237292, 237292, 241494, 241494, 241612, 241634, 241634], ""representative_edge_mask"": 506330, ""vertex_count"": 7}, {""canonical_edge_deck"": [106365, 106365, 112606, 112606, 112621, 112621, 237293, 237293, 241502, 241502, 241613, 241635, 241635, 241644], ""representative_edge_mask"": 1818456, ""vertex_count"": 7}, {""canonical_edge_deck"": [106365, 106366, 112559, 112621, 114659, 127863, 241495, 241614, 255607, 255613, 255663, 255663, 255678, 255734], ""representative_edge_mask"": 1043922, ""vertex_count"": 7}, {""canonical_edge_deck"": [106366, 106490, 112599, 112615, 112629, 112630, 237293, 237306, 241495, 241525, 241614, 241638, 241642, 241644], ""representative_edge_mask"": 1032024, ""vertex_count"": 7}, {""canonical_edge_deck"": [106367, 106367, 106367, 106367, 106367, 106367, 112575, 112575, 112575, 241503, 241503, 241503, 241527, 241527, 241527], ""representative_edge_mask"": 2095960, ""vertex_count"": 7}, {""canonical_edge_deck"": [106367, 106367, 112623, 112623, 127871, 127871, 241615, 241615, 255615, 255615, 255679, 255679, 255727, 255735, 255735], ""representative_edge_mask"": 2092498, ""vertex_count"": 7}, {""canonical_edge_deck"": [106367, 106491, 112607, 112623, 112631, 112638, 237295, 237307, 241503, 241527, 241615, 241639, 241643, 241645, 241646], ""representative_edge_mask"": 2080600, ""vertex_count"": 7}, {""canonical_edge_deck"": [106488, 106488, 106488, 106488, 106488, 106488, 237048, 237304, 237304, 237304, 237304, 237304, 237304], ""representative_edge_mask"": 499192, ""vertex_count"": 7}, {""canonical_edge_deck"": [106488, 112501, 112501, 112542, 112542, 114657, 237304, 241612, 241612, 241612, 241612, 241633, 241633], ""representative_edge_mask"": 769496, ""vertex_count"": 7}, {""canonical_edge_deck"": [106489, 106489, 106490, 106490, 106490, 106490, 237049, 237305, 237305, 237306, 237306, 237306, 237306, 237560], ""representative_edge_mask"": 1032136, ""vertex_count"": 7}, {""canonical_edge_deck"": [106489, 112574, 112574, 112629, 112629, 127807, 237305, 245708, 255663, 255663, 255663, 255663, 255925, 255925], ""representative_edge_mask"": 1555922, ""vertex_count"": 7}, {""canonical_edge_deck"": [106490, 112629, 128885, 237306, 241502, 241502, 245708, 255607, 255663, 255663, 255734, 255734, 255925, 257772], ""representative_edge_mask"": 1031634, ""vertex_count"": 7}, {""canonical_edge_deck"": [106491, 106491, 106491, 106491, 106494, 106494, 237051, 237307, 237307, 237307, 237307, 237310, 237310, 237561, 237561], ""representative_edge_mask"": 2080712, ""vertex_count"": 7}, {""canonical_edge_deck"": [106491, 114667, 128887, 237307, 241503, 241503, 255615, 255727, 255727, 255735, 255735, 255927, 257771, 257773, 257774], ""representative_edge_mask"": 2080210, ""vertex_count"": 7}, {""canonical_edge_deck"": [106494, 106494, 112631, 112631, 112631, 112631, 237310, 237310, 241527, 241527, 241630, 241646, 241646, 241646, 241646], ""representative_edge_mask"": 2015192, ""vertex_count"": 7}, {""canonical_edge_deck"": [106494, 128887, 128887, 237310, 241630, 241630, 255735, 255735, 255735, 255735, 257758, 257773, 257773, 257774, 257774], ""representative_edge_mask"": 1818578, ""vertex_count"": 7}, {""canonical_edge_deck"": [106495, 106495, 106495, 106495, 106495, 106495, 237055, 237311, 237311, 237311, 237311, 237311, 237311, 237563, 237563, 237563], ""representative_edge_mask"": 2097096, ""vertex_count"": 7}, {""canonical_edge_deck"": [106495, 106495, 112639, 112639, 112639, 112639, 237311, 237311, 241535, 241535, 241631, 241647, 241647, 241647, 241647, 241662], ""representative_edge_mask"": 2096984, ""vertex_count"": 7}, {""canonical_edge_deck"": [106495, 128895, 128895, 237311, 241631, 241631, 255743, 255743, 255743, 255743, 257759, 257775, 257775, 257787, 257787, 257790], ""representative_edge_mask"": 2096594, ""vertex_count"": 7}, {""canonical_edge_deck"": [111582, 114658, 114658, 114658, 114658, 237304, 237304, 237304, 237304, 241634, 241634, 241634, 241634], ""representative_edge_mask"": 892408, ""vertex_count"": 7}, {""canonical_edge_deck"": [111583, 114666, 114666, 127870, 127870, 237305, 237305, 241638, 241638, 241642, 241642, 241642, 241642, 245720], ""representative_edge_mask"": 1555928, ""vertex_count"": 7}, {""canonical_edge_deck"": [111597, 112620, 112620, 112620, 112620, 241494, 241494, 241494, 241494, 241524, 241524, 255662, 255662], ""representative_edge_mask"": 899546, ""vertex_count"": 7}, {""canonical_edge_deck"": [111599, 112622, 112622, 128886, 128886, 241495, 241495, 241635, 241635, 241642, 241642, 255925, 255925, 257905], ""representative_edge_mask"": 1949082, ""vertex_count"": 7}, {""canonical_edge_deck"": [111615, 128894, 128894, 128894, 128894, 241639, 241639, 241639, 241639, 245721, 245721, 257913, 257913, 257913, 257913], ""representative_edge_mask"": 1555946, ""vertex_count"": 7}, {""canonical_edge_deck"": [112479, 112479, 112479, 112479, 114662, 114662, 241611, 241611, 241611, 241611, 241638, 241638, 241638, 241638], ""representative_edge_mask"": 2072024, ""vertex_count"": 7}, {""canonical_edge_deck"": [112503, 112503, 112543, 112606, 114659, 114662, 241613, 241613, 241614, 241614, 241635, 241635, 241638, 245708], ""representative_edge_mask"": 1039832, ""vertex_count"": 7}, {""canonical_edge_deck"": [112511, 112511, 112607, 112607, 114663, 127998, 241615, 241615, 241615, 241615, 241639, 241639, 245707, 245709, 245709], ""representative_edge_mask"": 2088408, ""vertex_count"": 7}, {""canonical_edge_deck"": [112559, 112559, 112615, 112615, 112630, 112630, 241613, 241635, 241635, 255678, 255678, 255734, 255925, 255925], ""representative_edge_mask"": 1818010, ""vertex_count"": 7}, {""canonical_edge_deck"": [112575, 112631, 112631, 112638, 114663, 127871, 241639, 245709, 255679, 255679, 255735, 255735, 255927, 255933, 255933], ""representative_edge_mask"": 1818090, ""vertex_count"": 7}, {""canonical_edge_deck"": [112606, 114659, 114668, 237306, 237306, 241614, 241614, 241635, 241635, 241638, 241644, 241644, 245708, 245720], ""representative_edge_mask"": 1031640, ""vertex_count"": 7}, {""canonical_edge_deck"": [112607, 114667, 114670, 237307, 237307, 241615, 241615, 241643, 241643, 241646, 241646, 245707, 245709, 245721, 245722], ""representative_edge_mask"": 2080216, ""vertex_count"": 7}, {""canonical_edge_deck"": [112621, 112621, 114668, 241502, 241525, 241525, 241614, 241614, 255678, 255678, 255734, 255734, 257905, 257905], ""representative_edge_mask"": 1031578, ""vertex_count"": 7}, {""canonical_edge_deck"": [112623, 112623, 128958, 241503, 241615, 241615, 241643, 241643, 255933, 255933, 257771, 257771, 257907, 257913, 257913], ""representative_edge_mask"": 2080154, ""vertex_count"": 7}, {""canonical_edge_deck"": [112630, 112630, 127863, 241525, 241635, 241635, 241642, 241644, 241644, 255663, 255663, 257772, 257772, 257905], ""representative_edge_mask"": 1030618, ""vertex_count"": 7}, {""canonical_edge_deck"": [112631, 114670, 128887, 241527, 241645, 241646, 245709, 255679, 255735, 255933, 257773, 257774, 257907, 257913, 257916], ""representative_edge_mask"": 1818074, ""vertex_count"": 7}, {""canonical_edge_deck"": [112638, 127871, 128958, 241639, 241646, 241646, 245721, 245722, 255927, 257773, 257773, 257913, 257913, 257916, 257916], ""representative_edge_mask"": 1031658, ""vertex_count"": 7}, {""canonical_edge_deck"": [112639, 112639, 112639, 112639, 127999, 127999, 245711, 245711, 255743, 255743, 255743, 255743, 255935, 255935, 255935, 255935], ""representative_edge_mask"": 2088426, ""vertex_count"": 7}, {""canonical_edge_deck"": [112639, 128895, 129022, 241647, 241647, 245711, 245723, 255935, 257787, 257787, 257915, 257915, 257917, 257917, 258041, 258042], ""representative_edge_mask"": 2080234, ""vertex_count"": 7}, {""canonical_edge_deck"": [114654, 114669, 114669, 237310, 237310, 241630, 241630, 241645, 241645, 241645, 241645, 245709, 245709, 245722, 245722], ""representative_edge_mask"": 1818584, ""vertex_count"": 7}, {""canonical_edge_deck"": [114655, 114671, 114671, 237311, 237311, 241631, 241631, 241647, 241647, 241647, 241647, 245711, 245711, 245723, 245723, 245726], ""representative_edge_mask"": 2096600, ""vertex_count"": 7}, {""canonical_edge_deck"": [114662, 114662, 114662, 237560, 237560, 241638, 241638, 241638, 241638, 241638, 241638, 245720, 245720, 245720], ""representative_edge_mask"": 1023480, ""vertex_count"": 7}, {""canonical_edge_deck"": [114663, 114670, 114670, 237561, 237561, 241639, 241639, 241646, 241646, 241646, 241646, 245721, 245722, 245722, 245752], ""representative_edge_mask"": 1032152, ""vertex_count"": 7}, {""canonical_edge_deck"": [114669, 114669, 114669, 241527, 241527, 241527, 255735, 255735, 255735, 255735, 255735, 255735, 257907, 257907, 257907], ""representative_edge_mask"": 1043930, ""vertex_count"": 7}, {""canonical_edge_deck"": [114671, 114671, 114686, 237563, 237563, 241647, 241647, 241647, 241647, 241662, 241662, 245723, 245723, 245726, 245753, 245753], ""representative_edge_mask"": 2080728, ""vertex_count"": 7}, {""canonical_edge_deck"": [114671, 114671, 128959, 241535, 241647, 241647, 255743, 255743, 255935, 255935, 257775, 257775, 257911, 257915, 257917, 257917], ""representative_edge_mask"": 2092506, ""vertex_count"": 7}, {""canonical_edge_deck"": [114686, 128959, 128959, 241662, 241662, 245726, 255935, 255935, 257790, 257790, 257917, 257917, 257917, 257917, 258042, 258042], ""representative_edge_mask"": 1039838, ""vertex_count"": 7}, {""canonical_edge_deck"": [114687, 114687, 114687, 237567, 237567, 241663, 241663, 241663, 241663, 241663, 241663, 245727, 245727, 245727, 245755, 245755, 245755], ""representative_edge_mask"": 2097112, ""vertex_count"": 7}, {""canonical_edge_deck"": [114687, 129023, 129023, 241663, 241663, 245727, 255999, 255999, 257791, 257791, 257919, 257919, 257919, 257919, 258043, 258043, 258046], ""representative_edge_mask"": 2096618, ""vertex_count"": 7}, {""canonical_edge_deck"": [127998, 127998, 127998, 245721, 245721, 245721, 245721, 245721, 245721, 245721, 245721, 245721, 245752, 245752, 245752], ""representative_edge_mask"": 1555960, ""vertex_count"": 7}, {""canonical_edge_deck"": [127999, 129022, 129022, 245753, 245753, 245753, 258041, 258041, 258041, 258042, 258042, 258042, 258042, 258042, 258042, 262136], ""representative_edge_mask"": 2022878, ""vertex_count"": 7}, {""canonical_edge_deck"": [129023, 129023, 131070, 245755, 245755, 245755, 258043, 258043, 258043, 258043, 258043, 258043, 258046, 258046, 258046, 262137, 262137], ""representative_edge_mask"": 2088414, ""vertex_count"": 7}, {""canonical_edge_deck"": [131071, 131071, 131071, 245759, 245759, 245759, 258047, 258047, 258047, 258047, 258047, 258047, 258047, 258047, 258047, 262139, 262139, 262139], ""representative_edge_mask"": 2097130, ""vertex_count"": 7}, {""canonical_edge_deck"": [237560, 237560, 245708, 245708, 245708, 245708, 245708, 245708, 245708, 245708, 245708, 245708, 245708, 245708], ""representative_edge_mask"": 769528, ""vertex_count"": 7}, {""canonical_edge_deck"": [237561, 237561, 255927, 255927, 255927, 255927, 257774, 257774, 257774, 257774, 257774, 257774, 257774, 257774, 507852], ""representative_edge_mask"": 1032146, ""vertex_count"": 7}, {""canonical_edge_deck"": [237563, 237563, 257775, 257775, 257775, 257775, 257775, 257775, 257775, 257775, 257790, 257790, 257790, 257790, 515577, 515577], ""representative_edge_mask"": 2080722, ""vertex_count"": 7}, {""canonical_edge_deck"": [237567, 237567, 257791, 257791, 257791, 257791, 257791, 257791, 257791, 257791, 257791, 257791, 257791, 257791, 515579, 515579, 515579], ""representative_edge_mask"": 2097106, ""vertex_count"": 7}, {""canonical_edge_deck"": [241630, 241630, 241630, 241630, 241630, 257907, 257907, 257907, 257907, 257907, 257907, 257907, 257907, 257907, 257907], ""representative_edge_mask"": 1047962, ""vertex_count"": 7}, {""canonical_edge_deck"": [241631, 241631, 241631, 241631, 241631, 257915, 257915, 257915, 257915, 257915, 257915, 257915, 257915, 257915, 257915, 515806], ""representative_edge_mask"": 2096538, ""vertex_count"": 7}, {""canonical_edge_deck"": [241643, 241643, 241643, 241643, 241643, 241643, 255727, 255727, 255727, 257916, 257916, 257916, 257916, 257916, 257916], ""representative_edge_mask"": 2079194, ""vertex_count"": 7}, {""canonical_edge_deck"": [241644, 241644, 241644, 241644, 241644, 241644, 241644, 255734, 255734, 255734, 255734, 255734, 255734, 255734], ""representative_edge_mask"": 998874, ""vertex_count"": 7}, {""canonical_edge_deck"": [241645, 241646, 241646, 245722, 245722, 255735, 255735, 255933, 257774, 257774, 257907, 257907, 257916, 257916, 515820], ""representative_edge_mask"": 1031642, ""vertex_count"": 7}, {""canonical_edge_deck"": [241647, 241647, 245723, 245723, 255743, 257775, 257775, 257915, 257915, 257917, 257917, 258042, 258042, 515819, 515821, 515821], ""representative_edge_mask"": 2080218, ""vertex_count"": 7}, {""canonical_edge_deck"": [241662, 245726, 245726, 257790, 257790, 257911, 257911, 257917, 257917, 257917, 257917, 515806, 515821, 515821, 515821, 515821], ""representative_edge_mask"": 1818586, ""vertex_count"": 7}, {""canonical_edge_deck"": [241663, 245727, 245727, 257791, 257791, 257919, 257919, 258043, 258043, 258043, 258043, 515807, 515823, 515823, 515823, 515823, 515838], ""representative_edge_mask"": 2096602, ""vertex_count"": 7}, {""canonical_edge_deck"": [245707, 245707, 245707, 245707, 245707, 245707, 245707, 245707, 245707, 245752, 245752, 245752, 245752, 245752, 245752], ""representative_edge_mask"": 2072056, ""vertex_count"": 7}, {""canonical_edge_deck"": [245709, 245709, 245709, 245709, 245709, 245709, 245722, 245722, 245722, 245722, 245722, 245722, 245752, 245752, 507852], ""representative_edge_mask"": 1031672, ""vertex_count"": 7}, {""canonical_edge_deck"": [245711, 245711, 245711, 245723, 245723, 245723, 245723, 245723, 245723, 245753, 245753, 245753, 262136, 507851, 507853, 507853], ""representative_edge_mask"": 2080248, ""vertex_count"": 7}, {""canonical_edge_deck"": [245726, 245726, 245726, 245726, 245726, 245726, 245726, 245726, 245726, 245726, 245726, 245726, 507853, 507853, 507853, 507853], ""representative_edge_mask"": 1048056, ""vertex_count"": 7}, {""canonical_edge_deck"": [245727, 245727, 245727, 245727, 245727, 245727, 245755, 245755, 245755, 245755, 245755, 245755, 507855, 507855, 507855, 507855, 507870], ""representative_edge_mask"": 2096632, ""vertex_count"": 7}, {""canonical_edge_deck"": [245753, 245753, 255935, 255935, 257917, 257917, 257917, 257917, 258042, 258042, 507853, 515577, 515821, 515821, 515821, 515821], ""representative_edge_mask"": 1032154, ""vertex_count"": 7}, {""canonical_edge_deck"": [245755, 245755, 257919, 257919, 257919, 257919, 258046, 258046, 515579, 515823, 515823, 515823, 515823, 515838, 515838, 516089, 516089], ""representative_edge_mask"": 2080730, ""vertex_count"": 7}, {""canonical_edge_deck"": [245759, 245759, 245759, 245759, 245759, 245759, 245759, 245759, 245759, 245759, 245759, 245759, 507871, 507871, 507871, 507871, 507871, 507871], ""representative_edge_mask"": 2097144, ""vertex_count"": 7}, {""canonical_edge_deck"": [245759, 245759, 258047, 258047, 258047, 258047, 258047, 258047, 515583, 515839, 515839, 515839, 515839, 515839, 515839, 516091, 516091, 516091], ""representative_edge_mask"": 2097114, ""vertex_count"": 7}, {""canonical_edge_deck"": [255999, 258043, 258043, 258043, 258043, 262137, 262137, 507855, 507855, 515823, 515823, 515823, 515823, 516089, 516089, 516089, 516089], ""representative_edge_mask"": 2094558, ""vertex_count"": 7}, {""canonical_edge_deck"": [258046, 258046, 258046, 258046, 507870, 515838, 515838, 515838, 515838, 515838, 515838, 515838, 515838, 516089, 516089, 516089, 516089], ""representative_edge_mask"": 1032158, ""vertex_count"": 7}, {""canonical_edge_deck"": [258047, 258047, 262139, 262139, 507871, 515839, 515839, 515839, 515839, 516091, 516091, 516091, 516091, 524239, 524239, 524239, 524239, 524254], ""representative_edge_mask"": 2096606, ""vertex_count"": 7}, {""canonical_edge_deck"": [262143, 262143, 262143, 262143, 507903, 516095, 516095, 516095, 516095, 516095, 516095, 516095, 516095, 524255, 524255, 524255, 524255, 524255, 524255], ""representative_edge_mask"": 2097146, ""vertex_count"": 7}, {""canonical_edge_deck"": [516091, 516091, 516091, 516091, 516091, 516091, 516091, 516091, 516091, 516091, 516091, 516091, 524254, 524254, 524254, 524254, 524254, 524254], ""representative_edge_mask"": 2080734, ""vertex_count"": 7}, {""canonical_edge_deck"": [516095, 516095, 516095, 516095, 524255, 524255, 524255, 524255, 524255, 524255, 524255, 524255, 524255, 524255, 524255, 524255, 1048059, 1048059, 1048059], ""representative_edge_mask"": 2097118, ""vertex_count"": 7}, {""canonical_edge_deck"": [524287, 524287, 524287, 524287, 524287, 524287, 524287, 524287, 524287, 524287, 1048063, 1048063, 1048063, 1048063, 1048063, 1048063, 1048063, 1048063, 1048063, 1048063], ""representative_edge_mask"": 2097150, ""vertex_count"": 7}, {""canonical_edge_deck"": [1048575, 1048575, 1048575, 1048575, 1048575, 1048575, 1048575, 1048575, 1048575, 1048575, 1048575, 1048575, 1048575, 1048575, 1048575, 1048575, 1048575, 1048575, 1048575, 1048575, 1048575], ""representative_edge_mask"": 2097151, ""vertex_count"": 7}, {""canonical_edge_deck"": [7, 11, 13, 13], ""representative_edge_mask"": 140541952, ""vertex_count"": 8}, {""canonical_edge_deck"": [7, 76, 76, 76], ""representative_edge_mask"": 69272576, ""vertex_count"": 8}, {""canonical_edge_deck"": [11, 11, 11, 11], ""representative_edge_mask"": 31457280, ""vertex_count"": 8}, {""canonical_edge_deck"": [11, 13, 13, 76], ""representative_edge_mask"": 14712832, ""vertex_count"": 8}, {""canonical_edge_deck"": [11, 76, 76, 76], ""representative_edge_mask"": 29392896, ""vertex_count"": 8}, {""canonical_edge_deck"": [13, 13, 13, 13], ""representative_edge_mask"": 6389760, ""vertex_count"": 8}, {""canonical_edge_deck"": [13, 13, 76, 76], ""representative_edge_mask"": 6358016, ""vertex_count"": 8}, {""canonical_edge_deck"": [13, 76, 76, 1184], ""representative_edge_mask"": 10552320, ""vertex_count"": 8}, {""canonical_edge_deck"": [15, 15, 15, 15, 30], ""representative_edge_mask"": 140607488, ""vertex_count"": 8}, {""canonical_edge_deck"": [15, 15, 75, 77, 77], ""representative_edge_mask"": 148930560, ""vertex_count"": 8}, {""canonical_edge_deck"": [15, 15, 77, 77, 86], ""representative_edge_mask"": 144801792, ""vertex_count"": 8}, {""canonical_edge_deck"": [15, 77, 86, 86, 116], ""representative_edge_mask"": 73466880, ""vertex_count"": 8}, {""canonical_edge_deck"": [15, 116, 1100, 1185, 1185], ""representative_edge_mask"": 77661184, ""vertex_count"": 8}, {""canonical_edge_deck"": [30, 77, 77, 86, 86], ""representative_edge_mask"": 14778368, ""vertex_count"": 8}, {""canonical_edge_deck"": [30, 1185, 1185, 1185, 1185], ""representative_edge_mask"": 12780544, ""vertex_count"": 8}, {""canonical_edge_deck"": [31, 31, 31, 31, 31, 31], ""representative_edge_mask"": 204506112, ""vertex_count"": 8}, {""canonical_edge_deck"": [31, 79, 79, 87, 87, 94], ""representative_edge_mask"": 148996096, ""vertex_count"": 8}, {""canonical_edge_deck"": [31, 87, 87, 94, 117, 117], ""representative_edge_mask"": 140608512, ""vertex_count"": 8}, {""canonical_edge_deck"": [31, 1194, 1194, 1194, 1194, 1456], ""representative_edge_mask"": 146998272, ""vertex_count"": 8}, {""canonical_edge_deck"": [63, 95, 95, 95, 119, 119, 119], ""representative_edge_mask"": 208700416, ""vertex_count"": 8}, {""canonical_edge_deck"": [75, 75, 75, 75, 75], ""representative_edge_mask"": 65011712, ""vertex_count"": 8}, {""canonical_edge_deck"": [75, 77, 77, 77, 1100], ""representative_edge_mask"": 31490048, ""vertex_count"": 8}, {""canonical_edge_deck"": [75, 1100, 1100, 1100, 1100], ""representative_edge_mask"": 62947328, ""vertex_count"": 8}, {""canonical_edge_deck"": [76, 76, 76, 76], ""representative_edge_mask"": 25264128, ""vertex_count"": 8}, {""canonical_edge_deck"": [76, 76, 1184, 1184], ""representative_edge_mask"": 25232384, ""vertex_count"": 8}, {""canonical_edge_deck"": [77, 77, 77, 77, 1108], ""representative_edge_mask"": 159481856, ""vertex_count"": 8}, {""canonical_edge_deck"": [77, 77, 86, 1185, 1185], ""representative_edge_mask"": 14746624, ""vertex_count"": 8}, {""canonical_edge_deck"": [77, 86, 86, 1100, 1108], ""representative_edge_mask"": 27361280, ""vertex_count"": 8}, {""canonical_edge_deck"": [77, 1100, 1185, 1185, 33952], ""representative_edge_mask"": 27329536, ""vertex_count"": 8}, {""canonical_edge_deck"": [79, 79, 79, 1099, 1101, 1101], ""representative_edge_mask"": 165707776, ""vertex_count"": 8}, {""canonical_edge_deck"": [79, 79, 117, 117, 117, 117], ""representative_edge_mask"": 207684608, ""vertex_count"": 8}, {""canonical_edge_deck"": [79, 87, 87, 1101, 1109, 1110], ""representative_edge_mask"": 161579008, ""vertex_count"": 8}, {""canonical_edge_deck"": [79, 117, 1101, 1187, 1187, 1194], ""representative_edge_mask"": 81855488, ""vertex_count"": 8}, {""canonical_edge_deck"": [79, 1194, 1194, 33868, 33953, 33953], ""representative_edge_mask"": 94438400, ""vertex_count"": 8}, {""canonical_edge_deck"": [86, 86, 86, 86, 86], ""representative_edge_mask"": 71402496, ""vertex_count"": 8}, {""canonical_edge_deck"": [86, 86, 1108, 1185, 1185], ""representative_edge_mask"": 6489088, ""vertex_count"": 8}, {""canonical_edge_deck"": [87, 87, 87, 1187, 1187, 1187], ""representative_edge_mask"": 144802816, ""vertex_count"": 8}, {""canonical_edge_deck"": [87, 94, 94, 117, 117, 236], ""representative_edge_mask"": 73499648, ""vertex_count"": 8}, {""canonical_edge_deck"": [87, 117, 1110, 1187, 1194, 1196], ""representative_edge_mask"": 140706816, ""vertex_count"": 8}, {""canonical_edge_deck"": [87, 1194, 1194, 33953, 33953, 35040], ""representative_edge_mask"": 155386880, ""vertex_count"": 8}, {""canonical_edge_deck"": [94, 94, 94, 94, 94, 94], ""representative_edge_mask"": 14909440, ""vertex_count"": 8}, {""canonical_edge_deck"": [94, 94, 1101, 1101, 1110, 1110], ""representative_edge_mask"": 31555584, ""vertex_count"": 8}, {""canonical_edge_deck"": [94, 94, 1109, 1187, 1187, 1196], ""representative_edge_mask"": 14779392, ""vertex_count"": 8}, {""canonical_edge_deck"": [94, 94, 1110, 1110, 1110, 1110], ""representative_edge_mask"": 23298048, ""vertex_count"": 8}, {""canonical_edge_deck"": [94, 1187, 1187, 1196, 1196, 1456], ""representative_edge_mask"": 14877696, ""vertex_count"": 8}, {""canonical_edge_deck"": [94, 1456, 33953, 33953, 35040, 35040], ""representative_edge_mask"": 29557760, ""vertex_count"": 8}, {""canonical_edge_deck"": [95, 95, 95, 95, 95, 95, 222], ""representative_edge_mask"": 149127168, ""vertex_count"": 8}, {""canonical_edge_deck"": [95, 95, 119, 119, 235, 237, 237], ""representative_edge_mask"": 207717376, ""vertex_count"": 8}, {""canonical_edge_deck"": [95, 95, 1103, 1103, 1111, 1111, 1118], ""representative_edge_mask"": 165773312, ""vertex_count"": 8}, {""canonical_edge_deck"": [95, 95, 1111, 1111, 1111, 1111, 1182], ""representative_edge_mask"": 157515776, ""vertex_count"": 8}, {""canonical_edge_deck"": [95, 119, 1111, 1191, 1195, 1197, 1198], ""representative_edge_mask"": 148997120, ""vertex_count"": 8}, {""canonical_edge_deck"": [95, 1195, 1195, 1198, 1198, 1457, 1460], ""representative_edge_mask"": 149095424, ""vertex_count"": 8}, {""canonical_edge_deck"": [95, 1460, 33962, 33962, 35041, 35041, 35176], ""representative_edge_mask"": 163775488, ""vertex_count"": 8}, {""canonical_edge_deck"": [116, 116, 1108, 1108, 1108], ""representative_edge_mask"": 69403648, ""vertex_count"": 8}, {""canonical_edge_deck"": [117, 117, 1109, 1110, 1110, 1140], ""representative_edge_mask"": 203621376, ""vertex_count"": 8}, {""canonical_edge_deck"": [117, 1110, 1140, 1194, 1196, 1196], ""representative_edge_mask"": 73597952, ""vertex_count"": 8}, {""canonical_edge_deck"": [119, 119, 1111, 1111, 1118, 1141, 1141], ""representative_edge_mask"": 82871296, ""vertex_count"": 8}, {""canonical_edge_deck"": [127, 127, 223, 239, 239, 239, 239, 254], ""representative_edge_mask"": 208765952, ""vertex_count"": 8}, {""canonical_edge_deck"": [127, 127, 1119, 1119, 1119, 1143, 1143, 1143], ""representative_edge_mask"": 217089024, ""vertex_count"": 8}, {""canonical_edge_deck"": [127, 127, 1183, 1199, 1199, 1199, 1199, 1214], ""representative_edge_mask"": 212960256, ""vertex_count"": 8}, {""canonical_edge_deck"": [222, 1118, 1118, 1118, 1182, 1182, 1182], ""representative_edge_mask"": 31686656, ""vertex_count"": 8}, {""canonical_edge_deck"": [222, 35176, 35176, 35176, 35176, 35176, 35176], ""representative_edge_mask"": 29819904, ""vertex_count"": 8}, {""canonical_edge_deck"": [223, 1119, 1119, 1119, 1183, 1183, 1183, 1246], ""representative_edge_mask"": 165904384, ""vertex_count"": 8}, {""canonical_edge_deck"": [223, 1199, 1199, 1199, 1199, 1459, 1461, 1461], ""representative_edge_mask"": 149128192, ""vertex_count"": 8}, {""canonical_edge_deck"": [223, 35178, 35178, 35178, 35178, 35178, 35178, 39344], ""representative_edge_mask"": 164037632, ""vertex_count"": 8}, {""canonical_edge_deck"": [235, 1103, 1103, 1195, 1195, 1195, 1195], ""representative_edge_mask"": 216073216, ""vertex_count"": 8}, {""canonical_edge_deck"": [235, 1111, 1141, 1195, 1198, 1198, 1268], ""representative_edge_mask"": 207815680, ""vertex_count"": 8}, {""canonical_edge_deck"": [236, 1110, 1110, 1187, 1196, 1196], ""representative_edge_mask"": 79791104, ""vertex_count"": 8}, {""canonical_edge_deck"": [237, 1111, 1118, 1195, 1197, 1198, 1260], ""representative_edge_mask"": 81888256, ""vertex_count"": 8}, {""canonical_edge_deck"": [239, 1119, 1119, 1199, 1199, 1259, 1261, 1261], ""representative_edge_mask"": 216105984, ""vertex_count"": 8}, {""canonical_edge_deck"": [239, 1143, 1183, 1199, 1199, 1261, 1269, 1270], ""representative_edge_mask"": 207848448, ""vertex_count"": 8}, {""canonical_edge_deck"": [254, 1143, 1214, 1246, 1261, 1261, 1270, 1270], ""representative_edge_mask"": 82936832, ""vertex_count"": 8}, {""canonical_edge_deck"": [255, 1151, 1215, 1247, 1263, 1263, 1271, 1271, 1278], ""representative_edge_mask"": 217154560, ""vertex_count"": 8}, {""canonical_edge_deck"": [1099, 1099, 1099, 1099, 1099, 1099], ""representative_edge_mask"": 132120576, ""vertex_count"": 8}, {""canonical_edge_deck"": [1099, 1101, 1101, 1101, 1101, 33868], ""representative_edge_mask"": 65044480, ""vertex_count"": 8}, {""canonical_edge_deck"": [1099, 33868, 33868, 33868, 33868, 33868], ""representative_edge_mask"": 130056192, ""vertex_count"": 8}, {""canonical_edge_deck"": [1100, 1100, 1108, 1108, 1108], ""representative_edge_mask"": 58818560, ""vertex_count"": 8}, {""canonical_edge_deck"": [1100, 1100, 33952, 33952, 33952], ""representative_edge_mask"": 58786816, ""vertex_count"": 8}, {""canonical_edge_deck"": [1101, 1101, 1109, 1109, 1109, 33876], ""representative_edge_mask"": 193036288, ""vertex_count"": 8}, {""canonical_edge_deck"": [1101, 1101, 1187, 1187, 33953, 33953], ""representative_edge_mask"": 31523840, ""vertex_count"": 8}, {""canonical_edge_deck"": [1101, 1110, 1110, 1110, 33868, 33876], ""representative_edge_mask"": 60915712, ""vertex_count"": 8}, {""canonical_edge_deck"": [1101, 33868, 33953, 33953, 33953, 2131104], ""representative_edge_mask"": 60883968, ""vertex_count"": 8}, {""canonical_edge_deck"": [1103, 1103, 1103, 1103, 33867, 33869, 33869], ""representative_edge_mask"": 199262208, ""vertex_count"": 8}, {""canonical_edge_deck"": [1103, 1111, 1111, 1111, 33869, 33877, 33878], ""representative_edge_mask"": 195133440, ""vertex_count"": 8}, {""canonical_edge_deck"": [1103, 1195, 1195, 33869, 33955, 33955, 33962], ""representative_edge_mask"": 98632704, ""vertex_count"": 8}, {""canonical_edge_deck"": [1103, 33962, 33962, 33962, 2131020, 2131105, 2131105], ""representative_edge_mask"": 127992832, ""vertex_count"": 8}, {""canonical_edge_deck"": [1108, 1108, 1185, 1185, 33952], ""representative_edge_mask"": 19072000, ""vertex_count"": 8}, {""canonical_edge_deck"": [1108, 33952, 33952, 33952, 33952], ""representative_edge_mask"": 50529280, ""vertex_count"": 8}, {""canonical_edge_deck"": [1109, 1110, 1187, 1187, 33953, 33956], ""representative_edge_mask"": 153289728, ""vertex_count"": 8}, {""canonical_edge_deck"": [1109, 33953, 33953, 33953, 33953, 2132128], ""representative_edge_mask"": 184747008, ""vertex_count"": 8}, {""canonical_edge_deck"": [1110, 1110, 1110, 1110, 33876, 33876], ""representative_edge_mask"": 52658176, ""vertex_count"": 8}, {""canonical_edge_deck"": [1110, 1187, 1196, 33953, 33956, 35040], ""representative_edge_mask"": 23266304, ""vertex_count"": 8}, {""canonical_edge_deck"": [1110, 1196, 1196, 33876, 33953, 33956], ""representative_edge_mask"": 29459456, ""vertex_count"": 8}, {""canonical_edge_deck"": [1110, 33953, 35040, 35040, 2131104, 2132128], ""representative_edge_mask"": 54723584, ""vertex_count"": 8}, {""canonical_edge_deck"": [1111, 1111, 1111, 1111, 33877, 33877, 33942], ""representative_edge_mask"": 186875904, ""vertex_count"": 8}, {""canonical_edge_deck"": [1111, 1111, 1191, 1191, 33955, 33957, 33957], ""representative_edge_mask"": 161580032, ""vertex_count"": 8}, {""canonical_edge_deck"": [1111, 1195, 1198, 33955, 33957, 35041, 35042], ""representative_edge_mask"": 157484032, ""vertex_count"": 8}, {""canonical_edge_deck"": [1111, 1198, 1198, 33878, 33957, 33962, 33964], ""representative_edge_mask"": 94471168, ""vertex_count"": 8}, {""canonical_edge_deck"": [1111, 33962, 35041, 35041, 2131105, 2132129, 2132192], ""representative_edge_mask"": 188941312, ""vertex_count"": 8}, {""canonical_edge_deck"": [1118, 1118, 1118, 33869, 33869, 33878, 33878], ""representative_edge_mask"": 65110016, ""vertex_count"": 8}, {""canonical_edge_deck"": [1118, 1182, 1182, 33878, 33878, 33942, 33942], ""representative_edge_mask"": 56852480, ""vertex_count"": 8}, {""canonical_edge_deck"": [1118, 1195, 1195, 1268, 1268, 1457, 1457], ""representative_edge_mask"": 81986560, ""vertex_count"": 8}, {""canonical_edge_deck"": [1118, 1197, 1197, 33877, 33955, 33957, 33964], ""representative_edge_mask"": 31556608, ""vertex_count"": 8}, {""canonical_edge_deck"": [1118, 1457, 33955, 33955, 35042, 35042, 35176], ""representative_edge_mask"": 31654912, ""vertex_count"": 8}, {""canonical_edge_deck"": [1118, 35176, 35176, 2131105, 2131105, 2132192, 2132192], ""representative_edge_mask"": 63112192, ""vertex_count"": 8}, {""canonical_edge_deck"": [1119, 1119, 1119, 33871, 33871, 33879, 33879, 33886], ""representative_edge_mask"": 199327744, ""vertex_count"": 8}, {""canonical_edge_deck"": [1119, 1183, 1183, 33879, 33879, 33943, 33943, 33950], ""representative_edge_mask"": 191070208, ""vertex_count"": 8}, {""canonical_edge_deck"": [1119, 1199, 1199, 33879, 33959, 33963, 33965, 33966], ""representative_edge_mask"": 165774336, ""vertex_count"": 8}, {""canonical_edge_deck"": [1119, 1259, 1259, 1269, 1269, 1461, 1461, 3306], ""representative_edge_mask"": 216204288, ""vertex_count"": 8}, {""canonical_edge_deck"": [1119, 1461, 33963, 33963, 35043, 35043, 35177, 35178], ""representative_edge_mask"": 165872640, ""vertex_count"": 8}, {""canonical_edge_deck"": [1119, 35178, 35178, 2131114, 2131114, 2132193, 2132193, 2132328], ""representative_edge_mask"": 197329920, ""vertex_count"": 8}, {""canonical_edge_deck"": [1140, 1140, 1140, 33876, 33876, 33876], ""representative_edge_mask"": 30442496, ""vertex_count"": 8}, {""canonical_edge_deck"": [1140, 1194, 1194, 33876, 33956, 33956], ""representative_edge_mask"": 86180864, ""vertex_count"": 8}, {""canonical_edge_deck"": [1141, 1141, 1141, 33877, 33878, 33878, 33908], ""representative_edge_mask"": 32539648, ""vertex_count"": 8}, {""canonical_edge_deck"": [1141, 1195, 1195, 33877, 33957, 33957, 33972], ""representative_edge_mask"": 220398592, ""vertex_count"": 8}, {""canonical_edge_deck"": [1143, 1143, 1143, 33879, 33879, 33886, 33909, 33909], ""representative_edge_mask"": 99648512, ""vertex_count"": 8}, {""canonical_edge_deck"": [1143, 1199, 1199, 33943, 33959, 33965, 33973, 33974], ""representative_edge_mask"": 220431360, ""vertex_count"": 8}, {""canonical_edge_deck"": [1143, 1214, 1214, 33950, 33966, 33966, 33974, 33974], ""representative_edge_mask"": 95519744, ""vertex_count"": 8}, {""canonical_edge_deck"": [1151, 1151, 1151, 33887, 33887, 33887, 33911, 33911, 33911], ""representative_edge_mask"": 233866240, ""vertex_count"": 8}, {""canonical_edge_deck"": [1151, 1215, 1215, 33951, 33967, 33967, 33975, 33975, 33982], ""representative_edge_mask"": 229737472, ""vertex_count"": 8}, {""canonical_edge_deck"": [1182, 1260, 1260, 1260, 1260, 1457, 1457], ""representative_edge_mask"": 79922176, ""vertex_count"": 8}, {""canonical_edge_deck"": [1182, 1457, 33964, 33964, 35042, 35042, 35176], ""representative_edge_mask"": 15139840, ""vertex_count"": 8}, {""canonical_edge_deck"": [1182, 35176, 35176, 2132192, 2132192, 2132192, 2132192], ""representative_edge_mask"": 46597120, ""vertex_count"": 8}, {""canonical_edge_deck"": [1183, 1199, 1199, 33959, 33959, 35043, 35043, 35046], ""representative_edge_mask"": 157516800, ""vertex_count"": 8}, {""canonical_edge_deck"": [1183, 1261, 1261, 1261, 1261, 1461, 1461, 3308], ""representative_edge_mask"": 214139904, ""vertex_count"": 8}, {""canonical_edge_deck"": [1183, 1461, 33966, 33966, 35043, 35043, 35178, 35180], ""representative_edge_mask"": 149357568, ""vertex_count"": 8}, {""canonical_edge_deck"": [1183, 35178, 35178, 2132193, 2132193, 2132193, 2132193, 2165984], ""representative_edge_mask"": 180814848, ""vertex_count"": 8}, {""canonical_edge_deck"": [1195, 1268, 33878, 33962, 33972, 35042, 35042], ""representative_edge_mask"": 90375168, ""vertex_count"": 8}, {""canonical_edge_deck"": [1246, 1246, 1246, 1246, 1246, 1246, 1246, 1246], ""representative_edge_mask"": 31948800, ""vertex_count"": 8}, {""canonical_edge_deck"": [1246, 1246, 33886, 33886, 33886, 33950, 33950, 33950], ""representative_edge_mask"": 65241088, ""vertex_count"": 8}, {""canonical_edge_deck"": [1246, 1246, 33950, 33950, 33950, 33950, 33950, 33950], ""representative_edge_mask"": 48726016, ""vertex_count"": 8}, {""canonical_edge_deck"": [1246, 1261, 1261, 1270, 1270, 1459, 3306, 3308], ""representative_edge_mask"": 82019328, ""vertex_count"": 8}, {""canonical_edge_deck"": [1246, 1459, 33965, 33965, 35046, 35046, 35177, 35180], ""representative_edge_mask"": 31687680, ""vertex_count"": 8}, {""canonical_edge_deck"": [1246, 35177, 35177, 35177, 35180, 35180, 35180, 39344], ""representative_edge_mask"": 31917056, ""vertex_count"": 8}, {""canonical_edge_deck"": [1246, 39344, 2132328, 2132328, 2132328, 2165984, 2165984, 2165984], ""representative_edge_mask"": 63374336, ""vertex_count"": 8}, {""canonical_edge_deck"": [1247, 1247, 1247, 1247, 1247, 1247, 1247, 1247, 3294], ""representative_edge_mask"": 166166528, ""vertex_count"": 8}, {""canonical_edge_deck"": [1247, 1247, 33887, 33887, 33887, 33951, 33951, 33951, 34014], ""representative_edge_mask"": 199458816, ""vertex_count"": 8}, {""canonical_edge_deck"": [1247, 1247, 33951, 33951, 33951, 33951, 33951, 33951, 35038], ""representative_edge_mask"": 182943744, ""vertex_count"": 8}, {""canonical_edge_deck"": [1247, 1263, 1263, 1271, 1271, 1463, 3307, 3309, 3310], ""representative_edge_mask"": 216237056, ""vertex_count"": 8}, {""canonical_edge_deck"": [1247, 1463, 33967, 33967, 35047, 35047, 35179, 35181, 35182], ""representative_edge_mask"": 165905408, ""vertex_count"": 8}, {""canonical_edge_deck"": [1247, 35179, 35179, 35179, 35182, 35182, 35182, 39345, 39348], ""representative_edge_mask"": 166134784, ""vertex_count"": 8}, {""canonical_edge_deck"": [1247, 39348, 2132330, 2132330, 2132330, 2165985, 2165985, 2165985, 2168168], ""representative_edge_mask"": 197592064, ""vertex_count"": 8}, {""canonical_edge_deck"": [1259, 1259, 33871, 33871, 33963, 33963, 33963, 33963], ""representative_edge_mask"": 232850432, ""vertex_count"": 8}, {""canonical_edge_deck"": [1259, 1269, 33879, 33963, 33973, 35043, 35043, 35050], ""representative_edge_mask"": 224592896, ""vertex_count"": 8}, {""canonical_edge_deck"": [1260, 1260, 33878, 33878, 33955, 33964, 33964], ""representative_edge_mask"": 96568320, ""vertex_count"": 8}, {""canonical_edge_deck"": [1260, 1260, 33942, 33964, 33964, 35042, 35042], ""representative_edge_mask"": 88310784, ""vertex_count"": 8}, {""canonical_edge_deck"": [1261, 1261, 33879, 33886, 33963, 33965, 33966, 34028], ""representative_edge_mask"": 98665472, ""vertex_count"": 8}, {""canonical_edge_deck"": [1261, 1261, 33943, 33965, 33965, 35043, 35043, 35052], ""representative_edge_mask"": 222528512, ""vertex_count"": 8}, {""canonical_edge_deck"": [1261, 1270, 33950, 33966, 33974, 35046, 35050, 35052], ""representative_edge_mask"": 90407936, ""vertex_count"": 8}, {""canonical_edge_deck"": [1263, 1263, 33887, 33887, 33967, 33967, 34027, 34029, 34029], ""representative_edge_mask"": 232883200, ""vertex_count"": 8}, {""canonical_edge_deck"": [1263, 1271, 33951, 33967, 33975, 35047, 35051, 35053, 35054], ""representative_edge_mask"": 224625664, ""vertex_count"": 8}, {""canonical_edge_deck"": [1268, 1268, 33908, 33942, 33964, 33964, 33972], ""representative_edge_mask"": 73860096, ""vertex_count"": 8}, {""canonical_edge_deck"": [1269, 1269, 33909, 33943, 33966, 33966, 33973, 34036], ""representative_edge_mask"": 208077824, ""vertex_count"": 8}, {""canonical_edge_deck"": [1270, 1270, 33909, 33950, 33965, 33974, 34028, 34036], ""representative_edge_mask"": 32605184, ""vertex_count"": 8}, {""canonical_edge_deck"": [1271, 1271, 33911, 33951, 33967, 33975, 34029, 34037, 34038], ""representative_edge_mask"": 166822912, ""vertex_count"": 8}, {""canonical_edge_deck"": [1278, 1278, 33911, 33982, 34014, 34029, 34029, 34038, 34038], ""representative_edge_mask"": 99714048, ""vertex_count"": 8}, {""canonical_edge_deck"": [1279, 1279, 33919, 33983, 34015, 34031, 34031, 34039, 34039, 34046], ""representative_edge_mask"": 233931776, ""vertex_count"": 8}, {""canonical_edge_deck"": [3294, 34014, 34014, 34014, 34014, 35038, 35038, 35038, 35038], ""representative_edge_mask"": 65503232, ""vertex_count"": 8}, {""canonical_edge_deck"": [3294, 35181, 35181, 35181, 35181, 35181, 35181, 39345, 39345], ""representative_edge_mask"": 31949824, ""vertex_count"": 8}, {""canonical_edge_deck"": [3295, 34015, 34015, 34015, 34015, 35039, 35039, 35039, 35039, 36062], ""representative_edge_mask"": 199720960, ""vertex_count"": 8}, {""canonical_edge_deck"": [3295, 35183, 35183, 35183, 35183, 35183, 35183, 39347, 39349, 39349], ""representative_edge_mask"": 166167552, ""vertex_count"": 8}, {""canonical_edge_deck"": [3306, 33886, 33963, 33963, 35050, 35050, 35177, 35177], ""representative_edge_mask"": 98763776, ""vertex_count"": 8}, {""canonical_edge_deck"": [3306, 33950, 34036, 34036, 35050, 35050, 35180, 35180], ""representative_edge_mask"": 82248704, ""vertex_count"": 8}, {""canonical_edge_deck"": [3307, 33887, 34027, 34027, 35051, 35051, 35179, 35179, 36074], ""representative_edge_mask"": 232981504, ""vertex_count"": 8}, {""canonical_edge_deck"": [3307, 33951, 34037, 34037, 35051, 35051, 35182, 35182, 36084], ""representative_edge_mask"": 216466432, ""vertex_count"": 8}, {""canonical_edge_deck"": [3308, 33950, 34028, 34028, 35052, 35052, 35177, 35180], ""representative_edge_mask"": 96699392, ""vertex_count"": 8}, {""canonical_edge_deck"": [3309, 33951, 34029, 34029, 35053, 35053, 35179, 35182, 36076], ""representative_edge_mask"": 230917120, ""vertex_count"": 8}, {""canonical_edge_deck"": [3310, 34014, 34029, 34029, 35054, 35054, 35181, 36074, 36076], ""representative_edge_mask"": 98796544, ""vertex_count"": 8}, {""canonical_edge_deck"": [3310, 34038, 34038, 35038, 35054, 35054, 35181, 36076, 36084], ""representative_edge_mask"": 82281472, ""vertex_count"": 8}, {""canonical_edge_deck"": [3311, 34015, 34031, 34031, 35055, 35055, 35183, 36075, 36077, 36078], ""representative_edge_mask"": 233014272, ""vertex_count"": 8}, {""canonical_edge_deck"": [33867, 33867, 33867, 33867, 33867, 33867, 33867], ""representative_edge_mask"": 266338304, ""vertex_count"": 8}, {""canonical_edge_deck"": [33867, 33869, 33869, 33869, 33869, 33869, 2131020], ""representative_edge_mask"": 132153344, ""vertex_count"": 8}, {""canonical_edge_deck"": [33868, 33868, 33876, 33876, 33876, 33876], ""representative_edge_mask"": 125927424, ""vertex_count"": 8}, {""canonical_edge_deck"": [33869, 33869, 33877, 33877, 33877, 33877, 2131028], ""representative_edge_mask"": 260145152, ""vertex_count"": 8}, {""canonical_edge_deck"": [33869, 33869, 33955, 33955, 33955, 2131105, 2131105], ""representative_edge_mask"": 65078272, ""vertex_count"": 8}, {""canonical_edge_deck"": [33869, 33878, 33878, 33878, 33878, 2131020, 2131028], ""representative_edge_mask"": 128024576, ""vertex_count"": 8}, {""canonical_edge_deck"": [33871, 33871, 33871, 33871, 33871, 2131019, 2131021, 2131021], ""representative_edge_mask"": 266371072, ""vertex_count"": 8}, {""canonical_edge_deck"": [33871, 33879, 33879, 33879, 33879, 2131021, 2131029, 2131030], ""representative_edge_mask"": 262242304, ""vertex_count"": 8}, {""canonical_edge_deck"": [33871, 33963, 33963, 33963, 2131021, 2131107, 2131107, 2131114], ""representative_edge_mask"": 132187136, ""vertex_count"": 8}, {""canonical_edge_deck"": [33876, 33876, 33876, 33876, 33876, 33876], ""representative_edge_mask"": 117669888, ""vertex_count"": 8}, {""canonical_edge_deck"": [33876, 33876, 33956, 33956, 33956, 2131104], ""representative_edge_mask"": 58819584, ""vertex_count"": 8}, {""canonical_edge_deck"": [33876, 33953, 33953, 33956, 33956, 2132128], ""representative_edge_mask"": 52626432, ""vertex_count"": 8}, {""canonical_edge_deck"": [33877, 33877, 33877, 33877, 33877, 33877, 2131092], ""representative_edge_mask"": 251887616, ""vertex_count"": 8}, {""canonical_edge_deck"": [33877, 33878, 33957, 33957, 33957, 2131105, 2131108], ""representative_edge_mask"": 60916736, ""vertex_count"": 8}, {""canonical_edge_deck"": [33877, 33955, 33955, 33957, 33957, 2132129, 2132130], ""representative_edge_mask"": 186844160, ""vertex_count"": 8}, {""canonical_edge_deck"": [33878, 33878, 33942, 33942, 33942, 2131028, 2131092], ""representative_edge_mask"": 119767040, ""vertex_count"": 8}, {""canonical_edge_deck"": [33878, 33955, 35042, 35042, 2131105, 2132130, 2132192], ""representative_edge_mask"": 56820736, ""vertex_count"": 8}, {""canonical_edge_deck"": [33878, 33964, 33964, 33964, 2131028, 2131105, 2131108], ""representative_edge_mask"": 63013888, ""vertex_count"": 8}, {""canonical_edge_deck"": [33879, 33879, 33943, 33943, 33943, 2131029, 2131093, 2131094], ""representative_edge_mask"": 253984768, ""vertex_count"": 8}, {""canonical_edge_deck"": [33879, 33879, 33959, 33959, 33959, 2131107, 2131109, 2131109], ""representative_edge_mask"": 195134464, ""vertex_count"": 8}, {""canonical_edge_deck"": [33879, 33963, 35043, 35043, 2131107, 2132131, 2132193, 2132194], ""representative_edge_mask"": 191038464, ""vertex_count"": 8}, {""canonical_edge_deck"": [33879, 33966, 33966, 33966, 2131030, 2131109, 2131114, 2131116], ""representative_edge_mask"": 128025600, ""vertex_count"": 8}, {""canonical_edge_deck"": [33886, 33886, 33886, 33886, 2131021, 2131021, 2131030, 2131030], ""representative_edge_mask"": 132218880, ""vertex_count"": 8}, {""canonical_edge_deck"": [33886, 33950, 33950, 33950, 2131030, 2131030, 2131094, 2131094], ""representative_edge_mask"": 123961344, ""vertex_count"": 8}, {""canonical_edge_deck"": [33886, 33965, 33965, 33965, 2131029, 2131107, 2131109, 2131116], ""representative_edge_mask"": 65111040, ""vertex_count"": 8}, {""canonical_edge_deck"": [33886, 35177, 35177, 2131107, 2131107, 2132194, 2132194, 2132328], ""representative_edge_mask"": 65209344, ""vertex_count"": 8}, {""canonical_edge_deck"": [33887, 33887, 33887, 33887, 2131023, 2131023, 2131031, 2131031, 2131038], ""representative_edge_mask"": 266436608, ""vertex_count"": 8}, {""canonical_edge_deck"": [33887, 33951, 33951, 33951, 2131031, 2131031, 2131095, 2131095, 2131102], ""representative_edge_mask"": 258179072, ""vertex_count"": 8}, {""canonical_edge_deck"": [33887, 33967, 33967, 33967, 2131031, 2131111, 2131115, 2131117, 2131118], ""representative_edge_mask"": 199328768, ""vertex_count"": 8}, {""canonical_edge_deck"": [33887, 35179, 35179, 2131115, 2131115, 2132195, 2132195, 2132329, 2132330], ""representative_edge_mask"": 199427072, ""vertex_count"": 8}, {""canonical_edge_deck"": [33908, 33908, 33908, 33908, 2131028, 2131028, 2131028], ""representative_edge_mask"": 63996928, ""vertex_count"": 8}, {""canonical_edge_deck"": [33908, 33972, 33972, 33972, 2131092, 2131108, 2131108], ""representative_edge_mask"": 103220224, ""vertex_count"": 8}, {""canonical_edge_deck"": [33909, 33909, 33909, 33909, 2131029, 2131030, 2131030, 2131060], ""representative_edge_mask"": 66094080, ""vertex_count"": 8}, {""canonical_edge_deck"": [33909, 33973, 33973, 33973, 2131093, 2131109, 2131109, 2131124], ""representative_edge_mask"": 237437952, ""vertex_count"": 8}, {""canonical_edge_deck"": [33909, 33974, 33974, 33974, 2131094, 2131109, 2131116, 2131124], ""representative_edge_mask"": 61965312, ""vertex_count"": 8}, {""canonical_edge_deck"": [33911, 33911, 33911, 33911, 2131031, 2131031, 2131038, 2131061, 2131061], ""representative_edge_mask"": 133202944, ""vertex_count"": 8}, {""canonical_edge_deck"": [33911, 33975, 33975, 33975, 2131095, 2131111, 2131117, 2131125, 2131126], ""representative_edge_mask"": 196183040, ""vertex_count"": 8}, {""canonical_edge_deck"": [33911, 33982, 33982, 33982, 2131102, 2131118, 2131118, 2131126, 2131126], ""representative_edge_mask"": 129074176, ""vertex_count"": 8}, {""canonical_edge_deck"": [33919, 33919, 33919, 33919, 2131039, 2131039, 2131039, 2131063, 2131063, 2131063], ""representative_edge_mask"": 267420672, ""vertex_count"": 8}, {""canonical_edge_deck"": [33919, 33983, 33983, 33983, 2131103, 2131119, 2131119, 2131127, 2131127, 2131134], ""representative_edge_mask"": 263291904, ""vertex_count"": 8}, {""canonical_edge_deck"": [33942, 33964, 35042, 35042, 2131108, 2132130, 2132192], ""representative_edge_mask"": 40305664, ""vertex_count"": 8}, {""canonical_edge_deck"": [33943, 33959, 33959, 33959, 33959, 2132131, 2132131, 2132134], ""representative_edge_mask"": 186876928, ""vertex_count"": 8}, {""canonical_edge_deck"": [33943, 33966, 35043, 35043, 2131109, 2132131, 2132193, 2132196], ""representative_edge_mask"": 174523392, ""vertex_count"": 8}, {""canonical_edge_deck"": [33950, 33950, 33950, 33950, 2131094, 2131094, 2131094, 2131094], ""representative_edge_mask"": 107446272, ""vertex_count"": 8}, {""canonical_edge_deck"": [33950, 33965, 35046, 35046, 2131109, 2132134, 2132194, 2132196], ""representative_edge_mask"": 56853504, ""vertex_count"": 8}, {""canonical_edge_deck"": [33950, 35177, 35180, 2132194, 2132194, 2132196, 2132196, 2165984], ""representative_edge_mask"": 48694272, ""vertex_count"": 8}, {""canonical_edge_deck"": [33950, 35180, 35180, 2131116, 2131116, 2132196, 2132196, 2132328], ""representative_edge_mask"": 63144960, ""vertex_count"": 8}, {""canonical_edge_deck"": [33951, 33951, 33951, 33951, 2131095, 2131095, 2131095, 2131095, 2132126], ""representative_edge_mask"": 241664000, ""vertex_count"": 8}, {""canonical_edge_deck"": [33951, 33967, 35047, 35047, 2131111, 2132135, 2132195, 2132197, 2132198], ""representative_edge_mask"": 191071232, ""vertex_count"": 8}, {""canonical_edge_deck"": [33951, 35179, 35182, 2132195, 2132195, 2132197, 2132197, 2165985, 2165986], ""representative_edge_mask"": 182912000, ""vertex_count"": 8}, {""canonical_edge_deck"": [33951, 35182, 35182, 2131118, 2131118, 2132197, 2132197, 2132330, 2132332], ""representative_edge_mask"": 197362688, ""vertex_count"": 8}, {""canonical_edge_deck"": [33962, 33962, 33972, 33972, 2131028, 2132130, 2132130], ""representative_edge_mask"": 119735296, ""vertex_count"": 8}, {""canonical_edge_deck"": [33963, 33963, 33973, 33973, 2131029, 2132131, 2132131, 2132138], ""representative_edge_mask"": 253953024, ""vertex_count"": 8}, {""canonical_edge_deck"": [33963, 35050, 35050, 2131030, 2131114, 2132138, 2132194, 2132194], ""representative_edge_mask"": 123929600, ""vertex_count"": 8}, {""canonical_edge_deck"": [33964, 33964, 33964, 33964, 2131092, 2132130, 2132130], ""representative_edge_mask"": 117670912, ""vertex_count"": 8}, {""canonical_edge_deck"": [33965, 33965, 33965, 33965, 2131093, 2132131, 2132131, 2132140], ""representative_edge_mask"": 251888640, ""vertex_count"": 8}, {""canonical_edge_deck"": [33966, 33966, 33974, 33974, 2131094, 2132134, 2132138, 2132140], ""representative_edge_mask"": 119768064, ""vertex_count"": 8}, {""canonical_edge_deck"": [33967, 33967, 33975, 33975, 2131095, 2132135, 2132139, 2132141, 2132142], ""representative_edge_mask"": 253985792, ""vertex_count"": 8}, {""canonical_edge_deck"": [34014, 34014, 34014, 2131038, 2131038, 2131038, 2131102, 2131102, 2131102], ""representative_edge_mask"": 132349952, ""vertex_count"": 8}, {""canonical_edge_deck"": [34014, 35038, 35038, 2131102, 2131102, 2131102, 2132126, 2132126, 2132126], ""representative_edge_mask"": 115834880, ""vertex_count"": 8}, {""canonical_edge_deck"": [34014, 35181, 35181, 2131117, 2131117, 2132198, 2132198, 2132329, 2132332], ""representative_edge_mask"": 65242112, ""vertex_count"": 8}, {""canonical_edge_deck"": [34014, 36074, 36074, 36074, 36084, 36084, 36084, 39345, 39345], ""representative_edge_mask"": 99025920, ""vertex_count"": 8}, {""canonical_edge_deck"": [34014, 39345, 2132329, 2132329, 2132329, 2165986, 2165986, 2165986, 2168168], ""representative_edge_mask"": 65471488, ""vertex_count"": 8}, {""canonical_edge_deck"": [34015, 34015, 34015, 2131039, 2131039, 2131039, 2131103, 2131103, 2131103, 2131166], ""representative_edge_mask"": 266567680, ""vertex_count"": 8}, {""canonical_edge_deck"": [34015, 35039, 35039, 2131103, 2131103, 2131103, 2132127, 2132127, 2132127, 2132190], ""representative_edge_mask"": 250052608, ""vertex_count"": 8}, {""canonical_edge_deck"": [34015, 35183, 35183, 2131119, 2131119, 2132199, 2132199, 2132331, 2132333, 2132334], ""representative_edge_mask"": 199459840, ""vertex_count"": 8}, {""canonical_edge_deck"": [34015, 36075, 36075, 36075, 36085, 36085, 36085, 39349, 39349, 101610], ""representative_edge_mask"": 233243648, ""vertex_count"": 8}, {""canonical_edge_deck"": [34015, 39349, 2132331, 2132331, 2132331, 2165987, 2165987, 2165987, 2168169, 2168170], ""representative_edge_mask"": 199689216, ""vertex_count"": 8}, {""canonical_edge_deck"": [34027, 34027, 34027, 2131023, 2131023, 2131115, 2131115, 2131115, 2131115], ""representative_edge_mask"": 266404864, ""vertex_count"": 8}, {""canonical_edge_deck"": [34027, 35051, 35051, 2131031, 2131115, 2132139, 2132195, 2132195, 2132202], ""representative_edge_mask"": 258147328, ""vertex_count"": 8}, {""canonical_edge_deck"": [34028, 34028, 34028, 2131030, 2131030, 2131107, 2131116, 2131116], ""representative_edge_mask"": 130122752, ""vertex_count"": 8}, {""canonical_edge_deck"": [34028, 35052, 35052, 2131094, 2131116, 2132140, 2132194, 2132196], ""representative_edge_mask"": 121865216, ""vertex_count"": 8}, {""canonical_edge_deck"": [34029, 34029, 34029, 2131031, 2131038, 2131115, 2131117, 2131118, 2131180], ""representative_edge_mask"": 132219904, ""vertex_count"": 8}, {""canonical_edge_deck"": [34029, 35053, 35053, 2131095, 2131117, 2132141, 2132195, 2132197, 2132204], ""representative_edge_mask"": 256082944, ""vertex_count"": 8}, {""canonical_edge_deck"": [34029, 35054, 35054, 2131102, 2131118, 2132142, 2132198, 2132202, 2132204], ""representative_edge_mask"": 123962368, ""vertex_count"": 8}, {""canonical_edge_deck"": [34031, 34031, 34031, 2131039, 2131039, 2131119, 2131119, 2131179, 2131181, 2131181], ""representative_edge_mask"": 266437632, ""vertex_count"": 8}, {""canonical_edge_deck"": [34031, 35055, 35055, 2131103, 2131119, 2132143, 2132199, 2132203, 2132205, 2132206], ""representative_edge_mask"": 258180096, ""vertex_count"": 8}, {""canonical_edge_deck"": [34036, 34036, 34036, 2131060, 2131094, 2131116, 2131116, 2131124], ""representative_edge_mask"": 64062464, ""vertex_count"": 8}, {""canonical_edge_deck"": [34036, 35050, 35050, 2131094, 2131124, 2132138, 2132196, 2132196], ""representative_edge_mask"": 107414528, ""vertex_count"": 8}, {""canonical_edge_deck"": [34037, 34037, 34037, 2131061, 2131095, 2131118, 2131118, 2131125, 2131188], ""representative_edge_mask"": 198280192, ""vertex_count"": 8}, {""canonical_edge_deck"": [34037, 35051, 35051, 2131095, 2131125, 2132139, 2132197, 2132197, 2132212], ""representative_edge_mask"": 241632256, ""vertex_count"": 8}, {""canonical_edge_deck"": [34038, 34038, 34038, 2131061, 2131102, 2131117, 2131126, 2131180, 2131188], ""representative_edge_mask"": 66159616, ""vertex_count"": 8}, {""canonical_edge_deck"": [34038, 35054, 35054, 2131126, 2132126, 2132142, 2132198, 2132204, 2132212], ""representative_edge_mask"": 107447296, ""vertex_count"": 8}, {""canonical_edge_deck"": [34039, 34039, 34039, 2131063, 2131103, 2131119, 2131127, 2131181, 2131189, 2131190], ""representative_edge_mask"": 200377344, ""vertex_count"": 8}, {""canonical_edge_deck"": [34046, 34046, 34046, 2131063, 2131134, 2131166, 2131181, 2131181, 2131190, 2131190], ""representative_edge_mask"": 133268480, ""vertex_count"": 8}, {""canonical_edge_deck"": [34047, 34047, 34047, 2131071, 2131135, 2131167, 2131183, 2131183, 2131191, 2131191, 2131198], ""representative_edge_mask"": 267486208, ""vertex_count"": 8}, {""canonical_edge_deck"": [35038, 35181, 35181, 2132198, 2132198, 2132198, 2132198, 2165986, 2165986], ""representative_edge_mask"": 48727040, ""vertex_count"": 8}, {""canonical_edge_deck"": [35038, 36076, 36076, 36076, 36076, 36076, 36076, 39345, 39345], ""representative_edge_mask"": 96961536, ""vertex_count"": 8}, {""canonical_edge_deck"": [36062, 36062, 36062, 36062, 36062, 36062, 36062, 36062, 36062, 36062], ""representative_edge_mask"": 66027520, ""vertex_count"": 8}, {""canonical_edge_deck"": [36062, 36062, 2131166, 2131166, 2131166, 2131166, 2132190, 2132190, 2132190, 2132190], ""representative_edge_mask"": 132612096, ""vertex_count"": 8}, {""canonical_edge_deck"": [36062, 36062, 2132190, 2132190, 2132190, 2132190, 2132190, 2132190, 2132190, 2132190], ""representative_edge_mask"": 99581952, ""vertex_count"": 8}, {""canonical_edge_deck"": [36062, 36078, 36078, 36078, 36086, 36086, 36086, 39347, 101610, 101612], ""representative_edge_mask"": 99058688, ""vertex_count"": 8}, {""canonical_edge_deck"": [36062, 39347, 2132333, 2132333, 2132333, 2165990, 2165990, 2165990, 2168169, 2168172], ""representative_edge_mask"": 65504256, ""vertex_count"": 8}, {""canonical_edge_deck"": [36063, 36063, 36063, 36063, 36063, 36063, 36063, 36063, 36063, 36063, 101598], ""representative_edge_mask"": 200245248, ""vertex_count"": 8}, {""canonical_edge_deck"": [36063, 36063, 2131167, 2131167, 2131167, 2131167, 2132191, 2132191, 2132191, 2132191, 2133214], ""representative_edge_mask"": 266829824, ""vertex_count"": 8}, {""canonical_edge_deck"": [36063, 36063, 2132191, 2132191, 2132191, 2132191, 2132191, 2132191, 2132191, 2132191, 2165982], ""representative_edge_mask"": 233799680, ""vertex_count"": 8}, {""canonical_edge_deck"": [36074, 36074, 2131038, 2131115, 2131115, 2132202, 2132202, 2132329, 2132329], ""representative_edge_mask"": 132318208, ""vertex_count"": 8}, {""canonical_edge_deck"": [36074, 36084, 2131102, 2132202, 2132202, 2132212, 2132212, 2165986, 2165986], ""representative_edge_mask"": 115803136, ""vertex_count"": 8}, {""canonical_edge_deck"": [36075, 36075, 2131039, 2131179, 2131179, 2132203, 2132203, 2132331, 2132331, 2133226], ""representative_edge_mask"": 266535936, ""vertex_count"": 8}, {""canonical_edge_deck"": [36075, 36085, 2131103, 2132203, 2132203, 2132213, 2132213, 2165987, 2165987, 2165994], ""representative_edge_mask"": 250020864, ""vertex_count"": 8}, {""canonical_edge_deck"": [36076, 36076, 2131102, 2131180, 2131180, 2132204, 2132204, 2132329, 2132332], ""representative_edge_mask"": 130253824, ""vertex_count"": 8}, {""canonical_edge_deck"": [36076, 36076, 2132126, 2132204, 2132204, 2132204, 2132204, 2165986, 2165986], ""representative_edge_mask"": 113738752, ""vertex_count"": 8}, {""canonical_edge_deck"": [36077, 36077, 2131103, 2131181, 2131181, 2132205, 2132205, 2132331, 2132334, 2133228], ""representative_edge_mask"": 264471552, ""vertex_count"": 8}, {""canonical_edge_deck"": [36078, 36078, 2131166, 2131181, 2131181, 2132206, 2132206, 2132333, 2133226, 2133228], ""representative_edge_mask"": 132350976, ""vertex_count"": 8}, {""canonical_edge_deck"": [36078, 36086, 2132190, 2132206, 2132206, 2132214, 2132214, 2165990, 2165994, 2165996], ""representative_edge_mask"": 115835904, ""vertex_count"": 8}, {""canonical_edge_deck"": [36079, 36079, 2131167, 2131183, 2131183, 2132207, 2132207, 2132335, 2133227, 2133229, 2133230], ""representative_edge_mask"": 266568704, ""vertex_count"": 8}, {""canonical_edge_deck"": [101598, 2133214, 2133214, 2133214, 2133214, 2133214, 2165982, 2165982, 2165982, 2165982, 2165982], ""representative_edge_mask"": 133136384, ""vertex_count"": 8}, {""canonical_edge_deck"": [101599, 2133215, 2133215, 2133215, 2133215, 2133215, 2165983, 2165983, 2165983, 2165983, 2165983, 2198750], ""representative_edge_mask"": 267354112, ""vertex_count"": 8}, {""canonical_edge_deck"": [101610, 2131166, 2133226, 2133226, 2133226, 2165994, 2165994, 2165994, 2168169, 2168169], ""representative_edge_mask"": 132580352, ""vertex_count"": 8}, {""canonical_edge_deck"": [101611, 2131167, 2133227, 2133227, 2133227, 2165995, 2165995, 2165995, 2168171, 2168171, 2198762], ""representative_edge_mask"": 266798080, ""vertex_count"": 8}, {""canonical_edge_deck"": [101612, 2132190, 2133228, 2133228, 2133228, 2165996, 2165996, 2165996, 2168169, 2168172], ""representative_edge_mask"": 130515968, ""vertex_count"": 8}, {""canonical_edge_deck"": [2198750, 2198750, 2198750, 2198750, 2198750, 2198750, 2198750, 2198750, 2198750, 2198750, 2198750, 2198750], ""representative_edge_mask"": 134184960, ""vertex_count"": 8}, {""canonical_edge_deck"": [2198751, 2198751, 2198751, 2198751, 2198751, 2198751, 2198751, 2198751, 2198751, 2198751, 2198751, 2198751, 6393054], ""representative_edge_mask"": 268402688, ""vertex_count"": 8}], ""replay_next_case"": 1544, ""version"": 1}, ""next_case"": 1544, ""strategy_id"": ""deep-exact""}, ""frontier_provenance"": {""deep_max_vertices"": 9, ""screen_max_vertices"": 7}, ""latest_attempt_checked_cases"": 444, ""launch_index"": 0, ""outcome"": ""inconclusive"", ""search_role"": ""complete_nonisomorphic_graph_enumeration"", ""stage"": ""deep"", ""status"": ""completed"", ""stop_reason"": ""predicate_time_budget_exhausted"", ""strategy_id"": ""deep-exact"", ""task_id"": ""batch-task-75eeb3d784360a157448ef6efb1116588e3808a0"", ""updated_at"": ""2026-07-28T00:28:18.924268Z""}]"
unsolvedmath-opg-815,Total Colouring Conjecture,graph_theory,queued,False,approved,full_claim,"The full finite claim semantics are checked, subject to the configured graph-order and case bounds.",not_required,,2026-07-28T00:28:18.954072Z,4,3,8,10237,"[""bounded_screen"", ""seeded_stratified_adversarial_graph_search""]","[{""deep_max_vertices"": 10, ""screen_max_vertices"": 8}]","{""completed"": 3, ""queued"": 1}","{""deep"": {""completed"": 2, ""queued"": 1}, ""screen"": {""completed"": 1}}","{""inconclusive"": 3}","[""max_cases_exhausted"", ""predicate_time_budget_exhausted"", ""lease expired""]","[{""attempt_count"": 1, ""budget"": {""max_cases"": 10000, ""memory_mb"": 1024, ""parameters"": {""max_vertices"": 8}, ""time_seconds"": 60}, ""checked_cases"": 10000, ""checkpoint_created_at"": ""2026-07-27T11:24:18.762745Z"", ""checkpoint_id"": 46104, ""checkpoint_sequence"": 101, ""cursor"": {""bounds"": {""max_cases"": 10000, ""max_vertices"": 8, ""time_seconds"": 60}, ""next_case"": 10000, ""strategy_id"": ""exact-small""}, ""frontier_provenance"": {}, ""latest_attempt_checked_cases"": 10000, ""launch_index"": 0, ""outcome"": ""inconclusive"", ""search_role"": ""bounded_screen"", ""stage"": ""screen"", ""status"": ""completed"", ""stop_reason"": ""max_cases_exhausted"", ""strategy_id"": ""exact-small"", ""task_id"": ""batch-task-f17bdacc1b07f6de78637af85c66b3541658e0f1"", ""updated_at"": ""2026-07-28T00:28:18.931599Z""}, {""attempt_count"": 2, ""budget"": {""max_cases"": 100000, ""memory_mb"": 1024, ""parameters"": {""max_vertices"": 10}, ""time_seconds"": 600}, ""checked_cases"": 11, ""checkpoint_created_at"": ""2026-07-27T15:32:18.777366Z"", ""checkpoint_id"": 139224, ""checkpoint_sequence"": 1, ""cursor"": {""bounds"": {""max_cases"": 100000, ""max_vertices"": 10, ""time_seconds"": 600}, ""next_case"": 11, ""strategy_id"": ""targeted""}, ""frontier_provenance"": {""deep_max_vertices"": 10, ""screen_max_vertices"": 8}, ""latest_attempt_checked_cases"": 11, ""launch_index"": 0, ""outcome"": ""inconclusive"", ""search_role"": ""seeded_stratified_adversarial_graph_search"", ""stage"": ""deep"", ""status"": ""completed"", ""stop_reason"": ""predicate_time_budget_exhausted"", ""strategy_id"": ""targeted"", ""task_id"": ""batch-task-4dead72d1691b0b69948baa522add9377a16e99f"", ""updated_at"": ""2026-07-28T00:28:18.939168Z""}, {""attempt_count"": 3, ""budget"": {""max_cases"": 100000, ""memory_mb"": 1024, ""parameters"": {""max_vertices"": 10}, ""time_seconds"": 600}, ""checked_cases"": 226, ""checkpoint_created_at"": ""2026-07-27T15:32:20.097163Z"", ""checkpoint_id"": 139252, ""checkpoint_sequence"": 1, ""cursor"": {""bounds"": {""max_cases"": 100000, ""max_vertices"": 10, ""time_seconds"": 600}, ""next_case"": 226, ""strategy_id"": ""targeted""}, ""frontier_provenance"": {""deep_max_vertices"": 10, ""screen_max_vertices"": 8}, ""latest_attempt_checked_cases"": 26, ""launch_index"": 1, ""outcome"": ""inconclusive"", ""search_role"": ""seeded_stratified_adversarial_graph_search"", ""stage"": ""deep"", ""status"": ""completed"", ""stop_reason"": ""predicate_time_budget_exhausted"", ""strategy_id"": ""targeted"", ""task_id"": ""batch-task-b91bfab3637f25a468b7a2af3934b812910e6ba2"", ""updated_at"": ""2026-07-28T00:28:18.946537Z""}, {""attempt_count"": 2, ""budget"": {""max_cases"": 100000, ""memory_mb"": 1024, ""parameters"": {""max_vertices"": 10}, ""time_seconds"": 600}, ""checked_cases"": 0, ""checkpoint_created_at"": null, ""checkpoint_id"": null, ""checkpoint_sequence"": null, ""cursor"": null, ""frontier_provenance"": {""deep_max_vertices"": 10, ""screen_max_vertices"": 8}, ""latest_attempt_checked_cases"": 0, ""launch_index"": 2, ""outcome"": """", ""search_role"": ""seeded_stratified_adversarial_graph_search"", ""stage"": ""deep"", ""status"": ""queued"", ""stop_reason"": ""lease expired"", ""strategy_id"": ""targeted"", ""task_id"": ""batch-task-caa2d002b95741051d0e79a3c5b7d55fa2b19bd0"", ""updated_at"": ""2026-07-28T00:28:18.954072Z""}]"
unsolvedmath-opg-60039,Sidorenko's Conjecture,graph_theory,queued,False,approved,full_claim,"The target G must have at least one vertex so the displayed density is defined; H may have zero vertices, zero edges, and isolated vertices.",not_required,,2026-07-28T00:28:18.984902Z,4,1,2,4152,"[""bounded_screen"", ""known_family_filtered_bipartite_source_sampling""]","[{""deep_max_vertices"": 6, ""deep_source_order"": 12, ""deep_target_order"": 6, ""filtered_known_positive_source_families"": [""forest"", ""complete_bipartite"", ""even_cycle"", ""hypercube"", ""universal_vertex_to_opposite_side""], ""screen_max_vertices"": 4, ""universal_vertex_family_source"": ""arXiv:1209.0184""}]","{""completed"": 1, ""queued"": 3}","{""deep"": {""queued"": 3}, ""screen"": {""completed"": 1}}","{""no_candidate"": 1}","[""finite_bound_exhausted"", ""campaign_adapter_unified_restart_from_checkpoint""]","[{""attempt_count"": 1, ""budget"": {""max_cases"": 10000, ""memory_mb"": 1024, ""parameters"": {""max_g_vertices"": 4, ""max_h_vertices"": 4, ""max_vertices"": 4}, ""time_seconds"": 60}, ""checked_cases"": 252, ""checkpoint_created_at"": ""2026-07-27T11:24:21.018140Z"", ""checkpoint_id"": 46111, ""checkpoint_sequence"": 3, ""cursor"": {""bounds"": {""max_cases"": 10000, ""max_g_vertices"": 4, ""max_h_vertices"": 4, ""max_vertices"": 4, ""time_seconds"": 60}, ""next_case"": 252, ""strategy_id"": ""exact-small""}, ""frontier_provenance"": {}, ""latest_attempt_checked_cases"": 252, ""launch_index"": 0, ""outcome"": ""no_candidate"", ""search_role"": ""bounded_screen"", ""stage"": ""screen"", ""status"": ""completed"", ""stop_reason"": ""finite_bound_exhausted"", ""strategy_id"": ""exact-small"", ""task_id"": ""batch-task-883807163eba7dcf2f4319c74dfbcc8d90e72cf7"", ""updated_at"": ""2026-07-28T00:28:18.961498Z""}, {""attempt_count"": 1, ""budget"": {""max_cases"": 100000, ""memory_mb"": 1024, ""parameters"": {""max_g_vertices"": 6, ""max_h_vertices"": 12, ""max_vertices"": 6}, ""time_seconds"": 600}, ""checked_cases"": 3900, ""checkpoint_created_at"": ""2026-07-27T11:25:25.643745Z"", ""checkpoint_id"": 46248, ""checkpoint_sequence"": 39, ""cursor"": {""next_case"": 3900}, ""frontier_provenance"": {""deep_max_vertices"": 6, ""deep_source_order"": 12, ""deep_target_order"": 6, ""filtered_known_positive_source_families"": [""forest"", ""complete_bipartite"", ""even_cycle"", ""hypercube"", ""universal_vertex_to_opposite_side""], ""screen_max_vertices"": 4, ""universal_vertex_family_source"": ""arXiv:1209.0184""}, ""latest_attempt_checked_cases"": 3900, ""launch_index"": 0, ""outcome"": """", ""search_role"": ""known_family_filtered_bipartite_source_sampling"", ""stage"": ""deep"", ""status"": ""queued"", ""stop_reason"": ""campaign_adapter_unified_restart_from_checkpoint"", ""strategy_id"": ""targeted"", ""task_id"": ""batch-task-3ac1872e6c4c6364ea24dbe76e61f765d1db6327"", ""updated_at"": ""2026-07-28T00:28:18.969164Z""}, {""attempt_count"": 0, ""budget"": {""max_cases"": 100000, ""memory_mb"": 1024, ""parameters"": {""max_g_vertices"": 6, ""max_h_vertices"": 12, ""max_vertices"": 6}, ""time_seconds"": 600}, ""checked_cases"": 0, ""checkpoint_created_at"": null, ""checkpoint_id"": null, ""checkpoint_sequence"": null, ""cursor"": null, ""frontier_provenance"": {""deep_max_vertices"": 6, ""deep_source_order"": 12, ""deep_target_order"": 6, ""filtered_known_positive_source_families"": [""forest"", ""complete_bipartite"", ""even_cycle"", ""hypercube"", ""universal_vertex_to_opposite_side""], ""screen_max_vertices"": 4, ""universal_vertex_family_source"": ""arXiv:1209.0184""}, ""latest_attempt_checked_cases"": 0, ""launch_index"": 1, ""outcome"": """", ""search_role"": ""known_family_filtered_bipartite_source_sampling"", ""stage"": ""deep"", ""status"": ""queued"", ""stop_reason"": """", ""strategy_id"": ""targeted"", ""task_id"": ""batch-task-45626da2ff0406600b0f725646b386a7119a0ec8"", ""updated_at"": ""2026-07-28T00:28:18.977259Z""}, {""attempt_count"": 0, ""budget"": {""max_cases"": 100000, ""memory_mb"": 1024, ""parameters"": {""max_g_vertices"": 6, ""max_h_vertices"": 12, ""max_vertices"": 6}, ""time_seconds"": 600}, ""checked_cases"": 0, ""checkpoint_created_at"": null, ""checkpoint_id"": null, ""checkpoint_sequence"": null, ""cursor"": null, ""frontier_provenance"": {""deep_max_vertices"": 6, ""deep_source_order"": 12, ""deep_target_order"": 6, ""filtered_known_positive_source_families"": [""forest"", ""complete_bipartite"", ""even_cycle"", ""hypercube"", ""universal_vertex_to_opposite_side""], ""screen_max_vertices"": 4, ""universal_vertex_family_source"": ""arXiv:1209.0184""}, ""latest_attempt_checked_cases"": 0, ""launch_index"": 2, ""outcome"": """", ""search_role"": ""known_family_filtered_bipartite_source_sampling"", ""stage"": ""deep"", ""status"": ""queued"", ""stop_reason"": """", ""strategy_id"": ""targeted"", ""task_id"": ""batch-task-fb973a1a748d1e5bc7bf7473f3587528c6e0ee48"", ""updated_at"": ""2026-07-28T00:28:18.984902Z""}]"
unsolvedmath-opg-729,Seagull problem,graph_theory,queued,False,approved,full_claim,"The full finite claim semantics are checked, subject to the configured graph-order and case bounds.",not_required,,2026-07-28T00:28:19.000099Z,2,1,1,208,"[""bounded_screen"", ""triangle_free_complement_ramsey_frontier_search""]","[{""complement_model"": ""canonical connected triangle-free near-regular complements, stratified by order and edge count"", ""deep_canonical_corpus_size"": 25706, ""deep_canonical_strata"": {""n13_edges20_to22_min3_max4"": 16988, ""n14_edges21_to22_min3_max4"": 5072, ""n15_edges23_min3_max4"": 2854, ""n16_cubic"": 792}, ""deep_max_vertices"": 16, ""deep_order_range"": [13, 16], ""known_positive_derivation"": ""alpha(G)<=2 implies chi(G)>=ceil(n/2); for n<=12 the target is at most six, and Hadwiger's conjecture is proved through t=6."", ""known_positive_order_ceiling"": 12, ""screen_max_vertices"": 6, ""sources"": [""arXiv:2206.00186"", ""doi:10.1007/BF01202354""]}]","{""completed"": 1, ""queued"": 1}","{""deep"": {""queued"": 1}, ""screen"": {""completed"": 1}}","{""no_candidate"": 1}","[""finite_bound_exhausted""]","[{""attempt_count"": 1, ""budget"": {""max_cases"": 10000, ""memory_mb"": 1024, ""parameters"": {""max_vertices"": 6}, ""time_seconds"": 60}, ""checked_cases"": 208, ""checkpoint_created_at"": ""2026-07-27T11:24:56.843699Z"", ""checkpoint_id"": 46166, ""checkpoint_sequence"": 3, ""cursor"": {""bounds"": {""max_cases"": 10000, ""max_vertices"": 6, ""time_seconds"": 60}, ""next_case"": 208, ""strategy_id"": ""exact-small""}, ""frontier_provenance"": {}, ""latest_attempt_checked_cases"": 208, ""launch_index"": 0, ""outcome"": ""no_candidate"", ""search_role"": ""bounded_screen"", ""stage"": ""screen"", ""status"": ""completed"", ""stop_reason"": ""finite_bound_exhausted"", ""strategy_id"": ""exact-small"", ""task_id"": ""batch-task-d29e0981233e9644ed1b713d01885cc58d20d59a"", ""updated_at"": ""2026-07-28T00:28:18.992422Z""}, {""attempt_count"": 0, ""budget"": {""max_cases"": 100000, ""memory_mb"": 1024, ""parameters"": {""max_vertices"": 16}, ""time_seconds"": 600}, ""checked_cases"": 0, ""checkpoint_created_at"": null, ""checkpoint_id"": null, ""checkpoint_sequence"": null, ""cursor"": null, ""frontier_provenance"": {""complement_model"": ""canonical connected triangle-free near-regular complements, stratified by order and edge count"", ""deep_canonical_corpus_size"": 25706, ""deep_canonical_strata"": {""n13_edges20_to22_min3_max4"": 16988, ""n14_edges21_to22_min3_max4"": 5072, ""n15_edges23_min3_max4"": 2854, ""n16_cubic"": 792}, ""deep_max_vertices"": 16, ""deep_order_range"": [13, 16], ""known_positive_derivation"": ""alpha(G)<=2 implies chi(G)>=ceil(n/2); for n<=12 the target is at most six, and Hadwiger's conjecture is proved through t=6."", ""known_positive_order_ceiling"": 12, ""screen_max_vertices"": 6, ""sources"": [""arXiv:2206.00186"", ""doi:10.1007/BF01202354""]}, ""latest_attempt_checked_cases"": 0, ""launch_index"": 0, ""outcome"": """", ""search_role"": ""triangle_free_complement_ramsey_frontier_search"", ""stage"": ""deep"", ""status"": ""queued"", ""stop_reason"": """", ""strategy_id"": ""targeted"", ""task_id"": ""batch-task-10e44fc0ccfd3522f6ee0a0aa4a2acd18275f280"", ""updated_at"": ""2026-07-28T00:28:19.000099Z""}]"
unsolvedmath-kou-21.87,Kourovka Notebook Problem 21.87,group_theory,bounded_search_completed,True,approved,restricted_family,The exact finite-group predicate is restricted to groups in GAP SmallGroups.,not_required,,2026-07-28T00:28:19.014973Z,2,2,3,90,"[""bounded_screen"", ""targeted_catalog_post_solvable_frontier""]","[{""deep_region"": ""nonsolvable GAP SmallGroups beginning with A5"", ""known_region"": ""solvable finite groups""}]","{""completed"": 2}","{""deep"": {""completed"": 1}, ""screen"": {""completed"": 1}}","{""inconclusive"": 1, ""no_candidate"": 1}","[""bounded_scope_exhausted"", ""time_budget_exhausted""]","[{""attempt_count"": 1, ""budget"": {""max_cases"": 200, ""memory_mb"": 1024, ""parameters"": {""max_d"": 3, ""max_order"": 16}, ""time_seconds"": 60}, ""checked_cases"": 42, ""checkpoint_created_at"": ""2026-07-27T11:10:28.669531Z"", ""checkpoint_id"": 41000, ""checkpoint_sequence"": 13, ""cursor"": {""bounded_scope_exhausted"": true, ""checked_cases"": 42, ""checked_cases_exact"": true, ""completed_budget"": {""max_cases"": 200, ""max_d"": 3, ""max_order"": 16, ""memory_mb"": 1024, ""time_seconds"": 60}, ""cursor_kind"": ""gap_smallgroup"", ""effective_strategy_id"": ""exact-small"", ""launch_seed"": 0, ""metrics"": {""a5_reached"": false, ""chunks_completed"": 11, ""coverage_kind"": ""known_solvable_screen_replication"", ""eligible_catalog_groups"": 42, ""first_target_group_id"": [1, 1], ""last_group_id"": [16, 14], ""nonabelian_groups_checked"": 0, ""search_order"": ""order_then_catalog_index"", ""solvable_groups_constructed"": 42, ""unavailable_orders"": []}, ""next_group_index"": null, ""next_group_position"": 42, ""next_order"": null, ""phase"": ""complete"", ""problem_id"": ""unsolvedmath-kou-21.87"", ""resume"": {""checkpoint_received"": false, ""intra_bound_cursor_restored"": false, ""mode"": ""block_cursor"", ""note"": ""The next block cursor is durable; at most the active unfinished block is replayed.""}, ""search_completed"": true, ""strategy_id"": ""exact-small""}, ""frontier_provenance"": {}, ""latest_attempt_checked_cases"": 42, ""launch_index"": 0, ""outcome"": ""no_candidate"", ""search_role"": ""bounded_screen"", ""stage"": ""screen"", ""status"": ""completed"", ""stop_reason"": ""bounded_scope_exhausted"", ""strategy_id"": ""exact-small"", ""task_id"": ""batch-task-4596c5d8ba2a40b2304f8c9431f34ea09052eeb7"", ""updated_at"": ""2026-07-28T00:28:19.007636Z""}, {""attempt_count"": 2, ""budget"": {""max_cases"": 100000, ""memory_mb"": 1024, ""parameters"": {""max_d"": 8, ""max_order"": 512}, ""time_seconds"": 600}, ""checked_cases"": 48, ""checkpoint_created_at"": ""2026-07-27T11:15:34.320098Z"", ""checkpoint_id"": 42717, ""checkpoint_sequence"": 2, ""cursor"": {""bounded_scope_exhausted"": false, ""checked_cases"": 48, ""checked_cases_exact"": true, ""completed_budget"": {""max_cases"": 100000, ""max_d"": 8, ""max_order"": 512, ""memory_mb"": 1024, ""time_seconds"": 600}, ""cursor_kind"": ""gap_smallgroup"", ""effective_strategy_id"": ""smallgroups-targeted"", ""launch_seed"": 0, ""metrics"": {""a5_reached"": true, ""chunks_completed"": 12, ""coverage_kind"": ""nonsolvable_smallgroups_discovery"", ""eligible_catalog_groups"": 53, ""first_target_group_id"": [60, 5], ""last_group_id"": [480, 959], ""nonabelian_groups_checked"": 0, ""search_order"": ""nonsolvable_groups_order_then_catalog_index"", ""solvable_groups_constructed"": 0, ""unavailable_orders"": []}, ""next_group_index"": 960, ""next_group_position"": 48, ""next_order"": 480, ""phase"": ""time_budget_exhausted"", ""problem_id"": ""unsolvedmath-kou-21.87"", ""resume"": {""checkpoint_received"": true, ""intra_bound_cursor_restored"": true, ""mode"": ""block_cursor"", ""note"": ""The next block cursor is durable; at most the active unfinished block is replayed.""}, ""search_completed"": false, ""strategy_id"": ""smallgroups-targeted""}, ""frontier_provenance"": {""deep_region"": ""nonsolvable GAP SmallGroups beginning with A5"", ""known_region"": ""solvable finite groups""}, ""latest_attempt_checked_cases"": 48, ""launch_index"": 0, ""outcome"": ""inconclusive"", ""search_role"": ""targeted_catalog_post_solvable_frontier"", ""stage"": ""deep"", ""status"": ""completed"", ""stop_reason"": ""time_budget_exhausted"", ""strategy_id"": ""smallgroups-targeted"", ""task_id"": ""batch-task-c62fef110ef74b467f7ba712dae8ec840383a416"", ""updated_at"": ""2026-07-28T00:28:19.014973Z""}]"
unsolvedmath-kou-21.88,Kourovka Notebook Problem 21.88,group_theory,bounded_search_completed,True,approved,witness_search,"A witness settles existence, while nonfinding in GAP SmallGroups cannot prove nonexistence.",not_required,,2026-07-28T00:28:19.034288Z,2,2,2,74,"[""bounded_screen"", ""targeted_odd_order_catalog""]","[{""coverage_basis"": ""executor_declared_extended_bounds"", ""deep_bounds"": {""max_cases"": 500000, ""max_order"": 2000}, ""screen_bounds"": {""max_cases"": 1000, ""max_order"": 63}, ""search_stream"": ""targeted_odd_order_catalog""}]","{""completed"": 2}","{""deep"": {""completed"": 1}, ""screen"": {""completed"": 1}}","{""no_candidate"": 2}","[""bounded_scope_exhausted""]","[{""attempt_count"": 1, ""budget"": {""max_cases"": 1000, ""memory_mb"": 1024, ""parameters"": {""max_order"": 63}, ""time_seconds"": 60}, ""checked_cases"": 2, ""checkpoint_created_at"": ""2026-07-27T11:10:21.838274Z"", ""checkpoint_id"": 40971, ""checkpoint_sequence"": 3, ""cursor"": {""bounded_scope_exhausted"": true, ""checked_cases"": 2, ""checked_cases_exact"": true, ""completed_budget"": {""max_cases"": 1000, ""max_order"": 63, ""memory_mb"": 1024, ""time_seconds"": 60}, ""cursor_kind"": ""gap_smallgroup"", ""effective_strategy_id"": ""exact-small"", ""launch_seed"": 0, ""metrics"": {""a5_reached"": false, ""chunks_completed"": 1, ""coverage_kind"": ""odd_17_divisible_smallgroups"", ""eligible_catalog_groups"": 2, ""last_group_id"": [51, 1], ""nonabelian_groups_checked"": 0, ""search_order"": ""order_then_catalog_index"", ""unavailable_orders"": []}, ""next_group_index"": null, ""next_group_position"": 2, ""next_order"": null, ""phase"": ""complete"", ""problem_id"": ""unsolvedmath-kou-21.88"", ""resume"": {""checkpoint_received"": false, ""intra_bound_cursor_restored"": false, ""mode"": ""block_cursor"", ""note"": ""The next block cursor is durable; at most the active unfinished block is replayed.""}, ""search_completed"": true, ""strategy_id"": ""exact-small""}, ""frontier_provenance"": {}, ""latest_attempt_checked_cases"": 2, ""launch_index"": 0, ""outcome"": ""no_candidate"", ""search_role"": ""bounded_screen"", ""stage"": ""screen"", ""status"": ""completed"", ""stop_reason"": ""bounded_scope_exhausted"", ""strategy_id"": ""exact-small"", ""task_id"": ""batch-task-a23983ebecec5167afc7e7346eba9d550ad6997b"", ""updated_at"": ""2026-07-28T00:28:19.021712Z""}, {""attempt_count"": 1, ""budget"": {""max_cases"": 500000, ""memory_mb"": 1024, ""parameters"": {""max_order"": 2000}, ""time_seconds"": 600}, ""checked_cases"": 72, ""checkpoint_created_at"": ""2026-07-27T11:10:47.245334Z"", ""checkpoint_id"": 41069, ""checkpoint_sequence"": 20, ""cursor"": {""bounded_scope_exhausted"": true, ""checked_cases"": 72, ""checked_cases_exact"": true, ""completed_budget"": {""max_cases"": 500000, ""max_order"": 2000, ""memory_mb"": 1024, ""time_seconds"": 600}, ""cursor_kind"": ""gap_smallgroup"", ""effective_strategy_id"": ""odd-smallgroups"", ""launch_seed"": 0, ""metrics"": {""a5_reached"": false, ""chunks_completed"": 18, ""coverage_kind"": ""odd_17_divisible_smallgroups"", ""eligible_catalog_groups"": 72, ""last_group_id"": [289, 2], ""nonabelian_groups_checked"": 10, ""search_order"": ""semidirect_factor_priority_then_catalog_index"", ""unavailable_orders"": [1071, 1275, 1377, 1683, 1785, 1989]}, ""next_group_index"": null, ""next_group_position"": 72, ""next_order"": null, ""phase"": ""complete"", ""problem_id"": ""unsolvedmath-kou-21.88"", ""resume"": {""checkpoint_received"": false, ""intra_bound_cursor_restored"": false, ""mode"": ""block_cursor"", ""note"": ""The next block cursor is durable; at most the active unfinished block is replayed.""}, ""search_completed"": true, ""strategy_id"": ""odd-smallgroups""}, ""frontier_provenance"": {""coverage_basis"": ""executor_declared_extended_bounds"", ""deep_bounds"": {""max_cases"": 500000, ""max_order"": 2000}, ""screen_bounds"": {""max_cases"": 1000, ""max_order"": 63}, ""search_stream"": ""targeted_odd_order_catalog""}, ""latest_attempt_checked_cases"": 72, ""launch_index"": 0, ""outcome"": ""no_candidate"", ""search_role"": ""targeted_odd_order_catalog"", ""stage"": ""deep"", ""status"": ""completed"", ""stop_reason"": ""bounded_scope_exhausted"", ""strategy_id"": ""odd-smallgroups"", ""task_id"": ""batch-task-66a7eed302304b152a7b539bc599f1149b6314f6"", ""updated_at"": ""2026-07-28T00:28:19.034288Z""}]"
unsolvedmath-kou-21.2,Kourovka Notebook Problem 21.2,group_theory,bounded_search_completed,True,approved,full_claim,"The model encodes the full claim, but nonfinding covers only the recorded finite bounds.",not_required,,2026-07-28T00:28:19.056406Z,2,2,5,68,"[""bounded_screen"", ""same_enumerator_extended_bound""]","[{""coverage_basis"": ""executor_declared_extended_bounds"", ""deep_bounds"": {""max_cases"": 50000, ""max_order"": 512}, ""screen_bounds"": {""max_cases"": 200, ""max_order"": 16}, ""search_stream"": ""same_enumerator_extended_bound""}]","{""completed"": 2}","{""deep"": {""completed"": 1}, ""screen"": {""completed"": 1}}","{""inconclusive"": 1, ""no_candidate"": 1}","[""bounded_scope_exhausted"", ""case_budget_exhausted""]","[{""attempt_count"": 2, ""budget"": {""max_cases"": 200, ""memory_mb"": 1024, ""parameters"": {""max_order"": 16}, ""time_seconds"": 60}, ""checked_cases"": 0, ""checkpoint_created_at"": ""2026-07-27T11:13:33.068291Z"", ""checkpoint_id"": 42405, ""checkpoint_sequence"": 2, ""cursor"": {""bounded_scope_exhausted"": true, ""checked_cases"": 0, ""checked_cases_exact"": true, ""completed_budget"": {""max_cases"": 200, ""max_order"": 16, ""memory_mb"": 1024, ""time_seconds"": 60}, ""effective_strategy_id"": ""exact-small"", ""launch_seed"": 0, ""metrics"": {}, ""phase"": ""complete"", ""problem_id"": ""unsolvedmath-kou-21.2"", ""resume"": {""checkpoint_received"": true, ""intra_bound_cursor_restored"": false, ""mode"": ""atomic_bound_restart"", ""note"": ""This bounded generator does not expose an intra-bound cursor.""}, ""search_completed"": true, ""strategy_id"": ""exact-small""}, ""frontier_provenance"": {}, ""latest_attempt_checked_cases"": 0, ""launch_index"": 0, ""outcome"": ""no_candidate"", ""search_role"": ""bounded_screen"", ""stage"": ""screen"", ""status"": ""completed"", ""stop_reason"": ""bounded_scope_exhausted"", ""strategy_id"": ""exact-small"", ""task_id"": ""batch-task-9b28ffcd5fd920205bb0f744a16f510a2f7dfeee"", ""updated_at"": ""2026-07-28T00:28:19.048964Z""}, {""attempt_count"": 3, ""budget"": {""max_cases"": 50000, ""memory_mb"": 1024, ""parameters"": {""max_order"": 512}, ""time_seconds"": 600}, ""checked_cases"": 68, ""checkpoint_created_at"": ""2026-07-27T11:22:32.836152Z"", ""checkpoint_id"": 45605, ""checkpoint_sequence"": 2, ""cursor"": {""bounded_scope_exhausted"": false, ""checked_cases"": 68, ""checked_cases_exact"": true, ""completed_budget"": {""max_cases"": 50000, ""max_order"": 512, ""memory_mb"": 1024, ""time_seconds"": 600}, ""effective_strategy_id"": ""deep-exact"", ""launch_seed"": 0, ""metrics"": {}, ""phase"": ""complete"", ""problem_id"": ""unsolvedmath-kou-21.2"", ""resume"": {""checkpoint_received"": false, ""intra_bound_cursor_restored"": false, ""mode"": ""atomic_bound_restart"", ""note"": ""This bounded generator does not expose an intra-bound cursor.""}, ""search_completed"": true, ""strategy_id"": ""deep-exact""}, ""frontier_provenance"": {""coverage_basis"": ""executor_declared_extended_bounds"", ""deep_bounds"": {""max_cases"": 50000, ""max_order"": 512}, ""screen_bounds"": {""max_cases"": 200, ""max_order"": 16}, ""search_stream"": ""same_enumerator_extended_bound""}, ""latest_attempt_checked_cases"": 68, ""launch_index"": 0, ""outcome"": ""inconclusive"", ""search_role"": ""same_enumerator_extended_bound"", ""stage"": ""deep"", ""status"": ""completed"", ""stop_reason"": ""case_budget_exhausted"", ""strategy_id"": ""deep-exact"", ""task_id"": ""batch-task-83cdbf299a8d14895cdfec7bff5e05af24cf446c"", ""updated_at"": ""2026-07-28T00:28:19.056406Z""}]"
unsolvedmath-kou-21.25,Kourovka Notebook Problem 21.25,group_theory,bounded_search_completed,True,approved,full_claim,"The model encodes the full claim, but nonfinding covers only the recorded finite bounds.",not_required,,2026-07-28T00:28:19.072145Z,2,2,3,20100,"[""bounded_screen"", ""same_enumerator_extended_bound""]","[{""coverage_basis"": ""executor_declared_extended_bounds"", ""deep_bounds"": {""max_cases"": 20000, ""max_order"": 2000}, ""screen_bounds"": {""max_cases"": 100, ""max_order"": 64}, ""search_stream"": ""same_enumerator_extended_bound""}]","{""completed"": 2}","{""deep"": {""completed"": 1}, ""screen"": {""completed"": 1}}","{""inconclusive"": 2}","[""case_budget_exhausted""]","[{""attempt_count"": 2, ""budget"": {""max_cases"": 100, ""memory_mb"": 1024, ""parameters"": {""max_order"": 64}, ""time_seconds"": 60}, ""checked_cases"": 100, ""checkpoint_created_at"": ""2026-07-27T11:13:34.576761Z"", ""checkpoint_id"": 42409, ""checkpoint_sequence"": 2, ""cursor"": {""bounded_scope_exhausted"": false, ""checked_cases"": 100, ""checked_cases_exact"": true, ""completed_budget"": {""max_cases"": 100, ""max_order"": 64, ""memory_mb"": 1024, ""time_seconds"": 60}, ""effective_strategy_id"": ""exact-small"", ""launch_seed"": 0, ""metrics"": {}, ""phase"": ""complete"", ""problem_id"": ""unsolvedmath-kou-21.25"", ""resume"": {""checkpoint_received"": true, ""intra_bound_cursor_restored"": false, ""mode"": ""atomic_bound_restart"", ""note"": ""This bounded generator does not expose an intra-bound cursor.""}, ""search_completed"": true, ""strategy_id"": ""exact-small""}, ""frontier_provenance"": {}, ""latest_attempt_checked_cases"": 100, ""launch_index"": 0, ""outcome"": ""inconclusive"", ""search_role"": ""bounded_screen"", ""stage"": ""screen"", ""status"": ""completed"", ""stop_reason"": ""case_budget_exhausted"", ""strategy_id"": ""exact-small"", ""task_id"": ""batch-task-01ba510d41e8d7473581ece03738a6d349b64ce9"", ""updated_at"": ""2026-07-28T00:28:19.064152Z""}, {""attempt_count"": 1, ""budget"": {""max_cases"": 20000, ""memory_mb"": 1024, ""parameters"": {""max_order"": 2000}, ""time_seconds"": 600}, ""checked_cases"": 20000, ""checkpoint_created_at"": ""2026-07-27T11:15:13.936044Z"", ""checkpoint_id"": 42709, ""checkpoint_sequence"": 2, ""cursor"": {""bounded_scope_exhausted"": false, ""checked_cases"": 20000, ""checked_cases_exact"": true, ""completed_budget"": {""max_cases"": 20000, ""max_order"": 2000, ""memory_mb"": 1024, ""time_seconds"": 600}, ""effective_strategy_id"": ""simple-groups"", ""launch_seed"": 0, ""metrics"": {}, ""phase"": ""complete"", ""problem_id"": ""unsolvedmath-kou-21.25"", ""resume"": {""checkpoint_received"": false, ""intra_bound_cursor_restored"": false, ""mode"": ""atomic_bound_restart"", ""note"": ""This bounded generator does not expose an intra-bound cursor.""}, ""search_completed"": true, ""strategy_id"": ""simple-groups""}, ""frontier_provenance"": {""coverage_basis"": ""executor_declared_extended_bounds"", ""deep_bounds"": {""max_cases"": 20000, ""max_order"": 2000}, ""screen_bounds"": {""max_cases"": 100, ""max_order"": 64}, ""search_stream"": ""same_enumerator_extended_bound""}, ""latest_attempt_checked_cases"": 20000, ""launch_index"": 0, ""outcome"": ""inconclusive"", ""search_role"": ""same_enumerator_extended_bound"", ""stage"": ""deep"", ""status"": ""completed"", ""stop_reason"": ""case_budget_exhausted"", ""strategy_id"": ""simple-groups"", ""task_id"": ""batch-task-7d5799338854d5e161090c7c76b5e0873c7ad078"", ""updated_at"": ""2026-07-28T00:28:19.072145Z""}]"
unsolvedmath-kou-21.59,Kourovka Notebook Problem 21.59,group_theory,bounded_search_completed,True,approved,full_claim,"The model encodes the full claim, but nonfinding covers only the recorded finite bounds.",not_required,,2026-07-28T00:28:19.087534Z,2,2,3,500,"[""bounded_screen"", ""same_enumerator_extended_bound""]","[{""coverage_basis"": ""executor_declared_extended_bounds"", ""deep_bounds"": {""max_cases"": 200000, ""max_order"": 2000}, ""screen_bounds"": {""max_cases"": 500, ""max_order"": 64}, ""search_stream"": ""same_enumerator_extended_bound""}]","{""completed"": 2}","{""deep"": {""completed"": 1}, ""screen"": {""completed"": 1}}","{""inconclusive"": 2}","[""case_budget_exhausted"", ""time_budget_exhausted""]","[{""attempt_count"": 2, ""budget"": {""max_cases"": 500, ""memory_mb"": 1024, ""parameters"": {""max_order"": 64}, ""time_seconds"": 60}, ""checked_cases"": 500, ""checkpoint_created_at"": ""2026-07-27T11:15:00.241990Z"", ""checkpoint_id"": 42704, ""checkpoint_sequence"": 2, ""cursor"": {""bounded_scope_exhausted"": false, ""checked_cases"": 500, ""checked_cases_exact"": true, ""completed_budget"": {""max_cases"": 500, ""max_order"": 64, ""memory_mb"": 1024, ""time_seconds"": 60}, ""effective_strategy_id"": ""exact-small"", ""launch_seed"": 0, ""metrics"": {}, ""phase"": ""complete"", ""problem_id"": ""unsolvedmath-kou-21.59"", ""resume"": {""checkpoint_received"": true, ""intra_bound_cursor_restored"": false, ""mode"": ""atomic_bound_restart"", ""note"": ""This bounded generator does not expose an intra-bound cursor.""}, ""search_completed"": true, ""strategy_id"": ""exact-small""}, ""frontier_provenance"": {}, ""latest_attempt_checked_cases"": 500, ""launch_index"": 0, ""outcome"": ""inconclusive"", ""search_role"": ""bounded_screen"", ""stage"": ""screen"", ""status"": ""completed"", ""stop_reason"": ""case_budget_exhausted"", ""strategy_id"": ""exact-small"", ""task_id"": ""batch-task-cf9ead926c5a320dd2c677f3a152468333eca66a"", ""updated_at"": ""2026-07-28T00:28:19.080128Z""}, {""attempt_count"": 1, ""budget"": {""max_cases"": 200000, ""memory_mb"": 1024, ""parameters"": {""max_order"": 2000}, ""time_seconds"": 600}, ""checked_cases"": 0, ""checkpoint_created_at"": ""2026-07-27T11:17:17.078715Z"", ""checkpoint_id"": 42755, ""checkpoint_sequence"": 2, ""cursor"": {""bounded_scope_exhausted"": false, ""checked_cases"": 0, ""checked_cases_exact"": true, ""completed_budget"": {""max_cases"": 200000, ""max_order"": 2000, ""memory_mb"": 1024, ""time_seconds"": 600}, ""effective_strategy_id"": ""character-table-join"", ""launch_seed"": 0, ""metrics"": {}, ""phase"": ""time_budget_exhausted"", ""problem_id"": ""unsolvedmath-kou-21.59"", ""resume"": {""checkpoint_received"": false, ""intra_bound_cursor_restored"": false, ""mode"": ""atomic_bound_restart"", ""note"": ""This bounded generator does not expose an intra-bound cursor.""}, ""search_completed"": false, ""strategy_id"": ""character-table-join""}, ""frontier_provenance"": {""coverage_basis"": ""executor_declared_extended_bounds"", ""deep_bounds"": {""max_cases"": 200000, ""max_order"": 2000}, ""screen_bounds"": {""max_cases"": 500, ""max_order"": 64}, ""search_stream"": ""same_enumerator_extended_bound""}, ""latest_attempt_checked_cases"": 0, ""launch_index"": 0, ""outcome"": ""inconclusive"", ""search_role"": ""same_enumerator_extended_bound"", ""stage"": ""deep"", ""status"": ""completed"", ""stop_reason"": ""time_budget_exhausted"", ""strategy_id"": ""character-table-join"", ""task_id"": ""batch-task-311e4761968007b22746393bd984a308d7766371"", ""updated_at"": ""2026-07-28T00:28:19.087534Z""}]"
unsolvedmath-kou-21.130,Kourovka Notebook Problem 21.130,group_theory,bounded_search_completed,True,approved,restricted_family,"The search covers odd cyclic groups only, not all finite odd abelian groups.",not_required,,2026-07-28T00:28:19.116298Z,4,4,6,535,"[""bounded_screen"", ""stratified_multistart""]","[{""coverage_basis"": ""executor_declared_extended_bounds"", ""deep_bounds"": {""max_cases"": 2000000, ""max_order"": 127, ""max_subset"": 16}, ""screen_bounds"": {""max_cases"": 2000, ""max_order"": 9, ""max_subset"": 6}, ""search_stream"": ""stratified_multistart""}]","{""completed"": 4}","{""deep"": {""completed"": 3}, ""screen"": {""completed"": 1}}","{""inconclusive"": 3, ""no_candidate"": 1}","[""bounded_scope_exhausted"", ""time_budget_exhausted""]","[{""attempt_count"": 2, ""budget"": {""max_cases"": 2000, ""memory_mb"": 1024, ""parameters"": {""max_order"": 9, ""max_subset"": 6}, ""time_seconds"": 60}, ""checked_cases"": 535, ""checkpoint_created_at"": ""2026-07-27T11:15:14.530526Z"", ""checkpoint_id"": 42711, ""checkpoint_sequence"": 2, ""cursor"": {""bounded_scope_exhausted"": true, ""checked_cases"": 535, ""checked_cases_exact"": true, ""completed_budget"": {""max_cases"": 2000, ""max_order"": 9, ""max_subset"": 6, ""memory_mb"": 1024, ""time_seconds"": 60}, ""effective_strategy_id"": ""exact-small"", ""launch_seed"": 0, ""metrics"": {}, ""phase"": ""complete"", ""problem_id"": ""unsolvedmath-kou-21.130"", ""resume"": {""checkpoint_received"": true, ""intra_bound_cursor_restored"": false, ""mode"": ""atomic_bound_restart"", ""note"": ""This bounded generator does not expose an intra-bound cursor.""}, ""search_completed"": true, ""strategy_id"": ""exact-small""}, ""frontier_provenance"": {}, ""latest_attempt_checked_cases"": 535, ""launch_index"": 0, ""outcome"": ""no_candidate"", ""search_role"": ""bounded_screen"", ""stage"": ""screen"", ""status"": ""completed"", ""stop_reason"": ""bounded_scope_exhausted"", ""strategy_id"": ""exact-small"", ""task_id"": ""batch-task-c02b0811d6e952931e3a0004a054b6ae865b234f"", ""updated_at"": ""2026-07-28T00:28:19.094798Z""}, {""attempt_count"": 2, ""budget"": {""max_cases"": 2000000, ""memory_mb"": 1024, ""parameters"": {""max_order"": 127, ""max_subset"": 16}, ""time_seconds"": 600}, ""checked_cases"": 0, ""checkpoint_created_at"": ""2026-07-27T11:39:49.230692Z"", ""checkpoint_id"": 81213, ""checkpoint_sequence"": 2, ""cursor"": {""bounded_scope_exhausted"": false, ""checked_cases"": 0, ""checked_cases_exact"": true, ""completed_budget"": {""max_cases"": 2000000, ""max_order"": 127, ""max_subset"": 16, ""memory_mb"": 1024, ""time_seconds"": 600}, ""effective_strategy_id"": ""multistart"", ""launch_seed"": 6485288559385152083, ""metrics"": {}, ""phase"": ""time_budget_exhausted"", ""problem_id"": ""unsolvedmath-kou-21.130"", ""resume"": {""checkpoint_received"": false, ""intra_bound_cursor_restored"": false, ""mode"": ""atomic_bound_restart"", ""note"": ""This bounded generator does not expose an intra-bound cursor.""}, ""search_completed"": false, ""strategy_id"": ""multistart""}, ""frontier_provenance"": {""coverage_basis"": ""executor_declared_extended_bounds"", ""deep_bounds"": {""max_cases"": 2000000, ""max_order"": 127, ""max_subset"": 16}, ""screen_bounds"": {""max_cases"": 2000, ""max_order"": 9, ""max_subset"": 6}, ""search_stream"": ""stratified_multistart""}, ""latest_attempt_checked_cases"": 0, ""launch_index"": 0, ""outcome"": ""inconclusive"", ""search_role"": ""stratified_multistart"", ""stage"": ""deep"", ""status"": ""completed"", ""stop_reason"": ""time_budget_exhausted"", ""strategy_id"": ""multistart"", ""task_id"": ""batch-task-684cd2ceff79cc1f96e8bfae3a0e5cdb161f5324"", ""updated_at"": ""2026-07-28T00:28:19.101948Z""}, {""attempt_count"": 1, ""budget"": {""max_cases"": 2000000, ""memory_mb"": 1024, ""parameters"": {""max_order"": 127, ""max_subset"": 16}, ""time_seconds"": 600}, ""checked_cases"": 0, ""checkpoint_created_at"": ""2026-07-27T11:31:32.468158Z"", ""checkpoint_id"": 51137, ""checkpoint_sequence"": 2, ""cursor"": {""bounded_scope_exhausted"": false, ""checked_cases"": 0, ""checked_cases_exact"": true, ""completed_budget"": {""max_cases"": 2000000, ""max_order"": 127, ""max_subset"": 16, ""memory_mb"": 1024, ""time_seconds"": 600}, ""effective_strategy_id"": ""multistart"", ""launch_seed"": 4134256580925773705, ""metrics"": {}, ""phase"": ""time_budget_exhausted"", ""problem_id"": ""unsolvedmath-kou-21.130"", ""resume"": {""checkpoint_received"": false, ""intra_bound_cursor_restored"": false, ""mode"": ""atomic_bound_restart"", ""note"": ""This bounded generator does not expose an intra-bound cursor.""}, ""search_completed"": false, ""strategy_id"": ""multistart""}, ""frontier_provenance"": {""coverage_basis"": ""executor_declared_extended_bounds"", ""deep_bounds"": {""max_cases"": 2000000, ""max_order"": 127, ""max_subset"": 16}, ""screen_bounds"": {""max_cases"": 2000, ""max_order"": 9, ""max_subset"": 6}, ""search_stream"": ""stratified_multistart""}, ""latest_attempt_checked_cases"": 0, ""launch_index"": 1, ""outcome"": ""inconclusive"", ""search_role"": ""stratified_multistart"", ""stage"": ""deep"", ""status"": ""completed"", ""stop_reason"": ""time_budget_exhausted"", ""strategy_id"": ""multistart"", ""task_id"": ""batch-task-14cecd10df037dd14e27b6987de396285b8af0af"", ""updated_at"": ""2026-07-28T00:28:19.109101Z""}, {""attempt_count"": 1, ""budget"": {""max_cases"": 2000000, ""memory_mb"": 1024, ""parameters"": {""max_order"": 127, ""max_subset"": 16}, ""time_seconds"": 600}, ""checked_cases"": 0, ""checkpoint_created_at"": ""2026-07-27T11:32:43.411184Z"", ""checkpoint_id"": 55551, ""checkpoint_sequence"": 2, ""cursor"": {""bounded_scope_exhausted"": false, ""checked_cases"": 0, ""checked_cases_exact"": true, ""completed_budget"": {""max_cases"": 2000000, ""max_order"": 127, ""max_subset"": 16, ""memory_mb"": 1024, ""time_seconds"": 600}, ""effective_strategy_id"": ""multistart"", ""launch_seed"": 5923385496315503965, ""metrics"": {}, ""phase"": ""time_budget_exhausted"", ""problem_id"": ""unsolvedmath-kou-21.130"", ""resume"": {""checkpoint_received"": false, ""intra_bound_cursor_restored"": false, ""mode"": ""atomic_bound_restart"", ""note"": ""This bounded generator does not expose an intra-bound cursor.""}, ""search_completed"": false, ""strategy_id"": ""multistart""}, ""frontier_provenance"": {""coverage_basis"": ""executor_declared_extended_bounds"", ""deep_bounds"": {""max_cases"": 2000000, ""max_order"": 127, ""max_subset"": 16}, ""screen_bounds"": {""max_cases"": 2000, ""max_order"": 9, ""max_subset"": 6}, ""search_stream"": ""stratified_multistart""}, ""latest_attempt_checked_cases"": 0, ""launch_index"": 2, ""outcome"": ""inconclusive"", ""search_role"": ""stratified_multistart"", ""stage"": ""deep"", ""status"": ""completed"", ""stop_reason"": ""time_budget_exhausted"", ""strategy_id"": ""multistart"", ""task_id"": ""batch-task-67b2bfba48a1ddb3fd40e79ee1cff2f78ac8df2f"", ""updated_at"": ""2026-07-28T00:28:19.116298Z""}]"
unsolvedmath-kou-21.137,Kourovka Notebook Problem 21.137,group_theory,candidate_verified,True,approved,explicit_subclaim,The search tests only the stated abelian conclusions at exponent p^2 or 8.,verified,80248557557a07705eeac1d49f65c048e52933fdee1212a7d45b2530c2fa39cd,2026-07-28T00:28:19.131469Z,2,2,3,2340,"[""bounded_screen"", ""same_enumerator_extended_bound""]","[{""coverage_basis"": ""executor_declared_extended_bounds"", ""deep_bounds"": {""max_cases"": 500000, ""max_order"": 4096}, ""screen_bounds"": {""max_cases"": 200, ""max_order"": 32}, ""search_stream"": ""same_enumerator_extended_bound""}]","{""completed"": 2}","{""deep"": {""completed"": 1}, ""screen"": {""completed"": 1}}","{""candidate"": 1, ""no_candidate"": 1}","[""bounded_scope_exhausted"", ""candidate_passed_internal_verification""]","[{""attempt_count"": 2, ""budget"": {""max_cases"": 200, ""memory_mb"": 1024, ""parameters"": {""max_order"": 32}, ""time_seconds"": 60}, ""checked_cases"": 144, ""checkpoint_created_at"": ""2026-07-27T11:15:35.847159Z"", ""checkpoint_id"": 42719, ""checkpoint_sequence"": 2, ""cursor"": {""bounded_scope_exhausted"": true, ""checked_cases"": 144, ""checked_cases_exact"": true, ""completed_budget"": {""max_cases"": 200, ""max_order"": 32, ""memory_mb"": 1024, ""time_seconds"": 60}, ""effective_strategy_id"": ""exact-small"", ""launch_seed"": 0, ""metrics"": {}, ""phase"": ""complete"", ""problem_id"": ""unsolvedmath-kou-21.137"", ""resume"": {""checkpoint_received"": true, ""intra_bound_cursor_restored"": false, ""mode"": ""atomic_bound_restart"", ""note"": ""This bounded generator does not expose an intra-bound cursor.""}, ""search_completed"": true, ""strategy_id"": ""exact-small""}, ""frontier_provenance"": {}, ""latest_attempt_checked_cases"": 144, ""launch_index"": 0, ""outcome"": ""no_candidate"", ""search_role"": ""bounded_screen"", ""stage"": ""screen"", ""status"": ""completed"", ""stop_reason"": ""bounded_scope_exhausted"", ""strategy_id"": ""exact-small"", ""task_id"": ""batch-task-5d87eaeda1e661f6770ca371b823c5d57ce02221"", ""updated_at"": ""2026-07-28T00:28:19.123792Z""}, {""attempt_count"": 1, ""budget"": {""max_cases"": 500000, ""memory_mb"": 1024, ""parameters"": {""max_order"": 4096}, ""time_seconds"": 600}, ""checked_cases"": 2196, ""checkpoint_created_at"": ""2026-07-27T11:29:44.932653Z"", ""checkpoint_id"": 46523, ""checkpoint_sequence"": 2, ""cursor"": {""bounded_scope_exhausted"": false, ""checked_cases"": 2196, ""checked_cases_exact"": true, ""completed_budget"": {""max_cases"": 500000, ""max_order"": 4096, ""memory_mb"": 1024, ""time_seconds"": 600}, ""effective_strategy_id"": ""p-groups"", ""launch_seed"": 0, ""metrics"": {}, ""phase"": ""complete"", ""problem_id"": ""unsolvedmath-kou-21.137"", ""resume"": {""checkpoint_received"": false, ""intra_bound_cursor_restored"": false, ""mode"": ""atomic_bound_restart"", ""note"": ""This bounded generator does not expose an intra-bound cursor.""}, ""search_completed"": true, ""strategy_id"": ""p-groups""}, ""frontier_provenance"": {""coverage_basis"": ""executor_declared_extended_bounds"", ""deep_bounds"": {""max_cases"": 500000, ""max_order"": 4096}, ""screen_bounds"": {""max_cases"": 200, ""max_order"": 32}, ""search_stream"": ""same_enumerator_extended_bound""}, ""latest_attempt_checked_cases"": 2196, ""launch_index"": 0, ""outcome"": ""candidate"", ""search_role"": ""same_enumerator_extended_bound"", ""stage"": ""deep"", ""status"": ""completed"", ""stop_reason"": ""candidate_passed_internal_verification"", ""strategy_id"": ""p-groups"", ""task_id"": ""batch-task-3ca1e2a0ec33a375b6b0340cde66a2ce6b2924a2"", ""updated_at"": ""2026-07-28T00:28:19.131469Z""}]"
unsolvedmath-kou-21.35,Kourovka Notebook Problem 21.35,group_theory,bounded_search_completed,True,approved,restricted_family,The word is fixed to the basic commutator rather than every multilinear commutator word.,not_required,,2026-07-28T00:28:19.146123Z,2,2,3,42,"[""bounded_screen"", ""same_enumerator_extended_bound""]","[{""coverage_basis"": ""executor_declared_extended_bounds"", ""deep_bounds"": {""max_cases"": 100000, ""max_order"": 512}, ""screen_bounds"": {""max_cases"": 100, ""max_order"": 16}, ""search_stream"": ""same_enumerator_extended_bound""}]","{""completed"": 2}","{""deep"": {""completed"": 1}, ""screen"": {""completed"": 1}}","{""inconclusive"": 1, ""no_candidate"": 1}","[""bounded_scope_exhausted"", ""time_budget_exhausted""]","[{""attempt_count"": 2, ""budget"": {""max_cases"": 100, ""memory_mb"": 1024, ""parameters"": {""max_order"": 16}, ""time_seconds"": 60}, ""checked_cases"": 42, ""checkpoint_created_at"": ""2026-07-27T11:29:41.367008Z"", ""checkpoint_id"": 46514, ""checkpoint_sequence"": 2, ""cursor"": {""bounded_scope_exhausted"": true, ""checked_cases"": 42, ""checked_cases_exact"": true, ""completed_budget"": {""max_cases"": 100, ""max_order"": 16, ""memory_mb"": 1024, ""time_seconds"": 60}, ""effective_strategy_id"": ""exact-small"", ""launch_seed"": 0, ""metrics"": {}, ""phase"": ""complete"", ""problem_id"": ""unsolvedmath-kou-21.35"", ""resume"": {""checkpoint_received"": true, ""intra_bound_cursor_restored"": false, ""mode"": ""atomic_bound_restart"", ""note"": ""This bounded generator does not expose an intra-bound cursor.""}, ""search_completed"": true, ""strategy_id"": ""exact-small""}, ""frontier_provenance"": {}, ""latest_attempt_checked_cases"": 42, ""launch_index"": 0, ""outcome"": ""no_candidate"", ""search_role"": ""bounded_screen"", ""stage"": ""screen"", ""status"": ""completed"", ""stop_reason"": ""bounded_scope_exhausted"", ""strategy_id"": ""exact-small"", ""task_id"": ""batch-task-a8b08089215cdad4934035e5becd3cd1ef8e2103"", ""updated_at"": ""2026-07-28T00:28:19.138948Z""}, {""attempt_count"": 1, ""budget"": {""max_cases"": 100000, ""memory_mb"": 1024, ""parameters"": {""max_order"": 512}, ""time_seconds"": 600}, ""checked_cases"": 0, ""checkpoint_created_at"": ""2026-07-27T11:31:48.834929Z"", ""checkpoint_id"": 52211, ""checkpoint_sequence"": 2, ""cursor"": {""bounded_scope_exhausted"": false, ""checked_cases"": 0, ""checked_cases_exact"": true, ""completed_budget"": {""max_cases"": 100000, ""max_order"": 512, ""memory_mb"": 1024, ""time_seconds"": 600}, ""effective_strategy_id"": ""commutator-targeted"", ""launch_seed"": 0, ""metrics"": {}, ""phase"": ""time_budget_exhausted"", ""problem_id"": ""unsolvedmath-kou-21.35"", ""resume"": {""checkpoint_received"": false, ""intra_bound_cursor_restored"": false, ""mode"": ""atomic_bound_restart"", ""note"": ""This bounded generator does not expose an intra-bound cursor.""}, ""search_completed"": false, ""strategy_id"": ""commutator-targeted""}, ""frontier_provenance"": {""coverage_basis"": ""executor_declared_extended_bounds"", ""deep_bounds"": {""max_cases"": 100000, ""max_order"": 512}, ""screen_bounds"": {""max_cases"": 100, ""max_order"": 16}, ""search_stream"": ""same_enumerator_extended_bound""}, ""latest_attempt_checked_cases"": 0, ""launch_index"": 0, ""outcome"": ""inconclusive"", ""search_role"": ""same_enumerator_extended_bound"", ""stage"": ""deep"", ""status"": ""completed"", ""stop_reason"": ""time_budget_exhausted"", ""strategy_id"": ""commutator-targeted"", ""task_id"": ""batch-task-b2d54d061fc2497eb1ce2a05450cc4cdf91b8ab3"", ""updated_at"": ""2026-07-28T00:28:19.146123Z""}]"
unsolvedmath-kou-21.113,Kourovka Notebook Problem 21.113,group_theory,bounded_search_completed,True,approved,explicit_subclaim,"The search addresses part (a), not the projective-module question in part (b).",not_required,,2026-07-28T00:28:19.161152Z,2,2,3,42,"[""bounded_screen"", ""same_enumerator_extended_bound""]","[{""coverage_basis"": ""executor_declared_extended_bounds"", ""deep_bounds"": {""max_cases"": 100000, ""max_order"": 512}, ""screen_bounds"": {""max_cases"": 100, ""max_order"": 16}, ""search_stream"": ""same_enumerator_extended_bound""}]","{""completed"": 2}","{""deep"": {""completed"": 1}, ""screen"": {""completed"": 1}}","{""inconclusive"": 1, ""no_candidate"": 1}","[""bounded_scope_exhausted"", ""time_budget_exhausted""]","[{""attempt_count"": 2, ""budget"": {""max_cases"": 100, ""memory_mb"": 1024, ""parameters"": {""max_order"": 16}, ""time_seconds"": 60}, ""checked_cases"": 42, ""checkpoint_created_at"": ""2026-07-27T11:29:46.244658Z"", ""checkpoint_id"": 46527, ""checkpoint_sequence"": 2, ""cursor"": {""bounded_scope_exhausted"": true, ""checked_cases"": 42, ""checked_cases_exact"": true, ""completed_budget"": {""max_cases"": 100, ""max_order"": 16, ""memory_mb"": 1024, ""time_seconds"": 60}, ""effective_strategy_id"": ""exact-small"", ""launch_seed"": 0, ""metrics"": {}, ""phase"": ""complete"", ""problem_id"": ""unsolvedmath-kou-21.113"", ""resume"": {""checkpoint_received"": true, ""intra_bound_cursor_restored"": false, ""mode"": ""atomic_bound_restart"", ""note"": ""This bounded generator does not expose an intra-bound cursor.""}, ""search_completed"": true, ""strategy_id"": ""exact-small""}, ""frontier_provenance"": {}, ""latest_attempt_checked_cases"": 42, ""launch_index"": 0, ""outcome"": ""no_candidate"", ""search_role"": ""bounded_screen"", ""stage"": ""screen"", ""status"": ""completed"", ""stop_reason"": ""bounded_scope_exhausted"", ""strategy_id"": ""exact-small"", ""task_id"": ""batch-task-06a57c0837fa5424a367b92dfa17a335ff0a1efc"", ""updated_at"": ""2026-07-28T00:28:19.153592Z""}, {""attempt_count"": 1, ""budget"": {""max_cases"": 100000, ""memory_mb"": 1024, ""parameters"": {""max_order"": 512}, ""time_seconds"": 600}, ""checked_cases"": 0, ""checkpoint_created_at"": ""2026-07-27T11:33:36.702126Z"", ""checkpoint_id"": 58958, ""checkpoint_sequence"": 2, ""cursor"": {""bounded_scope_exhausted"": false, ""checked_cases"": 0, ""checked_cases_exact"": true, ""completed_budget"": {""max_cases"": 100000, ""max_order"": 512, ""memory_mb"": 1024, ""time_seconds"": 600}, ""effective_strategy_id"": ""character-targeted"", ""launch_seed"": 0, ""metrics"": {}, ""phase"": ""time_budget_exhausted"", ""problem_id"": ""unsolvedmath-kou-21.113"", ""resume"": {""checkpoint_received"": false, ""intra_bound_cursor_restored"": false, ""mode"": ""atomic_bound_restart"", ""note"": ""This bounded generator does not expose an intra-bound cursor.""}, ""search_completed"": false, ""strategy_id"": ""character-targeted""}, ""frontier_provenance"": {""coverage_basis"": ""executor_declared_extended_bounds"", ""deep_bounds"": {""max_cases"": 100000, ""max_order"": 512}, ""screen_bounds"": {""max_cases"": 100, ""max_order"": 16}, ""search_stream"": ""same_enumerator_extended_bound""}, ""latest_attempt_checked_cases"": 0, ""launch_index"": 0, ""outcome"": ""inconclusive"", ""search_role"": ""same_enumerator_extended_bound"", ""stage"": ""deep"", ""status"": ""completed"", ""stop_reason"": ""time_budget_exhausted"", ""strategy_id"": ""character-targeted"", ""task_id"": ""batch-task-d496c5bd040167fb57e373c2c886bf2234779846"", ""updated_at"": ""2026-07-28T00:28:19.161152Z""}]"
unsolvedmath-kou-21.115,Kourovka Notebook Problem 21.115,group_theory,bounded_search_completed,True,approved,restricted_family,The search covers coset unions in finite cyclic groups only.,not_required,,2026-07-28T00:28:19.190021Z,4,4,8,4189584,"[""bounded_screen"", ""stratified_multistart""]","[{""coverage_basis"": ""executor_declared_extended_bounds"", ""deep_bounds"": {""max_cases"": 10000000, ""max_cosets"": 10, ""max_order"": 512}, ""screen_bounds"": {""max_cases"": 2000, ""max_cosets"": 3, ""max_order"": 12}, ""search_stream"": ""stratified_multistart""}]","{""completed"": 4}","{""deep"": {""completed"": 3}, ""screen"": {""completed"": 1}}","{""inconclusive"": 4}","[""case_budget_exhausted"", ""time_budget_exhausted""]","[{""attempt_count"": 2, ""budget"": {""max_cases"": 2000, ""memory_mb"": 1024, ""parameters"": {""max_cosets"": 3, ""max_order"": 12}, ""time_seconds"": 60}, ""checked_cases"": 2000, ""checkpoint_created_at"": ""2026-07-27T11:31:33.065498Z"", ""checkpoint_id"": 51165, ""checkpoint_sequence"": 2, ""cursor"": {""bounded_scope_exhausted"": false, ""checked_cases"": 2000, ""checked_cases_exact"": true, ""completed_budget"": {""max_cases"": 2000, ""max_cosets"": 3, ""max_order"": 12, ""memory_mb"": 1024, ""time_seconds"": 60}, ""effective_strategy_id"": ""exact-small"", ""launch_seed"": 0, ""metrics"": {}, ""phase"": ""complete"", ""problem_id"": ""unsolvedmath-kou-21.115"", ""resume"": {""checkpoint_received"": true, ""intra_bound_cursor_restored"": true, ""mode"": ""block_cursor"", ""note"": ""The next block cursor is durable; at most the active unfinished block is replayed.""}, ""search_completed"": true, ""strategy_id"": ""exact-small""}, ""frontier_provenance"": {}, ""latest_attempt_checked_cases"": 2000, ""launch_index"": 0, ""outcome"": ""inconclusive"", ""search_role"": ""bounded_screen"", ""stage"": ""screen"", ""status"": ""completed"", ""stop_reason"": ""case_budget_exhausted"", ""strategy_id"": ""exact-small"", ""task_id"": ""batch-task-951250ba16006365dc4a142c16c9745aba964112"", ""updated_at"": ""2026-07-28T00:28:19.168396Z""}, {""attempt_count"": 2, ""budget"": {""max_cases"": 10000000, ""memory_mb"": 1024, ""parameters"": {""max_cosets"": 10, ""max_order"": 512}, ""time_seconds"": 600}, ""checked_cases"": 1372096, ""checkpoint_created_at"": ""2026-07-27T15:20:45.728967Z"", ""checkpoint_id"": 120223, ""checkpoint_sequence"": 16271, ""cursor"": {""bounded_scope_exhausted"": false, ""checked_cases"": 1372096, ""checked_cases_exact"": true, ""completed_budget"": {""max_cases"": 10000000, ""max_cosets"": 10, ""max_order"": 512, ""memory_mb"": 1024, ""time_seconds"": 600}, ""cursor_kind"": ""cyclic_coset_stratified_case"", ""effective_strategy_id"": ""multistart"", ""launch_seed"": 3701936431146449759, ""metrics"": {""coverage_kind"": ""stratified_random_coset_families"", ""family_sizes"": [1, 2, 3, 4, 5, 6, 7, 8, 9, 10], ""moduli"": [2, 3, 4, 5, 6, 7, 8, 9, 10, 11, 12, 13, 14, 15, 16, 17, 18, 19, 20, 21, 22, 23, 24, 25, 26, 27, 28, 29, 30, 31, 32, 33, 34, 35, 36, 37, 38, 39, 40, 41, 42, 43, 44, 45, 46, 47, 48, 49, 50, 51, 52, 53, 54, 55, 56, 57, 58, 59, 60, 61, 62, 63, 64, 65, 66, 67, 68, 69, 70, 71, 72, 73, 74, 75, 76, 77, 78, 79, 80, 81, 82, 83, 84, 85, 86, 87, 88, 89, 90, 91, 92, 93, 94, 95, 96, 97, 98, 99, 100, 101, 102, 103, 104, 105, 106, 107, 108, 109, 110, 111, 112, 113, 114, 115, 116, 117, 118, 119, 120, 121, 122, 123, 124, 125, 126, 127, 128, 129, 130, 131, 132, 133, 134, 135, 136, 137, 138, 139, 140, 141, 142, 143, 144, 145, 146, 147, 148, 149, 150, 151, 152, 153, 154, 155, 156, 157, 158, 159, 160, 161, 162, 163, 164, 165, 166, 167, 168, 169, 170, 171, 172, 173, 174, 175, 176, 177, 178, 179, 180, 181, 182, 183, 184, 185, 186, 187, 188, 189, 190, 191, 192, 193, 194, 195, 196, 197, 198, 199, 200, 201, 202, 203, 204, 205, 206, 207, 208, 209, 210, 211, 212, 213, 214, 215, 216, 217, 218, 219, 220, 221, 222, 223, 224, 225, 226, 227, 228, 229, 230, 231, 232, 233, 234, 235, 236, 237, 238, 239, 240, 241, 242, 243, 244, 245, 246, 247, 248, 249, 250, 251, 252, 253, 254, 255, 256, 257, 258, 259, 260, 261, 262, 263, 264, 265, 266, 267, 268, 269, 270, 271, 272, 273, 274, 275, 276, 277, 278, 279, 280, 281, 282, 283, 284, 285, 286, 287, 288, 289, 290, 291, 292, 293, 294, 295, 296, 297, 298, 299, 300, 301, 302, 303, 304, 305, 306, 307, 308, 309, 310, 311, 312, 313, 314, 315, 316, 317, 318, 319, 320, 321, 322, 323, 324, 325, 326, 327, 328, 329, 330, 331, 332, 333, 334, 335, 336, 337, 338, 339, 340, 341, 342, 343, 344, 345, 346, 347, 348, 349, 350, 351, 352, 353, 354, 355, 356, 357, 358, 359, 360, 361, 362, 363, 364, 365, 366, 367, 368, 369, 370, 371, 372, 373, 374, 375, 376, 377, 378, 379, 380, 381, 382, 383, 384, 385, 386, 387, 388, 389, 390, 391, 392, 393, 394, 395, 396, 397, 398, 399, 400, 401, 402, 403, 404, 405, 406, 407, 408, 409, 410, 411, 412, 413, 414, 415, 416, 417, 418, 419, 420, 421, 422, 423, 424, 425, 426, 427, 428, 429, 430, 431, 432, 433, 434, 435, 436, 437, 438, 439, 440, 441, 442, 443, 444, 445, 446, 447, 448, 449, 450, 451, 452, 453, 454, 455, 456, 457, 458, 459, 460, 461, 462, 463, 464, 465, 466, 467, 468, 469, 470, 471, 472, 473, 474, 475, 476, 477, 478, 479, 480, 481, 482, 483, 484, 485, 486, 487, 488, 489, 490, 491, 492, 493, 494, 495, 496, 497, 498, 499, 500, 501, 502, 503, 504, 505, 506, 507, 508, 509, 510, 511, 512]}, ""next_case"": 1372096, ""phase"": ""time_budget_exhausted"", ""problem_id"": ""unsolvedmath-kou-21.115"", ""resume"": {""checkpoint_received"": true, ""intra_bound_cursor_restored"": true, ""mode"": ""block_cursor"", ""note"": ""The next block cursor is durable; at most the active unfinished block is replayed.""}, ""search_completed"": false, ""strategy_id"": ""multistart""}, ""frontier_provenance"": {""coverage_basis"": ""executor_declared_extended_bounds"", ""deep_bounds"": {""max_cases"": 10000000, ""max_cosets"": 10, ""max_order"": 512}, ""screen_bounds"": {""max_cases"": 2000, ""max_cosets"": 3, ""max_order"": 12}, ""search_stream"": ""stratified_multistart""}, ""latest_attempt_checked_cases"": 1372096, ""launch_index"": 0, ""outcome"": ""inconclusive"", ""search_role"": ""stratified_multistart"", ""stage"": ""deep"", ""status"": ""completed"", ""stop_reason"": ""time_budget_exhausted"", ""strategy_id"": ""multistart"", ""task_id"": ""batch-task-e3c55fc15bea0855d99ff4e88de8d0f02bf8b67a"", ""updated_at"": ""2026-07-28T00:28:19.175653Z""}, {""attempt_count"": 2, ""budget"": {""max_cases"": 10000000, ""memory_mb"": 1024, ""parameters"": {""max_cosets"": 10, ""max_order"": 512}, ""time_seconds"": 600}, ""checked_cases"": 1330112, ""checkpoint_created_at"": ""2026-07-27T15:20:48.639889Z"", ""checkpoint_id"": 120296, ""checkpoint_sequence"": 16249, ""cursor"": {""bounded_scope_exhausted"": false, ""checked_cases"": 1330112, ""checked_cases_exact"": true, ""completed_budget"": {""max_cases"": 10000000, ""max_cosets"": 10, ""max_order"": 512, ""memory_mb"": 1024, ""time_seconds"": 600}, ""cursor_kind"": ""cyclic_coset_stratified_case"", ""effective_strategy_id"": ""multistart"", ""launch_seed"": 797380901782826734, ""metrics"": {""coverage_kind"": ""stratified_random_coset_families"", ""family_sizes"": [1, 2, 3, 4, 5, 6, 7, 8, 9, 10], ""moduli"": [2, 3, 4, 5, 6, 7, 8, 9, 10, 11, 12, 13, 14, 15, 16, 17, 18, 19, 20, 21, 22, 23, 24, 25, 26, 27, 28, 29, 30, 31, 32, 33, 34, 35, 36, 37, 38, 39, 40, 41, 42, 43, 44, 45, 46, 47, 48, 49, 50, 51, 52, 53, 54, 55, 56, 57, 58, 59, 60, 61, 62, 63, 64, 65, 66, 67, 68, 69, 70, 71, 72, 73, 74, 75, 76, 77, 78, 79, 80, 81, 82, 83, 84, 85, 86, 87, 88, 89, 90, 91, 92, 93, 94, 95, 96, 97, 98, 99, 100, 101, 102, 103, 104, 105, 106, 107, 108, 109, 110, 111, 112, 113, 114, 115, 116, 117, 118, 119, 120, 121, 122, 123, 124, 125, 126, 127, 128, 129, 130, 131, 132, 133, 134, 135, 136, 137, 138, 139, 140, 141, 142, 143, 144, 145, 146, 147, 148, 149, 150, 151, 152, 153, 154, 155, 156, 157, 158, 159, 160, 161, 162, 163, 164, 165, 166, 167, 168, 169, 170, 171, 172, 173, 174, 175, 176, 177, 178, 179, 180, 181, 182, 183, 184, 185, 186, 187, 188, 189, 190, 191, 192, 193, 194, 195, 196, 197, 198, 199, 200, 201, 202, 203, 204, 205, 206, 207, 208, 209, 210, 211, 212, 213, 214, 215, 216, 217, 218, 219, 220, 221, 222, 223, 224, 225, 226, 227, 228, 229, 230, 231, 232, 233, 234, 235, 236, 237, 238, 239, 240, 241, 242, 243, 244, 245, 246, 247, 248, 249, 250, 251, 252, 253, 254, 255, 256, 257, 258, 259, 260, 261, 262, 263, 264, 265, 266, 267, 268, 269, 270, 271, 272, 273, 274, 275, 276, 277, 278, 279, 280, 281, 282, 283, 284, 285, 286, 287, 288, 289, 290, 291, 292, 293, 294, 295, 296, 297, 298, 299, 300, 301, 302, 303, 304, 305, 306, 307, 308, 309, 310, 311, 312, 313, 314, 315, 316, 317, 318, 319, 320, 321, 322, 323, 324, 325, 326, 327, 328, 329, 330, 331, 332, 333, 334, 335, 336, 337, 338, 339, 340, 341, 342, 343, 344, 345, 346, 347, 348, 349, 350, 351, 352, 353, 354, 355, 356, 357, 358, 359, 360, 361, 362, 363, 364, 365, 366, 367, 368, 369, 370, 371, 372, 373, 374, 375, 376, 377, 378, 379, 380, 381, 382, 383, 384, 385, 386, 387, 388, 389, 390, 391, 392, 393, 394, 395, 396, 397, 398, 399, 400, 401, 402, 403, 404, 405, 406, 407, 408, 409, 410, 411, 412, 413, 414, 415, 416, 417, 418, 419, 420, 421, 422, 423, 424, 425, 426, 427, 428, 429, 430, 431, 432, 433, 434, 435, 436, 437, 438, 439, 440, 441, 442, 443, 444, 445, 446, 447, 448, 449, 450, 451, 452, 453, 454, 455, 456, 457, 458, 459, 460, 461, 462, 463, 464, 465, 466, 467, 468, 469, 470, 471, 472, 473, 474, 475, 476, 477, 478, 479, 480, 481, 482, 483, 484, 485, 486, 487, 488, 489, 490, 491, 492, 493, 494, 495, 496, 497, 498, 499, 500, 501, 502, 503, 504, 505, 506, 507, 508, 509, 510, 511, 512]}, ""next_case"": 1330112, ""phase"": ""time_budget_exhausted"", ""problem_id"": ""unsolvedmath-kou-21.115"", ""resume"": {""checkpoint_received"": true, ""intra_bound_cursor_restored"": true, ""mode"": ""block_cursor"", ""note"": ""The next block cursor is durable; at most the active unfinished block is replayed.""}, ""search_completed"": false, ""strategy_id"": ""multistart""}, ""frontier_provenance"": {""coverage_basis"": ""executor_declared_extended_bounds"", ""deep_bounds"": {""max_cases"": 10000000, ""max_cosets"": 10, ""max_order"": 512}, ""screen_bounds"": {""max_cases"": 2000, ""max_cosets"": 3, ""max_order"": 12}, ""search_stream"": ""stratified_multistart""}, ""latest_attempt_checked_cases"": 1330112, ""launch_index"": 1, ""outcome"": ""inconclusive"", ""search_role"": ""stratified_multistart"", ""stage"": ""deep"", ""status"": ""completed"", ""stop_reason"": ""time_budget_exhausted"", ""strategy_id"": ""multistart"", ""task_id"": ""batch-task-67db1d50e41d4c685c891231d54aa6beabe962b0"", ""updated_at"": ""2026-07-28T00:28:19.182881Z""}, {""attempt_count"": 2, ""budget"": {""max_cases"": 10000000, ""memory_mb"": 1024, ""parameters"": {""max_cosets"": 10, ""max_order"": 512}, ""time_seconds"": 600}, ""checked_cases"": 1485376, ""checkpoint_created_at"": ""2026-07-27T15:32:20.214308Z"", ""checkpoint_id"": 139254, ""checkpoint_sequence"": 18954, ""cursor"": {""bounded_scope_exhausted"": false, ""checked_cases"": 1485376, ""checked_cases_exact"": true, ""completed_budget"": {""max_cases"": 10000000, ""max_cosets"": 10, ""max_order"": 512, ""memory_mb"": 1024, ""time_seconds"": 600}, ""cursor_kind"": ""cyclic_coset_stratified_case"", ""effective_strategy_id"": ""multistart"", ""launch_seed"": 6315022660272348158, ""metrics"": {""coverage_kind"": ""stratified_random_coset_families"", ""family_sizes"": [1, 2, 3, 4, 5, 6, 7, 8, 9, 10], ""moduli"": [2, 3, 4, 5, 6, 7, 8, 9, 10, 11, 12, 13, 14, 15, 16, 17, 18, 19, 20, 21, 22, 23, 24, 25, 26, 27, 28, 29, 30, 31, 32, 33, 34, 35, 36, 37, 38, 39, 40, 41, 42, 43, 44, 45, 46, 47, 48, 49, 50, 51, 52, 53, 54, 55, 56, 57, 58, 59, 60, 61, 62, 63, 64, 65, 66, 67, 68, 69, 70, 71, 72, 73, 74, 75, 76, 77, 78, 79, 80, 81, 82, 83, 84, 85, 86, 87, 88, 89, 90, 91, 92, 93, 94, 95, 96, 97, 98, 99, 100, 101, 102, 103, 104, 105, 106, 107, 108, 109, 110, 111, 112, 113, 114, 115, 116, 117, 118, 119, 120, 121, 122, 123, 124, 125, 126, 127, 128, 129, 130, 131, 132, 133, 134, 135, 136, 137, 138, 139, 140, 141, 142, 143, 144, 145, 146, 147, 148, 149, 150, 151, 152, 153, 154, 155, 156, 157, 158, 159, 160, 161, 162, 163, 164, 165, 166, 167, 168, 169, 170, 171, 172, 173, 174, 175, 176, 177, 178, 179, 180, 181, 182, 183, 184, 185, 186, 187, 188, 189, 190, 191, 192, 193, 194, 195, 196, 197, 198, 199, 200, 201, 202, 203, 204, 205, 206, 207, 208, 209, 210, 211, 212, 213, 214, 215, 216, 217, 218, 219, 220, 221, 222, 223, 224, 225, 226, 227, 228, 229, 230, 231, 232, 233, 234, 235, 236, 237, 238, 239, 240, 241, 242, 243, 244, 245, 246, 247, 248, 249, 250, 251, 252, 253, 254, 255, 256, 257, 258, 259, 260, 261, 262, 263, 264, 265, 266, 267, 268, 269, 270, 271, 272, 273, 274, 275, 276, 277, 278, 279, 280, 281, 282, 283, 284, 285, 286, 287, 288, 289, 290, 291, 292, 293, 294, 295, 296, 297, 298, 299, 300, 301, 302, 303, 304, 305, 306, 307, 308, 309, 310, 311, 312, 313, 314, 315, 316, 317, 318, 319, 320, 321, 322, 323, 324, 325, 326, 327, 328, 329, 330, 331, 332, 333, 334, 335, 336, 337, 338, 339, 340, 341, 342, 343, 344, 345, 346, 347, 348, 349, 350, 351, 352, 353, 354, 355, 356, 357, 358, 359, 360, 361, 362, 363, 364, 365, 366, 367, 368, 369, 370, 371, 372, 373, 374, 375, 376, 377, 378, 379, 380, 381, 382, 383, 384, 385, 386, 387, 388, 389, 390, 391, 392, 393, 394, 395, 396, 397, 398, 399, 400, 401, 402, 403, 404, 405, 406, 407, 408, 409, 410, 411, 412, 413, 414, 415, 416, 417, 418, 419, 420, 421, 422, 423, 424, 425, 426, 427, 428, 429, 430, 431, 432, 433, 434, 435, 436, 437, 438, 439, 440, 441, 442, 443, 444, 445, 446, 447, 448, 449, 450, 451, 452, 453, 454, 455, 456, 457, 458, 459, 460, 461, 462, 463, 464, 465, 466, 467, 468, 469, 470, 471, 472, 473, 474, 475, 476, 477, 478, 479, 480, 481, 482, 483, 484, 485, 486, 487, 488, 489, 490, 491, 492, 493, 494, 495, 496, 497, 498, 499, 500, 501, 502, 503, 504, 505, 506, 507, 508, 509, 510, 511, 512]}, ""next_case"": 1485376, ""phase"": ""time_budget_exhausted"", ""problem_id"": ""unsolvedmath-kou-21.115"", ""resume"": {""checkpoint_received"": true, ""intra_bound_cursor_restored"": true, ""mode"": ""block_cursor"", ""note"": ""The next block cursor is durable; at most the active unfinished block is replayed.""}, ""search_completed"": false, ""strategy_id"": ""multistart""}, ""frontier_provenance"": {""coverage_basis"": ""executor_declared_extended_bounds"", ""deep_bounds"": {""max_cases"": 10000000, ""max_cosets"": 10, ""max_order"": 512}, ""screen_bounds"": {""max_cases"": 2000, ""max_cosets"": 3, ""max_order"": 12}, ""search_stream"": ""stratified_multistart""}, ""latest_attempt_checked_cases"": 1485376, ""launch_index"": 2, ""outcome"": ""inconclusive"", ""search_role"": ""stratified_multistart"", ""stage"": ""deep"", ""status"": ""completed"", ""stop_reason"": ""time_budget_exhausted"", ""strategy_id"": ""multistart"", ""task_id"": ""batch-task-2c3628f84a40716a5bd7707dc5604f114169f6f5"", ""updated_at"": ""2026-07-28T00:28:19.190021Z""}]"
unsolvedmath-kou-21.134,Kourovka Notebook Problem 21.134,group_theory,bounded_search_completed,True,approved,full_claim,"The model encodes the full claim, but nonfinding covers only the recorded finite bounds.",not_required,,2026-07-28T00:28:19.204304Z,2,2,3,42,"[""bounded_screen"", ""same_enumerator_extended_bound""]","[{""coverage_basis"": ""executor_declared_extended_bounds"", ""deep_bounds"": {""max_cases"": 500000, ""max_order"": 2000}, ""screen_bounds"": {""max_cases"": 200, ""max_order"": 16}, ""search_stream"": ""same_enumerator_extended_bound""}]","{""completed"": 2}","{""deep"": {""completed"": 1}, ""screen"": {""completed"": 1}}","{""inconclusive"": 1, ""no_candidate"": 1}","[""bounded_scope_exhausted"", ""time_budget_exhausted""]","[{""attempt_count"": 2, ""budget"": {""max_cases"": 200, ""memory_mb"": 1024, ""parameters"": {""max_order"": 16}, ""time_seconds"": 60}, ""checked_cases"": 42, ""checkpoint_created_at"": ""2026-07-27T11:31:50.256662Z"", ""checkpoint_id"": 52301, ""checkpoint_sequence"": 2, ""cursor"": {""bounded_scope_exhausted"": true, ""checked_cases"": 42, ""checked_cases_exact"": true, ""completed_budget"": {""max_cases"": 200, ""max_order"": 16, ""memory_mb"": 1024, ""time_seconds"": 60}, ""effective_strategy_id"": ""exact-small"", ""launch_seed"": 0, ""metrics"": {}, ""phase"": ""complete"", ""problem_id"": ""unsolvedmath-kou-21.134"", ""resume"": {""checkpoint_received"": true, ""intra_bound_cursor_restored"": false, ""mode"": ""atomic_bound_restart"", ""note"": ""This bounded generator does not expose an intra-bound cursor.""}, ""search_completed"": true, ""strategy_id"": ""exact-small""}, ""frontier_provenance"": {}, ""latest_attempt_checked_cases"": 42, ""launch_index"": 0, ""outcome"": ""no_candidate"", ""search_role"": ""bounded_screen"", ""stage"": ""screen"", ""status"": ""completed"", ""stop_reason"": ""bounded_scope_exhausted"", ""strategy_id"": ""exact-small"", ""task_id"": ""batch-task-f5849a2fce59ff2c93ec0e4acac849f9f30f0571"", ""updated_at"": ""2026-07-28T00:28:19.197230Z""}, {""attempt_count"": 1, ""budget"": {""max_cases"": 500000, ""memory_mb"": 1024, ""parameters"": {""max_order"": 2000}, ""time_seconds"": 600}, ""checked_cases"": 0, ""checkpoint_created_at"": ""2026-07-27T11:41:55.891271Z"", ""checkpoint_id"": 87237, ""checkpoint_sequence"": 2, ""cursor"": {""bounded_scope_exhausted"": false, ""checked_cases"": 0, ""checked_cases_exact"": true, ""completed_budget"": {""max_cases"": 500000, ""max_order"": 2000, ""memory_mb"": 1024, ""time_seconds"": 600}, ""effective_strategy_id"": ""type-hash-join"", ""launch_seed"": 0, ""metrics"": {}, ""phase"": ""time_budget_exhausted"", ""problem_id"": ""unsolvedmath-kou-21.134"", ""resume"": {""checkpoint_received"": false, ""intra_bound_cursor_restored"": false, ""mode"": ""atomic_bound_restart"", ""note"": ""This bounded generator does not expose an intra-bound cursor.""}, ""search_completed"": false, ""strategy_id"": ""type-hash-join""}, ""frontier_provenance"": {""coverage_basis"": ""executor_declared_extended_bounds"", ""deep_bounds"": {""max_cases"": 500000, ""max_order"": 2000}, ""screen_bounds"": {""max_cases"": 200, ""max_order"": 16}, ""search_stream"": ""same_enumerator_extended_bound""}, ""latest_attempt_checked_cases"": 0, ""launch_index"": 0, ""outcome"": ""inconclusive"", ""search_role"": ""same_enumerator_extended_bound"", ""stage"": ""deep"", ""status"": ""completed"", ""stop_reason"": ""time_budget_exhausted"", ""strategy_id"": ""type-hash-join"", ""task_id"": ""batch-task-85b0615887d224faa2fd70b292917a667b854589"", ""updated_at"": ""2026-07-28T00:28:19.204304Z""}]"
unsolvedmath-kou-21.135,Kourovka Notebook Problem 21.135,group_theory,bounded_search_completed,True,approved,full_claim,"The model encodes the full claim, but nonfinding covers only the recorded finite bounds.",not_required,,2026-07-28T00:28:19.218848Z,2,2,4,42,"[""bounded_screen"", ""same_enumerator_extended_bound""]","[{""coverage_basis"": ""executor_declared_extended_bounds"", ""deep_bounds"": {""max_cases"": 500000, ""max_order"": 2000}, ""screen_bounds"": {""max_cases"": 200, ""max_order"": 16}, ""search_stream"": ""same_enumerator_extended_bound""}]","{""completed"": 2}","{""deep"": {""completed"": 1}, ""screen"": {""completed"": 1}}","{""inconclusive"": 1, ""no_candidate"": 1}","[""bounded_scope_exhausted"", ""time_budget_exhausted""]","[{""attempt_count"": 2, ""budget"": {""max_cases"": 200, ""memory_mb"": 1024, ""parameters"": {""max_order"": 16}, ""time_seconds"": 60}, ""checked_cases"": 42, ""checkpoint_created_at"": ""2026-07-27T11:39:51.809109Z"", ""checkpoint_id"": 81372, ""checkpoint_sequence"": 2, ""cursor"": {""bounded_scope_exhausted"": true, ""checked_cases"": 42, ""checked_cases_exact"": true, ""completed_budget"": {""max_cases"": 200, ""max_order"": 16, ""memory_mb"": 1024, ""time_seconds"": 60}, ""effective_strategy_id"": ""exact-small"", ""launch_seed"": 0, ""metrics"": {}, ""phase"": ""complete"", ""problem_id"": ""unsolvedmath-kou-21.135"", ""resume"": {""checkpoint_received"": true, ""intra_bound_cursor_restored"": false, ""mode"": ""atomic_bound_restart"", ""note"": ""This bounded generator does not expose an intra-bound cursor.""}, ""search_completed"": true, ""strategy_id"": ""exact-small""}, ""frontier_provenance"": {}, ""latest_attempt_checked_cases"": 42, ""launch_index"": 0, ""outcome"": ""no_candidate"", ""search_role"": ""bounded_screen"", ""stage"": ""screen"", ""status"": ""completed"", ""stop_reason"": ""bounded_scope_exhausted"", ""strategy_id"": ""exact-small"", ""task_id"": ""batch-task-0bb5137d730539d848039c7eec013fa013350036"", ""updated_at"": ""2026-07-28T00:28:19.211225Z""}, {""attempt_count"": 2, ""budget"": {""max_cases"": 500000, ""memory_mb"": 1024, ""parameters"": {""max_order"": 2000}, ""time_seconds"": 600}, ""checked_cases"": 0, ""checkpoint_created_at"": ""2026-07-27T15:24:22.804377Z"", ""checkpoint_id"": 124459, ""checkpoint_sequence"": 2, ""cursor"": {""bounded_scope_exhausted"": false, ""checked_cases"": 0, ""checked_cases_exact"": true, ""completed_budget"": {""max_cases"": 500000, ""max_order"": 2000, ""memory_mb"": 1024, ""time_seconds"": 600}, ""effective_strategy_id"": ""character-table-join"", ""launch_seed"": 0, ""metrics"": {}, ""phase"": ""time_budget_exhausted"", ""problem_id"": ""unsolvedmath-kou-21.135"", ""resume"": {""checkpoint_received"": false, ""intra_bound_cursor_restored"": false, ""mode"": ""atomic_bound_restart"", ""note"": ""This bounded generator does not expose an intra-bound cursor.""}, ""search_completed"": false, ""strategy_id"": ""character-table-join""}, ""frontier_provenance"": {""coverage_basis"": ""executor_declared_extended_bounds"", ""deep_bounds"": {""max_cases"": 500000, ""max_order"": 2000}, ""screen_bounds"": {""max_cases"": 200, ""max_order"": 16}, ""search_stream"": ""same_enumerator_extended_bound""}, ""latest_attempt_checked_cases"": 0, ""launch_index"": 0, ""outcome"": ""inconclusive"", ""search_role"": ""same_enumerator_extended_bound"", ""stage"": ""deep"", ""status"": ""completed"", ""stop_reason"": ""time_budget_exhausted"", ""strategy_id"": ""character-table-join"", ""task_id"": ""batch-task-0f353c1dbfafb873d8c51e45bfd61fe68391cafc"", ""updated_at"": ""2026-07-28T00:28:19.218848Z""}]"
unsolvedmath-opg-37396,"3 is a primitive root modulo primes of the form 16 q^4 + 1, where q>3 is prime",number_theory,queued,False,approved,full_claim,"The model encodes the full claim, but nonfinding covers only the recorded finite bounds.",not_required,,2026-07-28T00:28:19.234559Z,2,1,3,19878,"[""bounded_screen"", ""segmented_prime_q_stream""]","[{""coverage_basis"": ""executor_declared_extended_bounds"", ""deep_bounds"": {""max_cases"": 10000000, ""max_q"": 100000000, ""prime_block_size"": 64, ""segment_size"": 65536}, ""screen_bounds"": {""max_cases"": 500, ""max_q"": 1000}, ""search_stream"": ""segmented_prime_q_stream""}]","{""completed"": 1, ""queued"": 1}","{""deep"": {""queued"": 1}, ""screen"": {""completed"": 1}}","{""no_candidate"": 1}","[""bounded_scope_exhausted"", ""lease expired""]","[{""attempt_count"": 2, ""budget"": {""max_cases"": 500, ""memory_mb"": 1024, ""parameters"": {""max_q"": 1000}, ""time_seconds"": 60}, ""checked_cases"": 166, ""checkpoint_created_at"": ""2026-07-27T11:41:01.418502Z"", ""checkpoint_id"": 84877, ""checkpoint_sequence"": 2, ""cursor"": {""bounded_scope_exhausted"": true, ""checked_cases"": 166, ""checked_cases_exact"": true, ""completed_budget"": {""max_cases"": 500, ""max_q"": 1000, ""memory_mb"": 1024, ""time_seconds"": 60}, ""effective_strategy_id"": ""exact-small"", ""launch_seed"": 0, ""metrics"": {}, ""phase"": ""complete"", ""problem_id"": ""unsolvedmath-opg-37396"", ""resume"": {""checkpoint_received"": true, ""intra_bound_cursor_restored"": true, ""mode"": ""block_cursor"", ""note"": ""The next block cursor is durable; at most the active unfinished block is replayed.""}, ""search_completed"": true, ""strategy_id"": ""exact-small""}, ""frontier_provenance"": {}, ""latest_attempt_checked_cases"": 166, ""launch_index"": 0, ""outcome"": ""no_candidate"", ""search_role"": ""bounded_screen"", ""stage"": ""screen"", ""status"": ""completed"", ""stop_reason"": ""bounded_scope_exhausted"", ""strategy_id"": ""exact-small"", ""task_id"": ""batch-task-8e2e27868f49a1e53977d7280ce37b29f17a9d85"", ""updated_at"": ""2026-07-28T00:28:19.226660Z""}, {""attempt_count"": 1, ""budget"": {""max_cases"": 10000000, ""memory_mb"": 1024, ""parameters"": {""max_q"": 100000000, ""prime_block_size"": 64, ""segment_size"": 65536}, ""time_seconds"": 600}, ""checked_cases"": 19712, ""checkpoint_created_at"": ""2026-07-27T11:41:56.759837Z"", ""checkpoint_id"": 87254, ""checkpoint_sequence"": 308, ""cursor"": {""checked_cases"": 19712, ""cursor_kind"": ""primitive_root_prime_segment"", ""effective_strategy_id"": ""segmented-primes"", ""metrics"": {""coverage_kind"": ""segmented_prime_q_stream"", ""max_tested_q"": 221219, ""min_tested_q"": 5, ""segments_completed"": 0}, ""next_q"": 221220, ""phase"": ""searching"", ""problem_id"": ""unsolvedmath-opg-37396""}, ""frontier_provenance"": {""coverage_basis"": ""executor_declared_extended_bounds"", ""deep_bounds"": {""max_cases"": 10000000, ""max_q"": 100000000, ""prime_block_size"": 64, ""segment_size"": 65536}, ""screen_bounds"": {""max_cases"": 500, ""max_q"": 1000}, ""search_stream"": ""segmented_prime_q_stream""}, ""latest_attempt_checked_cases"": 19712, ""launch_index"": 0, ""outcome"": """", ""search_role"": ""segmented_prime_q_stream"", ""stage"": ""deep"", ""status"": ""queued"", ""stop_reason"": ""lease expired"", ""strategy_id"": ""segmented-primes"", ""task_id"": ""batch-task-ec6bfb04379755f20eaac1f4c5316ab2f5e15a79"", ""updated_at"": ""2026-07-28T00:28:19.234559Z""}]"
unsolvedmath-opg-37413,Alexa's Conjecture on Primality,number_theory,queued,False,approved,full_claim,"The model encodes the full claim, but nonfinding covers only the recorded finite bounds.",not_required,,2026-07-28T00:28:19.249718Z,2,1,2,493,"[""bounded_screen"", ""same_enumerator_extended_bound""]","[{""coverage_basis"": ""executor_declared_extended_bounds"", ""deep_bounds"": {""max_cases"": 100000000, ""max_n"": 100000000}, ""screen_bounds"": {""max_cases"": 500, ""max_n"": 500}, ""search_stream"": ""same_enumerator_extended_bound""}]","{""completed"": 1, ""queued"": 1}","{""deep"": {""queued"": 1}, ""screen"": {""completed"": 1}}","{""no_candidate"": 1}","[""bounded_scope_exhausted""]","[{""attempt_count"": 2, ""budget"": {""max_cases"": 500, ""memory_mb"": 1024, ""parameters"": {""max_n"": 500}, ""time_seconds"": 60}, ""checked_cases"": 493, ""checkpoint_created_at"": ""2026-07-27T11:41:05.843973Z"", ""checkpoint_id"": 85141, ""checkpoint_sequence"": 2, ""cursor"": {""bounded_scope_exhausted"": true, ""checked_cases"": 493, ""checked_cases_exact"": true, ""completed_budget"": {""max_cases"": 500, ""max_n"": 500, ""memory_mb"": 1024, ""time_seconds"": 60}, ""effective_strategy_id"": ""exact-small"", ""launch_seed"": 0, ""metrics"": {}, ""phase"": ""complete"", ""problem_id"": ""unsolvedmath-opg-37413"", ""resume"": {""checkpoint_received"": true, ""intra_bound_cursor_restored"": false, ""mode"": ""atomic_bound_restart"", ""note"": ""This bounded generator does not expose an intra-bound cursor.""}, ""search_completed"": true, ""strategy_id"": ""exact-small""}, ""frontier_provenance"": {}, ""latest_attempt_checked_cases"": 493, ""launch_index"": 0, ""outcome"": ""no_candidate"", ""search_role"": ""bounded_screen"", ""stage"": ""screen"", ""status"": ""completed"", ""stop_reason"": ""bounded_scope_exhausted"", ""strategy_id"": ""exact-small"", ""task_id"": ""batch-task-7a360a2f2d3cffc56b155448a369565a9ca0fd84"", ""updated_at"": ""2026-07-28T00:28:19.242325Z""}, {""attempt_count"": 0, ""budget"": {""max_cases"": 100000000, ""memory_mb"": 1024, ""parameters"": {""max_n"": 100000000}, ""time_seconds"": 600}, ""checked_cases"": 0, ""checkpoint_created_at"": null, ""checkpoint_id"": null, ""checkpoint_sequence"": null, ""cursor"": null, ""frontier_provenance"": {""coverage_basis"": ""executor_declared_extended_bounds"", ""deep_bounds"": {""max_cases"": 100000000, ""max_n"": 100000000}, ""screen_bounds"": {""max_cases"": 500, ""max_n"": 500}, ""search_stream"": ""same_enumerator_extended_bound""}, ""latest_attempt_checked_cases"": 0, ""launch_index"": 0, ""outcome"": """", ""search_role"": ""same_enumerator_extended_bound"", ""stage"": ""deep"", ""status"": ""queued"", ""stop_reason"": """", ""strategy_id"": ""composite-targeted"", ""task_id"": ""batch-task-2fa8fec8ec68563a797ba4aa6569a61d349156cd"", ""updated_at"": ""2026-07-28T00:28:19.249718Z""}]"
unsolvedmath-alg-012-collision-rota-s-basis-conjecture-5ad44b45,Rota's Basis Conjecture,algebra,queued,False,approved,restricted_family,A counterexample over a prime field refutes the full matroid conjecture; nonfinding covers only the recorded representable instances.,not_required,,2026-07-28T00:28:19.278955Z,4,1,2,887,"[""bounded_screen"", ""independent_stratified_prime_field_vector_matroid_instances""]","[{""authoritative_problem_url"": ""https://www.openproblemgarden.org/op/rotas_basis_conjecture"", ""current_progress"": ""arXiv:2508.05601"", ""normalization"": ""rank-n matroid with n pairwise-disjoint labelled base copies"", ""status"": ""open_in_full_generality""}]","{""completed"": 1, ""queued"": 3}","{""deep"": {""queued"": 3}, ""screen"": {""completed"": 1}}","{""no_candidate"": 1}","[""bounded_scope_exhausted"", ""campaign_adapter_fix_interrupted_for_checkpoint_resume""]","[{""attempt_count"": 1, ""budget"": {""max_cases"": 1000, ""memory_mb"": 1024, ""parameters"": {""max_field_prime"": 2, ""max_rank"": 3, ""solver_node_limit"": 1000000}, ""time_seconds"": 60}, ""checked_cases"": 784, ""checkpoint_created_at"": ""2026-07-27T11:11:10.619716Z"", ""checkpoint_id"": 41920, ""checkpoint_sequence"": 786, ""cursor"": {""bounded_scope_exhausted"": true, ""checked_cases"": 784, ""checked_cases_exact"": true, ""completed_budget"": {""max_cases"": 1000, ""max_field_prime"": 2, ""max_rank"": 3, ""memory_mb"": 1024, ""solver_node_limit"": 1000000, ""time_seconds"": 60}, ""cursor_kind"": ""rota_exact_base_tuple"", ""effective_strategy_id"": ""exact-small"", ""launch_seed"": 0, ""metrics"": {""coverage_kind"": ""exhaustive_binary_rank_three_base_tuples"", ""decomposition_cases"": 784, ""exact_solver_cases"": 784, ""generator_templates"": [0], ""label_semantics"": ""row-index and within-row index are disjoint element labels"", ""rank_field_strata"": [[3, 2]], ""solver_cutoff_cases"": 0, ""solver_nodes"": 1704, ""total_instances"": 784}, ""next_case"": 784, ""phase"": ""complete"", ""problem_id"": ""unsolvedmath-alg-012-collision-rota-s-basis-conjecture-5ad44b45"", ""resume"": {""checkpoint_received"": false, ""intra_bound_cursor_restored"": false, ""mode"": ""block_cursor"", ""note"": ""The next block cursor is durable; at most the active unfinished block is replayed.""}, ""search_completed"": true, ""strategy_id"": ""exact-small""}, ""frontier_provenance"": {}, ""latest_attempt_checked_cases"": 784, ""launch_index"": 0, ""outcome"": ""no_candidate"", ""search_role"": ""bounded_screen"", ""stage"": ""screen"", ""status"": ""completed"", ""stop_reason"": ""bounded_scope_exhausted"", ""strategy_id"": ""exact-small"", ""task_id"": ""batch-task-f738e0fe8fff1e29aee8111ac836ca1adde43d21"", ""updated_at"": ""2026-07-28T00:28:19.257112Z""}, {""attempt_count"": 1, ""budget"": {""max_cases"": 1000000, ""memory_mb"": 1024, ""parameters"": {""max_field_prime"": 5, ""max_rank"": 7, ""minimum_rank"": 5, ""solver_node_limit"": 5000000}, ""time_seconds"": 600}, ""checked_cases"": 103, ""checkpoint_created_at"": ""2026-07-27T11:11:19.117568Z"", ""checkpoint_id"": 42077, ""checkpoint_sequence"": 103, ""cursor"": {""checked_cases"": 103, ""cursor_kind"": ""rota_stratified_instance"", ""effective_strategy_id"": ""multistart"", ""metrics"": {""coverage_kind"": ""independent_stratified_prime_field_vector_matroids"", ""decomposition_cases"": 103, ""exact_solver_cases"": 103, ""generator_templates"": [0, 1, 2, 3], ""independent_restarts"": true, ""label_semantics"": ""row-index and within-row index are disjoint element labels"", ""rank_field_strata"": [[5, 2], [5, 3], [5, 5], [6, 2], [6, 3], [6, 5], [7, 2], [7, 3], [7, 5]], ""search_completeness"": ""exact_decision_per_instance_unless_node_limit_recorded"", ""solver_cutoff_cases"": 0, ""solver_nodes"": 6335}, ""next_case"": 103, ""phase"": ""searching"", ""problem_id"": ""unsolvedmath-alg-012-collision-rota-s-basis-conjecture-5ad44b45""}, ""frontier_provenance"": {""authoritative_problem_url"": ""https://www.openproblemgarden.org/op/rotas_basis_conjecture"", ""current_progress"": ""arXiv:2508.05601"", ""normalization"": ""rank-n matroid with n pairwise-disjoint labelled base copies"", ""status"": ""open_in_full_generality""}, ""latest_attempt_checked_cases"": 103, ""launch_index"": 0, ""outcome"": """", ""search_role"": ""independent_stratified_prime_field_vector_matroid_instances"", ""stage"": ""deep"", ""status"": ""queued"", ""stop_reason"": ""campaign_adapter_fix_interrupted_for_checkpoint_resume"", ""strategy_id"": ""multistart"", ""task_id"": ""batch-task-bf8337ce9f9efab670e81239e6850db42ab28895"", ""updated_at"": ""2026-07-28T00:28:19.264805Z""}, {""attempt_count"": 0, ""budget"": {""max_cases"": 1000000, ""memory_mb"": 1024, ""parameters"": {""max_field_prime"": 5, ""max_rank"": 7, ""minimum_rank"": 5, ""solver_node_limit"": 5000000}, ""time_seconds"": 600}, ""checked_cases"": 0, ""checkpoint_created_at"": null, ""checkpoint_id"": null, ""checkpoint_sequence"": null, ""cursor"": null, ""frontier_provenance"": {""authoritative_problem_url"": ""https://www.openproblemgarden.org/op/rotas_basis_conjecture"", ""current_progress"": ""arXiv:2508.05601"", ""normalization"": ""rank-n matroid with n pairwise-disjoint labelled base copies"", ""status"": ""open_in_full_generality""}, ""latest_attempt_checked_cases"": 0, ""launch_index"": 1, ""outcome"": """", ""search_role"": ""independent_stratified_prime_field_vector_matroid_instances"", ""stage"": ""deep"", ""status"": ""queued"", ""stop_reason"": """", ""strategy_id"": ""multistart"", ""task_id"": ""batch-task-010654c060e36c667cb03afc8e96355ab1cfbfb4"", ""updated_at"": ""2026-07-28T00:28:19.271806Z""}, {""attempt_count"": 0, ""budget"": {""max_cases"": 1000000, ""memory_mb"": 1024, ""parameters"": {""max_field_prime"": 5, ""max_rank"": 7, ""minimum_rank"": 5, ""solver_node_limit"": 5000000}, ""time_seconds"": 600}, ""checked_cases"": 0, ""checkpoint_created_at"": null, ""checkpoint_id"": null, ""checkpoint_sequence"": null, ""cursor"": null, ""frontier_provenance"": {""authoritative_problem_url"": ""https://www.openproblemgarden.org/op/rotas_basis_conjecture"", ""current_progress"": ""arXiv:2508.05601"", ""normalization"": ""rank-n matroid with n pairwise-disjoint labelled base copies"", ""status"": ""open_in_full_generality""}, ""latest_attempt_checked_cases"": 0, ""launch_index"": 2, ""outcome"": """", ""search_role"": ""independent_stratified_prime_field_vector_matroid_instances"", ""stage"": ""deep"", ""status"": ""queued"", ""stop_reason"": """", ""strategy_id"": ""multistart"", ""task_id"": ""batch-task-47d5a4ef104f3d11ed0a1d9cd081bac4a3396049"", ""updated_at"": ""2026-07-28T00:28:19.278955Z""}]"
unsolvedmath-kou-21.89,Kourovka Notebook Problem 21.89,group_theory,queued,False,approved,full_claim,"The full partition-divisibility predicate is checked, but nonfinding covers only n through the recorded bound.",not_required,,2026-07-28T00:28:19.293887Z,2,1,1,461,"[""bounded_screen"", ""same_enumerator_extended_bound""]","[{""coverage_basis"": ""executor_declared_extended_bounds"", ""deep_bounds"": {""max_cases"": 999961, ""max_n"": 1000000}, ""screen_bounds"": {""max_cases"": 461, ""max_n"": 500}, ""search_stream"": ""same_enumerator_extended_bound""}]","{""completed"": 1, ""queued"": 1}","{""deep"": {""queued"": 1}, ""screen"": {""completed"": 1}}","{""no_candidate"": 1}","[""bounded_scope_exhausted""]","[{""attempt_count"": 1, ""budget"": {""max_cases"": 461, ""memory_mb"": 1024, ""parameters"": {""max_n"": 500}, ""time_seconds"": 60}, ""checked_cases"": 461, ""checkpoint_created_at"": ""2026-07-27T11:11:11.359058Z"", ""checkpoint_id"": 41955, ""checkpoint_sequence"": 32, ""cursor"": {""bounded_scope_exhausted"": true, ""checked_cases"": 461, ""checked_cases_exact"": true, ""completed_budget"": {""max_cases"": 461, ""max_n"": 500, ""memory_mb"": 1024, ""time_seconds"": 60}, ""cursor_kind"": ""partition_n_block"", ""effective_strategy_id"": ""exact-small"", ""launch_seed"": 0, ""metrics"": {""blocks_completed"": 29, ""divisibility_method"": ""iterated_modular_product"", ""max_tested_n"": 500, ""min_tested_n"": 40, ""partition_method"": ""generalized_pentagonal_recurrence"", ""replay_seconds"": 5.3e-05, ""replayed_partition_terms"": 39}, ""next_n"": 501, ""phase"": ""complete"", ""problem_id"": ""unsolvedmath-kou-21.89"", ""resume"": {""checkpoint_received"": false, ""intra_bound_cursor_restored"": false, ""mode"": ""block_cursor"", ""note"": ""The next block cursor is durable; at most the active unfinished block is replayed.""}, ""search_completed"": true, ""strategy_id"": ""exact-small""}, ""frontier_provenance"": {}, ""latest_attempt_checked_cases"": 461, ""launch_index"": 0, ""outcome"": ""no_candidate"", ""search_role"": ""bounded_screen"", ""stage"": ""screen"", ""status"": ""completed"", ""stop_reason"": ""bounded_scope_exhausted"", ""strategy_id"": ""exact-small"", ""task_id"": ""batch-task-8202faacfd54965b47261a0039681b8613bb926e"", ""updated_at"": ""2026-07-28T00:28:19.286633Z""}, {""attempt_count"": 0, ""budget"": {""max_cases"": 999961, ""memory_mb"": 1024, ""parameters"": {""max_n"": 1000000}, ""time_seconds"": 600}, ""checked_cases"": 0, ""checkpoint_created_at"": null, ""checkpoint_id"": null, ""checkpoint_sequence"": null, ""cursor"": null, ""frontier_provenance"": {""coverage_basis"": ""executor_declared_extended_bounds"", ""deep_bounds"": {""max_cases"": 999961, ""max_n"": 1000000}, ""screen_bounds"": {""max_cases"": 461, ""max_n"": 500}, ""search_stream"": ""same_enumerator_extended_bound""}, ""latest_attempt_checked_cases"": 0, ""launch_index"": 0, ""outcome"": """", ""search_role"": ""same_enumerator_extended_bound"", ""stage"": ""deep"", ""status"": ""queued"", ""stop_reason"": """", ""strategy_id"": ""partition-recurrence"", ""task_id"": ""batch-task-aaa3f5f6e6adb8695f43fb9f123f5cce35bb1aaa"", ""updated_at"": ""2026-07-28T00:28:19.293887Z""}]"
unsolvedmath-opg-55810,Are all Fermat Numbers square-free?,number_theory,queued,False,approved,full_claim,"The model encodes the full claim, but nonfinding covers only the recorded finite bounds.",not_required,,2026-07-28T00:28:19.309079Z,2,0,0,0,"[""bounded_screen"", ""same_enumerator_extended_bound""]","[{""coverage_basis"": ""executor_declared_extended_bounds"", ""deep_bounds"": {""max_cases"": 100000000, ""max_factor"": 10000000, ""max_index"": 48}, ""screen_bounds"": {""max_cases"": 10000, ""max_factor"": 1000, ""max_index"": 6}, ""search_stream"": ""same_enumerator_extended_bound""}]","{""parked"": 1, ""queued"": 1}","{""deep"": {""parked"": 1}, ""screen"": {""queued"": 1}}",{},[],"[{""attempt_count"": 0, ""budget"": {""max_cases"": 10000, ""memory_mb"": 1024, ""parameters"": {""max_factor"": 1000, ""max_index"": 6}, ""time_seconds"": 60}, ""checked_cases"": 0, ""checkpoint_created_at"": null, ""checkpoint_id"": null, ""checkpoint_sequence"": null, ""cursor"": null, ""frontier_provenance"": {}, ""latest_attempt_checked_cases"": 0, ""launch_index"": 0, ""outcome"": """", ""search_role"": ""bounded_screen"", ""stage"": ""screen"", ""status"": ""queued"", ""stop_reason"": """", ""strategy_id"": ""exact-small"", ""task_id"": ""batch-task-aa83d96f3947ad1095ad4598a72182fb83830282"", ""updated_at"": ""2026-07-28T00:28:19.301399Z""}, {""attempt_count"": 0, ""budget"": {""max_cases"": 100000000, ""memory_mb"": 1024, ""parameters"": {""max_factor"": 10000000, ""max_index"": 48}, ""time_seconds"": 600}, ""checked_cases"": 0, ""checkpoint_created_at"": null, ""checkpoint_id"": null, ""checkpoint_sequence"": null, ""cursor"": null, ""frontier_provenance"": {""coverage_basis"": ""executor_declared_extended_bounds"", ""deep_bounds"": {""max_cases"": 100000000, ""max_factor"": 10000000, ""max_index"": 48}, ""screen_bounds"": {""max_cases"": 10000, ""max_factor"": 1000, ""max_index"": 6}, ""search_stream"": ""same_enumerator_extended_bound""}, ""latest_attempt_checked_cases"": 0, ""launch_index"": 0, ""outcome"": """", ""search_role"": ""same_enumerator_extended_bound"", ""stage"": ""deep"", ""status"": ""parked"", ""stop_reason"": """", ""strategy_id"": ""square-factor-sieve"", ""task_id"": ""batch-task-cbd62ede797a583c7d213fa3c7ee21d5ed5be4d9"", ""updated_at"": ""2026-07-28T00:28:19.309079Z""}]"
unsolvedmath-opg-59976,Are all Mersenne Numbers with prime exponent square-free?,number_theory,queued,False,approved,full_claim,"The model encodes the full claim, but nonfinding covers only the recorded finite bounds.",not_required,,2026-07-28T00:28:19.324825Z,2,0,0,0,"[""bounded_screen"", ""same_enumerator_extended_bound""]","[{""coverage_basis"": ""executor_declared_extended_bounds"", ""deep_bounds"": {""max_cases"": 100000000, ""max_exponent"": 10000000, ""max_factor"": 10000000}, ""screen_bounds"": {""max_cases"": 10000, ""max_exponent"": 100, ""max_factor"": 1000}, ""search_stream"": ""same_enumerator_extended_bound""}]","{""parked"": 1, ""queued"": 1}","{""deep"": {""parked"": 1}, ""screen"": {""queued"": 1}}",{},[],"[{""attempt_count"": 0, ""budget"": {""max_cases"": 10000, ""memory_mb"": 1024, ""parameters"": {""max_exponent"": 100, ""max_factor"": 1000}, ""time_seconds"": 60}, ""checked_cases"": 0, ""checkpoint_created_at"": null, ""checkpoint_id"": null, ""checkpoint_sequence"": null, ""cursor"": null, ""frontier_provenance"": {}, ""latest_attempt_checked_cases"": 0, ""launch_index"": 0, ""outcome"": """", ""search_role"": ""bounded_screen"", ""stage"": ""screen"", ""status"": ""queued"", ""stop_reason"": """", ""strategy_id"": ""exact-small"", ""task_id"": ""batch-task-a2a7c702a834006ad05aef4cdebadd5034b12078"", ""updated_at"": ""2026-07-28T00:28:19.316790Z""}, {""attempt_count"": 0, ""budget"": {""max_cases"": 100000000, ""memory_mb"": 1024, ""parameters"": {""max_exponent"": 10000000, ""max_factor"": 10000000}, ""time_seconds"": 600}, ""checked_cases"": 0, ""checkpoint_created_at"": null, ""checkpoint_id"": null, ""checkpoint_sequence"": null, ""cursor"": null, ""frontier_provenance"": {""coverage_basis"": ""executor_declared_extended_bounds"", ""deep_bounds"": {""max_cases"": 100000000, ""max_exponent"": 10000000, ""max_factor"": 10000000}, ""screen_bounds"": {""max_cases"": 10000, ""max_exponent"": 100, ""max_factor"": 1000}, ""search_stream"": ""same_enumerator_extended_bound""}, ""latest_attempt_checked_cases"": 0, ""launch_index"": 0, ""outcome"": """", ""search_role"": ""same_enumerator_extended_bound"", ""stage"": ""deep"", ""status"": ""parked"", ""stop_reason"": """", ""strategy_id"": ""square-factor-sieve"", ""task_id"": ""batch-task-e4be9c63a89c82ba464109d130a56aab56c0f607"", ""updated_at"": ""2026-07-28T00:28:19.324825Z""}]"
unsolvedmath-opg-822,Wall-Sun-Sun primes and Fibonacci divisibility,number_theory,queued,False,approved,full_claim,"The model encodes the full claim, but nonfinding covers only the recorded finite bounds.",not_required,,2026-07-28T00:28:19.339428Z,2,0,0,0,"[""bounded_screen"", ""post_frontier_prime_stream""]","[{""deep_starts_above"": 200000000000000000, ""known_lower_bound"": 146000000000000000, ""status"": ""post_known_computational_range""}]","{""parked"": 1, ""queued"": 1}","{""deep"": {""parked"": 1}, ""screen"": {""queued"": 1}}",{},[],"[{""attempt_count"": 0, ""budget"": {""max_cases"": 500, ""memory_mb"": 1024, ""parameters"": {""max_prime"": 1000}, ""time_seconds"": 60}, ""checked_cases"": 0, ""checkpoint_created_at"": null, ""checkpoint_id"": null, ""checkpoint_sequence"": null, ""cursor"": null, ""frontier_provenance"": {}, ""latest_attempt_checked_cases"": 0, ""launch_index"": 0, ""outcome"": """", ""search_role"": ""bounded_screen"", ""stage"": ""screen"", ""status"": ""queued"", ""stop_reason"": """", ""strategy_id"": ""exact-small"", ""task_id"": ""batch-task-72d28e193104d9ef43aaf0a643bb5759163dfd93"", ""updated_at"": ""2026-07-28T00:28:19.331929Z""}, {""attempt_count"": 0, ""budget"": {""max_cases"": 100000000, ""memory_mb"": 1024, ""parameters"": {""checkpoint_block_size"": 128, ""known_computational_lower_bound"": 146000000000000000, ""max_prime"": 100000000000000000000, ""start_prime"": 200000000000000003}, ""time_seconds"": 600}, ""checked_cases"": 0, ""checkpoint_created_at"": null, ""checkpoint_id"": null, ""checkpoint_sequence"": null, ""cursor"": null, ""frontier_provenance"": {""deep_starts_above"": 200000000000000000, ""known_lower_bound"": 146000000000000000, ""status"": ""post_known_computational_range""}, ""latest_attempt_checked_cases"": 0, ""launch_index"": 0, ""outcome"": """", ""search_role"": ""post_frontier_prime_stream"", ""stage"": ""deep"", ""status"": ""parked"", ""stop_reason"": """", ""strategy_id"": ""post-frontier-prime-stream"", ""task_id"": ""batch-task-1db382e1eddfda7f3273d73965ec0abd1b6d2ff0"", ""updated_at"": ""2026-07-28T00:28:19.339428Z""}]"
unsolvedmath-nt-035,Lehmer's Totient Problem,number_theory,queued,False,approved,full_claim,"The model encodes the full claim, but nonfinding covers only the recorded finite bounds.",not_required,,2026-07-28T00:28:19.354043Z,2,0,0,0,"[""bounded_screen"", ""post_frontier_korselt_subset_stream""]","[{""minimum_distinct_prime_factors"": 15, ""minimum_n_exclusive"": 1000000000000000000000000000000, ""source"": ""EMS 2024, DOI 10.4171/EM/492"", ""status"": ""necessary_conditions_enforced""}]","{""parked"": 1, ""queued"": 1}","{""deep"": {""parked"": 1}, ""screen"": {""queued"": 1}}",{},[],"[{""attempt_count"": 0, ""budget"": {""max_cases"": 1000, ""memory_mb"": 1024, ""parameters"": {""max_n"": 1000}, ""time_seconds"": 60}, ""checked_cases"": 0, ""checkpoint_created_at"": null, ""checkpoint_id"": null, ""checkpoint_sequence"": null, ""cursor"": null, ""frontier_provenance"": {}, ""latest_attempt_checked_cases"": 0, ""launch_index"": 0, ""outcome"": """", ""search_role"": ""bounded_screen"", ""stage"": ""screen"", ""status"": ""queued"", ""stop_reason"": """", ""strategy_id"": ""exact-small"", ""task_id"": ""batch-task-8be3d150bee60e8e9327f7ccb41800dc7f34048b"", ""updated_at"": ""2026-07-28T00:28:19.346836Z""}, {""attempt_count"": 0, ""budget"": {""max_cases"": 10000000, ""memory_mb"": 1024, ""parameters"": {""minimum_n"": 1000000000000000000000000000001, ""minimum_prime_factors"": 15, ""subset_block_size"": 256}, ""time_seconds"": 600}, ""checked_cases"": 0, ""checkpoint_created_at"": null, ""checkpoint_id"": null, ""checkpoint_sequence"": null, ""cursor"": null, ""frontier_provenance"": {""minimum_distinct_prime_factors"": 15, ""minimum_n_exclusive"": 1000000000000000000000000000000, ""source"": ""EMS 2024, DOI 10.4171/EM/492"", ""status"": ""necessary_conditions_enforced""}, ""latest_attempt_checked_cases"": 0, ""launch_index"": 0, ""outcome"": """", ""search_role"": ""post_frontier_korselt_subset_stream"", ""stage"": ""deep"", ""status"": ""parked"", ""stop_reason"": """", ""strategy_id"": ""structural-post-frontier"", ""task_id"": ""batch-task-446c520dfcf0c50efaae8f36ad2ccbd19ebb64cb"", ""updated_at"": ""2026-07-28T00:28:19.354043Z""}]"
unsolvedmath-nt-059,Lemoine's Conjecture,number_theory,queued,False,approved,full_claim,"The model encodes the full claim, but nonfinding covers only the recorded finite bounds.",not_required,,2026-07-28T00:28:19.367737Z,2,0,0,0,"[""bounded_screen"", ""same_enumerator_extended_bound""]","[{""coverage_basis"": ""executor_declared_extended_bounds"", ""deep_bounds"": {""max_cases"": 50000000, ""max_n"": 100000000, ""n_block_size"": 64}, ""screen_bounds"": {""max_cases"": 500, ""max_n"": 1000}, ""search_stream"": ""same_enumerator_extended_bound""}]","{""parked"": 1, ""queued"": 1}","{""deep"": {""parked"": 1}, ""screen"": {""queued"": 1}}",{},[],"[{""attempt_count"": 0, ""budget"": {""max_cases"": 500, ""memory_mb"": 1024, ""parameters"": {""max_n"": 1000}, ""time_seconds"": 60}, ""checked_cases"": 0, ""checkpoint_created_at"": null, ""checkpoint_id"": null, ""checkpoint_sequence"": null, ""cursor"": null, ""frontier_provenance"": {}, ""latest_attempt_checked_cases"": 0, ""launch_index"": 0, ""outcome"": """", ""search_role"": ""bounded_screen"", ""stage"": ""screen"", ""status"": ""queued"", ""stop_reason"": """", ""strategy_id"": ""exact-small"", ""task_id"": ""batch-task-668e7d24df4d7fd971e46d5e04571faadc0981cc"", ""updated_at"": ""2026-07-28T00:28:19.360877Z""}, {""attempt_count"": 0, ""budget"": {""max_cases"": 50000000, ""memory_mb"": 1024, ""parameters"": {""max_n"": 100000000, ""n_block_size"": 64}, ""time_seconds"": 600}, ""checked_cases"": 0, ""checkpoint_created_at"": null, ""checkpoint_id"": null, ""checkpoint_sequence"": null, ""cursor"": null, ""frontier_provenance"": {""coverage_basis"": ""executor_declared_extended_bounds"", ""deep_bounds"": {""max_cases"": 50000000, ""max_n"": 100000000, ""n_block_size"": 64}, ""screen_bounds"": {""max_cases"": 500, ""max_n"": 1000}, ""search_stream"": ""same_enumerator_extended_bound""}, ""latest_attempt_checked_cases"": 0, ""launch_index"": 0, ""outcome"": """", ""search_role"": ""same_enumerator_extended_bound"", ""stage"": ""deep"", ""status"": ""parked"", ""stop_reason"": """", ""strategy_id"": ""segmented-primes"", ""task_id"": ""batch-task-f10853a796e0ca91a2b7f3607bd147197d3d565f"", ""updated_at"": ""2026-07-28T00:28:19.367737Z""}]"
unsolvedmath-geo-025,Kalai's $3^d$ Conjecture,geometry,queued,False,approved,restricted_family,"A witness in either executable family refutes the full conjecture; nonfinding covers only the named d<=4 cube/cross-polytope screen and the recorded deep sign-vector conv(+-v_i), v_i in {+-1}^d, strata.",not_required,,2026-07-28T00:28:19.410159Z,4,0,0,0,"[""bounded_screen"", ""exact_non_simple_non_simplicial_sign_vector_cube_subpolytope_strata""]","[{""convention"": ""all nonempty faces including P, excluding the empty face"", ""known_dimensions"": ""d <= 4"", ""open_dimensions"": ""d >= 5"", ""sources"": [""arXiv:2308.02909"", ""arXiv:0708.3661""], ""status"": ""open_beyond_dimension_four""}]","{""parked"": 3, ""queued"": 1}","{""deep"": {""parked"": 3}, ""screen"": {""queued"": 1}}",{},[],"[{""attempt_count"": 0, ""budget"": {""max_cases"": 100, ""memory_mb"": 1024, ""parameters"": {""max_antipodal_pairs"": 7, ""max_dimension"": 4}, ""time_seconds"": 60}, ""checked_cases"": 0, ""checkpoint_created_at"": null, ""checkpoint_id"": null, ""checkpoint_sequence"": null, ""cursor"": null, ""frontier_provenance"": {}, ""latest_attempt_checked_cases"": 0, ""launch_index"": 0, ""outcome"": """", ""search_role"": ""bounded_screen"", ""stage"": ""screen"", ""status"": ""queued"", ""stop_reason"": """", ""strategy_id"": ""exact-small"", ""task_id"": ""batch-task-0026bb2734534c42378a708874817599846020a1"", ""updated_at"": ""2026-07-28T00:28:19.380497Z""}, {""attempt_count"": 0, ""budget"": {""max_cases"": 1000000, ""memory_mb"": 1024, ""parameters"": {""max_antipodal_pairs"": 12, ""max_dimension"": 7, ""max_facet_subsets"": 2000000, ""minimum_dimension"": 5}, ""time_seconds"": 600}, ""checked_cases"": 0, ""checkpoint_created_at"": null, ""checkpoint_id"": null, ""checkpoint_sequence"": null, ""cursor"": null, ""frontier_provenance"": {""convention"": ""all nonempty faces including P, excluding the empty face"", ""known_dimensions"": ""d <= 4"", ""open_dimensions"": ""d >= 5"", ""sources"": [""arXiv:2308.02909"", ""arXiv:0708.3661""], ""status"": ""open_beyond_dimension_four""}, ""latest_attempt_checked_cases"": 0, ""launch_index"": 0, ""outcome"": """", ""search_role"": ""exact_non_simple_non_simplicial_sign_vector_cube_subpolytope_strata"", ""stage"": ""deep"", ""status"": ""parked"", ""stop_reason"": """", ""strategy_id"": ""multistart"", ""task_id"": ""batch-task-df4114c3f5af9d434dc312f766f7e0953a5f25d7"", ""updated_at"": ""2026-07-28T00:28:19.394876Z""}, {""attempt_count"": 0, ""budget"": {""max_cases"": 1000000, ""memory_mb"": 1024, ""parameters"": {""max_antipodal_pairs"": 12, ""max_dimension"": 7, ""max_facet_subsets"": 2000000, ""minimum_dimension"": 5}, ""time_seconds"": 600}, ""checked_cases"": 0, ""checkpoint_created_at"": null, ""checkpoint_id"": null, ""checkpoint_sequence"": null, ""cursor"": null, ""frontier_provenance"": {""convention"": ""all nonempty faces including P, excluding the empty face"", ""known_dimensions"": ""d <= 4"", ""open_dimensions"": ""d >= 5"", ""sources"": [""arXiv:2308.02909"", ""arXiv:0708.3661""], ""status"": ""open_beyond_dimension_four""}, ""latest_attempt_checked_cases"": 0, ""launch_index"": 1, ""outcome"": """", ""search_role"": ""exact_non_simple_non_simplicial_sign_vector_cube_subpolytope_strata"", ""stage"": ""deep"", ""status"": ""parked"", ""stop_reason"": """", ""strategy_id"": ""multistart"", ""task_id"": ""batch-task-87c9ad23296c7b9faae72f3a533a71e3c9305106"", ""updated_at"": ""2026-07-28T00:28:19.402368Z""}, {""attempt_count"": 0, ""budget"": {""max_cases"": 1000000, ""memory_mb"": 1024, ""parameters"": {""max_antipodal_pairs"": 12, ""max_dimension"": 7, ""max_facet_subsets"": 2000000, ""minimum_dimension"": 5}, ""time_seconds"": 600}, ""checked_cases"": 0, ""checkpoint_created_at"": null, ""checkpoint_id"": null, ""checkpoint_sequence"": null, ""cursor"": null, ""frontier_provenance"": {""convention"": ""all nonempty faces including P, excluding the empty face"", ""known_dimensions"": ""d <= 4"", ""open_dimensions"": ""d >= 5"", ""sources"": [""arXiv:2308.02909"", ""arXiv:0708.3661""], ""status"": ""open_beyond_dimension_four""}, ""latest_attempt_checked_cases"": 0, ""launch_index"": 2, ""outcome"": """", ""search_role"": ""exact_non_simple_non_simplicial_sign_vector_cube_subpolytope_strata"", ""stage"": ""deep"", ""status"": ""parked"", ""stop_reason"": """", ""strategy_id"": ""multistart"", ""task_id"": ""batch-task-3d2e2d95a0c352471bc641c34faad977985c3ce0"", ""updated_at"": ""2026-07-28T00:28:19.410159Z""}]"
unsolvedmath-opg-37404,Sum of prime and semiprime conjecture,number_theory,queued,False,approved,full_claim,"The model encodes the full claim, but nonfinding covers only the recorded finite bounds.",not_required,,2026-07-28T00:28:19.425695Z,2,0,0,0,"[""bounded_screen"", ""same_enumerator_extended_bound""]","[{""coverage_basis"": ""executor_declared_extended_bounds"", ""deep_bounds"": {""max_cases"": 50000000, ""max_n"": 100000000, ""n_block_size"": 64}, ""screen_bounds"": {""max_cases"": 500, ""max_n"": 1000}, ""search_stream"": ""same_enumerator_extended_bound""}]","{""parked"": 1, ""queued"": 1}","{""deep"": {""parked"": 1}, ""screen"": {""queued"": 1}}",{},[],"[{""attempt_count"": 0, ""budget"": {""max_cases"": 500, ""memory_mb"": 1024, ""parameters"": {""max_n"": 1000}, ""time_seconds"": 60}, ""checked_cases"": 0, ""checkpoint_created_at"": null, ""checkpoint_id"": null, ""checkpoint_sequence"": null, ""cursor"": null, ""frontier_provenance"": {}, ""latest_attempt_checked_cases"": 0, ""launch_index"": 0, ""outcome"": """", ""search_role"": ""bounded_screen"", ""stage"": ""screen"", ""status"": ""queued"", ""stop_reason"": """", ""strategy_id"": ""exact-small"", ""task_id"": ""batch-task-46f7e0b8af57dff1a25e7cc1ecde533a44bd5e15"", ""updated_at"": ""2026-07-28T00:28:19.418047Z""}, {""attempt_count"": 0, ""budget"": {""max_cases"": 50000000, ""memory_mb"": 1024, ""parameters"": {""max_n"": 100000000, ""n_block_size"": 64}, ""time_seconds"": 600}, ""checked_cases"": 0, ""checkpoint_created_at"": null, ""checkpoint_id"": null, ""checkpoint_sequence"": null, ""cursor"": null, ""frontier_provenance"": {""coverage_basis"": ""executor_declared_extended_bounds"", ""deep_bounds"": {""max_cases"": 50000000, ""max_n"": 100000000, ""n_block_size"": 64}, ""screen_bounds"": {""max_cases"": 500, ""max_n"": 1000}, ""search_stream"": ""same_enumerator_extended_bound""}, ""latest_attempt_checked_cases"": 0, ""launch_index"": 0, ""outcome"": """", ""search_role"": ""same_enumerator_extended_bound"", ""stage"": ""deep"", ""status"": ""parked"", ""stop_reason"": """", ""strategy_id"": ""segmented-primes"", ""task_id"": ""batch-task-825f8eaf46bb80b759e02524046e7d85aed3508b"", ""updated_at"": ""2026-07-28T00:28:19.425695Z""}]"
unsolvedmath-opg-791,Quartic rationally derived polynomials,number_theory,queued,False,approved,restricted_family,The search covers monic quartics with four distinct integer roots only.,not_required,,2026-07-28T00:28:19.440515Z,2,0,0,0,"[""affine_normalized_root_shape_strata"", ""bounded_screen""]","[{""coverage_basis"": ""executor_declared_extended_bounds"", ""deep_bounds"": {""max_cases"": 100000000, ""root_height"": 10000}, ""screen_bounds"": {""max_cases"": 1000, ""root_height"": 4}, ""search_stream"": ""affine_normalized_root_shape_strata""}]","{""parked"": 1, ""queued"": 1}","{""deep"": {""parked"": 1}, ""screen"": {""queued"": 1}}",{},[],"[{""attempt_count"": 0, ""budget"": {""max_cases"": 1000, ""memory_mb"": 1024, ""parameters"": {""root_height"": 4}, ""time_seconds"": 60}, ""checked_cases"": 0, ""checkpoint_created_at"": null, ""checkpoint_id"": null, ""checkpoint_sequence"": null, ""cursor"": null, ""frontier_provenance"": {}, ""latest_attempt_checked_cases"": 0, ""launch_index"": 0, ""outcome"": """", ""search_role"": ""bounded_screen"", ""stage"": ""screen"", ""status"": ""queued"", ""stop_reason"": """", ""strategy_id"": ""exact-small"", ""task_id"": ""batch-task-68f6b26a1562aac115467119d8664b4ca2458851"", ""updated_at"": ""2026-07-28T00:28:19.433216Z""}, {""attempt_count"": 0, ""budget"": {""max_cases"": 100000000, ""memory_mb"": 1024, ""parameters"": {""root_height"": 10000}, ""time_seconds"": 600}, ""checked_cases"": 0, ""checkpoint_created_at"": null, ""checkpoint_id"": null, ""checkpoint_sequence"": null, ""cursor"": null, ""frontier_provenance"": {""coverage_basis"": ""executor_declared_extended_bounds"", ""deep_bounds"": {""max_cases"": 100000000, ""root_height"": 10000}, ""screen_bounds"": {""max_cases"": 1000, ""root_height"": 4}, ""search_stream"": ""affine_normalized_root_shape_strata""}, ""latest_attempt_checked_cases"": 0, ""launch_index"": 0, ""outcome"": """", ""search_role"": ""affine_normalized_root_shape_strata"", ""stage"": ""deep"", ""status"": ""parked"", ""stop_reason"": """", ""strategy_id"": ""integer-root-targeted"", ""task_id"": ""batch-task-7b972a3f138e15af82ebe9c6f06570d9b5dfd519"", ""updated_at"": ""2026-07-28T00:28:19.440515Z""}]"
unsolvedmath-opg-563,Davenport's constant,number_theory,queued,False,approved,full_claim,"The model encodes the full claim, but nonfinding covers only the recorded finite bounds.",not_required,,2026-07-28T00:28:19.469292Z,4,0,0,0,"[""bounded_screen"", ""critical_zero_sum_free_prefix_mutation""]","[{""coverage_basis"": ""executor_declared_extended_bounds"", ""deep_bounds"": {""max_cases"": 10000000, ""max_dimension"": 8, ""max_n"": 15, ""memory_mb"": 1024}, ""screen_bounds"": {""max_cases"": 1000, ""max_dimension"": 2, ""max_n"": 2}, ""search_stream"": ""critical_zero_sum_free_prefix_mutation""}]","{""parked"": 3, ""queued"": 1}","{""deep"": {""parked"": 3}, ""screen"": {""queued"": 1}}",{},[],"[{""attempt_count"": 0, ""budget"": {""max_cases"": 1000, ""memory_mb"": 1024, ""parameters"": {""max_dimension"": 2, ""max_n"": 2}, ""time_seconds"": 60}, ""checked_cases"": 0, ""checkpoint_created_at"": null, ""checkpoint_id"": null, ""checkpoint_sequence"": null, ""cursor"": null, ""frontier_provenance"": {}, ""latest_attempt_checked_cases"": 0, ""launch_index"": 0, ""outcome"": """", ""search_role"": ""bounded_screen"", ""stage"": ""screen"", ""status"": ""queued"", ""stop_reason"": """", ""strategy_id"": ""exact-small"", ""task_id"": ""batch-task-67cd1cd22328c5654193e9eefb1d4a05e6b1af69"", ""updated_at"": ""2026-07-28T00:28:19.447726Z""}, {""attempt_count"": 0, ""budget"": {""max_cases"": 10000000, ""memory_mb"": 1024, ""parameters"": {""max_dimension"": 8, ""max_n"": 15, ""memory_mb"": 1024}, ""time_seconds"": 600}, ""checked_cases"": 0, ""checkpoint_created_at"": null, ""checkpoint_id"": null, ""checkpoint_sequence"": null, ""cursor"": null, ""frontier_provenance"": {""coverage_basis"": ""executor_declared_extended_bounds"", ""deep_bounds"": {""max_cases"": 10000000, ""max_dimension"": 8, ""max_n"": 15, ""memory_mb"": 1024}, ""screen_bounds"": {""max_cases"": 1000, ""max_dimension"": 2, ""max_n"": 2}, ""search_stream"": ""critical_zero_sum_free_prefix_mutation""}, ""latest_attempt_checked_cases"": 0, ""launch_index"": 0, ""outcome"": """", ""search_role"": ""critical_zero_sum_free_prefix_mutation"", ""stage"": ""deep"", ""status"": ""parked"", ""stop_reason"": """", ""strategy_id"": ""multistart"", ""task_id"": ""batch-task-610e720e311babd5fbb5fd855abb4eb3249e2535"", ""updated_at"": ""2026-07-28T00:28:19.454644Z""}, {""attempt_count"": 0, ""budget"": {""max_cases"": 10000000, ""memory_mb"": 1024, ""parameters"": {""max_dimension"": 8, ""max_n"": 15, ""memory_mb"": 1024}, ""time_seconds"": 600}, ""checked_cases"": 0, ""checkpoint_created_at"": null, ""checkpoint_id"": null, ""checkpoint_sequence"": null, ""cursor"": null, ""frontier_provenance"": {""coverage_basis"": ""executor_declared_extended_bounds"", ""deep_bounds"": {""max_cases"": 10000000, ""max_dimension"": 8, ""max_n"": 15, ""memory_mb"": 1024}, ""screen_bounds"": {""max_cases"": 1000, ""max_dimension"": 2, ""max_n"": 2}, ""search_stream"": ""critical_zero_sum_free_prefix_mutation""}, ""latest_attempt_checked_cases"": 0, ""launch_index"": 1, ""outcome"": """", ""search_role"": ""critical_zero_sum_free_prefix_mutation"", ""stage"": ""deep"", ""status"": ""parked"", ""stop_reason"": """", ""strategy_id"": ""multistart"", ""task_id"": ""batch-task-f1e0e6797e5ccbd552501c71105de078ce3cc084"", ""updated_at"": ""2026-07-28T00:28:19.461795Z""}, {""attempt_count"": 0, ""budget"": {""max_cases"": 10000000, ""memory_mb"": 1024, ""parameters"": {""max_dimension"": 8, ""max_n"": 15, ""memory_mb"": 1024}, ""time_seconds"": 600}, ""checked_cases"": 0, ""checkpoint_created_at"": null, ""checkpoint_id"": null, ""checkpoint_sequence"": null, ""cursor"": null, ""frontier_provenance"": {""coverage_basis"": ""executor_declared_extended_bounds"", ""deep_bounds"": {""max_cases"": 10000000, ""max_dimension"": 8, ""max_n"": 15, ""memory_mb"": 1024}, ""screen_bounds"": {""max_cases"": 1000, ""max_dimension"": 2, ""max_n"": 2}, ""search_stream"": ""critical_zero_sum_free_prefix_mutation""}, ""latest_attempt_checked_cases"": 0, ""launch_index"": 2, ""outcome"": """", ""search_role"": ""critical_zero_sum_free_prefix_mutation"", ""stage"": ""deep"", ""status"": ""parked"", ""stop_reason"": """", ""strategy_id"": ""multistart"", ""task_id"": ""batch-task-26ad697d447f8a6c9ff76579eff1e7418573dff2"", ""updated_at"": ""2026-07-28T00:28:19.469292Z""}]"
unsolvedmath-hl-b,Hardy-Littlewood Conjecture B (Second Conjecture),number_theory,queued,False,approved,full_claim,"The model encodes the full claim, but nonfinding covers only the recorded finite bounds.",not_required,,2026-07-28T00:28:19.483891Z,2,0,0,0,"[""bounded_screen"", ""prime_dense_y_much_smaller_than_x_windows""]","[{""coverage_basis"": ""executor_declared_extended_bounds"", ""deep_bounds"": {""max_cases"": 100000000, ""max_xy"": 100000000, ""minimum_x_to_y_ratio"": 128}, ""screen_bounds"": {""max_cases"": 250000, ""max_xy"": 500}, ""search_stream"": ""prime_dense_y_much_smaller_than_x_windows""}]","{""parked"": 1, ""queued"": 1}","{""deep"": {""parked"": 1}, ""screen"": {""queued"": 1}}",{},[],"[{""attempt_count"": 0, ""budget"": {""max_cases"": 250000, ""memory_mb"": 1024, ""parameters"": {""max_xy"": 500}, ""time_seconds"": 60}, ""checked_cases"": 0, ""checkpoint_created_at"": null, ""checkpoint_id"": null, ""checkpoint_sequence"": null, ""cursor"": null, ""frontier_provenance"": {}, ""latest_attempt_checked_cases"": 0, ""launch_index"": 0, ""outcome"": """", ""search_role"": ""bounded_screen"", ""stage"": ""screen"", ""status"": ""queued"", ""stop_reason"": """", ""strategy_id"": ""exact-small"", ""task_id"": ""batch-task-1a9b3b01627c3e309d6457911e6c48d821a4debd"", ""updated_at"": ""2026-07-28T00:28:19.476459Z""}, {""attempt_count"": 0, ""budget"": {""max_cases"": 100000000, ""memory_mb"": 1024, ""parameters"": {""max_xy"": 100000000, ""minimum_x_to_y_ratio"": 128}, ""time_seconds"": 600}, ""checked_cases"": 0, ""checkpoint_created_at"": null, ""checkpoint_id"": null, ""checkpoint_sequence"": null, ""cursor"": null, ""frontier_provenance"": {""coverage_basis"": ""executor_declared_extended_bounds"", ""deep_bounds"": {""max_cases"": 100000000, ""max_xy"": 100000000, ""minimum_x_to_y_ratio"": 128}, ""screen_bounds"": {""max_cases"": 250000, ""max_xy"": 500}, ""search_stream"": ""prime_dense_y_much_smaller_than_x_windows""}, ""latest_attempt_checked_cases"": 0, ""launch_index"": 0, ""outcome"": """", ""search_role"": ""prime_dense_y_much_smaller_than_x_windows"", ""stage"": ""deep"", ""status"": ""parked"", ""stop_reason"": """", ""strategy_id"": ""gap-targeted"", ""task_id"": ""batch-task-ac76dd5bbaa51e341052e07d1c5eee395fef4e7b"", ""updated_at"": ""2026-07-28T00:28:19.483891Z""}]"
unsolvedmath-opg-416,Lonely runner conjecture,number_theory,queued,False,approved,restricted_family,The exact interval model covers distinct integer speed tuples only.,not_required,,2026-07-28T00:28:19.512885Z,4,0,0,0,"[""bounded_screen"", ""post_total_runner_13_canonical_speed_tuples""]","[{""deep_total_runner_counts"": [14, 15, 16], ""proved_through_total_runners"": 13, ""source"": ""arXiv:2604.23906"", ""status"": ""strictly_post_frontier""}]","{""parked"": 3, ""queued"": 1}","{""deep"": {""parked"": 3}, ""screen"": {""queued"": 1}}",{},[],"[{""attempt_count"": 0, ""budget"": {""max_cases"": 1000, ""memory_mb"": 1024, ""parameters"": {""max_runners"": 4, ""max_speed"": 6}, ""time_seconds"": 60}, ""checked_cases"": 0, ""checkpoint_created_at"": null, ""checkpoint_id"": null, ""checkpoint_sequence"": null, ""cursor"": null, ""frontier_provenance"": {}, ""latest_attempt_checked_cases"": 0, ""launch_index"": 0, ""outcome"": """", ""search_role"": ""bounded_screen"", ""stage"": ""screen"", ""status"": ""queued"", ""stop_reason"": """", ""strategy_id"": ""exact-small"", ""task_id"": ""batch-task-5ec0d267aa99d3b0e91cb0af9b60dbe53ea6b84f"", ""updated_at"": ""2026-07-28T00:28:19.491034Z""}, {""attempt_count"": 0, ""budget"": {""max_cases"": 10000000, ""memory_mb"": 1024, ""parameters"": {""max_runners"": 16, ""max_speed"": 1000, ""minimum_runners"": 14}, ""time_seconds"": 600}, ""checked_cases"": 0, ""checkpoint_created_at"": null, ""checkpoint_id"": null, ""checkpoint_sequence"": null, ""cursor"": null, ""frontier_provenance"": {""deep_total_runner_counts"": [14, 15, 16], ""proved_through_total_runners"": 13, ""source"": ""arXiv:2604.23906"", ""status"": ""strictly_post_frontier""}, ""latest_attempt_checked_cases"": 0, ""launch_index"": 0, ""outcome"": """", ""search_role"": ""post_total_runner_13_canonical_speed_tuples"", ""stage"": ""deep"", ""status"": ""parked"", ""stop_reason"": """", ""strategy_id"": ""multistart"", ""task_id"": ""batch-task-9199dbcfa8980ba29740c7370338fc489ca49098"", ""updated_at"": ""2026-07-28T00:28:19.497998Z""}, {""attempt_count"": 0, ""budget"": {""max_cases"": 10000000, ""memory_mb"": 1024, ""parameters"": {""max_runners"": 16, ""max_speed"": 1000, ""minimum_runners"": 14}, ""time_seconds"": 600}, ""checked_cases"": 0, ""checkpoint_created_at"": null, ""checkpoint_id"": null, ""checkpoint_sequence"": null, ""cursor"": null, ""frontier_provenance"": {""deep_total_runner_counts"": [14, 15, 16], ""proved_through_total_runners"": 13, ""source"": ""arXiv:2604.23906"", ""status"": ""strictly_post_frontier""}, ""latest_attempt_checked_cases"": 0, ""launch_index"": 1, ""outcome"": """", ""search_role"": ""post_total_runner_13_canonical_speed_tuples"", ""stage"": ""deep"", ""status"": ""parked"", ""stop_reason"": """", ""strategy_id"": ""multistart"", ""task_id"": ""batch-task-2c1f517ce575850300af02c6c9eda1ff52c27c91"", ""updated_at"": ""2026-07-28T00:28:19.505461Z""}, {""attempt_count"": 0, ""budget"": {""max_cases"": 10000000, ""memory_mb"": 1024, ""parameters"": {""max_runners"": 16, ""max_speed"": 1000, ""minimum_runners"": 14}, ""time_seconds"": 600}, ""checked_cases"": 0, ""checkpoint_created_at"": null, ""checkpoint_id"": null, ""checkpoint_sequence"": null, ""cursor"": null, ""frontier_provenance"": {""deep_total_runner_counts"": [14, 15, 16], ""proved_through_total_runners"": 13, ""source"": ""arXiv:2604.23906"", ""status"": ""strictly_post_frontier""}, ""latest_attempt_checked_cases"": 0, ""launch_index"": 2, ""outcome"": """", ""search_role"": ""post_total_runner_13_canonical_speed_tuples"", ""stage"": ""deep"", ""status"": ""parked"", ""stop_reason"": """", ""strategy_id"": ""multistart"", ""task_id"": ""batch-task-097eda7aa1161250426845e461a62fc18579b1f9"", ""updated_at"": ""2026-07-28T00:28:19.512885Z""}]"
unsolvedmath-opg-156,Few subsequence sums in Z_n x Z_n,number_theory,queued,False,approved,full_claim,"The model encodes the full claim, but nonfinding covers only the recorded finite bounds.",not_required,,2026-07-28T00:28:19.543260Z,4,0,0,0,"[""bounded_screen"", ""stratified_multistart""]","[{""coverage_basis"": ""executor_declared_extended_bounds"", ""deep_bounds"": {""max_cases"": 10000000, ""max_n"": 16}, ""screen_bounds"": {""max_cases"": 2000, ""max_n"": 3}, ""search_stream"": ""stratified_multistart""}]","{""parked"": 3, ""queued"": 1}","{""deep"": {""parked"": 3}, ""screen"": {""queued"": 1}}",{},[],"[{""attempt_count"": 0, ""budget"": {""max_cases"": 2000, ""memory_mb"": 1024, ""parameters"": {""max_n"": 3}, ""time_seconds"": 60}, ""checked_cases"": 0, ""checkpoint_created_at"": null, ""checkpoint_id"": null, ""checkpoint_sequence"": null, ""cursor"": null, ""frontier_provenance"": {}, ""latest_attempt_checked_cases"": 0, ""launch_index"": 0, ""outcome"": """", ""search_role"": ""bounded_screen"", ""stage"": ""screen"", ""status"": ""queued"", ""stop_reason"": """", ""strategy_id"": ""exact-small"", ""task_id"": ""batch-task-92533a4de425aa2265c12a0dfb8abeae6f61ddd3"", ""updated_at"": ""2026-07-28T00:28:19.520365Z""}, {""attempt_count"": 0, ""budget"": {""max_cases"": 10000000, ""memory_mb"": 1024, ""parameters"": {""max_n"": 16}, ""time_seconds"": 600}, ""checked_cases"": 0, ""checkpoint_created_at"": null, ""checkpoint_id"": null, ""checkpoint_sequence"": null, ""cursor"": null, ""frontier_provenance"": {""coverage_basis"": ""executor_declared_extended_bounds"", ""deep_bounds"": {""max_cases"": 10000000, ""max_n"": 16}, ""screen_bounds"": {""max_cases"": 2000, ""max_n"": 3}, ""search_stream"": ""stratified_multistart""}, ""latest_attempt_checked_cases"": 0, ""launch_index"": 0, ""outcome"": """", ""search_role"": ""stratified_multistart"", ""stage"": ""deep"", ""status"": ""parked"", ""stop_reason"": """", ""strategy_id"": ""multistart"", ""task_id"": ""batch-task-5b52203277a09a520a6fedadbfca50c323f9bec6"", ""updated_at"": ""2026-07-28T00:28:19.528073Z""}, {""attempt_count"": 0, ""budget"": {""max_cases"": 10000000, ""memory_mb"": 1024, ""parameters"": {""max_n"": 16}, ""time_seconds"": 600}, ""checked_cases"": 0, ""checkpoint_created_at"": null, ""checkpoint_id"": null, ""checkpoint_sequence"": null, ""cursor"": null, ""frontier_provenance"": {""coverage_basis"": ""executor_declared_extended_bounds"", ""deep_bounds"": {""max_cases"": 10000000, ""max_n"": 16}, ""screen_bounds"": {""max_cases"": 2000, ""max_n"": 3}, ""search_stream"": ""stratified_multistart""}, ""latest_attempt_checked_cases"": 0, ""launch_index"": 1, ""outcome"": """", ""search_role"": ""stratified_multistart"", ""stage"": ""deep"", ""status"": ""parked"", ""stop_reason"": """", ""strategy_id"": ""multistart"", ""task_id"": ""batch-task-444feb5844d2bed00523df4d3cd61428b1dbcd95"", ""updated_at"": ""2026-07-28T00:28:19.535617Z""}, {""attempt_count"": 0, ""budget"": {""max_cases"": 10000000, ""memory_mb"": 1024, ""parameters"": {""max_n"": 16}, ""time_seconds"": 600}, ""checked_cases"": 0, ""checkpoint_created_at"": null, ""checkpoint_id"": null, ""checkpoint_sequence"": null, ""cursor"": null, ""frontier_provenance"": {""coverage_basis"": ""executor_declared_extended_bounds"", ""deep_bounds"": {""max_cases"": 10000000, ""max_n"": 16}, ""screen_bounds"": {""max_cases"": 2000, ""max_n"": 3}, ""search_stream"": ""stratified_multistart""}, ""latest_attempt_checked_cases"": 0, ""launch_index"": 2, ""outcome"": """", ""search_role"": ""stratified_multistart"", ""stage"": ""deep"", ""status"": ""parked"", ""stop_reason"": """", ""strategy_id"": ""multistart"", ""task_id"": ""batch-task-3216b6515740cbeb2603ec4134fda8d4d4090ab9"", ""updated_at"": ""2026-07-28T00:28:19.543260Z""}]"
unsolvedmath-opg-60034,Singmaster's conjecture,number_theory,queued,False,approved,explicit_subclaim,"A multiplicity above eight refutes only the proposed bound eight, not finiteness of a larger bound.",not_required,,2026-07-28T00:28:19.558705Z,2,0,0,0,"[""bounded_screen"", ""same_enumerator_extended_bound""]","[{""coverage_basis"": ""executor_declared_extended_bounds"", ""deep_bounds"": {""max_cases"": 100000000, ""max_row"": 1000000}, ""screen_bounds"": {""max_cases"": 10000, ""max_row"": 100}, ""search_stream"": ""same_enumerator_extended_bound""}]","{""parked"": 1, ""queued"": 1}","{""deep"": {""parked"": 1}, ""screen"": {""queued"": 1}}",{},[],"[{""attempt_count"": 0, ""budget"": {""max_cases"": 10000, ""memory_mb"": 1024, ""parameters"": {""max_row"": 100}, ""time_seconds"": 60}, ""checked_cases"": 0, ""checkpoint_created_at"": null, ""checkpoint_id"": null, ""checkpoint_sequence"": null, ""cursor"": null, ""frontier_provenance"": {}, ""latest_attempt_checked_cases"": 0, ""launch_index"": 0, ""outcome"": """", ""search_role"": ""bounded_screen"", ""stage"": ""screen"", ""status"": ""queued"", ""stop_reason"": """", ""strategy_id"": ""exact-small"", ""task_id"": ""batch-task-ff92cafc6902b4fb8497309441a3437622ff9314"", ""updated_at"": ""2026-07-28T00:28:19.551102Z""}, {""attempt_count"": 0, ""budget"": {""max_cases"": 100000000, ""memory_mb"": 1024, ""parameters"": {""max_row"": 1000000}, ""time_seconds"": 600}, ""checked_cases"": 0, ""checkpoint_created_at"": null, ""checkpoint_id"": null, ""checkpoint_sequence"": null, ""cursor"": null, ""frontier_provenance"": {""coverage_basis"": ""executor_declared_extended_bounds"", ""deep_bounds"": {""max_cases"": 100000000, ""max_row"": 1000000}, ""screen_bounds"": {""max_cases"": 10000, ""max_row"": 100}, ""search_stream"": ""same_enumerator_extended_bound""}, ""latest_attempt_checked_cases"": 0, ""launch_index"": 0, ""outcome"": """", ""search_role"": ""same_enumerator_extended_bound"", ""stage"": ""deep"", ""status"": ""parked"", ""stop_reason"": """", ""strategy_id"": ""multiplicity-targeted"", ""task_id"": ""batch-task-33c9b02443f579e8f10ce04b618c3f9a88822a3a"", ""updated_at"": ""2026-07-28T00:28:19.558705Z""}]"
unsolvedmath-guy-a12a,Square Pseudoprimes,number_theory,queued,False,approved,witness_search,A positive square-pseudoprime witness answers the existence question; nonfinding cannot establish nonexistence beyond the recorded bound.,not_required,,2026-07-28T00:28:19.573520Z,2,0,0,0,"[""bounded_screen"", ""same_enumerator_extended_bound""]","[{""coverage_basis"": ""executor_declared_extended_bounds"", ""deep_bounds"": {""max_cases"": 100000000, ""max_root"": 100000000}, ""screen_bounds"": {""max_cases"": 1000, ""max_root"": 1000}, ""search_stream"": ""same_enumerator_extended_bound""}]","{""parked"": 1, ""queued"": 1}","{""deep"": {""parked"": 1}, ""screen"": {""queued"": 1}}",{},[],"[{""attempt_count"": 0, ""budget"": {""max_cases"": 1000, ""memory_mb"": 1024, ""parameters"": {""max_root"": 1000}, ""time_seconds"": 60}, ""checked_cases"": 0, ""checkpoint_created_at"": null, ""checkpoint_id"": null, ""checkpoint_sequence"": null, ""cursor"": null, ""frontier_provenance"": {}, ""latest_attempt_checked_cases"": 0, ""launch_index"": 0, ""outcome"": """", ""search_role"": ""bounded_screen"", ""stage"": ""screen"", ""status"": ""queued"", ""stop_reason"": """", ""strategy_id"": ""exact-small"", ""task_id"": ""batch-task-a28dc6792cf5ed7435d97e3988f265adc2420662"", ""updated_at"": ""2026-07-28T00:28:19.566410Z""}, {""attempt_count"": 0, ""budget"": {""max_cases"": 100000000, ""memory_mb"": 1024, ""parameters"": {""max_root"": 100000000}, ""time_seconds"": 600}, ""checked_cases"": 0, ""checkpoint_created_at"": null, ""checkpoint_id"": null, ""checkpoint_sequence"": null, ""cursor"": null, ""frontier_provenance"": {""coverage_basis"": ""executor_declared_extended_bounds"", ""deep_bounds"": {""max_cases"": 100000000, ""max_root"": 100000000}, ""screen_bounds"": {""max_cases"": 1000, ""max_root"": 1000}, ""search_stream"": ""same_enumerator_extended_bound""}, ""latest_attempt_checked_cases"": 0, ""launch_index"": 0, ""outcome"": """", ""search_role"": ""same_enumerator_extended_bound"", ""stage"": ""deep"", ""status"": ""parked"", ""stop_reason"": """", ""strategy_id"": ""square-targeted"", ""task_id"": ""batch-task-7fd8b76e18063effb0deb72feb53ccc9ce7eca9d"", ""updated_at"": ""2026-07-28T00:28:19.573520Z""}]"
unsolvedmath-opg-508,A sextic counterexample to Euler's sum of powers conjecture,number_theory,queued,False,approved,witness_search,"A witness settles the existence branch, while nonfinding cannot prove nonexistence.",not_required,,2026-07-28T00:28:19.587912Z,2,0,0,0,"[""bounded_screen"", ""random_partial_tuple_exact_root_completion""]","[{""coverage_basis"": ""executor_declared_extended_bounds"", ""deep_bounds"": {""max_base"": 100000, ""max_cases"": 100000000}, ""screen_bounds"": {""max_base"": 8, ""max_cases"": 10000}, ""search_stream"": ""random_partial_tuple_exact_root_completion""}]","{""parked"": 1, ""queued"": 1}","{""deep"": {""parked"": 1}, ""screen"": {""queued"": 1}}",{},[],"[{""attempt_count"": 0, ""budget"": {""max_cases"": 10000, ""memory_mb"": 1024, ""parameters"": {""max_base"": 8}, ""time_seconds"": 60}, ""checked_cases"": 0, ""checkpoint_created_at"": null, ""checkpoint_id"": null, ""checkpoint_sequence"": null, ""cursor"": null, ""frontier_provenance"": {}, ""latest_attempt_checked_cases"": 0, ""launch_index"": 0, ""outcome"": """", ""search_role"": ""bounded_screen"", ""stage"": ""screen"", ""status"": ""queued"", ""stop_reason"": """", ""strategy_id"": ""exact-small"", ""task_id"": ""batch-task-4249fabc673616e96bfbaf5c7be69d492ffcea6d"", ""updated_at"": ""2026-07-28T00:28:19.580651Z""}, {""attempt_count"": 0, ""budget"": {""max_cases"": 100000000, ""memory_mb"": 1024, ""parameters"": {""max_base"": 100000}, ""time_seconds"": 600}, ""checked_cases"": 0, ""checkpoint_created_at"": null, ""checkpoint_id"": null, ""checkpoint_sequence"": null, ""cursor"": null, ""frontier_provenance"": {""coverage_basis"": ""executor_declared_extended_bounds"", ""deep_bounds"": {""max_base"": 100000, ""max_cases"": 100000000}, ""screen_bounds"": {""max_base"": 8, ""max_cases"": 10000}, ""search_stream"": ""random_partial_tuple_exact_root_completion""}, ""latest_attempt_checked_cases"": 0, ""launch_index"": 0, ""outcome"": """", ""search_role"": ""random_partial_tuple_exact_root_completion"", ""stage"": ""deep"", ""status"": ""parked"", ""stop_reason"": """", ""strategy_id"": ""meet-in-the-middle"", ""task_id"": ""batch-task-07e9bb414f79b53cc521499ab0de02c0a68e0fd6"", ""updated_at"": ""2026-07-28T00:28:19.587912Z""}]"
unsolvedmath-opg-511,Counterexamples to the Baillie-PSW primality test,number_theory,queued,False,approved,witness_search,"Only Part (1), the Baillie-PSW counterexample search, is covered; Part (2) is excluded.",not_required,,2026-07-28T00:28:19.609499Z,3,0,0,0,"[""bounded_screen"", ""post_frontier_structural_families""]","[{""deep_region"": ""all tested integers are greater than 2^64"", ""excluded_other_part"": ""Part (2), the Fibonacci divisibility subproblem"", ""nonoverlap"": ""GUY-A12B executes Part (2); this executor only searches Baillie-PSW Part (1)"", ""part_number"": 1, ""screen_role"": ""published_range_replication_below_2^64""}]","{""parked"": 2, ""queued"": 1}","{""deep"": {""parked"": 2}, ""screen"": {""queued"": 1}}",{},[],"[{""attempt_count"": 0, ""budget"": {""max_cases"": 50000, ""memory_mb"": 1024, ""parameters"": {""max_n"": 100000, ""segment_size"": 4096, ""start_n"": 3}, ""time_seconds"": 60}, ""checked_cases"": 0, ""checkpoint_created_at"": null, ""checkpoint_id"": null, ""checkpoint_sequence"": null, ""cursor"": null, ""frontier_provenance"": {}, ""latest_attempt_checked_cases"": 0, ""launch_index"": 0, ""outcome"": """", ""search_role"": ""bounded_screen"", ""stage"": ""screen"", ""status"": ""queued"", ""stop_reason"": """", ""strategy_id"": ""exact-small"", ""task_id"": ""batch-task-ac8bf2d0ecfc1811ba4c82215cbf3881b497bba0"", ""updated_at"": ""2026-07-28T00:28:19.594851Z""}, {""attempt_count"": 0, ""budget"": {""max_cases"": 100000000, ""memory_mb"": 1024, ""parameters"": {""discovery_min_n"": 18446744073709551617, ""max_n"": 1000000000000000000000000000, ""remote_block_size"": 32, ""remote_layers"": 24, ""structure_block_size"": 256}, ""time_seconds"": 600}, ""checked_cases"": 0, ""checkpoint_created_at"": null, ""checkpoint_id"": null, ""checkpoint_sequence"": null, ""cursor"": null, ""frontier_provenance"": {""deep_region"": ""all tested integers are greater than 2^64"", ""excluded_other_part"": ""Part (2), the Fibonacci divisibility subproblem"", ""nonoverlap"": ""GUY-A12B executes Part (2); this executor only searches Baillie-PSW Part (1)"", ""part_number"": 1, ""screen_role"": ""published_range_replication_below_2^64""}, ""latest_attempt_checked_cases"": 0, ""launch_index"": 0, ""outcome"": """", ""search_role"": ""post_frontier_structural_families"", ""stage"": ""deep"", ""status"": ""parked"", ""stop_reason"": """", ""strategy_id"": ""chernick-korselt"", ""task_id"": ""batch-task-fe9702e38f180b67a8a54077d8cb7db7197385aa"", ""updated_at"": ""2026-07-28T00:28:19.602013Z""}, {""attempt_count"": 0, ""budget"": {""max_cases"": 100000000, ""memory_mb"": 1024, ""parameters"": {""discovery_min_n"": 18446744073709551617, ""max_n"": 1000000000000000000000000000, ""remote_block_size"": 32, ""remote_layers"": 24, ""structure_block_size"": 256}, ""time_seconds"": 600}, ""checked_cases"": 0, ""checkpoint_created_at"": null, ""checkpoint_id"": null, ""checkpoint_sequence"": null, ""cursor"": null, ""frontier_provenance"": {""deep_region"": ""all tested integers are greater than 2^64"", ""excluded_other_part"": ""Part (2), the Fibonacci divisibility subproblem"", ""nonoverlap"": ""GUY-A12B executes Part (2); this executor only searches Baillie-PSW Part (1)"", ""part_number"": 1, ""screen_role"": ""published_range_replication_below_2^64""}, ""latest_attempt_checked_cases"": 0, ""launch_index"": 0, ""outcome"": """", ""search_role"": ""post_frontier_structural_families"", ""stage"": ""deep"", ""status"": ""parked"", ""stop_reason"": """", ""strategy_id"": ""remote-factor-layers"", ""task_id"": ""batch-task-078222b48d3d6a273e5fd0c77f30cc51ae52c9fb"", ""updated_at"": ""2026-07-28T00:28:19.609499Z""}]"
unsolvedmath-opg-491,Odd incongruent covering systems,number_theory,queued,False,approved,full_claim,"The model encodes the full claim, but nonfinding covers only the recorded finite bounds.",not_required,,2026-07-28T00:28:19.624548Z,2,0,0,0,"[""bounded_screen"", ""smooth_period_large_modulus_multistart""]","[{""coverage_basis"": ""executor_declared_extended_bounds"", ""deep_bounds"": {""max_cases"": 100000000, ""max_moduli"": 20, ""max_modulus"": 999, ""max_period"": 2000000}, ""screen_bounds"": {""max_cases"": 20000, ""max_moduli"": 3, ""max_modulus"": 9}, ""search_stream"": ""smooth_period_large_modulus_multistart""}]","{""parked"": 1, ""queued"": 1}","{""deep"": {""parked"": 1}, ""screen"": {""queued"": 1}}",{},[],"[{""attempt_count"": 0, ""budget"": {""max_cases"": 20000, ""memory_mb"": 1024, ""parameters"": {""max_moduli"": 3, ""max_modulus"": 9}, ""time_seconds"": 60}, ""checked_cases"": 0, ""checkpoint_created_at"": null, ""checkpoint_id"": null, ""checkpoint_sequence"": null, ""cursor"": null, ""frontier_provenance"": {}, ""latest_attempt_checked_cases"": 0, ""launch_index"": 0, ""outcome"": """", ""search_role"": ""bounded_screen"", ""stage"": ""screen"", ""status"": ""queued"", ""stop_reason"": """", ""strategy_id"": ""exact-small"", ""task_id"": ""batch-task-e1d9118c68f00adf11838e866cf5b6a3c0c73256"", ""updated_at"": ""2026-07-28T00:28:19.616909Z""}, {""attempt_count"": 0, ""budget"": {""max_cases"": 100000000, ""memory_mb"": 1024, ""parameters"": {""max_moduli"": 20, ""max_modulus"": 999, ""max_period"": 2000000}, ""time_seconds"": 600}, ""checked_cases"": 0, ""checkpoint_created_at"": null, ""checkpoint_id"": null, ""checkpoint_sequence"": null, ""cursor"": null, ""frontier_provenance"": {""coverage_basis"": ""executor_declared_extended_bounds"", ""deep_bounds"": {""max_cases"": 100000000, ""max_moduli"": 20, ""max_modulus"": 999, ""max_period"": 2000000}, ""screen_bounds"": {""max_cases"": 20000, ""max_moduli"": 3, ""max_modulus"": 9}, ""search_stream"": ""smooth_period_large_modulus_multistart""}, ""latest_attempt_checked_cases"": 0, ""launch_index"": 0, ""outcome"": """", ""search_role"": ""smooth_period_large_modulus_multistart"", ""stage"": ""deep"", ""status"": ""parked"", ""stop_reason"": """", ""strategy_id"": ""cover-targeted"", ""task_id"": ""batch-task-7b514fda76cbdaa366153892b5c3f7177319922e"", ""updated_at"": ""2026-07-28T00:28:19.624548Z""}]"
unsolvedmath-nt-058,Lander-Parkin-Selfridge Conjecture,number_theory,queued,False,approved,restricted_family,"The search requires positive, internally distinct, disjoint bases on the two sides.",not_required,,2026-07-28T00:28:19.639391Z,2,0,0,0,"[""bounded_screen"", ""random_terms_exact_power_root_completion""]","[{""coverage_basis"": ""executor_declared_extended_bounds"", ""deep_bounds"": {""max_base"": 1000000, ""max_cases"": 100000000, ""max_power"": 16}, ""screen_bounds"": {""max_base"": 8, ""max_cases"": 20000, ""max_power"": 5}, ""search_stream"": ""random_terms_exact_power_root_completion""}]","{""parked"": 1, ""queued"": 1}","{""deep"": {""parked"": 1}, ""screen"": {""queued"": 1}}",{},[],"[{""attempt_count"": 0, ""budget"": {""max_cases"": 20000, ""memory_mb"": 1024, ""parameters"": {""max_base"": 8, ""max_power"": 5}, ""time_seconds"": 60}, ""checked_cases"": 0, ""checkpoint_created_at"": null, ""checkpoint_id"": null, ""checkpoint_sequence"": null, ""cursor"": null, ""frontier_provenance"": {}, ""latest_attempt_checked_cases"": 0, ""launch_index"": 0, ""outcome"": """", ""search_role"": ""bounded_screen"", ""stage"": ""screen"", ""status"": ""queued"", ""stop_reason"": """", ""strategy_id"": ""exact-small"", ""task_id"": ""batch-task-88045ef36bc22739f9f5eb42f3399158da45d45f"", ""updated_at"": ""2026-07-28T00:28:19.631944Z""}, {""attempt_count"": 0, ""budget"": {""max_cases"": 100000000, ""memory_mb"": 1024, ""parameters"": {""max_base"": 1000000, ""max_power"": 16}, ""time_seconds"": 600}, ""checked_cases"": 0, ""checkpoint_created_at"": null, ""checkpoint_id"": null, ""checkpoint_sequence"": null, ""cursor"": null, ""frontier_provenance"": {""coverage_basis"": ""executor_declared_extended_bounds"", ""deep_bounds"": {""max_base"": 1000000, ""max_cases"": 100000000, ""max_power"": 16}, ""screen_bounds"": {""max_base"": 8, ""max_cases"": 20000, ""max_power"": 5}, ""search_stream"": ""random_terms_exact_power_root_completion""}, ""latest_attempt_checked_cases"": 0, ""launch_index"": 0, ""outcome"": """", ""search_role"": ""random_terms_exact_power_root_completion"", ""stage"": ""deep"", ""status"": ""parked"", ""stop_reason"": """", ""strategy_id"": ""meet-in-the-middle"", ""task_id"": ""batch-task-60598b697b20d75db44b3c7341820117f219ecd8"", ""updated_at"": ""2026-07-28T00:28:19.639391Z""}]"
unsolvedmath-comb-003,"Ramsey Number R(5,5)",combinatorics,bounded_search_completed,True,approved,witness_search,The source is existential or asks for additional solutions. The executor can certify a new witness but bounded absence has no negative force.,not_required,,2026-07-28T00:28:19.668461Z,4,4,4,91,"[""bounded_screen"", ""seeded_stratified_frontier_search""]","[{""case_generator_contract"": ""two-colourings of all 903 edges of K_43"", ""resume_indexing"": ""seed-selected stratum plus monotone local index""}]","{""completed"": 4}","{""deep"": {""completed"": 3}, ""screen"": {""completed"": 1}}","{""inconclusive"": 4}","[""time_budget_exhausted""]","[{""attempt_count"": 1, ""budget"": {""max_cases"": 2000, ""memory_mb"": 1024, ""parameters"": {}, ""time_seconds"": 60}, ""checked_cases"": 3, ""checkpoint_created_at"": ""2026-07-27T11:09:57.691674Z"", ""checkpoint_id"": 40912, ""checkpoint_sequence"": 2, ""cursor"": {""atomic_boundary"": ""one complete finite case"", ""coverage"": {""base_coloring_hashes"": [""cb465d30d88fff2ada741b92c3c303554915e51728af2ce166cfa63018ccde35""], ""best_conflicts"": 37, ""edge_space_size"": 903, ""flips"": 75000, ""initialization"": ""known_K42_extension"", ""max_active_edge_count"": 42, ""max_flips_configured"": 25000, ""search_basins_tested"": [""known_k42_extension""], ""trajectory_hashes"": [""e69e7ec85c48380bdc0ff942807ede9d77942e00571084ffc8be224ffd79ce55"", ""7054b9a3e90758211df92b1b8fc40ccb5b5049f4af634662a27bb9187318c78f"", ""a5ad4f4e8c309be657b4c9d7c321538124a10b99f9d3c808125644a2874b37a7""]}, ""next_case"": 3, ""seed"": 7917021069853339836, ""strategy_id"": ""screen-exact"", ""stratum"": 0}, ""frontier_provenance"": {}, ""latest_attempt_checked_cases"": 3, ""launch_index"": 0, ""outcome"": ""inconclusive"", ""search_role"": ""bounded_screen"", ""stage"": ""screen"", ""status"": ""completed"", ""stop_reason"": ""time_budget_exhausted"", ""strategy_id"": ""screen-exact"", ""task_id"": ""batch-task-2e29f25696cdd9ec407f91319cc88474bd0bc164"", ""updated_at"": ""2026-07-28T00:28:19.646450Z""}, {""attempt_count"": 1, ""budget"": {""max_cases"": 1000000, ""memory_mb"": 1024, ""parameters"": {}, ""time_seconds"": 600}, ""checked_cases"": 26, ""checkpoint_created_at"": ""2026-07-27T11:20:05.043978Z"", ""checkpoint_id"": 43373, ""checkpoint_sequence"": 2, ""cursor"": {""atomic_boundary"": ""one complete finite case"", ""coverage"": {""base_changed_edges"": 22, ""base_coloring_hashes"": [""34250787d3a428e3ff9a09e721b671a563474c419caa9e200776ddc8a9283bdc"", ""89eb6628f76eefa01434eb7769b407e110d75c2ed1337b7adf4ee1421753c349"", ""8e1a607d008dce902d39661231555a0cb03110205e95af99d173fcdb2f762cf6"", ""a473e789e64ec0583ead7083264dee1eecea0b354172758508a834fe821bcdc9"", ""a9f3e44ba9b9ffd22e51cf66ca1aaf03c7f7d95998ab2bec7cc2498eb09054a0"", ""bba8168cfcb590ed5acc12124b92157427ed63753a09557e3c8c252fd68122e4"", ""cb465d30d88fff2ada741b92c3c303554915e51728af2ce166cfa63018ccde35"", ""d8c431cd5becd4356608f18ea742949cd926a7aac2f5744901a264c2f9df8031""], ""base_perturbation_accepts"": 136, ""base_perturbation_proposals"": 21499, ""best_conflicts"": 14, ""edge_space_size"": 903, ""flips"": 260000, ""initialization"": ""full_random_K43"", ""max_active_edge_count"": 903, ""max_flips_configured"": 10000, ""search_basins_tested"": [""full_k43_restart"", ""known_k42_extension"", ""perturbed_k42_extension""], ""trajectory_hashes"": [""d4e0d23979ae016506ad30ad7821e2f853fbb01e09c1a2d2751b19927a55478e"", ""7ce836ebc9ffb2b21655bbb2597c2a970104770cd3871066fa85fb414d2131a6"", ""c58f1a60d7e336ebee343bdfc28444fc1e3cd8cf4b71d6d8358c0c01c08f0046"", ""190005405200bb210b909c18c4cebe2aed434731173d064c3f76ba3e1db0e05f"", ""f7b8b42316254a406bd82ab77419ca3abdc9dbf970ee14d9ba768559aaae880f"", ""1e328a20fff902e50fdbec9c9f7390b453ea7debfa5e34ae9341cdda087d21d3"", ""66dfeac1f3b3ca76b70fa7d0ca741f68f4a17968a0e24d536e8df0b987c6c595"", ""91a001c9a6a34d8ac149bb025282684d49d61eb4f8a69567a2a2e31993fe9b25"", ""145f267105b4bb5ecd12c06e5e4010edb66eba1e7b1b5601f71929c211aa6017"", ""de18226327a2800e356d75b54aa85c25f13dd637f3eeacc96bf640b54f02bb4a"", ""143328a18440f499377937df257ebe28ba3c710bd18fe9946070b57a5083376a"", ""27dda30afa24297c504acf8a9e6bd4c771f04fb90ab1ffd58327551147218fba"", ""fb0c2d77192a776ca7d667d570d49e92a9ed0cb178250ebd98ad40b9afcbc5f6"", ""419e46bd047659e015feea1f48c236a8a78dfc035e4b5e611ce47045001c8078"", ""f4ea5a64c9118dc5b9d1bf870fdfb202c9d405e603a916744b0cd7c1c6116f15"", ""f30771a857067e23eb2619769526af79f9c491c9c6a89132704f7d1be781aed6"", ""36bafaa2044f1e98f5cd9aaf3e88f076acd83df23958b788e5aeb776145727a8"", ""6fa09a42764041395669b0bb858c670719923994539e673da612721541492644"", ""f17c0a123ea07d01fd3775068ed81aec9e6ca00ef37945d9a2d5743de01484ab"", ""f09c33a9f5c69f746a63b1661ac619f66046e7267fa8cd61f665e896825ea420"", ""b4536eca82797e9500cd92e426407f4c017d9b9343e10f9b8eb68c977f50d2b5"", ""71113f63c72143fe0cad040223146a139963325866cda2775438d06e85e6b8ed"", ""b9729bdad776eece6bbdae37bd2d26c5434a57433e70c65aba579fdf47a43f5b"", ""485d2b92667d5118da72670793b253f86276e54dd6b0d64b717703a1f7e66550"", ""38acf308040735a39dbb0edc1b4ebe326450e7ce0cbe978b301438c3e7ce02c7"", ""a7e5a2a8e4a2696c675efe4a309d68d22c5cd549daf7139b20ccb30c26e1150e""]}, ""next_case"": 26, ""seed"": 2041935872218511990, ""strategy_id"": ""deep-diversified"", ""stratum"": 53}, ""frontier_provenance"": {""case_generator_contract"": ""two-colourings of all 903 edges of K_43"", ""resume_indexing"": ""seed-selected stratum plus monotone local index""}, ""latest_attempt_checked_cases"": 26, ""launch_index"": 0, ""outcome"": ""inconclusive"", ""search_role"": ""seeded_stratified_frontier_search"", ""stage"": ""deep"", ""status"": ""completed"", ""stop_reason"": ""time_budget_exhausted"", ""strategy_id"": ""deep-diversified"", ""task_id"": ""batch-task-5f5704a80fb51b6db625a2c200d4c025ea1860ce"", ""updated_at"": ""2026-07-28T00:28:19.653862Z""}, {""attempt_count"": 1, ""budget"": {""max_cases"": 1000000, ""memory_mb"": 1024, ""parameters"": {}, ""time_seconds"": 600}, ""checked_cases"": 30, ""checkpoint_created_at"": ""2026-07-27T11:29:20.731474Z"", ""checkpoint_id"": 46482, ""checkpoint_sequence"": 2, ""cursor"": {""atomic_boundary"": ""one complete finite case"", ""coverage"": {""base_changed_edges"": 30, ""base_coloring_hashes"": [""0fb90a3dfdec37ac38c872c3d92869b2f2ba557395aa8b58a2104fe65566cd00"", ""1def7cc3ef07a641c62310f71662971af0bbe4b270af3181c7953fee392fb351"", ""4487dd519d50e566c9c63995374d6730b5df53fe3e453d81f9cfdf220e3e9e27"", ""68b80021eee956c3e762d9085f9c14b5c32f759433ace0100a975a5c153a35ad"", ""77b0a2aa544f9acd4417097db9af420046188490b3ab6751db1dfd159068bf87"", ""a473e789e64ec0583ead7083264dee1eecea0b354172758508a834fe821bcdc9"", ""a7f06ac584249333eb5052b9dbd551c0acdafaf128cb6d1580197c12451c65bb"", ""aaf0ec82b54172b6351653aa5bd4edbd30e4e6c045234872f333f2402c52d174"", ""b161ec805b3536292581f1af34dd2ba3a93eb899c293189b7e805982d799d5ed"", ""cb465d30d88fff2ada741b92c3c303554915e51728af2ce166cfa63018ccde35"", ""d02965b8e8f80f34c1f5b07590b76a88e037d8d3cc13757f6d90615766d451a8""], ""base_perturbation_accepts"": 156, ""base_perturbation_proposals"": 20478, ""best_conflicts"": 14, ""edge_space_size"": 903, ""flips"": 300000, ""initialization"": ""known_K42_extension"", ""max_active_edge_count"": 903, ""max_flips_configured"": 10000, ""search_basins_tested"": [""full_k43_restart"", ""known_k42_extension"", ""perturbed_k42_extension""], ""trajectory_hashes"": [""83ce3c14cc960600f59a8e3fb07fdd00f2ccbfa988d101cf9558866ca800f2a0"", ""0bc3be2b287d3f7bfbd77845ffea01a8ea62baabd2ae2a7a363d350fc524a8ef"", ""a064608ce0f2170d00ef626de5c6b712041c1ed3780b97ae93d35bb4fcd7d26f"", ""5327a575745ce6e92de8acc3f81e7fe32d7e5c6e5dc2819d1e18812051ce96fa"", ""0890afa9640a9b813ed3c6bbb51ec70985e3c70eae30f7163a0111976cc1d9eb"", ""26326438ba89bea17d5157dbc1ebcc6ca310b5bcd6f4641c0b8cd52482d19f43"", ""612662e5c479dfaa45d3f90ee53184c36eed9e69bd33d75a3b7d0aae61bc4cb8"", ""1cb27bc42ad279709ef6356575b4bffdaceefe238f126addec65857dc0799753"", ""b4e4ab887397bc6c9c617430b051093340979fcb0e8adc9c20daa6227ae4d872"", ""ff400a9acd188bb0a88b29e8241638849bc4ddf8faa45f1fb8969a7c01d231f1"", ""c76b49ee6097cb194ff22ea4eb2f821dfc7fe3951ec098e0e717cc82f4abc1d2"", ""a953a5303bbdc67d0a1482cf5dd9f55df894db8183e8b1ab4bf47e39431c4ae3"", ""f75cf267631971c7be9637792d6e94fd1fc175b5d326d41cf0e4e8ccd13f43ef"", ""0ad5e43358db0706c4a791feba4aebc1c0ca23181ac061023c4d4b62bf30b78a"", ""1a841d37a6e8bd134142e041770133f0d70e738e0dff03b935d397148f9c558a"", ""d4bb821c18d8c0664bc8012b723759d2aa98748dcca07ba56060bef5b0eaefdd"", ""e2df2590b0efdc670a541d8c28b22a9d47ac5dfca518d9a90d30e22c24c33075"", ""b3d13389ce2960377c62d9819a56787a16866f8819020d75f58f261a520aacb8"", ""5dc7d1bb9a9ac8d7b810e07ac9378e83e195d50848202abfbd569335e274c7c0"", ""453e7f5a559230ee62e3fb6a323af9bdd9415ad339ab2e09f07dabe31d948aee"", ""449ff82682a3c38e521963df43d0732f4978ca93bcae3e36b3077c8096c35ee1"", ""71db01aa11512abc32dfe7401a62e0a40e39509a74335a086c424468bfb5e989"", ""05b54dcc797a048058c747daa8bb75945fa9bfd2db7204f77cf30c3df5e744b4"", ""b34b59cd60a56b2e697131d67f5fe0b4946f5194485c9947553bcff11694e46a"", ""5b7479f3bc785196b445f79d5e8c0027f943a9bc2adb9572251b085b4118ceb2"", ""817619778acf2446e286c07c83c3ecc723c37471afcc13c4601a7fe3661b0b97"", ""813582e705bbb119ce8b649fd80c55901892273c3caec8df531501ee9c64e7fb"", ""17b6ec77ad7ec6be7c149a20bdb519d982da5310da1949bfff2ffb6e76b691d7"", ""a4e49671f48e3252af1373be3a1242ccf8d9b756b61ca0af4394fad3b2b95dab"", ""dadf1605da4b978a8cdcb13937e74cc81e449bea64e32dc4a15b65a669eb2e85""]}, ""next_case"": 30, ""seed"": 6827464245645958021, ""strategy_id"": ""deep-diversified"", ""stratum"": 94}, ""frontier_provenance"": {""case_generator_contract"": ""two-colourings of all 903 edges of K_43"", ""resume_indexing"": ""seed-selected stratum plus monotone local index""}, ""latest_attempt_checked_cases"": 30, ""launch_index"": 1, ""outcome"": ""inconclusive"", ""search_role"": ""seeded_stratified_frontier_search"", ""stage"": ""deep"", ""status"": ""completed"", ""stop_reason"": ""time_budget_exhausted"", ""strategy_id"": ""deep-diversified"", ""task_id"": ""batch-task-d75ee5f023a11221246c3028da01f21d1a72faa3"", ""updated_at"": ""2026-07-28T00:28:19.661174Z""}, {""attempt_count"": 1, ""budget"": {""max_cases"": 1000000, ""memory_mb"": 1024, ""parameters"": {}, ""time_seconds"": 600}, ""checked_cases"": 32, ""checkpoint_created_at"": ""2026-07-27T11:30:15.745441Z"", ""checkpoint_id"": 46574, ""checkpoint_sequence"": 2, ""cursor"": {""atomic_boundary"": ""one complete finite case"", ""coverage"": {""base_changed_edges"": 38, ""base_coloring_hashes"": [""1dc66573af7b3198ff41dd285d5b0bbddc3de53ff06e4d97b32de23921d0e10c"", ""2cb26743441f8b13d4718117b26c1f78b5d9055866ddfbddfee25a2d1ad0cd91"", ""72d724cc85aede9577f5261dd1df0ff717f13aef200e44e47c99bd137e6971ed"", ""7e4f04df77cd06ba1af714412276383502767e74a694edfab43a5cee558c93c3"", ""89eb6628f76eefa01434eb7769b407e110d75c2ed1337b7adf4ee1421753c349"", ""9c8c2dbe480a7b60efc9080a25a3c04f8206fa85398055c9b6f3c085ae8e5df8"", ""c64bf63b50973aa5c8f094e09e718153e5269c9ba999658bb7a295e7d099666e"", ""cb465d30d88fff2ada741b92c3c303554915e51728af2ce166cfa63018ccde35"", ""d8c431cd5becd4356608f18ea742949cd926a7aac2f5744901a264c2f9df8031"", ""e41beeed569c211e71130425471b21348f46316f1eddcbd035b03af8057041b1"", ""f95f95ef64d00d441b9403337c32e6536cedad37c9b1dc6f3e1ddd15d67ead8b"", ""fd006a8a323be6159f291343f27d04a8093ec29a341faf3ca8e054652542993f""], ""base_perturbation_accepts"": 188, ""base_perturbation_proposals"": 25328, ""best_conflicts"": 19, ""edge_space_size"": 903, ""flips"": 320000, ""initialization"": ""known_K42_extension"", ""max_active_edge_count"": 903, ""max_flips_configured"": 10000, ""search_basins_tested"": [""full_k43_restart"", ""known_k42_extension"", ""perturbed_k42_extension""], ""trajectory_hashes"": [""b6bd3996b0d81fb6caa7d4c7e05937bd6aaa843d2c6e99de7e1e263cd10ba4e3"", ""7bcf9a781a6684d4510742802f066daa0e836f3efdd4902a86f6a989ab14ad64"", ""6d59efca5f9cffc710339d472851eb927e7cead5513f6a6e21232b6bb9bd5871"", ""5caf40c25db8125291a291c07ad1bbc03d6e2fa87b56e929e5055ba7b34a7bc4"", ""09d17a0b9ad427829898e5af5184976e6626985310cecb5b2d698cd478be4169"", ""d130ee4c552f4e27b61de92d5af4cfa33d32c800496b59f55857bd1369148cb9"", ""890c4d261f58c47365d8033996612b1f31da397587547814662df2b6a958eef9"", ""1577997f5aa564bbc2948885ed55e9a8d3e572ad7e992ec68b08ba0d8b8078c4"", ""050fa355fb2680de4789f77629910a184ec65e54967805f4ce5118970d3a1a2f"", ""50435490f1eab68bd43425f53c99487cdb63f56e1fe48ba51e92d2ce2392ed36"", ""2b59d3d0bb33dcdb314b301f520b372df3bc225a62fdaf13b45b2fd01ca9ba95"", ""75fc8938166a12ed7987b4b71bde3423fec9c78df5f3f3b9534b663758a22f71"", ""3502a5077f0f04365dea8f56037f083abd2df6d5f25c8106ca8654aa89cf3ac4"", ""15287d7553f115f86673df0d6194f62b94c2c8200362efebae2217c611b1cdf8"", ""ec4811f3919e9f406e4325a9ce29a125f3fde6d7bf7fe1cbe42681ac19f6f8f0"", ""00b26782776679779d3330c24157b4eca4f8631490546bad3af19965bfb04ce1"", ""e9931ae4a54d6ed450cd490e0111ed9b39c59ad35936566dc009cdf600722080"", ""179c38c94f7c5198bc06ee501891e64d36b44292ca497f11e1ba65ac62bf7408"", ""0f7d2c9ee53e418f302add29129557d4c9cd75c7661acf20860815ce7eaf2a2b"", ""f4edb69525ab03774cec3b75347aa37cc2e87440a710d8ef307ace6f1d0ae761"", ""a632b48b1af96da0c1f72bae538fce2536071f1b671c19516114a35b104eb0d6"", ""f7e35688debff8f9904eca27ce95f4b990f53d62ac0d4c1ed85d4fc461c54e92"", ""fa915169ac6fd95bfd50f9943bf52571f28e260914f037f113218dc8f66eeb09"", ""072c9b4892292d2ea438dd1e25be01835b0294381abd637516d56d624935fcab"", ""5c2c7e974f27a53e552d8752b72f82660d7368a010bdc1a0093e6bcc474dec59"", ""c3879b28c61db3a8f85fb20af8c79335955170792499ff4bd36deb643bc4e639"", ""3076b3c03966fd832b5fa7e7d79c639b31561332c19b68bba885a21306f55cae"", ""f3cb996ff0b59120ff2155a809619baa8f6454d96598f20f24f6138a0c2a1d76"", ""0a0168725b77332227891875c0b90fc0878a6e1b4e72a3260300d6a1e735decb"", ""b32f4a9df7ccb12846a320dd63e1bd9a77ae779ce5141ea6eb2c5550486f5697"", ""e42252dc743f83e15e00ae07546854d139650692a4e33d7adf9ddc1bce1568f9"", ""1869b45d0436f7e0b2541d36cde3279ceb7ee04c8800ae7e5230d6ab218891c0""]}, ""next_case"": 32, ""seed"": 2436698676806086507, ""strategy_id"": ""deep-diversified"", ""stratum"": 37}, ""frontier_provenance"": {""case_generator_contract"": ""two-colourings of all 903 edges of K_43"", ""resume_indexing"": ""seed-selected stratum plus monotone local index""}, ""latest_attempt_checked_cases"": 32, ""launch_index"": 2, ""outcome"": ""inconclusive"", ""search_role"": ""seeded_stratified_frontier_search"", ""stage"": ""deep"", ""status"": ""completed"", ""stop_reason"": ""time_budget_exhausted"", ""strategy_id"": ""deep-diversified"", ""task_id"": ""batch-task-5e01db1ef1c6d9a041245a259cebd6bbb4582476"", ""updated_at"": ""2026-07-28T00:28:19.668461Z""}]"
unsolvedmath-nt-010,Brocard's Problem,number_theory,bounded_search_completed,True,approved,witness_search,The source is existential or asks for additional solutions. The executor can certify a new witness but bounded absence has no negative force.,not_required,,2026-07-28T00:28:19.698415Z,4,4,4,7170,"[""bounded_screen"", ""seeded_stratified_frontier_search""]","[{""case_generator_contract"": ""positive integers n, excluding the source-known solutions n=4,5,7"", ""resume_indexing"": ""seed-selected stratum plus monotone local index""}]","{""completed"": 4}","{""deep"": {""completed"": 3}, ""screen"": {""completed"": 1}}","{""inconclusive"": 4}","[""case_budget_exhausted"", ""time_budget_exhausted""]","[{""attempt_count"": 1, ""budget"": {""max_cases"": 2000, ""memory_mb"": 1024, ""parameters"": {}, ""time_seconds"": 60}, ""checked_cases"": 2000, ""checkpoint_created_at"": ""2026-07-27T11:09:02.145360Z"", ""checkpoint_id"": 40752, ""checkpoint_sequence"": 21, ""cursor"": {""atomic_boundary"": ""one complete finite case"", ""coverage"": {}, ""next_case"": 2000, ""seed"": 8261493869987572327, ""strategy_id"": ""screen-exact"", ""stratum"": 0}, ""frontier_provenance"": {}, ""latest_attempt_checked_cases"": 2000, ""launch_index"": 0, ""outcome"": ""inconclusive"", ""search_role"": ""bounded_screen"", ""stage"": ""screen"", ""status"": ""completed"", ""stop_reason"": ""case_budget_exhausted"", ""strategy_id"": ""screen-exact"", ""task_id"": ""batch-task-f8a1ee5a4caa685e3f0915ea91fc2d80a87b85af"", ""updated_at"": ""2026-07-28T00:28:19.675946Z""}, {""attempt_count"": 1, ""budget"": {""max_cases"": 1000000, ""memory_mb"": 1024, ""parameters"": {}, ""time_seconds"": 600}, ""checked_cases"": 1593, ""checkpoint_created_at"": ""2026-07-27T11:19:10.203210Z"", ""checkpoint_id"": 42801, ""checkpoint_sequence"": 17, ""cursor"": {""atomic_boundary"": ""one complete finite case"", ""coverage"": {}, ""next_case"": 1593, ""seed"": 2643370779370889865, ""strategy_id"": ""deep-diversified"", ""stratum"": 21}, ""frontier_provenance"": {""case_generator_contract"": ""positive integers n, excluding the source-known solutions n=4,5,7"", ""resume_indexing"": ""seed-selected stratum plus monotone local index""}, ""latest_attempt_checked_cases"": 1593, ""launch_index"": 0, ""outcome"": ""inconclusive"", ""search_role"": ""seeded_stratified_frontier_search"", ""stage"": ""deep"", ""status"": ""completed"", ""stop_reason"": ""time_budget_exhausted"", ""strategy_id"": ""deep-diversified"", ""task_id"": ""batch-task-ec0176232142b2e6e9ed2ea9dd957e0802175008"", ""updated_at"": ""2026-07-28T00:28:19.683583Z""}, {""attempt_count"": 1, ""budget"": {""max_cases"": 1000000, ""memory_mb"": 1024, ""parameters"": {}, ""time_seconds"": 600}, ""checked_cases"": 1790, ""checkpoint_created_at"": ""2026-07-27T11:39:32.501227Z"", ""checkpoint_id"": 80155, ""checkpoint_sequence"": 19, ""cursor"": {""atomic_boundary"": ""one complete finite case"", ""coverage"": {}, ""next_case"": 1790, ""seed"": 6362460308086537297, ""strategy_id"": ""deep-diversified"", ""stratum"": 6}, ""frontier_provenance"": {""case_generator_contract"": ""positive integers n, excluding the source-known solutions n=4,5,7"", ""resume_indexing"": ""seed-selected stratum plus monotone local index""}, ""latest_attempt_checked_cases"": 1790, ""launch_index"": 1, ""outcome"": ""inconclusive"", ""search_role"": ""seeded_stratified_frontier_search"", ""stage"": ""deep"", ""status"": ""completed"", ""stop_reason"": ""time_budget_exhausted"", ""strategy_id"": ""deep-diversified"", ""task_id"": ""batch-task-ab581af68aaae028209db91c84f1f74ef7f59680"", ""updated_at"": ""2026-07-28T00:28:19.690965Z""}, {""attempt_count"": 1, ""budget"": {""max_cases"": 1000000, ""memory_mb"": 1024, ""parameters"": {}, ""time_seconds"": 600}, ""checked_cases"": 1787, ""checkpoint_created_at"": ""2026-07-27T11:39:43.879242Z"", ""checkpoint_id"": 80860, ""checkpoint_sequence"": 19, ""cursor"": {""atomic_boundary"": ""one complete finite case"", ""coverage"": {}, ""next_case"": 1787, ""seed"": 5790579218077926694, ""strategy_id"": ""deep-diversified"", ""stratum"": 48}, ""frontier_provenance"": {""case_generator_contract"": ""positive integers n, excluding the source-known solutions n=4,5,7"", ""resume_indexing"": ""seed-selected stratum plus monotone local index""}, ""latest_attempt_checked_cases"": 1787, ""launch_index"": 2, ""outcome"": ""inconclusive"", ""search_role"": ""seeded_stratified_frontier_search"", ""stage"": ""deep"", ""status"": ""completed"", ""stop_reason"": ""time_budget_exhausted"", ""strategy_id"": ""deep-diversified"", ""task_id"": ""batch-task-13e42dd410a500372b01f51e6e921e61397f731b"", ""updated_at"": ""2026-07-28T00:28:19.698415Z""}]"
unsolvedmath-nt-026,The Odd Perfect Number Conjecture,number_theory,queued,False,approved,witness_search,The source is existential or asks for additional solutions. The executor can certify a new witness but bounded absence has no negative force.,not_required,,2026-07-28T00:28:19.741800Z,4,3,4,2295400,"[""bounded_screen"", ""seeded_stratified_frontier_search""]","[{""case_generator_contract"": ""positive odd integers n"", ""resume_indexing"": ""seed-selected stratum plus monotone local index""}]","{""completed"": 3, ""queued"": 1}","{""deep"": {""completed"": 2, ""queued"": 1}, ""screen"": {""completed"": 1}}","{""inconclusive"": 3}","[""case_budget_exhausted"", ""lease expired""]","[{""attempt_count"": 1, ""budget"": {""max_cases"": 2000, ""memory_mb"": 1024, ""parameters"": {}, ""time_seconds"": 60}, ""checked_cases"": 2000, ""checkpoint_created_at"": ""2026-07-27T11:09:02.857037Z"", ""checkpoint_id"": 40774, ""checkpoint_sequence"": 21, ""cursor"": {""atomic_boundary"": ""one complete finite case"", ""coverage"": {}, ""next_case"": 2000, ""seed"": 2086932181345989553, ""strategy_id"": ""screen-exact"", ""stratum"": 0}, ""frontier_provenance"": {}, ""latest_attempt_checked_cases"": 2000, ""launch_index"": 0, ""outcome"": ""inconclusive"", ""search_role"": ""bounded_screen"", ""stage"": ""screen"", ""status"": ""completed"", ""stop_reason"": ""case_budget_exhausted"", ""strategy_id"": ""screen-exact"", ""task_id"": ""batch-task-380695b2704995b8e30d3d2c373b770f38cfe03c"", ""updated_at"": ""2026-07-28T00:28:19.706327Z""}, {""attempt_count"": 1, ""budget"": {""max_cases"": 1000000, ""memory_mb"": 1024, ""parameters"": {}, ""time_seconds"": 600}, ""checked_cases"": 1000000, ""checkpoint_created_at"": ""2026-07-27T11:37:52.060427Z"", ""checkpoint_id"": 75185, ""checkpoint_sequence"": 10001, ""cursor"": {""atomic_boundary"": ""one complete finite case"", ""coverage"": {}, ""next_case"": 1000000, ""seed"": 7270604162859323759, ""strategy_id"": ""deep-diversified"", ""stratum"": 25}, ""frontier_provenance"": {""case_generator_contract"": ""positive odd integers n"", ""resume_indexing"": ""seed-selected stratum plus monotone local index""}, ""latest_attempt_checked_cases"": 1000000, ""launch_index"": 0, ""outcome"": ""inconclusive"", ""search_role"": ""seeded_stratified_frontier_search"", ""stage"": ""deep"", ""status"": ""completed"", ""stop_reason"": ""case_budget_exhausted"", ""strategy_id"": ""deep-diversified"", ""task_id"": ""batch-task-b2447940403f878dd768b516e912dbebf17782dc"", ""updated_at"": ""2026-07-28T00:28:19.720170Z""}, {""attempt_count"": 1, ""budget"": {""max_cases"": 1000000, ""memory_mb"": 1024, ""parameters"": {}, ""time_seconds"": 600}, ""checked_cases"": 1000000, ""checkpoint_created_at"": ""2026-07-27T11:38:06.341021Z"", ""checkpoint_id"": 76105, ""checkpoint_sequence"": 10001, ""cursor"": {""atomic_boundary"": ""one complete finite case"", ""coverage"": {}, ""next_case"": 1000000, ""seed"": 6731750098846647755, ""strategy_id"": ""deep-diversified"", ""stratum"": 81}, ""frontier_provenance"": {""case_generator_contract"": ""positive odd integers n"", ""resume_indexing"": ""seed-selected stratum plus monotone local index""}, ""latest_attempt_checked_cases"": 1000000, ""launch_index"": 1, ""outcome"": ""inconclusive"", ""search_role"": ""seeded_stratified_frontier_search"", ""stage"": ""deep"", ""status"": ""completed"", ""stop_reason"": ""case_budget_exhausted"", ""strategy_id"": ""deep-diversified"", ""task_id"": ""batch-task-ccb4acb4e8c1751df34195107e3f8094395ba040"", ""updated_at"": ""2026-07-28T00:28:19.734630Z""}, {""attempt_count"": 1, ""budget"": {""max_cases"": 1000000, ""memory_mb"": 1024, ""parameters"": {}, ""time_seconds"": 600}, ""checked_cases"": 293400, ""checkpoint_created_at"": ""2026-07-27T11:41:48.010302Z"", ""checkpoint_id"": 87261, ""checkpoint_sequence"": 2934, ""cursor"": {""atomic_boundary"": ""one complete finite case"", ""coverage"": {}, ""next_case"": 293400, ""seed"": 2703819540049276862, ""strategy_id"": ""deep-diversified"", ""stratum"": 45}, ""frontier_provenance"": {""case_generator_contract"": ""positive odd integers n"", ""resume_indexing"": ""seed-selected stratum plus monotone local index""}, ""latest_attempt_checked_cases"": 293400, ""launch_index"": 2, ""outcome"": """", ""search_role"": ""seeded_stratified_frontier_search"", ""stage"": ""deep"", ""status"": ""queued"", ""stop_reason"": ""lease expired"", ""strategy_id"": ""deep-diversified"", ""task_id"": ""batch-task-610980cfc001a2c9445eb85bf3497aa34af051e7"", ""updated_at"": ""2026-07-28T00:28:19.741800Z""}]"
unsolvedmath-nt-027,Firoozbakht's Conjecture,number_theory,queued,False,approved,full_claim,The mathematical predicate matches the full source claim; only the finite search range is bounded.,not_required,,2026-07-28T00:28:19.777972Z,4,1,4,3300,"[""bounded_screen"", ""seeded_stratified_frontier_search""]","[{""case_generator_contract"": ""consecutive prime indices n and n+1"", ""resume_indexing"": ""seed-selected stratum plus monotone local index""}]","{""completed"": 1, ""queued"": 3}","{""deep"": {""queued"": 3}, ""screen"": {""completed"": 1}}","{""inconclusive"": 1}","[""case_budget_exhausted"", ""lease expired""]","[{""attempt_count"": 1, ""budget"": {""max_cases"": 2000, ""memory_mb"": 1024, ""parameters"": {}, ""time_seconds"": 60}, ""checked_cases"": 2000, ""checkpoint_created_at"": ""2026-07-27T11:30:24.599010Z"", ""checkpoint_id"": 46956, ""checkpoint_sequence"": 21, ""cursor"": {""atomic_boundary"": ""one complete finite case"", ""coverage"": {}, ""next_case"": 2000, ""seed"": 8466812638732342404, ""strategy_id"": ""screen-exact"", ""stratum"": 0}, ""frontier_provenance"": {}, ""latest_attempt_checked_cases"": 2000, ""launch_index"": 0, ""outcome"": ""inconclusive"", ""search_role"": ""bounded_screen"", ""stage"": ""screen"", ""status"": ""completed"", ""stop_reason"": ""case_budget_exhausted"", ""strategy_id"": ""screen-exact"", ""task_id"": ""batch-task-e24e8f93bf5b5b01a847dc26338d3e2328ba6a4b"", ""updated_at"": ""2026-07-28T00:28:19.749117Z""}, {""attempt_count"": 1, ""budget"": {""max_cases"": 1000000, ""memory_mb"": 1024, ""parameters"": {}, ""time_seconds"": 600}, ""checked_cases"": 500, ""checkpoint_created_at"": ""2026-07-27T11:38:57.912200Z"", ""checkpoint_id"": 79122, ""checkpoint_sequence"": 5, ""cursor"": {""atomic_boundary"": ""one complete finite case"", ""coverage"": {}, ""next_case"": 500, ""seed"": 285082354358518926, ""strategy_id"": ""deep-diversified"", ""stratum"": 8}, ""frontier_provenance"": {""case_generator_contract"": ""consecutive prime indices n and n+1"", ""resume_indexing"": ""seed-selected stratum plus monotone local index""}, ""latest_attempt_checked_cases"": 500, ""launch_index"": 0, ""outcome"": """", ""search_role"": ""seeded_stratified_frontier_search"", ""stage"": ""deep"", ""status"": ""queued"", ""stop_reason"": ""lease expired"", ""strategy_id"": ""deep-diversified"", ""task_id"": ""batch-task-0840d0e93cb2846b8d15ff69f9a6004bb4deb0f8"", ""updated_at"": ""2026-07-28T00:28:19.762951Z""}, {""attempt_count"": 1, ""budget"": {""max_cases"": 1000000, ""memory_mb"": 1024, ""parameters"": {}, ""time_seconds"": 600}, ""checked_cases"": 300, ""checkpoint_created_at"": ""2026-07-27T11:39:42.668801Z"", ""checkpoint_id"": 80782, ""checkpoint_sequence"": 3, ""cursor"": {""atomic_boundary"": ""one complete finite case"", ""coverage"": {}, ""next_case"": 300, ""seed"": 2199100648100711282, ""strategy_id"": ""deep-diversified"", ""stratum"": 25}, ""frontier_provenance"": {""case_generator_contract"": ""consecutive prime indices n and n+1"", ""resume_indexing"": ""seed-selected stratum plus monotone local index""}, ""latest_attempt_checked_cases"": 300, ""launch_index"": 1, ""outcome"": """", ""search_role"": ""seeded_stratified_frontier_search"", ""stage"": ""deep"", ""status"": ""queued"", ""stop_reason"": ""lease expired"", ""strategy_id"": ""deep-diversified"", ""task_id"": ""batch-task-74709b111fb45a1fe3e57b071f6ebf3880ba73f9"", ""updated_at"": ""2026-07-28T00:28:19.770489Z""}, {""attempt_count"": 1, ""budget"": {""max_cases"": 1000000, ""memory_mb"": 1024, ""parameters"": {}, ""time_seconds"": 600}, ""checked_cases"": 500, ""checkpoint_created_at"": ""2026-07-27T11:40:14.025244Z"", ""checkpoint_id"": 82581, ""checkpoint_sequence"": 5, ""cursor"": {""atomic_boundary"": ""one complete finite case"", ""coverage"": {}, ""next_case"": 500, ""seed"": 151878088395120621, ""strategy_id"": ""deep-diversified"", ""stratum"": 8}, ""frontier_provenance"": {""case_generator_contract"": ""consecutive prime indices n and n+1"", ""resume_indexing"": ""seed-selected stratum plus monotone local index""}, ""latest_attempt_checked_cases"": 500, ""launch_index"": 2, ""outcome"": """", ""search_role"": ""seeded_stratified_frontier_search"", ""stage"": ""deep"", ""status"": ""queued"", ""stop_reason"": ""lease expired"", ""strategy_id"": ""deep-diversified"", ""task_id"": ""batch-task-e2caf87456004421d77928402f08df1ba11910bf"", ""updated_at"": ""2026-07-28T00:28:19.777972Z""}]"
unsolvedmath-nt-033,Grimm's Conjecture,number_theory,queued,False,approved,full_claim,The mathematical predicate matches the full source claim; only the finite search range is bounded.,not_required,,2026-07-28T00:28:19.808704Z,4,1,4,281100,"[""bounded_screen"", ""seeded_stratified_frontier_search""]","[{""case_generator_contract"": ""maximal finite runs of consecutive composite integers"", ""resume_indexing"": ""seed-selected stratum plus monotone local index""}]","{""completed"": 1, ""queued"": 3}","{""deep"": {""queued"": 3}, ""screen"": {""completed"": 1}}","{""inconclusive"": 1}","[""case_budget_exhausted"", ""lease expired""]","[{""attempt_count"": 1, ""budget"": {""max_cases"": 2000, ""memory_mb"": 1024, ""parameters"": {}, ""time_seconds"": 60}, ""checked_cases"": 2000, ""checkpoint_created_at"": ""2026-07-27T11:38:09.319178Z"", ""checkpoint_id"": 76220, ""checkpoint_sequence"": 21, ""cursor"": {""atomic_boundary"": ""one complete finite case"", ""coverage"": {}, ""next_case"": 2000, ""seed"": 9105257369664889937, ""strategy_id"": ""screen-exact"", ""stratum"": 0}, ""frontier_provenance"": {}, ""latest_attempt_checked_cases"": 2000, ""launch_index"": 0, ""outcome"": ""inconclusive"", ""search_role"": ""bounded_screen"", ""stage"": ""screen"", ""status"": ""completed"", ""stop_reason"": ""case_budget_exhausted"", ""strategy_id"": ""screen-exact"", ""task_id"": ""batch-task-de597e12b061b37625e05a30e2c3282899be65b3"", ""updated_at"": ""2026-07-28T00:28:19.786907Z""}, {""attempt_count"": 1, ""budget"": {""max_cases"": 1000000, ""memory_mb"": 1024, ""parameters"": {}, ""time_seconds"": 600}, ""checked_cases"": 103300, ""checkpoint_created_at"": ""2026-07-27T11:41:56.900526Z"", ""checkpoint_id"": 87260, ""checkpoint_sequence"": 1033, ""cursor"": {""atomic_boundary"": ""one complete finite case"", ""coverage"": {}, ""next_case"": 103300, ""seed"": 3387638943808984002, ""strategy_id"": ""deep-diversified"", ""stratum"": 54}, ""frontier_provenance"": {""case_generator_contract"": ""maximal finite runs of consecutive composite integers"", ""resume_indexing"": ""seed-selected stratum plus monotone local index""}, ""latest_attempt_checked_cases"": 103300, ""launch_index"": 0, ""outcome"": """", ""search_role"": ""seeded_stratified_frontier_search"", ""stage"": ""deep"", ""status"": ""queued"", ""stop_reason"": ""lease expired"", ""strategy_id"": ""deep-diversified"", ""task_id"": ""batch-task-2af7eff7f92432877ed28430b16b3cd4eca28f42"", ""updated_at"": ""2026-07-28T00:28:19.794240Z""}, {""attempt_count"": 1, ""budget"": {""max_cases"": 1000000, ""memory_mb"": 1024, ""parameters"": {}, ""time_seconds"": 600}, ""checked_cases"": 87000, ""checkpoint_created_at"": ""2026-07-27T11:41:56.668615Z"", ""checkpoint_id"": 87249, ""checkpoint_sequence"": 870, ""cursor"": {""atomic_boundary"": ""one complete finite case"", ""coverage"": {}, ""next_case"": 87000, ""seed"": 7722464228266662125, ""strategy_id"": ""deep-diversified"", ""stratum"": 61}, ""frontier_provenance"": {""case_generator_contract"": ""maximal finite runs of consecutive composite integers"", ""resume_indexing"": ""seed-selected stratum plus monotone local index""}, ""latest_attempt_checked_cases"": 87000, ""launch_index"": 1, ""outcome"": """", ""search_role"": ""seeded_stratified_frontier_search"", ""stage"": ""deep"", ""status"": ""queued"", ""stop_reason"": ""lease expired"", ""strategy_id"": ""deep-diversified"", ""task_id"": ""batch-task-1fddada26eef3cd963695a4defb3ef7026e54eae"", ""updated_at"": ""2026-07-28T00:28:19.801624Z""}, {""attempt_count"": 1, ""budget"": {""max_cases"": 1000000, ""memory_mb"": 1024, ""parameters"": {}, ""time_seconds"": 600}, ""checked_cases"": 88800, ""checkpoint_created_at"": ""2026-07-27T11:41:56.869424Z"", ""checkpoint_id"": 87259, ""checkpoint_sequence"": 888, ""cursor"": {""atomic_boundary"": ""one complete finite case"", ""coverage"": {}, ""next_case"": 88800, ""seed"": 8028939091133754514, ""strategy_id"": ""deep-diversified"", ""stratum"": 87}, ""frontier_provenance"": {""case_generator_contract"": ""maximal finite runs of consecutive composite integers"", ""resume_indexing"": ""seed-selected stratum plus monotone local index""}, ""latest_attempt_checked_cases"": 88800, ""launch_index"": 2, ""outcome"": """", ""search_role"": ""seeded_stratified_frontier_search"", ""stage"": ""deep"", ""status"": ""queued"", ""stop_reason"": ""lease expired"", ""strategy_id"": ""deep-diversified"", ""task_id"": ""batch-task-c0f9bd233917748ef1aaa59577abd03fd0f20f6c"", ""updated_at"": ""2026-07-28T00:28:19.808704Z""}]"
unsolvedmath-nt-039,Scholz Conjecture,number_theory,queued,False,approved,full_claim,The mathematical predicate matches the full source claim; only the finite search range is bounded.,not_required,,2026-07-28T00:28:19.823131Z,2,1,2,7,"[""bounded_screen"", ""monotone_exact_case_enumeration""]","[{""case_generator_contract"": ""positive integers n searched with exact shortest addition-chain lengths"", ""resume_indexing"": ""monotone exact case index""}]","{""completed"": 1, ""queued"": 1}","{""deep"": {""queued"": 1}, ""screen"": {""completed"": 1}}","{""inconclusive"": 1}","[""time_budget_exhausted"", ""lease expired""]","[{""attempt_count"": 1, ""budget"": {""max_cases"": 2000, ""memory_mb"": 1024, ""parameters"": {}, ""time_seconds"": 60}, ""checked_cases"": 7, ""checkpoint_created_at"": ""2026-07-27T11:40:48.704947Z"", ""checkpoint_id"": 84262, ""checkpoint_sequence"": 2, ""cursor"": {""atomic_boundary"": ""one complete finite case"", ""coverage"": {}, ""next_case"": 7, ""seed"": 5225983214093646414, ""strategy_id"": ""screen-exact"", ""stratum"": 0}, ""frontier_provenance"": {}, ""latest_attempt_checked_cases"": 7, ""launch_index"": 0, ""outcome"": ""inconclusive"", ""search_role"": ""bounded_screen"", ""stage"": ""screen"", ""status"": ""completed"", ""stop_reason"": ""time_budget_exhausted"", ""strategy_id"": ""screen-exact"", ""task_id"": ""batch-task-151a9a117b1ac764c57dc68a02dacd9c86f85313"", ""updated_at"": ""2026-07-28T00:28:19.815775Z""}, {""attempt_count"": 1, ""budget"": {""max_cases"": 1000000, ""memory_mb"": 1024, ""parameters"": {}, ""time_seconds"": 600}, ""checked_cases"": 0, ""checkpoint_created_at"": null, ""checkpoint_id"": null, ""checkpoint_sequence"": null, ""cursor"": null, ""frontier_provenance"": {""case_generator_contract"": ""positive integers n searched with exact shortest addition-chain lengths"", ""resume_indexing"": ""monotone exact case index""}, ""latest_attempt_checked_cases"": 0, ""launch_index"": 0, ""outcome"": """", ""search_role"": ""monotone_exact_case_enumeration"", ""stage"": ""deep"", ""status"": ""queued"", ""stop_reason"": ""lease expired"", ""strategy_id"": ""deep-diversified"", ""task_id"": ""batch-task-2b0d8cf080212e760453c8cb0bd8a5534a6075fc"", ""updated_at"": ""2026-07-28T00:28:19.823131Z""}]"
unsolvedmath-nt-043,Quasiperfect Numbers,number_theory,queued,False,approved,witness_search,The source is existential or asks for additional solutions. The executor can certify a new witness but bounded absence has no negative force.,not_required,,2026-07-28T00:28:19.852517Z,4,1,1,2000,"[""bounded_screen"", ""seeded_stratified_frontier_search""]","[{""case_generator_contract"": ""positive integers n"", ""resume_indexing"": ""seed-selected stratum plus monotone local index""}]","{""completed"": 1, ""queued"": 3}","{""deep"": {""queued"": 3}, ""screen"": {""completed"": 1}}","{""inconclusive"": 1}","[""case_budget_exhausted""]","[{""attempt_count"": 1, ""budget"": {""max_cases"": 2000, ""memory_mb"": 1024, ""parameters"": {}, ""time_seconds"": 60}, ""checked_cases"": 2000, ""checkpoint_created_at"": ""2026-07-27T11:40:52.187350Z"", ""checkpoint_id"": 84452, ""checkpoint_sequence"": 21, ""cursor"": {""atomic_boundary"": ""one complete finite case"", ""coverage"": {}, ""next_case"": 2000, ""seed"": 3637091779910737432, ""strategy_id"": ""screen-exact"", ""stratum"": 0}, ""frontier_provenance"": {}, ""latest_attempt_checked_cases"": 2000, ""launch_index"": 0, ""outcome"": ""inconclusive"", ""search_role"": ""bounded_screen"", ""stage"": ""screen"", ""status"": ""completed"", ""stop_reason"": ""case_budget_exhausted"", ""strategy_id"": ""screen-exact"", ""task_id"": ""batch-task-801c523ff445acc19a5515256d3cfbb0dc5a2805"", ""updated_at"": ""2026-07-28T00:28:19.830078Z""}, {""attempt_count"": 0, ""budget"": {""max_cases"": 1000000, ""memory_mb"": 1024, ""parameters"": {}, ""time_seconds"": 600}, ""checked_cases"": 0, ""checkpoint_created_at"": null, ""checkpoint_id"": null, ""checkpoint_sequence"": null, ""cursor"": null, ""frontier_provenance"": {""case_generator_contract"": ""positive integers n"", ""resume_indexing"": ""seed-selected stratum plus monotone local index""}, ""latest_attempt_checked_cases"": 0, ""launch_index"": 0, ""outcome"": """", ""search_role"": ""seeded_stratified_frontier_search"", ""stage"": ""deep"", ""status"": ""queued"", ""stop_reason"": """", ""strategy_id"": ""deep-diversified"", ""task_id"": ""batch-task-4cba1aecaad7e852bbfcd7def85d1922da2cdf75"", ""updated_at"": ""2026-07-28T00:28:19.837237Z""}, {""attempt_count"": 0, ""budget"": {""max_cases"": 1000000, ""memory_mb"": 1024, ""parameters"": {}, ""time_seconds"": 600}, ""checked_cases"": 0, ""checkpoint_created_at"": null, ""checkpoint_id"": null, ""checkpoint_sequence"": null, ""cursor"": null, ""frontier_provenance"": {""case_generator_contract"": ""positive integers n"", ""resume_indexing"": ""seed-selected stratum plus monotone local index""}, ""latest_attempt_checked_cases"": 0, ""launch_index"": 1, ""outcome"": """", ""search_role"": ""seeded_stratified_frontier_search"", ""stage"": ""deep"", ""status"": ""queued"", ""stop_reason"": """", ""strategy_id"": ""deep-diversified"", ""task_id"": ""batch-task-198bd769441bfbb6fb56cf47e1924fd956246cd5"", ""updated_at"": ""2026-07-28T00:28:19.844913Z""}, {""attempt_count"": 0, ""budget"": {""max_cases"": 1000000, ""memory_mb"": 1024, ""parameters"": {}, ""time_seconds"": 600}, ""checked_cases"": 0, ""checkpoint_created_at"": null, ""checkpoint_id"": null, ""checkpoint_sequence"": null, ""cursor"": null, ""frontier_provenance"": {""case_generator_contract"": ""positive integers n"", ""resume_indexing"": ""seed-selected stratum plus monotone local index""}, ""latest_attempt_checked_cases"": 0, ""launch_index"": 2, ""outcome"": """", ""search_role"": ""seeded_stratified_frontier_search"", ""stage"": ""deep"", ""status"": ""queued"", ""stop_reason"": """", ""strategy_id"": ""deep-diversified"", ""task_id"": ""batch-task-2b04b9c0dfcceeccc6b460d664eec346e033940a"", ""updated_at"": ""2026-07-28T00:28:19.852517Z""}]"
unsolvedmath-nt-044,Almost Perfect Numbers Beyond Powers of 2,number_theory,queued,False,approved,witness_search,The source is existential or asks for additional solutions. The executor can certify a new witness but bounded absence has no negative force.,not_required,,2026-07-28T00:28:19.882775Z,4,0,0,0,"[""bounded_screen"", ""seeded_stratified_frontier_search""]","[{""case_generator_contract"": ""positive integers n that are not powers of two"", ""resume_indexing"": ""seed-selected stratum plus monotone local index""}]","{""parked"": 3, ""queued"": 1}","{""deep"": {""parked"": 3}, ""screen"": {""queued"": 1}}",{},[],"[{""attempt_count"": 0, ""budget"": {""max_cases"": 2000, ""memory_mb"": 1024, ""parameters"": {}, ""time_seconds"": 60}, ""checked_cases"": 0, ""checkpoint_created_at"": null, ""checkpoint_id"": null, ""checkpoint_sequence"": null, ""cursor"": null, ""frontier_provenance"": {}, ""latest_attempt_checked_cases"": 0, ""launch_index"": 0, ""outcome"": """", ""search_role"": ""bounded_screen"", ""stage"": ""screen"", ""status"": ""queued"", ""stop_reason"": """", ""strategy_id"": ""screen-exact"", ""task_id"": ""batch-task-1654703fe19386d7b4980a7d5ecbec38fd1697eb"", ""updated_at"": ""2026-07-28T00:28:19.859870Z""}, {""attempt_count"": 0, ""budget"": {""max_cases"": 1000000, ""memory_mb"": 1024, ""parameters"": {}, ""time_seconds"": 600}, ""checked_cases"": 0, ""checkpoint_created_at"": null, ""checkpoint_id"": null, ""checkpoint_sequence"": null, ""cursor"": null, ""frontier_provenance"": {""case_generator_contract"": ""positive integers n that are not powers of two"", ""resume_indexing"": ""seed-selected stratum plus monotone local index""}, ""latest_attempt_checked_cases"": 0, ""launch_index"": 0, ""outcome"": """", ""search_role"": ""seeded_stratified_frontier_search"", ""stage"": ""deep"", ""status"": ""parked"", ""stop_reason"": """", ""strategy_id"": ""deep-diversified"", ""task_id"": ""batch-task-ad4ebc04d58a18310476410b8b3b54882cae587c"", ""updated_at"": ""2026-07-28T00:28:19.867546Z""}, {""attempt_count"": 0, ""budget"": {""max_cases"": 1000000, ""memory_mb"": 1024, ""parameters"": {}, ""time_seconds"": 600}, ""checked_cases"": 0, ""checkpoint_created_at"": null, ""checkpoint_id"": null, ""checkpoint_sequence"": null, ""cursor"": null, ""frontier_provenance"": {""case_generator_contract"": ""positive integers n that are not powers of two"", ""resume_indexing"": ""seed-selected stratum plus monotone local index""}, ""latest_attempt_checked_cases"": 0, ""launch_index"": 1, ""outcome"": """", ""search_role"": ""seeded_stratified_frontier_search"", ""stage"": ""deep"", ""status"": ""parked"", ""stop_reason"": """", ""strategy_id"": ""deep-diversified"", ""task_id"": ""batch-task-b9ac2be77e89de8ac45e4c1e73b37a5fdc7c4b44"", ""updated_at"": ""2026-07-28T00:28:19.875055Z""}, {""attempt_count"": 0, ""budget"": {""max_cases"": 1000000, ""memory_mb"": 1024, ""parameters"": {}, ""time_seconds"": 600}, ""checked_cases"": 0, ""checkpoint_created_at"": null, ""checkpoint_id"": null, ""checkpoint_sequence"": null, ""cursor"": null, ""frontier_provenance"": {""case_generator_contract"": ""positive integers n that are not powers of two"", ""resume_indexing"": ""seed-selected stratum plus monotone local index""}, ""latest_attempt_checked_cases"": 0, ""launch_index"": 2, ""outcome"": """", ""search_role"": ""seeded_stratified_frontier_search"", ""stage"": ""deep"", ""status"": ""parked"", ""stop_reason"": """", ""strategy_id"": ""deep-diversified"", ""task_id"": ""batch-task-d51d6940add12fe4c9e8ef4c212893ee2c063e18"", ""updated_at"": ""2026-07-28T00:28:19.882775Z""}]"
unsolvedmath-nt-046,Amicable Numbers of Opposite Parity,number_theory,queued,False,approved,witness_search,The source is existential or asks for additional solutions. The executor can certify a new witness but bounded absence has no negative force.,not_required,,2026-07-28T00:28:19.911898Z,4,0,0,0,"[""bounded_screen"", ""seeded_stratified_frontier_search""]","[{""case_generator_contract"": ""unordered positive integer pairs of opposite parity"", ""resume_indexing"": ""seed-selected stratum plus monotone local index""}]","{""parked"": 3, ""queued"": 1}","{""deep"": {""parked"": 3}, ""screen"": {""queued"": 1}}",{},[],"[{""attempt_count"": 0, ""budget"": {""max_cases"": 2000, ""memory_mb"": 1024, ""parameters"": {}, ""time_seconds"": 60}, ""checked_cases"": 0, ""checkpoint_created_at"": null, ""checkpoint_id"": null, ""checkpoint_sequence"": null, ""cursor"": null, ""frontier_provenance"": {}, ""latest_attempt_checked_cases"": 0, ""launch_index"": 0, ""outcome"": """", ""search_role"": ""bounded_screen"", ""stage"": ""screen"", ""status"": ""queued"", ""stop_reason"": """", ""strategy_id"": ""screen-exact"", ""task_id"": ""batch-task-7565a7d8bcc3405f8a9f4142686cb2f77fa6a7d6"", ""updated_at"": ""2026-07-28T00:28:19.889919Z""}, {""attempt_count"": 0, ""budget"": {""max_cases"": 1000000, ""memory_mb"": 1024, ""parameters"": {}, ""time_seconds"": 600}, ""checked_cases"": 0, ""checkpoint_created_at"": null, ""checkpoint_id"": null, ""checkpoint_sequence"": null, ""cursor"": null, ""frontier_provenance"": {""case_generator_contract"": ""unordered positive integer pairs of opposite parity"", ""resume_indexing"": ""seed-selected stratum plus monotone local index""}, ""latest_attempt_checked_cases"": 0, ""launch_index"": 0, ""outcome"": """", ""search_role"": ""seeded_stratified_frontier_search"", ""stage"": ""deep"", ""status"": ""parked"", ""stop_reason"": """", ""strategy_id"": ""deep-diversified"", ""task_id"": ""batch-task-a8c77ae86bc4e6c2e1a11e5df82293bb0d8d5f85"", ""updated_at"": ""2026-07-28T00:28:19.897031Z""}, {""attempt_count"": 0, ""budget"": {""max_cases"": 1000000, ""memory_mb"": 1024, ""parameters"": {}, ""time_seconds"": 600}, ""checked_cases"": 0, ""checkpoint_created_at"": null, ""checkpoint_id"": null, ""checkpoint_sequence"": null, ""cursor"": null, ""frontier_provenance"": {""case_generator_contract"": ""unordered positive integer pairs of opposite parity"", ""resume_indexing"": ""seed-selected stratum plus monotone local index""}, ""latest_attempt_checked_cases"": 0, ""launch_index"": 1, ""outcome"": """", ""search_role"": ""seeded_stratified_frontier_search"", ""stage"": ""deep"", ""status"": ""parked"", ""stop_reason"": """", ""strategy_id"": ""deep-diversified"", ""task_id"": ""batch-task-b4b7eab8243326e299e671cfc41bb168db47fed5"", ""updated_at"": ""2026-07-28T00:28:19.904466Z""}, {""attempt_count"": 0, ""budget"": {""max_cases"": 1000000, ""memory_mb"": 1024, ""parameters"": {}, ""time_seconds"": 600}, ""checked_cases"": 0, ""checkpoint_created_at"": null, ""checkpoint_id"": null, ""checkpoint_sequence"": null, ""cursor"": null, ""frontier_provenance"": {""case_generator_contract"": ""unordered positive integer pairs of opposite parity"", ""resume_indexing"": ""seed-selected stratum plus monotone local index""}, ""latest_attempt_checked_cases"": 0, ""launch_index"": 2, ""outcome"": """", ""search_role"": ""seeded_stratified_frontier_search"", ""stage"": ""deep"", ""status"": ""parked"", ""stop_reason"": """", ""strategy_id"": ""deep-diversified"", ""task_id"": ""batch-task-75446a492ec8f9733983dc9ad613524032919c2b"", ""updated_at"": ""2026-07-28T00:28:19.911898Z""}]"
unsolvedmath-nt-050,Odd Weird Numbers,number_theory,queued,False,approved,witness_search,The source is existential or asks for additional solutions. The executor can certify a new witness but bounded absence has no negative force.,not_required,,2026-07-28T00:28:19.940684Z,4,0,0,0,"[""bounded_screen"", ""seeded_stratified_frontier_search""]","[{""case_generator_contract"": ""positive odd integers n"", ""resume_indexing"": ""seed-selected stratum plus monotone local index""}]","{""parked"": 3, ""queued"": 1}","{""deep"": {""parked"": 3}, ""screen"": {""queued"": 1}}",{},[],"[{""attempt_count"": 0, ""budget"": {""max_cases"": 2000, ""memory_mb"": 1024, ""parameters"": {}, ""time_seconds"": 60}, ""checked_cases"": 0, ""checkpoint_created_at"": null, ""checkpoint_id"": null, ""checkpoint_sequence"": null, ""cursor"": null, ""frontier_provenance"": {}, ""latest_attempt_checked_cases"": 0, ""launch_index"": 0, ""outcome"": """", ""search_role"": ""bounded_screen"", ""stage"": ""screen"", ""status"": ""queued"", ""stop_reason"": """", ""strategy_id"": ""screen-exact"", ""task_id"": ""batch-task-c3a4d01c9d9d560900fc33e1d84ccf144a2f428a"", ""updated_at"": ""2026-07-28T00:28:19.918910Z""}, {""attempt_count"": 0, ""budget"": {""max_cases"": 1000000, ""memory_mb"": 1024, ""parameters"": {}, ""time_seconds"": 600}, ""checked_cases"": 0, ""checkpoint_created_at"": null, ""checkpoint_id"": null, ""checkpoint_sequence"": null, ""cursor"": null, ""frontier_provenance"": {""case_generator_contract"": ""positive odd integers n"", ""resume_indexing"": ""seed-selected stratum plus monotone local index""}, ""latest_attempt_checked_cases"": 0, ""launch_index"": 0, ""outcome"": """", ""search_role"": ""seeded_stratified_frontier_search"", ""stage"": ""deep"", ""status"": ""parked"", ""stop_reason"": """", ""strategy_id"": ""deep-diversified"", ""task_id"": ""batch-task-5039ae1d4c3a31c295ddda0be9100bc3169cbcbe"", ""updated_at"": ""2026-07-28T00:28:19.926196Z""}, {""attempt_count"": 0, ""budget"": {""max_cases"": 1000000, ""memory_mb"": 1024, ""parameters"": {}, ""time_seconds"": 600}, ""checked_cases"": 0, ""checkpoint_created_at"": null, ""checkpoint_id"": null, ""checkpoint_sequence"": null, ""cursor"": null, ""frontier_provenance"": {""case_generator_contract"": ""positive odd integers n"", ""resume_indexing"": ""seed-selected stratum plus monotone local index""}, ""latest_attempt_checked_cases"": 0, ""launch_index"": 1, ""outcome"": """", ""search_role"": ""seeded_stratified_frontier_search"", ""stage"": ""deep"", ""status"": ""parked"", ""stop_reason"": """", ""strategy_id"": ""deep-diversified"", ""task_id"": ""batch-task-8d23c26197e0bfae1dbae8e4fb71b81c12650d56"", ""updated_at"": ""2026-07-28T00:28:19.933325Z""}, {""attempt_count"": 0, ""budget"": {""max_cases"": 1000000, ""memory_mb"": 1024, ""parameters"": {}, ""time_seconds"": 600}, ""checked_cases"": 0, ""checkpoint_created_at"": null, ""checkpoint_id"": null, ""checkpoint_sequence"": null, ""cursor"": null, ""frontier_provenance"": {""case_generator_contract"": ""positive odd integers n"", ""resume_indexing"": ""seed-selected stratum plus monotone local index""}, ""latest_attempt_checked_cases"": 0, ""launch_index"": 2, ""outcome"": """", ""search_role"": ""seeded_stratified_frontier_search"", ""stage"": ""deep"", ""status"": ""parked"", ""stop_reason"": """", ""strategy_id"": ""deep-diversified"", ""task_id"": ""batch-task-c4114a676051c62c119f1ce426309f2ca0dbb5a2"", ""updated_at"": ""2026-07-28T00:28:19.940684Z""}]"
unsolvedmath-nt-053,Is 10 a Solitary Number?,number_theory,queued,False,approved,full_claim,The mathematical predicate matches the full source claim; only the finite search range is bounded.,not_required,,2026-07-28T00:28:19.973832Z,4,0,0,0,"[""bounded_screen"", ""seeded_stratified_frontier_search""]","[{""case_generator_contract"": ""positive integers n != 10"", ""resume_indexing"": ""seed-selected stratum plus monotone local index""}]","{""parked"": 3, ""queued"": 1}","{""deep"": {""parked"": 3}, ""screen"": {""queued"": 1}}",{},[],"[{""attempt_count"": 0, ""budget"": {""max_cases"": 2000, ""memory_mb"": 1024, ""parameters"": {}, ""time_seconds"": 60}, ""checked_cases"": 0, ""checkpoint_created_at"": null, ""checkpoint_id"": null, ""checkpoint_sequence"": null, ""cursor"": null, ""frontier_provenance"": {}, ""latest_attempt_checked_cases"": 0, ""launch_index"": 0, ""outcome"": """", ""search_role"": ""bounded_screen"", ""stage"": ""screen"", ""status"": ""queued"", ""stop_reason"": """", ""strategy_id"": ""screen-exact"", ""task_id"": ""batch-task-c7f7b0f37e5a3cca55b061df5091ab64057ee17c"", ""updated_at"": ""2026-07-28T00:28:19.947653Z""}, {""attempt_count"": 0, ""budget"": {""max_cases"": 1000000, ""memory_mb"": 1024, ""parameters"": {}, ""time_seconds"": 600}, ""checked_cases"": 0, ""checkpoint_created_at"": null, ""checkpoint_id"": null, ""checkpoint_sequence"": null, ""cursor"": null, ""frontier_provenance"": {""case_generator_contract"": ""positive integers n != 10"", ""resume_indexing"": ""seed-selected stratum plus monotone local index""}, ""latest_attempt_checked_cases"": 0, ""launch_index"": 0, ""outcome"": """", ""search_role"": ""seeded_stratified_frontier_search"", ""stage"": ""deep"", ""status"": ""parked"", ""stop_reason"": """", ""strategy_id"": ""deep-diversified"", ""task_id"": ""batch-task-7111cabcf50edb6343f66fb606320decf56c092a"", ""updated_at"": ""2026-07-28T00:28:19.956193Z""}, {""attempt_count"": 0, ""budget"": {""max_cases"": 1000000, ""memory_mb"": 1024, ""parameters"": {}, ""time_seconds"": 600}, ""checked_cases"": 0, ""checkpoint_created_at"": null, ""checkpoint_id"": null, ""checkpoint_sequence"": null, ""cursor"": null, ""frontier_provenance"": {""case_generator_contract"": ""positive integers n != 10"", ""resume_indexing"": ""seed-selected stratum plus monotone local index""}, ""latest_attempt_checked_cases"": 0, ""launch_index"": 1, ""outcome"": """", ""search_role"": ""seeded_stratified_frontier_search"", ""stage"": ""deep"", ""status"": ""parked"", ""stop_reason"": """", ""strategy_id"": ""deep-diversified"", ""task_id"": ""batch-task-259c77d7bb3cfd3a360932da74a9a6966b7ca873"", ""updated_at"": ""2026-07-28T00:28:19.966547Z""}, {""attempt_count"": 0, ""budget"": {""max_cases"": 1000000, ""memory_mb"": 1024, ""parameters"": {}, ""time_seconds"": 600}, ""checked_cases"": 0, ""checkpoint_created_at"": null, ""checkpoint_id"": null, ""checkpoint_sequence"": null, ""cursor"": null, ""frontier_provenance"": {""case_generator_contract"": ""positive integers n != 10"", ""resume_indexing"": ""seed-selected stratum plus monotone local index""}, ""latest_attempt_checked_cases"": 0, ""launch_index"": 2, ""outcome"": """", ""search_role"": ""seeded_stratified_frontier_search"", ""stage"": ""deep"", ""status"": ""parked"", ""stop_reason"": """", ""strategy_id"": ""deep-diversified"", ""task_id"": ""batch-task-15667faa780930e8dd3d3c5946804ea40ce3eeb0"", ""updated_at"": ""2026-07-28T00:28:19.973832Z""}]"
unsolvedmath-nt-078,Beal's Conjecture,number_theory,queued,False,approved,full_claim,The mathematical predicate matches the full source claim; only the finite search range is bounded.,not_required,,2026-07-28T00:28:20.003791Z,4,0,0,0,"[""bounded_screen"", ""seeded_stratified_frontier_search""]","[{""case_generator_contract"": ""positive A,B,C and integer exponents x,y,z>2"", ""resume_indexing"": ""seed-selected stratum plus monotone local index""}]","{""parked"": 3, ""queued"": 1}","{""deep"": {""parked"": 3}, ""screen"": {""queued"": 1}}",{},[],"[{""attempt_count"": 0, ""budget"": {""max_cases"": 2000, ""memory_mb"": 1024, ""parameters"": {}, ""time_seconds"": 60}, ""checked_cases"": 0, ""checkpoint_created_at"": null, ""checkpoint_id"": null, ""checkpoint_sequence"": null, ""cursor"": null, ""frontier_provenance"": {}, ""latest_attempt_checked_cases"": 0, ""launch_index"": 0, ""outcome"": """", ""search_role"": ""bounded_screen"", ""stage"": ""screen"", ""status"": ""queued"", ""stop_reason"": """", ""strategy_id"": ""screen-exact"", ""task_id"": ""batch-task-40e90c9c94dbbf5fffab039d6771e1970a45ff61"", ""updated_at"": ""2026-07-28T00:28:19.981186Z""}, {""attempt_count"": 0, ""budget"": {""max_cases"": 1000000, ""memory_mb"": 1024, ""parameters"": {}, ""time_seconds"": 600}, ""checked_cases"": 0, ""checkpoint_created_at"": null, ""checkpoint_id"": null, ""checkpoint_sequence"": null, ""cursor"": null, ""frontier_provenance"": {""case_generator_contract"": ""positive A,B,C and integer exponents x,y,z>2"", ""resume_indexing"": ""seed-selected stratum plus monotone local index""}, ""latest_attempt_checked_cases"": 0, ""launch_index"": 0, ""outcome"": """", ""search_role"": ""seeded_stratified_frontier_search"", ""stage"": ""deep"", ""status"": ""parked"", ""stop_reason"": """", ""strategy_id"": ""deep-diversified"", ""task_id"": ""batch-task-b82ef315ed60f08cb25e625387216f2f77e67fe7"", ""updated_at"": ""2026-07-28T00:28:19.988366Z""}, {""attempt_count"": 0, ""budget"": {""max_cases"": 1000000, ""memory_mb"": 1024, ""parameters"": {}, ""time_seconds"": 600}, ""checked_cases"": 0, ""checkpoint_created_at"": null, ""checkpoint_id"": null, ""checkpoint_sequence"": null, ""cursor"": null, ""frontier_provenance"": {""case_generator_contract"": ""positive A,B,C and integer exponents x,y,z>2"", ""resume_indexing"": ""seed-selected stratum plus monotone local index""}, ""latest_attempt_checked_cases"": 0, ""launch_index"": 1, ""outcome"": """", ""search_role"": ""seeded_stratified_frontier_search"", ""stage"": ""deep"", ""status"": ""parked"", ""stop_reason"": """", ""strategy_id"": ""deep-diversified"", ""task_id"": ""batch-task-f5063136cf4c84dd3bb919808a50f592c4bb5adf"", ""updated_at"": ""2026-07-28T00:28:19.996082Z""}, {""attempt_count"": 0, ""budget"": {""max_cases"": 1000000, ""memory_mb"": 1024, ""parameters"": {}, ""time_seconds"": 600}, ""checked_cases"": 0, ""checkpoint_created_at"": null, ""checkpoint_id"": null, ""checkpoint_sequence"": null, ""cursor"": null, ""frontier_provenance"": {""case_generator_contract"": ""positive A,B,C and integer exponents x,y,z>2"", ""resume_indexing"": ""seed-selected stratum plus monotone local index""}, ""latest_attempt_checked_cases"": 0, ""launch_index"": 2, ""outcome"": """", ""search_role"": ""seeded_stratified_frontier_search"", ""stage"": ""deep"", ""status"": ""parked"", ""stop_reason"": """", ""strategy_id"": ""deep-diversified"", ""task_id"": ""batch-task-f5398a3c319ba4c5f4b662d3a4813580a712729b"", ""updated_at"": ""2026-07-28T00:28:20.003791Z""}]"
unsolvedmath-nt-086,Brocard's Conjecture (Prime Gaps),number_theory,queued,False,approved,full_claim,The mathematical predicate matches the full source claim; only the finite search range is bounded.,not_required,,2026-07-28T00:28:20.033143Z,4,0,0,0,"[""bounded_screen"", ""seeded_stratified_frontier_search""]","[{""case_generator_contract"": ""consecutive primes p_n,p_(n+1)"", ""resume_indexing"": ""seed-selected stratum plus monotone local index""}]","{""parked"": 3, ""queued"": 1}","{""deep"": {""parked"": 3}, ""screen"": {""queued"": 1}}",{},[],"[{""attempt_count"": 0, ""budget"": {""max_cases"": 2000, ""memory_mb"": 1024, ""parameters"": {}, ""time_seconds"": 60}, ""checked_cases"": 0, ""checkpoint_created_at"": null, ""checkpoint_id"": null, ""checkpoint_sequence"": null, ""cursor"": null, ""frontier_provenance"": {}, ""latest_attempt_checked_cases"": 0, ""launch_index"": 0, ""outcome"": """", ""search_role"": ""bounded_screen"", ""stage"": ""screen"", ""status"": ""queued"", ""stop_reason"": """", ""strategy_id"": ""screen-exact"", ""task_id"": ""batch-task-1975f36a45f3f60d96da080d5dcdbb3abdc46611"", ""updated_at"": ""2026-07-28T00:28:20.011406Z""}, {""attempt_count"": 0, ""budget"": {""max_cases"": 1000000, ""memory_mb"": 1024, ""parameters"": {}, ""time_seconds"": 600}, ""checked_cases"": 0, ""checkpoint_created_at"": null, ""checkpoint_id"": null, ""checkpoint_sequence"": null, ""cursor"": null, ""frontier_provenance"": {""case_generator_contract"": ""consecutive primes p_n,p_(n+1)"", ""resume_indexing"": ""seed-selected stratum plus monotone local index""}, ""latest_attempt_checked_cases"": 0, ""launch_index"": 0, ""outcome"": """", ""search_role"": ""seeded_stratified_frontier_search"", ""stage"": ""deep"", ""status"": ""parked"", ""stop_reason"": """", ""strategy_id"": ""deep-diversified"", ""task_id"": ""batch-task-94394b96d403f7ff8c15c71b3fca04b76886839c"", ""updated_at"": ""2026-07-28T00:28:20.019061Z""}, {""attempt_count"": 0, ""budget"": {""max_cases"": 1000000, ""memory_mb"": 1024, ""parameters"": {}, ""time_seconds"": 600}, ""checked_cases"": 0, ""checkpoint_created_at"": null, ""checkpoint_id"": null, ""checkpoint_sequence"": null, ""cursor"": null, ""frontier_provenance"": {""case_generator_contract"": ""consecutive primes p_n,p_(n+1)"", ""resume_indexing"": ""seed-selected stratum plus monotone local index""}, ""latest_attempt_checked_cases"": 0, ""launch_index"": 1, ""outcome"": """", ""search_role"": ""seeded_stratified_frontier_search"", ""stage"": ""deep"", ""status"": ""parked"", ""stop_reason"": """", ""strategy_id"": ""deep-diversified"", ""task_id"": ""batch-task-4343907fd34d7c36f3a6eb437d0fc072731508f1"", ""updated_at"": ""2026-07-28T00:28:20.026263Z""}, {""attempt_count"": 0, ""budget"": {""max_cases"": 1000000, ""memory_mb"": 1024, ""parameters"": {}, ""time_seconds"": 600}, ""checked_cases"": 0, ""checkpoint_created_at"": null, ""checkpoint_id"": null, ""checkpoint_sequence"": null, ""cursor"": null, ""frontier_provenance"": {""case_generator_contract"": ""consecutive primes p_n,p_(n+1)"", ""resume_indexing"": ""seed-selected stratum plus monotone local index""}, ""latest_attempt_checked_cases"": 0, ""launch_index"": 2, ""outcome"": """", ""search_role"": ""seeded_stratified_frontier_search"", ""stage"": ""deep"", ""status"": ""parked"", ""stop_reason"": """", ""strategy_id"": ""deep-diversified"", ""task_id"": ""batch-task-e249314de82bafef433723413a33517b974a6005"", ""updated_at"": ""2026-07-28T00:28:20.033143Z""}]"
unsolvedmath-guy-a12b,Selfridge-Wagstaff-Pomerance Prize Problem,number_theory,queued,False,approved,witness_search,The source is existential or asks for additional solutions. The executor can certify a new witness but bounded absence has no negative force.,not_required,,2026-07-28T00:28:20.062389Z,4,0,0,0,"[""bounded_screen"", ""seeded_stratified_frontier_search""]","[{""case_generator_contract"": ""composite n congruent to 3 or 7 modulo 10"", ""resume_indexing"": ""seed-selected stratum plus monotone local index""}]","{""parked"": 3, ""queued"": 1}","{""deep"": {""parked"": 3}, ""screen"": {""queued"": 1}}",{},[],"[{""attempt_count"": 0, ""budget"": {""max_cases"": 2000, ""memory_mb"": 1024, ""parameters"": {}, ""time_seconds"": 60}, ""checked_cases"": 0, ""checkpoint_created_at"": null, ""checkpoint_id"": null, ""checkpoint_sequence"": null, ""cursor"": null, ""frontier_provenance"": {}, ""latest_attempt_checked_cases"": 0, ""launch_index"": 0, ""outcome"": """", ""search_role"": ""bounded_screen"", ""stage"": ""screen"", ""status"": ""queued"", ""stop_reason"": """", ""strategy_id"": ""screen-exact"", ""task_id"": ""batch-task-f2440d197788a32077a284e57114da7a098e071d"", ""updated_at"": ""2026-07-28T00:28:20.040122Z""}, {""attempt_count"": 0, ""budget"": {""max_cases"": 1000000, ""memory_mb"": 1024, ""parameters"": {}, ""time_seconds"": 600}, ""checked_cases"": 0, ""checkpoint_created_at"": null, ""checkpoint_id"": null, ""checkpoint_sequence"": null, ""cursor"": null, ""frontier_provenance"": {""case_generator_contract"": ""composite n congruent to 3 or 7 modulo 10"", ""resume_indexing"": ""seed-selected stratum plus monotone local index""}, ""latest_attempt_checked_cases"": 0, ""launch_index"": 0, ""outcome"": """", ""search_role"": ""seeded_stratified_frontier_search"", ""stage"": ""deep"", ""status"": ""parked"", ""stop_reason"": """", ""strategy_id"": ""deep-diversified"", ""task_id"": ""batch-task-38744620e806fa5fe0f4906e9a7f2068818267d9"", ""updated_at"": ""2026-07-28T00:28:20.047056Z""}, {""attempt_count"": 0, ""budget"": {""max_cases"": 1000000, ""memory_mb"": 1024, ""parameters"": {}, ""time_seconds"": 600}, ""checked_cases"": 0, ""checkpoint_created_at"": null, ""checkpoint_id"": null, ""checkpoint_sequence"": null, ""cursor"": null, ""frontier_provenance"": {""case_generator_contract"": ""composite n congruent to 3 or 7 modulo 10"", ""resume_indexing"": ""seed-selected stratum plus monotone local index""}, ""latest_attempt_checked_cases"": 0, ""launch_index"": 1, ""outcome"": """", ""search_role"": ""seeded_stratified_frontier_search"", ""stage"": ""deep"", ""status"": ""parked"", ""stop_reason"": """", ""strategy_id"": ""deep-diversified"", ""task_id"": ""batch-task-8cbe5923921f56036199a3eccbac6663c4e38469"", ""updated_at"": ""2026-07-28T00:28:20.054537Z""}, {""attempt_count"": 0, ""budget"": {""max_cases"": 1000000, ""memory_mb"": 1024, ""parameters"": {}, ""time_seconds"": 600}, ""checked_cases"": 0, ""checkpoint_created_at"": null, ""checkpoint_id"": null, ""checkpoint_sequence"": null, ""cursor"": null, ""frontier_provenance"": {""case_generator_contract"": ""composite n congruent to 3 or 7 modulo 10"", ""resume_indexing"": ""seed-selected stratum plus monotone local index""}, ""latest_attempt_checked_cases"": 0, ""launch_index"": 2, ""outcome"": """", ""search_role"": ""seeded_stratified_frontier_search"", ""stage"": ""deep"", ""status"": ""parked"", ""stop_reason"": """", ""strategy_id"": ""deep-diversified"", ""task_id"": ""batch-task-0163006cc13f6987b39fa72bb88bb754afd80e4a"", ""updated_at"": ""2026-07-28T00:28:20.062389Z""}]"
unsolvedmath-guy-a19a,Erdős Conjecture on $n - 2^k$ Prime,number_theory,queued,False,approved,full_claim,The mathematical predicate matches the full source claim; only the finite search range is bounded.,not_required,,2026-07-28T00:28:20.105234Z,4,0,0,0,"[""bounded_screen"", ""seeded_stratified_frontier_search""]","[{""case_generator_contract"": ""positive n outside the seven source-listed values"", ""resume_indexing"": ""seed-selected stratum plus monotone local index""}]","{""parked"": 3, ""queued"": 1}","{""deep"": {""parked"": 3}, ""screen"": {""queued"": 1}}",{},[],"[{""attempt_count"": 0, ""budget"": {""max_cases"": 2000, ""memory_mb"": 1024, ""parameters"": {}, ""time_seconds"": 60}, ""checked_cases"": 0, ""checkpoint_created_at"": null, ""checkpoint_id"": null, ""checkpoint_sequence"": null, ""cursor"": null, ""frontier_provenance"": {}, ""latest_attempt_checked_cases"": 0, ""launch_index"": 0, ""outcome"": """", ""search_role"": ""bounded_screen"", ""stage"": ""screen"", ""status"": ""queued"", ""stop_reason"": """", ""strategy_id"": ""screen-exact"", ""task_id"": ""batch-task-598eea81b2ba5560d8e6c097071c51cdf8ddb981"", ""updated_at"": ""2026-07-28T00:28:20.075727Z""}, {""attempt_count"": 0, ""budget"": {""max_cases"": 1000000, ""memory_mb"": 1024, ""parameters"": {}, ""time_seconds"": 600}, ""checked_cases"": 0, ""checkpoint_created_at"": null, ""checkpoint_id"": null, ""checkpoint_sequence"": null, ""cursor"": null, ""frontier_provenance"": {""case_generator_contract"": ""positive n outside the seven source-listed values"", ""resume_indexing"": ""seed-selected stratum plus monotone local index""}, ""latest_attempt_checked_cases"": 0, ""launch_index"": 0, ""outcome"": """", ""search_role"": ""seeded_stratified_frontier_search"", ""stage"": ""deep"", ""status"": ""parked"", ""stop_reason"": """", ""strategy_id"": ""deep-diversified"", ""task_id"": ""batch-task-e85577f394ccc4952119a9c7896fd44c10a58a4b"", ""updated_at"": ""2026-07-28T00:28:20.090266Z""}, {""attempt_count"": 0, ""budget"": {""max_cases"": 1000000, ""memory_mb"": 1024, ""parameters"": {}, ""time_seconds"": 600}, ""checked_cases"": 0, ""checkpoint_created_at"": null, ""checkpoint_id"": null, ""checkpoint_sequence"": null, ""cursor"": null, ""frontier_provenance"": {""case_generator_contract"": ""positive n outside the seven source-listed values"", ""resume_indexing"": ""seed-selected stratum plus monotone local index""}, ""latest_attempt_checked_cases"": 0, ""launch_index"": 1, ""outcome"": """", ""search_role"": ""seeded_stratified_frontier_search"", ""stage"": ""deep"", ""status"": ""parked"", ""stop_reason"": """", ""strategy_id"": ""deep-diversified"", ""task_id"": ""batch-task-6e46b66d333ec7b747cbe484dfe4de7b3f563dc2"", ""updated_at"": ""2026-07-28T00:28:20.097898Z""}, {""attempt_count"": 0, ""budget"": {""max_cases"": 1000000, ""memory_mb"": 1024, ""parameters"": {}, ""time_seconds"": 600}, ""checked_cases"": 0, ""checkpoint_created_at"": null, ""checkpoint_id"": null, ""checkpoint_sequence"": null, ""cursor"": null, ""frontier_provenance"": {""case_generator_contract"": ""positive n outside the seven source-listed values"", ""resume_indexing"": ""seed-selected stratum plus monotone local index""}, ""latest_attempt_checked_cases"": 0, ""launch_index"": 2, ""outcome"": """", ""search_role"": ""seeded_stratified_frontier_search"", ""stage"": ""deep"", ""status"": ""parked"", ""stop_reason"": """", ""strategy_id"": ""deep-diversified"", ""task_id"": ""batch-task-53eed07f178733d2d351ec2fc3cff3620ef79889"", ""updated_at"": ""2026-07-28T00:28:20.105234Z""}]"
unsolvedmath-guy-a7b,Shanks Chains of Length 7,number_theory,queued,False,approved,witness_search,The source is existential or asks for additional solutions. The executor can certify a new witness but bounded absence has no negative force.,not_required,,2026-07-28T00:28:20.120058Z,2,0,0,0,"[""bounded_screen"", ""monotone_exact_case_enumeration""]","[{""case_generator_contract"": ""prime starting values p_1"", ""resume_indexing"": ""monotone exact case index""}]","{""parked"": 1, ""queued"": 1}","{""deep"": {""parked"": 1}, ""screen"": {""queued"": 1}}",{},[],"[{""attempt_count"": 0, ""budget"": {""max_cases"": 2000, ""memory_mb"": 1024, ""parameters"": {}, ""time_seconds"": 60}, ""checked_cases"": 0, ""checkpoint_created_at"": null, ""checkpoint_id"": null, ""checkpoint_sequence"": null, ""cursor"": null, ""frontier_provenance"": {}, ""latest_attempt_checked_cases"": 0, ""launch_index"": 0, ""outcome"": """", ""search_role"": ""bounded_screen"", ""stage"": ""screen"", ""status"": ""queued"", ""stop_reason"": """", ""strategy_id"": ""screen-exact"", ""task_id"": ""batch-task-36f89fe1579118be61ab160de7e125bd92fd5c2a"", ""updated_at"": ""2026-07-28T00:28:20.112569Z""}, {""attempt_count"": 0, ""budget"": {""max_cases"": 1000000, ""memory_mb"": 1024, ""parameters"": {}, ""time_seconds"": 600}, ""checked_cases"": 0, ""checkpoint_created_at"": null, ""checkpoint_id"": null, ""checkpoint_sequence"": null, ""cursor"": null, ""frontier_provenance"": {""case_generator_contract"": ""prime starting values p_1"", ""resume_indexing"": ""monotone exact case index""}, ""latest_attempt_checked_cases"": 0, ""launch_index"": 0, ""outcome"": """", ""search_role"": ""monotone_exact_case_enumeration"", ""stage"": ""deep"", ""status"": ""parked"", ""stop_reason"": """", ""strategy_id"": ""deep-diversified"", ""task_id"": ""batch-task-c6af5f09e39d427f1463403b110e104ad5a79944"", ""updated_at"": ""2026-07-28T00:28:20.120058Z""}]"
unsolvedmath-opg-148,A nowhere-zero point in a linear mapping,combinatorics,queued,False,approved,restricted_family,The executor enumerates the explicitly named finite subfamily in model_contract.objects. A failure inside it is a valid source-level counterexample; no failure says nothing about objects outside it.,not_required,,2026-07-28T00:28:20.134807Z,2,0,0,0,"[""bounded_screen"", ""monotone_exact_case_enumeration""]","[{""case_generator_contract"": ""invertible matrices over prime fields F_p with p>=5"", ""resume_indexing"": ""monotone exact case index""}]","{""parked"": 1, ""queued"": 1}","{""deep"": {""parked"": 1}, ""screen"": {""queued"": 1}}",{},[],"[{""attempt_count"": 0, ""budget"": {""max_cases"": 2000, ""memory_mb"": 1024, ""parameters"": {}, ""time_seconds"": 60}, ""checked_cases"": 0, ""checkpoint_created_at"": null, ""checkpoint_id"": null, ""checkpoint_sequence"": null, ""cursor"": null, ""frontier_provenance"": {}, ""latest_attempt_checked_cases"": 0, ""launch_index"": 0, ""outcome"": """", ""search_role"": ""bounded_screen"", ""stage"": ""screen"", ""status"": ""queued"", ""stop_reason"": """", ""strategy_id"": ""screen-exact"", ""task_id"": ""batch-task-767cd7a539224da86bb9d3028cfe868a26c63bbe"", ""updated_at"": ""2026-07-28T00:28:20.127570Z""}, {""attempt_count"": 0, ""budget"": {""max_cases"": 1000000, ""memory_mb"": 1024, ""parameters"": {}, ""time_seconds"": 600}, ""checked_cases"": 0, ""checkpoint_created_at"": null, ""checkpoint_id"": null, ""checkpoint_sequence"": null, ""cursor"": null, ""frontier_provenance"": {""case_generator_contract"": ""invertible matrices over prime fields F_p with p>=5"", ""resume_indexing"": ""monotone exact case index""}, ""latest_attempt_checked_cases"": 0, ""launch_index"": 0, ""outcome"": """", ""search_role"": ""monotone_exact_case_enumeration"", ""stage"": ""deep"", ""status"": ""parked"", ""stop_reason"": """", ""strategy_id"": ""deep-diversified"", ""task_id"": ""batch-task-3719ef93d862cb2694c62a171c328083acab9aad"", ""updated_at"": ""2026-07-28T00:28:20.134807Z""}]"
unsolvedmath-opg-151,The permanent conjecture,combinatorics,queued,False,approved,restricted_family,The executor enumerates the explicitly named finite subfamily in model_contract.objects. A failure inside it is a valid source-level counterexample; no failure says nothing about objects outside it.,not_required,,2026-07-28T00:28:20.149164Z,2,0,0,0,"[""bounded_screen"", ""monotone_exact_case_enumeration""]","[{""case_generator_contract"": ""invertible matrices over prime fields"", ""resume_indexing"": ""monotone exact case index""}]","{""parked"": 1, ""queued"": 1}","{""deep"": {""parked"": 1}, ""screen"": {""queued"": 1}}",{},[],"[{""attempt_count"": 0, ""budget"": {""max_cases"": 2000, ""memory_mb"": 1024, ""parameters"": {}, ""time_seconds"": 60}, ""checked_cases"": 0, ""checkpoint_created_at"": null, ""checkpoint_id"": null, ""checkpoint_sequence"": null, ""cursor"": null, ""frontier_provenance"": {}, ""latest_attempt_checked_cases"": 0, ""launch_index"": 0, ""outcome"": """", ""search_role"": ""bounded_screen"", ""stage"": ""screen"", ""status"": ""queued"", ""stop_reason"": """", ""strategy_id"": ""screen-exact"", ""task_id"": ""batch-task-ffdd04ce0d896378e4572fc68b7b3306786d4099"", ""updated_at"": ""2026-07-28T00:28:20.142034Z""}, {""attempt_count"": 0, ""budget"": {""max_cases"": 1000000, ""memory_mb"": 1024, ""parameters"": {}, ""time_seconds"": 600}, ""checked_cases"": 0, ""checkpoint_created_at"": null, ""checkpoint_id"": null, ""checkpoint_sequence"": null, ""cursor"": null, ""frontier_provenance"": {""case_generator_contract"": ""invertible matrices over prime fields"", ""resume_indexing"": ""monotone exact case index""}, ""latest_attempt_checked_cases"": 0, ""launch_index"": 0, ""outcome"": """", ""search_role"": ""monotone_exact_case_enumeration"", ""stage"": ""deep"", ""status"": ""parked"", ""stop_reason"": """", ""strategy_id"": ""deep-diversified"", ""task_id"": ""batch-task-467068ebdf095362b6ea9a04fa6b24d4413caa5d"", ""updated_at"": ""2026-07-28T00:28:20.149164Z""}]"
unsolvedmath-opg-16570,Magic square of squares,number_theory,queued,False,approved,witness_search,The source is existential or asks for additional solutions. The executor can certify a new witness but bounded absence has no negative force.,not_required,,2026-07-28T00:28:20.178712Z,4,0,0,0,"[""bounded_screen"", ""seeded_stratified_frontier_search""]","[{""case_generator_contract"": ""three-by-three integer arrays generated in the standard magic-square parametrization"", ""resume_indexing"": ""seed-selected stratum plus monotone local index""}]","{""parked"": 3, ""queued"": 1}","{""deep"": {""parked"": 3}, ""screen"": {""queued"": 1}}",{},[],"[{""attempt_count"": 0, ""budget"": {""max_cases"": 2000, ""memory_mb"": 1024, ""parameters"": {}, ""time_seconds"": 60}, ""checked_cases"": 0, ""checkpoint_created_at"": null, ""checkpoint_id"": null, ""checkpoint_sequence"": null, ""cursor"": null, ""frontier_provenance"": {}, ""latest_attempt_checked_cases"": 0, ""launch_index"": 0, ""outcome"": """", ""search_role"": ""bounded_screen"", ""stage"": ""screen"", ""status"": ""queued"", ""stop_reason"": """", ""strategy_id"": ""screen-exact"", ""task_id"": ""batch-task-852d0f43e07dbbed3a13ba0d0d13810d7ad3ab60"", ""updated_at"": ""2026-07-28T00:28:20.156282Z""}, {""attempt_count"": 0, ""budget"": {""max_cases"": 1000000, ""memory_mb"": 1024, ""parameters"": {}, ""time_seconds"": 600}, ""checked_cases"": 0, ""checkpoint_created_at"": null, ""checkpoint_id"": null, ""checkpoint_sequence"": null, ""cursor"": null, ""frontier_provenance"": {""case_generator_contract"": ""three-by-three integer arrays generated in the standard magic-square parametrization"", ""resume_indexing"": ""seed-selected stratum plus monotone local index""}, ""latest_attempt_checked_cases"": 0, ""launch_index"": 0, ""outcome"": """", ""search_role"": ""seeded_stratified_frontier_search"", ""stage"": ""deep"", ""status"": ""parked"", ""stop_reason"": """", ""strategy_id"": ""deep-diversified"", ""task_id"": ""batch-task-fc5ed9d896ac92f371c449860dd4ef92846d89c3"", ""updated_at"": ""2026-07-28T00:28:20.163349Z""}, {""attempt_count"": 0, ""budget"": {""max_cases"": 1000000, ""memory_mb"": 1024, ""parameters"": {}, ""time_seconds"": 600}, ""checked_cases"": 0, ""checkpoint_created_at"": null, ""checkpoint_id"": null, ""checkpoint_sequence"": null, ""cursor"": null, ""frontier_provenance"": {""case_generator_contract"": ""three-by-three integer arrays generated in the standard magic-square parametrization"", ""resume_indexing"": ""seed-selected stratum plus monotone local index""}, ""latest_attempt_checked_cases"": 0, ""launch_index"": 1, ""outcome"": """", ""search_role"": ""seeded_stratified_frontier_search"", ""stage"": ""deep"", ""status"": ""parked"", ""stop_reason"": """", ""strategy_id"": ""deep-diversified"", ""task_id"": ""batch-task-04b62c52d7a513a32930e4d6b34194de1b1cc9b8"", ""updated_at"": ""2026-07-28T00:28:20.170828Z""}, {""attempt_count"": 0, ""budget"": {""max_cases"": 1000000, ""memory_mb"": 1024, ""parameters"": {}, ""time_seconds"": 600}, ""checked_cases"": 0, ""checkpoint_created_at"": null, ""checkpoint_id"": null, ""checkpoint_sequence"": null, ""cursor"": null, ""frontier_provenance"": {""case_generator_contract"": ""three-by-three integer arrays generated in the standard magic-square parametrization"", ""resume_indexing"": ""seed-selected stratum plus monotone local index""}, ""latest_attempt_checked_cases"": 0, ""launch_index"": 2, ""outcome"": """", ""search_role"": ""seeded_stratified_frontier_search"", ""stage"": ""deep"", ""status"": ""parked"", ""stop_reason"": """", ""strategy_id"": ""deep-diversified"", ""task_id"": ""batch-task-203a7b86d6a08bbf1453d511b92bc3b54e9700c8"", ""updated_at"": ""2026-07-28T00:28:20.178712Z""}]"
unsolvedmath-opg-37221,Perfect cuboid,number_theory,queued,False,approved,witness_search,The source is existential or asks for additional solutions. The executor can certify a new witness but bounded absence has no negative force.,not_required,,2026-07-28T00:28:20.209677Z,4,0,0,0,"[""bounded_screen"", ""seeded_stratified_frontier_search""]","[{""case_generator_contract"": ""positive integer edge triples"", ""resume_indexing"": ""seed-selected stratum plus monotone local index""}]","{""parked"": 3, ""queued"": 1}","{""deep"": {""parked"": 3}, ""screen"": {""queued"": 1}}",{},[],"[{""attempt_count"": 0, ""budget"": {""max_cases"": 2000, ""memory_mb"": 1024, ""parameters"": {}, ""time_seconds"": 60}, ""checked_cases"": 0, ""checkpoint_created_at"": null, ""checkpoint_id"": null, ""checkpoint_sequence"": null, ""cursor"": null, ""frontier_provenance"": {}, ""latest_attempt_checked_cases"": 0, ""launch_index"": 0, ""outcome"": """", ""search_role"": ""bounded_screen"", ""stage"": ""screen"", ""status"": ""queued"", ""stop_reason"": """", ""strategy_id"": ""screen-exact"", ""task_id"": ""batch-task-e88d0b0285d14e544f387920d590a1fba5c293f1"", ""updated_at"": ""2026-07-28T00:28:20.186590Z""}, {""attempt_count"": 0, ""budget"": {""max_cases"": 1000000, ""memory_mb"": 1024, ""parameters"": {}, ""time_seconds"": 600}, ""checked_cases"": 0, ""checkpoint_created_at"": null, ""checkpoint_id"": null, ""checkpoint_sequence"": null, ""cursor"": null, ""frontier_provenance"": {""case_generator_contract"": ""positive integer edge triples"", ""resume_indexing"": ""seed-selected stratum plus monotone local index""}, ""latest_attempt_checked_cases"": 0, ""launch_index"": 0, ""outcome"": """", ""search_role"": ""seeded_stratified_frontier_search"", ""stage"": ""deep"", ""status"": ""parked"", ""stop_reason"": """", ""strategy_id"": ""deep-diversified"", ""task_id"": ""batch-task-77ca46b83e6f7c5c825e04ac21dbc3fe375ef1e4"", ""updated_at"": ""2026-07-28T00:28:20.194199Z""}, {""attempt_count"": 0, ""budget"": {""max_cases"": 1000000, ""memory_mb"": 1024, ""parameters"": {}, ""time_seconds"": 600}, ""checked_cases"": 0, ""checkpoint_created_at"": null, ""checkpoint_id"": null, ""checkpoint_sequence"": null, ""cursor"": null, ""frontier_provenance"": {""case_generator_contract"": ""positive integer edge triples"", ""resume_indexing"": ""seed-selected stratum plus monotone local index""}, ""latest_attempt_checked_cases"": 0, ""launch_index"": 1, ""outcome"": """", ""search_role"": ""seeded_stratified_frontier_search"", ""stage"": ""deep"", ""status"": ""parked"", ""stop_reason"": """", ""strategy_id"": ""deep-diversified"", ""task_id"": ""batch-task-deaa0d230c807f20afea1f89f66edd3e245d7b25"", ""updated_at"": ""2026-07-28T00:28:20.201897Z""}, {""attempt_count"": 0, ""budget"": {""max_cases"": 1000000, ""memory_mb"": 1024, ""parameters"": {}, ""time_seconds"": 600}, ""checked_cases"": 0, ""checkpoint_created_at"": null, ""checkpoint_id"": null, ""checkpoint_sequence"": null, ""cursor"": null, ""frontier_provenance"": {""case_generator_contract"": ""positive integer edge triples"", ""resume_indexing"": ""seed-selected stratum plus monotone local index""}, ""latest_attempt_checked_cases"": 0, ""launch_index"": 2, ""outcome"": """", ""search_role"": ""seeded_stratified_frontier_search"", ""stage"": ""deep"", ""status"": ""parked"", ""stop_reason"": """", ""strategy_id"": ""deep-diversified"", ""task_id"": ""batch-task-2a86588f1499ae215d4a429b969197bea302f58c"", ""updated_at"": ""2026-07-28T00:28:20.209677Z""}]"
unsolvedmath-opg-46385,Caccetta-Häggkvist Conjecture,graph_theory,queued,False,approved,restricted_family,The executor enumerates the explicitly named finite subfamily in model_contract.objects. A failure inside it is a valid source-level counterexample; no failure says nothing about objects outside it.,not_required,,2026-07-28T00:28:20.225867Z,2,0,0,0,"[""bounded_screen"", ""monotone_exact_case_enumeration""]","[{""case_generator_contract"": ""finite simple digraphs and their exact minimum outdegree r"", ""resume_indexing"": ""monotone exact case index""}]","{""parked"": 1, ""queued"": 1}","{""deep"": {""parked"": 1}, ""screen"": {""queued"": 1}}",{},[],"[{""attempt_count"": 0, ""budget"": {""max_cases"": 2000, ""memory_mb"": 1024, ""parameters"": {}, ""time_seconds"": 60}, ""checked_cases"": 0, ""checkpoint_created_at"": null, ""checkpoint_id"": null, ""checkpoint_sequence"": null, ""cursor"": null, ""frontier_provenance"": {}, ""latest_attempt_checked_cases"": 0, ""launch_index"": 0, ""outcome"": """", ""search_role"": ""bounded_screen"", ""stage"": ""screen"", ""status"": ""queued"", ""stop_reason"": """", ""strategy_id"": ""screen-exact"", ""task_id"": ""batch-task-a51596c67867468f55b6fdd34acf60e56b9f7734"", ""updated_at"": ""2026-07-28T00:28:20.217781Z""}, {""attempt_count"": 0, ""budget"": {""max_cases"": 1000000, ""memory_mb"": 1024, ""parameters"": {}, ""time_seconds"": 600}, ""checked_cases"": 0, ""checkpoint_created_at"": null, ""checkpoint_id"": null, ""checkpoint_sequence"": null, ""cursor"": null, ""frontier_provenance"": {""case_generator_contract"": ""finite simple digraphs and their exact minimum outdegree r"", ""resume_indexing"": ""monotone exact case index""}, ""latest_attempt_checked_cases"": 0, ""launch_index"": 0, ""outcome"": """", ""search_role"": ""monotone_exact_case_enumeration"", ""stage"": ""deep"", ""status"": ""parked"", ""stop_reason"": """", ""strategy_id"": ""deep-diversified"", ""task_id"": ""batch-task-02b876d9847540824075ca352196dfb6ce32d371"", ""updated_at"": ""2026-07-28T00:28:20.225867Z""}]"
unsolvedmath-opg-369,Bases of many weights,combinatorics,queued,False,approved,restricted_family,The executor enumerates the explicitly named finite subfamily in model_contract.objects. A failure inside it is a valid source-level counterexample; no failure says nothing about objects outside it.,not_required,,2026-07-28T00:28:20.254634Z,4,0,0,0,"[""bounded_screen"", ""seeded_stratified_frontier_search""]","[{""case_generator_contract"": ""graphic matroids of small labelled multigraph-free graphs with weights in composite cyclic groups Z_m"", ""resume_indexing"": ""seed-selected stratum plus monotone local index""}]","{""parked"": 3, ""queued"": 1}","{""deep"": {""parked"": 3}, ""screen"": {""queued"": 1}}",{},[],"[{""attempt_count"": 0, ""budget"": {""max_cases"": 2000, ""memory_mb"": 1024, ""parameters"": {}, ""time_seconds"": 60}, ""checked_cases"": 0, ""checkpoint_created_at"": null, ""checkpoint_id"": null, ""checkpoint_sequence"": null, ""cursor"": null, ""frontier_provenance"": {}, ""latest_attempt_checked_cases"": 0, ""launch_index"": 0, ""outcome"": """", ""search_role"": ""bounded_screen"", ""stage"": ""screen"", ""status"": ""queued"", ""stop_reason"": """", ""strategy_id"": ""screen-exact"", ""task_id"": ""batch-task-4222ca147c0af5473de6cdc996cd49646aed191a"", ""updated_at"": ""2026-07-28T00:28:20.232877Z""}, {""attempt_count"": 0, ""budget"": {""max_cases"": 1000000, ""memory_mb"": 1024, ""parameters"": {}, ""time_seconds"": 600}, ""checked_cases"": 0, ""checkpoint_created_at"": null, ""checkpoint_id"": null, ""checkpoint_sequence"": null, ""cursor"": null, ""frontier_provenance"": {""case_generator_contract"": ""graphic matroids of small labelled multigraph-free graphs with weights in composite cyclic groups Z_m"", ""resume_indexing"": ""seed-selected stratum plus monotone local index""}, ""latest_attempt_checked_cases"": 0, ""launch_index"": 0, ""outcome"": """", ""search_role"": ""seeded_stratified_frontier_search"", ""stage"": ""deep"", ""status"": ""parked"", ""stop_reason"": """", ""strategy_id"": ""deep-diversified"", ""task_id"": ""batch-task-0a669c6223f03d9f2ed590e15a97b738726b28f9"", ""updated_at"": ""2026-07-28T00:28:20.240354Z""}, {""attempt_count"": 0, ""budget"": {""max_cases"": 1000000, ""memory_mb"": 1024, ""parameters"": {}, ""time_seconds"": 600}, ""checked_cases"": 0, ""checkpoint_created_at"": null, ""checkpoint_id"": null, ""checkpoint_sequence"": null, ""cursor"": null, ""frontier_provenance"": {""case_generator_contract"": ""graphic matroids of small labelled multigraph-free graphs with weights in composite cyclic groups Z_m"", ""resume_indexing"": ""seed-selected stratum plus monotone local index""}, ""latest_attempt_checked_cases"": 0, ""launch_index"": 1, ""outcome"": """", ""search_role"": ""seeded_stratified_frontier_search"", ""stage"": ""deep"", ""status"": ""parked"", ""stop_reason"": """", ""strategy_id"": ""deep-diversified"", ""task_id"": ""batch-task-8e865fbe2a01482150916b826268205006174ce8"", ""updated_at"": ""2026-07-28T00:28:20.247462Z""}, {""attempt_count"": 0, ""budget"": {""max_cases"": 1000000, ""memory_mb"": 1024, ""parameters"": {}, ""time_seconds"": 600}, ""checked_cases"": 0, ""checkpoint_created_at"": null, ""checkpoint_id"": null, ""checkpoint_sequence"": null, ""cursor"": null, ""frontier_provenance"": {""case_generator_contract"": ""graphic matroids of small labelled multigraph-free graphs with weights in composite cyclic groups Z_m"", ""resume_indexing"": ""seed-selected stratum plus monotone local index""}, ""latest_attempt_checked_cases"": 0, ""launch_index"": 2, ""outcome"": """", ""search_role"": ""seeded_stratified_frontier_search"", ""stage"": ""deep"", ""status"": ""parked"", ""stop_reason"": """", ""strategy_id"": ""deep-diversified"", ""task_id"": ""batch-task-ee9c5a6d36a6ebd86e018144afe3f7f88d666a21"", ""updated_at"": ""2026-07-28T00:28:20.254634Z""}]"
unsolvedmath-opg-1793,Non-edges vs. feedback edge sets in digraphs,graph_theory,queued,False,approved,restricted_family,The executor enumerates the explicitly named finite subfamily in model_contract.objects. A failure inside it is a valid source-level counterexample; no failure says nothing about objects outside it.,not_required,,2026-07-28T00:28:20.268846Z,2,0,0,0,"[""bounded_screen"", ""monotone_exact_case_enumeration""]","[{""case_generator_contract"": ""finite simple digraphs with no directed cycle of length at most three"", ""resume_indexing"": ""monotone exact case index""}]","{""parked"": 1, ""queued"": 1}","{""deep"": {""parked"": 1}, ""screen"": {""queued"": 1}}",{},[],"[{""attempt_count"": 0, ""budget"": {""max_cases"": 2000, ""memory_mb"": 1024, ""parameters"": {}, ""time_seconds"": 60}, ""checked_cases"": 0, ""checkpoint_created_at"": null, ""checkpoint_id"": null, ""checkpoint_sequence"": null, ""cursor"": null, ""frontier_provenance"": {}, ""latest_attempt_checked_cases"": 0, ""launch_index"": 0, ""outcome"": """", ""search_role"": ""bounded_screen"", ""stage"": ""screen"", ""status"": ""queued"", ""stop_reason"": """", ""strategy_id"": ""screen-exact"", ""task_id"": ""batch-task-4188ccb705e6ea29d28d6abf118a08eb0870c8e5"", ""updated_at"": ""2026-07-28T00:28:20.261778Z""}, {""attempt_count"": 0, ""budget"": {""max_cases"": 1000000, ""memory_mb"": 1024, ""parameters"": {}, ""time_seconds"": 600}, ""checked_cases"": 0, ""checkpoint_created_at"": null, ""checkpoint_id"": null, ""checkpoint_sequence"": null, ""cursor"": null, ""frontier_provenance"": {""case_generator_contract"": ""finite simple digraphs with no directed cycle of length at most three"", ""resume_indexing"": ""monotone exact case index""}, ""latest_attempt_checked_cases"": 0, ""launch_index"": 0, ""outcome"": """", ""search_role"": ""monotone_exact_case_enumeration"", ""stage"": ""deep"", ""status"": ""parked"", ""stop_reason"": """", ""strategy_id"": ""deep-diversified"", ""task_id"": ""batch-task-ef462bf968d59d54fbff351825b28dfcb2049565"", ""updated_at"": ""2026-07-28T00:28:20.268846Z""}]"
unsolvedmath-comb-001-collision-1-3-2-3-conjecture-3976e813,1/3–2/3 Conjecture,combinatorics,queued,False,approved,full_claim,The mathematical predicate matches the full source claim; only the finite search range is bounded.,not_required,,2026-07-28T00:28:20.283672Z,2,0,0,0,"[""bounded_screen"", ""monotone_exact_case_enumeration""]","[{""case_generator_contract"": ""finite labelled non-total posets"", ""resume_indexing"": ""monotone exact case index""}]","{""parked"": 1, ""queued"": 1}","{""deep"": {""parked"": 1}, ""screen"": {""queued"": 1}}",{},[],"[{""attempt_count"": 0, ""budget"": {""max_cases"": 2000, ""memory_mb"": 1024, ""parameters"": {}, ""time_seconds"": 60}, ""checked_cases"": 0, ""checkpoint_created_at"": null, ""checkpoint_id"": null, ""checkpoint_sequence"": null, ""cursor"": null, ""frontier_provenance"": {}, ""latest_attempt_checked_cases"": 0, ""launch_index"": 0, ""outcome"": """", ""search_role"": ""bounded_screen"", ""stage"": ""screen"", ""status"": ""queued"", ""stop_reason"": """", ""strategy_id"": ""screen-exact"", ""task_id"": ""batch-task-b18a57c47a62d37ce6e0a7c042a359f8f2225a1f"", ""updated_at"": ""2026-07-28T00:28:20.276424Z""}, {""attempt_count"": 0, ""budget"": {""max_cases"": 1000000, ""memory_mb"": 1024, ""parameters"": {}, ""time_seconds"": 600}, ""checked_cases"": 0, ""checkpoint_created_at"": null, ""checkpoint_id"": null, ""checkpoint_sequence"": null, ""cursor"": null, ""frontier_provenance"": {""case_generator_contract"": ""finite labelled non-total posets"", ""resume_indexing"": ""monotone exact case index""}, ""latest_attempt_checked_cases"": 0, ""launch_index"": 0, ""outcome"": """", ""search_role"": ""monotone_exact_case_enumeration"", ""stage"": ""deep"", ""status"": ""parked"", ""stop_reason"": """", ""strategy_id"": ""deep-diversified"", ""task_id"": ""batch-task-e0639eca71b8402903cd8a8b000fff1e2d5c6933"", ""updated_at"": ""2026-07-28T00:28:20.283672Z""}]"
unsolvedmath-alg-007,Casas-Alvero Conjecture,algebra,queued,False,approved,restricted_family,The executor enumerates the explicitly named finite subfamily in model_contract.objects. A failure inside it is a valid source-level counterexample; no failure says nothing about objects outside it.,not_required,,2026-07-28T00:28:20.298179Z,2,0,0,0,"[""bounded_screen"", ""monotone_exact_case_enumeration""]","[{""case_generator_contract"": ""monic integer polynomials, a characteristic-zero subfamily"", ""resume_indexing"": ""monotone exact case index""}]","{""parked"": 1, ""queued"": 1}","{""deep"": {""parked"": 1}, ""screen"": {""queued"": 1}}",{},[],"[{""attempt_count"": 0, ""budget"": {""max_cases"": 2000, ""memory_mb"": 1024, ""parameters"": {}, ""time_seconds"": 60}, ""checked_cases"": 0, ""checkpoint_created_at"": null, ""checkpoint_id"": null, ""checkpoint_sequence"": null, ""cursor"": null, ""frontier_provenance"": {}, ""latest_attempt_checked_cases"": 0, ""launch_index"": 0, ""outcome"": """", ""search_role"": ""bounded_screen"", ""stage"": ""screen"", ""status"": ""queued"", ""stop_reason"": """", ""strategy_id"": ""screen-exact"", ""task_id"": ""batch-task-022c5a94734d63191b4ee6231dbd5b67c21b4cad"", ""updated_at"": ""2026-07-28T00:28:20.290835Z""}, {""attempt_count"": 0, ""budget"": {""max_cases"": 1000000, ""memory_mb"": 1024, ""parameters"": {}, ""time_seconds"": 600}, ""checked_cases"": 0, ""checkpoint_created_at"": null, ""checkpoint_id"": null, ""checkpoint_sequence"": null, ""cursor"": null, ""frontier_provenance"": {""case_generator_contract"": ""monic integer polynomials, a characteristic-zero subfamily"", ""resume_indexing"": ""monotone exact case index""}, ""latest_attempt_checked_cases"": 0, ""launch_index"": 0, ""outcome"": """", ""search_role"": ""monotone_exact_case_enumeration"", ""stage"": ""deep"", ""status"": ""parked"", ""stop_reason"": """", ""strategy_id"": ""deep-diversified"", ""task_id"": ""batch-task-045703a948980d7e7c093668baa9cee3db5dc142"", ""updated_at"": ""2026-07-28T00:28:20.298179Z""}]"
unsolvedmath-kou-21.26,Kourovka Notebook Problem 21.26,group_theory,queued,False,approved,restricted_family,The executor enumerates the explicitly named finite subfamily in model_contract.objects. A failure inside it is a valid source-level counterexample; no failure says nothing about objects outside it.,not_required,,2026-07-28T00:28:20.327114Z,4,0,0,0,"[""bounded_screen"", ""disjoint_canonical_catalogue_shards""]","[{""case_generator_contract"": ""six named permutation-group screen cases and a GAP SmallGroups deep catalogue of nonabelian groups of orders 62 through 255"", ""catalogue"": ""all 6,308 nonabelian SmallGroups of orders 61..255"", ""resume_indexing"": ""three disjoint strategy shards"", ""shard_count"": 3}]","{""parked"": 3, ""queued"": 1}","{""deep"": {""parked"": 3}, ""screen"": {""queued"": 1}}",{},[],"[{""attempt_count"": 0, ""budget"": {""max_cases"": 2000, ""memory_mb"": 1024, ""parameters"": {}, ""time_seconds"": 60}, ""checked_cases"": 0, ""checkpoint_created_at"": null, ""checkpoint_id"": null, ""checkpoint_sequence"": null, ""cursor"": null, ""frontier_provenance"": {}, ""latest_attempt_checked_cases"": 0, ""launch_index"": 0, ""outcome"": """", ""search_role"": ""bounded_screen"", ""stage"": ""screen"", ""status"": ""queued"", ""stop_reason"": """", ""strategy_id"": ""screen-exact"", ""task_id"": ""batch-task-bf6b8676812a95a4e1a85cc6bb3483f0f534b884"", ""updated_at"": ""2026-07-28T00:28:20.305256Z""}, {""attempt_count"": 0, ""budget"": {""max_cases"": 1000000, ""memory_mb"": 1024, ""parameters"": {}, ""time_seconds"": 600}, ""checked_cases"": 0, ""checkpoint_created_at"": null, ""checkpoint_id"": null, ""checkpoint_sequence"": null, ""cursor"": null, ""frontier_provenance"": {""case_generator_contract"": ""six named permutation-group screen cases and a GAP SmallGroups deep catalogue of nonabelian groups of orders 62 through 255"", ""catalogue"": ""all 6,308 nonabelian SmallGroups of orders 61..255"", ""resume_indexing"": ""three disjoint strategy shards"", ""shard_count"": 3}, ""latest_attempt_checked_cases"": 0, ""launch_index"": 0, ""outcome"": """", ""search_role"": ""disjoint_canonical_catalogue_shards"", ""stage"": ""deep"", ""status"": ""parked"", ""stop_reason"": """", ""strategy_id"": ""deep-catalogue-0"", ""task_id"": ""batch-task-6c06baf86b2e116f9098f5a1592ee43e1f04bb3b"", ""updated_at"": ""2026-07-28T00:28:20.312897Z""}, {""attempt_count"": 0, ""budget"": {""max_cases"": 1000000, ""memory_mb"": 1024, ""parameters"": {}, ""time_seconds"": 600}, ""checked_cases"": 0, ""checkpoint_created_at"": null, ""checkpoint_id"": null, ""checkpoint_sequence"": null, ""cursor"": null, ""frontier_provenance"": {""case_generator_contract"": ""six named permutation-group screen cases and a GAP SmallGroups deep catalogue of nonabelian groups of orders 62 through 255"", ""catalogue"": ""all 6,308 nonabelian SmallGroups of orders 61..255"", ""resume_indexing"": ""three disjoint strategy shards"", ""shard_count"": 3}, ""latest_attempt_checked_cases"": 0, ""launch_index"": 0, ""outcome"": """", ""search_role"": ""disjoint_canonical_catalogue_shards"", ""stage"": ""deep"", ""status"": ""parked"", ""stop_reason"": """", ""strategy_id"": ""deep-catalogue-1"", ""task_id"": ""batch-task-507b2a8024c8e818684bdf1000952578d640f240"", ""updated_at"": ""2026-07-28T00:28:20.320128Z""}, {""attempt_count"": 0, ""budget"": {""max_cases"": 1000000, ""memory_mb"": 1024, ""parameters"": {}, ""time_seconds"": 600}, ""checked_cases"": 0, ""checkpoint_created_at"": null, ""checkpoint_id"": null, ""checkpoint_sequence"": null, ""cursor"": null, ""frontier_provenance"": {""case_generator_contract"": ""six named permutation-group screen cases and a GAP SmallGroups deep catalogue of nonabelian groups of orders 62 through 255"", ""catalogue"": ""all 6,308 nonabelian SmallGroups of orders 61..255"", ""resume_indexing"": ""three disjoint strategy shards"", ""shard_count"": 3}, ""latest_attempt_checked_cases"": 0, ""launch_index"": 0, ""outcome"": """", ""search_role"": ""disjoint_canonical_catalogue_shards"", ""stage"": ""deep"", ""status"": ""parked"", ""stop_reason"": """", ""strategy_id"": ""deep-catalogue-2"", ""task_id"": ""batch-task-469c5727ae18a5fc51844f4a42f8c676fd45717e"", ""updated_at"": ""2026-07-28T00:28:20.327114Z""}]"
unsolvedmath-opg-600,Matchings extend to Hamiltonian cycles in hypercubes,graph_theory,queued,False,approved,full_claim,The mathematical predicate matches the full source claim; only the finite search range is bounded.,not_required,,2026-07-28T00:28:20.355236Z,4,0,0,0,"[""bounded_screen"", ""seeded_stratified_frontier_search""]","[{""case_generator_contract"": ""matchings in hypercubes Q_d; screen cases explicitly replicate d<=5, while deep Q_6 cases use all six directions and size at least 16 to exceed the encoded known frontiers"", ""resume_indexing"": ""seed-selected stratum plus monotone local index""}]","{""parked"": 3, ""queued"": 1}","{""deep"": {""parked"": 3}, ""screen"": {""queued"": 1}}",{},[],"[{""attempt_count"": 0, ""budget"": {""max_cases"": 2000, ""memory_mb"": 1024, ""parameters"": {}, ""time_seconds"": 60}, ""checked_cases"": 0, ""checkpoint_created_at"": null, ""checkpoint_id"": null, ""checkpoint_sequence"": null, ""cursor"": null, ""frontier_provenance"": {}, ""latest_attempt_checked_cases"": 0, ""launch_index"": 0, ""outcome"": """", ""search_role"": ""bounded_screen"", ""stage"": ""screen"", ""status"": ""queued"", ""stop_reason"": """", ""strategy_id"": ""screen-exact"", ""task_id"": ""batch-task-a557e09dfbbeb4707ea7a5b4c8448e8a269c9184"", ""updated_at"": ""2026-07-28T00:28:20.334343Z""}, {""attempt_count"": 0, ""budget"": {""max_cases"": 1000000, ""memory_mb"": 1024, ""parameters"": {}, ""time_seconds"": 600}, ""checked_cases"": 0, ""checkpoint_created_at"": null, ""checkpoint_id"": null, ""checkpoint_sequence"": null, ""cursor"": null, ""frontier_provenance"": {""case_generator_contract"": ""matchings in hypercubes Q_d; screen cases explicitly replicate d<=5, while deep Q_6 cases use all six directions and size at least 16 to exceed the encoded known frontiers"", ""resume_indexing"": ""seed-selected stratum plus monotone local index""}, ""latest_attempt_checked_cases"": 0, ""launch_index"": 0, ""outcome"": """", ""search_role"": ""seeded_stratified_frontier_search"", ""stage"": ""deep"", ""status"": ""parked"", ""stop_reason"": """", ""strategy_id"": ""deep-diversified"", ""task_id"": ""batch-task-94de3289b93d41840f384c1a911cf5a66e4263ef"", ""updated_at"": ""2026-07-28T00:28:20.341227Z""}, {""attempt_count"": 0, ""budget"": {""max_cases"": 1000000, ""memory_mb"": 1024, ""parameters"": {}, ""time_seconds"": 600}, ""checked_cases"": 0, ""checkpoint_created_at"": null, ""checkpoint_id"": null, ""checkpoint_sequence"": null, ""cursor"": null, ""frontier_provenance"": {""case_generator_contract"": ""matchings in hypercubes Q_d; screen cases explicitly replicate d<=5, while deep Q_6 cases use all six directions and size at least 16 to exceed the encoded known frontiers"", ""resume_indexing"": ""seed-selected stratum plus monotone local index""}, ""latest_attempt_checked_cases"": 0, ""launch_index"": 1, ""outcome"": """", ""search_role"": ""seeded_stratified_frontier_search"", ""stage"": ""deep"", ""status"": ""parked"", ""stop_reason"": """", ""strategy_id"": ""deep-diversified"", ""task_id"": ""batch-task-d9caf157aaeafb85f0fbc8c27a862452b83baed0"", ""updated_at"": ""2026-07-28T00:28:20.348168Z""}, {""attempt_count"": 0, ""budget"": {""max_cases"": 1000000, ""memory_mb"": 1024, ""parameters"": {}, ""time_seconds"": 600}, ""checked_cases"": 0, ""checkpoint_created_at"": null, ""checkpoint_id"": null, ""checkpoint_sequence"": null, ""cursor"": null, ""frontier_provenance"": {""case_generator_contract"": ""matchings in hypercubes Q_d; screen cases explicitly replicate d<=5, while deep Q_6 cases use all six directions and size at least 16 to exceed the encoded known frontiers"", ""resume_indexing"": ""seed-selected stratum plus monotone local index""}, ""latest_attempt_checked_cases"": 0, ""launch_index"": 2, ""outcome"": """", ""search_role"": ""seeded_stratified_frontier_search"", ""stage"": ""deep"", ""status"": ""parked"", ""stop_reason"": """", ""strategy_id"": ""deep-diversified"", ""task_id"": ""batch-task-8e0592eec83c43c0f133ddd77fbea142c5c4c8a8"", ""updated_at"": ""2026-07-28T00:28:20.355236Z""}]"
unsolvedmath-opg-37670,The Borodin-Kostochka Conjecture,graph_theory,queued,False,approved,restricted_family,The executor enumerates the explicitly named finite subfamily in model_contract.objects. A failure inside it is a valid source-level counterexample; no failure says nothing about objects outside it.,not_required,,2026-07-28T00:28:20.369505Z,2,0,0,0,"[""bounded_screen"", ""monotone_exact_case_enumeration""]","[{""case_generator_contract"": ""simple labelled graphs on ten vertices, searched from dense graphs downward"", ""resume_indexing"": ""monotone exact case index""}]","{""parked"": 1, ""queued"": 1}","{""deep"": {""parked"": 1}, ""screen"": {""queued"": 1}}",{},[],"[{""attempt_count"": 0, ""budget"": {""max_cases"": 2000, ""memory_mb"": 1024, ""parameters"": {}, ""time_seconds"": 60}, ""checked_cases"": 0, ""checkpoint_created_at"": null, ""checkpoint_id"": null, ""checkpoint_sequence"": null, ""cursor"": null, ""frontier_provenance"": {}, ""latest_attempt_checked_cases"": 0, ""launch_index"": 0, ""outcome"": """", ""search_role"": ""bounded_screen"", ""stage"": ""screen"", ""status"": ""queued"", ""stop_reason"": """", ""strategy_id"": ""screen-exact"", ""task_id"": ""batch-task-84e6d35461edf6c270d5ae5e24e79f2df75e99af"", ""updated_at"": ""2026-07-28T00:28:20.362098Z""}, {""attempt_count"": 0, ""budget"": {""max_cases"": 1000000, ""memory_mb"": 1024, ""parameters"": {}, ""time_seconds"": 600}, ""checked_cases"": 0, ""checkpoint_created_at"": null, ""checkpoint_id"": null, ""checkpoint_sequence"": null, ""cursor"": null, ""frontier_provenance"": {""case_generator_contract"": ""simple labelled graphs on ten vertices, searched from dense graphs downward"", ""resume_indexing"": ""monotone exact case index""}, ""latest_attempt_checked_cases"": 0, ""launch_index"": 0, ""outcome"": """", ""search_role"": ""monotone_exact_case_enumeration"", ""stage"": ""deep"", ""status"": ""parked"", ""stop_reason"": """", ""strategy_id"": ""deep-diversified"", ""task_id"": ""batch-task-326ab0e8ca30f0dbcb3b16bbf92408d3ec8d16ec"", ""updated_at"": ""2026-07-28T00:28:20.369505Z""}]"
unsolvedmath-opg-404,Concavity of van der Waerden numbers,combinatorics,queued,False,approved,full_claim,The mathematical predicate matches the full source claim; only the finite search range is bounded.,not_required,,2026-07-28T00:28:20.384340Z,2,0,0,0,"[""bounded_screen"", ""monotone_exact_case_enumeration""]","[{""case_generator_contract"": ""finite integer pairs k>=ell>=2 with exactly computed mixed van der Waerden numbers"", ""resume_indexing"": ""monotone exact case index""}]","{""parked"": 1, ""queued"": 1}","{""deep"": {""parked"": 1}, ""screen"": {""queued"": 1}}",{},[],"[{""attempt_count"": 0, ""budget"": {""max_cases"": 2000, ""memory_mb"": 1024, ""parameters"": {}, ""time_seconds"": 60}, ""checked_cases"": 0, ""checkpoint_created_at"": null, ""checkpoint_id"": null, ""checkpoint_sequence"": null, ""cursor"": null, ""frontier_provenance"": {}, ""latest_attempt_checked_cases"": 0, ""launch_index"": 0, ""outcome"": """", ""search_role"": ""bounded_screen"", ""stage"": ""screen"", ""status"": ""queued"", ""stop_reason"": """", ""strategy_id"": ""screen-exact"", ""task_id"": ""batch-task-4c1d29837f359b767ed50b62be9d9604689384d1"", ""updated_at"": ""2026-07-28T00:28:20.377074Z""}, {""attempt_count"": 0, ""budget"": {""max_cases"": 1000000, ""memory_mb"": 1024, ""parameters"": {}, ""time_seconds"": 600}, ""checked_cases"": 0, ""checkpoint_created_at"": null, ""checkpoint_id"": null, ""checkpoint_sequence"": null, ""cursor"": null, ""frontier_provenance"": {""case_generator_contract"": ""finite integer pairs k>=ell>=2 with exactly computed mixed van der Waerden numbers"", ""resume_indexing"": ""monotone exact case index""}, ""latest_attempt_checked_cases"": 0, ""launch_index"": 0, ""outcome"": """", ""search_role"": ""monotone_exact_case_enumeration"", ""stage"": ""deep"", ""status"": ""parked"", ""stop_reason"": """", ""strategy_id"": ""deep-diversified"", ""task_id"": ""batch-task-ad6d2f6a895d293ef7a9f1a58d9d58dde21382a7"", ""updated_at"": ""2026-07-28T00:28:20.384340Z""}]"
unsolvedmath-opg-636,Even vs. odd latin squares,combinatorics,queued,False,approved,restricted_family,The executor enumerates the explicitly named finite subfamily in model_contract.objects. A failure inside it is a valid source-level counterexample; no failure says nothing about objects outside it.,not_required,,2026-07-28T00:28:20.398837Z,2,0,0,0,"[""bounded_screen"", ""monotone_exact_case_enumeration""]","[{""case_generator_contract"": ""Latin squares of a fixed positive even order n"", ""resume_indexing"": ""monotone exact case index""}]","{""parked"": 1, ""queued"": 1}","{""deep"": {""parked"": 1}, ""screen"": {""queued"": 1}}",{},[],"[{""attempt_count"": 0, ""budget"": {""max_cases"": 2000, ""memory_mb"": 1024, ""parameters"": {}, ""time_seconds"": 60}, ""checked_cases"": 0, ""checkpoint_created_at"": null, ""checkpoint_id"": null, ""checkpoint_sequence"": null, ""cursor"": null, ""frontier_provenance"": {}, ""latest_attempt_checked_cases"": 0, ""launch_index"": 0, ""outcome"": """", ""search_role"": ""bounded_screen"", ""stage"": ""screen"", ""status"": ""queued"", ""stop_reason"": """", ""strategy_id"": ""screen-exact"", ""task_id"": ""batch-task-2092779c052de043579cc9446f3a1322467a4482"", ""updated_at"": ""2026-07-28T00:28:20.391476Z""}, {""attempt_count"": 0, ""budget"": {""max_cases"": 1000000, ""memory_mb"": 1024, ""parameters"": {}, ""time_seconds"": 600}, ""checked_cases"": 0, ""checkpoint_created_at"": null, ""checkpoint_id"": null, ""checkpoint_sequence"": null, ""cursor"": null, ""frontier_provenance"": {""case_generator_contract"": ""Latin squares of a fixed positive even order n"", ""resume_indexing"": ""monotone exact case index""}, ""latest_attempt_checked_cases"": 0, ""launch_index"": 0, ""outcome"": """", ""search_role"": ""monotone_exact_case_enumeration"", ""stage"": ""deep"", ""status"": ""parked"", ""stop_reason"": """", ""strategy_id"": ""deep-diversified"", ""task_id"": ""batch-task-50be515e32d5d184031ae1f1e5e53ecd7200c3c0"", ""updated_at"": ""2026-07-28T00:28:20.398837Z""}]"
unsolvedmath-kou-21.99,Kourovka Notebook Problem 21.99,group_theory,queued,False,approved,restricted_family,The executor enumerates the explicitly named finite subfamily in model_contract.objects. A failure inside it is a valid source-level counterexample; no failure says nothing about objects outside it.,not_required,,2026-07-28T00:28:20.451119Z,4,0,0,0,"[""bounded_screen"", ""disjoint_canonical_catalogue_shards""]","[{""case_generator_contract"": ""nonregular transitive coset actions from diversified symmetric, alternating, and dihedral groups with many nonconjugate subgroup types"", ""catalogue"": ""17 hash-distinct faithful nonregular coset actions"", ""resume_indexing"": ""three disjoint strategy shards"", ""shard_count"": 3}]","{""parked"": 3, ""queued"": 1}","{""deep"": {""parked"": 3}, ""screen"": {""queued"": 1}}",{},[],"[{""attempt_count"": 0, ""budget"": {""max_cases"": 2000, ""memory_mb"": 1024, ""parameters"": {}, ""time_seconds"": 60}, ""checked_cases"": 0, ""checkpoint_created_at"": null, ""checkpoint_id"": null, ""checkpoint_sequence"": null, ""cursor"": null, ""frontier_provenance"": {}, ""latest_attempt_checked_cases"": 0, ""launch_index"": 0, ""outcome"": """", ""search_role"": ""bounded_screen"", ""stage"": ""screen"", ""status"": ""queued"", ""stop_reason"": """", ""strategy_id"": ""screen-exact"", ""task_id"": ""batch-task-58ec19b891d743585f62510de968189c1aa46f9d"", ""updated_at"": ""2026-07-28T00:28:20.405934Z""}, {""attempt_count"": 0, ""budget"": {""max_cases"": 1000000, ""memory_mb"": 1024, ""parameters"": {}, ""time_seconds"": 600}, ""checked_cases"": 0, ""checkpoint_created_at"": null, ""checkpoint_id"": null, ""checkpoint_sequence"": null, ""cursor"": null, ""frontier_provenance"": {""case_generator_contract"": ""nonregular transitive coset actions from diversified symmetric, alternating, and dihedral groups with many nonconjugate subgroup types"", ""catalogue"": ""17 hash-distinct faithful nonregular coset actions"", ""resume_indexing"": ""three disjoint strategy shards"", ""shard_count"": 3}, ""latest_attempt_checked_cases"": 0, ""launch_index"": 0, ""outcome"": """", ""search_role"": ""disjoint_canonical_catalogue_shards"", ""stage"": ""deep"", ""status"": ""parked"", ""stop_reason"": """", ""strategy_id"": ""deep-catalogue-0"", ""task_id"": ""batch-task-cb30243ca4ad397d128b12b0030c575193717496"", ""updated_at"": ""2026-07-28T00:28:20.429656Z""}, {""attempt_count"": 0, ""budget"": {""max_cases"": 1000000, ""memory_mb"": 1024, ""parameters"": {}, ""time_seconds"": 600}, ""checked_cases"": 0, ""checkpoint_created_at"": null, ""checkpoint_id"": null, ""checkpoint_sequence"": null, ""cursor"": null, ""frontier_provenance"": {""case_generator_contract"": ""nonregular transitive coset actions from diversified symmetric, alternating, and dihedral groups with many nonconjugate subgroup types"", ""catalogue"": ""17 hash-distinct faithful nonregular coset actions"", ""resume_indexing"": ""three disjoint strategy shards"", ""shard_count"": 3}, ""latest_attempt_checked_cases"": 0, ""launch_index"": 0, ""outcome"": """", ""search_role"": ""disjoint_canonical_catalogue_shards"", ""stage"": ""deep"", ""status"": ""parked"", ""stop_reason"": """", ""strategy_id"": ""deep-catalogue-1"", ""task_id"": ""batch-task-263f2b14bd21a981e2365855a6cb5f3b237ff48b"", ""updated_at"": ""2026-07-28T00:28:20.443246Z""}, {""attempt_count"": 0, ""budget"": {""max_cases"": 1000000, ""memory_mb"": 1024, ""parameters"": {}, ""time_seconds"": 600}, ""checked_cases"": 0, ""checkpoint_created_at"": null, ""checkpoint_id"": null, ""checkpoint_sequence"": null, ""cursor"": null, ""frontier_provenance"": {""case_generator_contract"": ""nonregular transitive coset actions from diversified symmetric, alternating, and dihedral groups with many nonconjugate subgroup types"", ""catalogue"": ""17 hash-distinct faithful nonregular coset actions"", ""resume_indexing"": ""three disjoint strategy shards"", ""shard_count"": 3}, ""latest_attempt_checked_cases"": 0, ""launch_index"": 0, ""outcome"": """", ""search_role"": ""disjoint_canonical_catalogue_shards"", ""stage"": ""deep"", ""status"": ""parked"", ""stop_reason"": """", ""strategy_id"": ""deep-catalogue-2"", ""task_id"": ""batch-task-c329217b0b22194ba0ca2c21fe7a261bcf253d21"", ""updated_at"": ""2026-07-28T00:28:20.451119Z""}]"
unsolvedmath-opg-169,The Two Color Conjecture,graph_theory,queued,False,approved,restricted_family,The executor enumerates the explicitly named finite subfamily in model_contract.objects. A failure inside it is a valid source-level counterexample; no failure says nothing about objects outside it.,not_required,,2026-07-28T00:28:20.466564Z,2,0,0,0,"[""bounded_screen"", ""monotone_exact_case_enumeration""]","[{""case_generator_contract"": ""orientations of simple planar graphs on at most four labelled vertices"", ""resume_indexing"": ""monotone exact case index""}]","{""parked"": 1, ""queued"": 1}","{""deep"": {""parked"": 1}, ""screen"": {""queued"": 1}}",{},[],"[{""attempt_count"": 0, ""budget"": {""max_cases"": 2000, ""memory_mb"": 1024, ""parameters"": {}, ""time_seconds"": 60}, ""checked_cases"": 0, ""checkpoint_created_at"": null, ""checkpoint_id"": null, ""checkpoint_sequence"": null, ""cursor"": null, ""frontier_provenance"": {}, ""latest_attempt_checked_cases"": 0, ""launch_index"": 0, ""outcome"": """", ""search_role"": ""bounded_screen"", ""stage"": ""screen"", ""status"": ""queued"", ""stop_reason"": """", ""strategy_id"": ""screen-exact"", ""task_id"": ""batch-task-91888cc7eec4914f754fac0c606c293f4cd7176b"", ""updated_at"": ""2026-07-28T00:28:20.458955Z""}, {""attempt_count"": 0, ""budget"": {""max_cases"": 1000000, ""memory_mb"": 1024, ""parameters"": {}, ""time_seconds"": 600}, ""checked_cases"": 0, ""checkpoint_created_at"": null, ""checkpoint_id"": null, ""checkpoint_sequence"": null, ""cursor"": null, ""frontier_provenance"": {""case_generator_contract"": ""orientations of simple planar graphs on at most four labelled vertices"", ""resume_indexing"": ""monotone exact case index""}, ""latest_attempt_checked_cases"": 0, ""launch_index"": 0, ""outcome"": """", ""search_role"": ""monotone_exact_case_enumeration"", ""stage"": ""deep"", ""status"": ""parked"", ""stop_reason"": """", ""strategy_id"": ""deep-diversified"", ""task_id"": ""batch-task-8846caf79a74735fa74bd3a66cc8e713f67da3ab"", ""updated_at"": ""2026-07-28T00:28:20.466564Z""}]"
unsolvedmath-opg-382,Aharoni-Berger conjecture,combinatorics,queued,False,approved,restricted_family,The executor enumerates the explicitly named finite subfamily in model_contract.objects. A failure inside it is a valid source-level counterexample; no failure says nothing about objects outside it.,not_required,,2026-07-28T00:28:20.496646Z,4,0,0,0,"[""bounded_screen"", ""seeded_stratified_frontier_search""]","[{""case_generator_contract"": ""small explicitly encoded partition matroids on a common labelled ground set"", ""resume_indexing"": ""seed-selected stratum plus monotone local index""}]","{""parked"": 3, ""queued"": 1}","{""deep"": {""parked"": 3}, ""screen"": {""queued"": 1}}",{},[],"[{""attempt_count"": 0, ""budget"": {""max_cases"": 2000, ""memory_mb"": 1024, ""parameters"": {}, ""time_seconds"": 60}, ""checked_cases"": 0, ""checkpoint_created_at"": null, ""checkpoint_id"": null, ""checkpoint_sequence"": null, ""cursor"": null, ""frontier_provenance"": {}, ""latest_attempt_checked_cases"": 0, ""launch_index"": 0, ""outcome"": """", ""search_role"": ""bounded_screen"", ""stage"": ""screen"", ""status"": ""queued"", ""stop_reason"": """", ""strategy_id"": ""screen-exact"", ""task_id"": ""batch-task-ad751c64799b5ef45aa904db30d54985e4082382"", ""updated_at"": ""2026-07-28T00:28:20.474286Z""}, {""attempt_count"": 0, ""budget"": {""max_cases"": 1000000, ""memory_mb"": 1024, ""parameters"": {}, ""time_seconds"": 600}, ""checked_cases"": 0, ""checkpoint_created_at"": null, ""checkpoint_id"": null, ""checkpoint_sequence"": null, ""cursor"": null, ""frontier_provenance"": {""case_generator_contract"": ""small explicitly encoded partition matroids on a common labelled ground set"", ""resume_indexing"": ""seed-selected stratum plus monotone local index""}, ""latest_attempt_checked_cases"": 0, ""launch_index"": 0, ""outcome"": """", ""search_role"": ""seeded_stratified_frontier_search"", ""stage"": ""deep"", ""status"": ""parked"", ""stop_reason"": """", ""strategy_id"": ""deep-diversified"", ""task_id"": ""batch-task-c579d3804b862a4ef8c3ef6064ad8cdb8f320a8f"", ""updated_at"": ""2026-07-28T00:28:20.481972Z""}, {""attempt_count"": 0, ""budget"": {""max_cases"": 1000000, ""memory_mb"": 1024, ""parameters"": {}, ""time_seconds"": 600}, ""checked_cases"": 0, ""checkpoint_created_at"": null, ""checkpoint_id"": null, ""checkpoint_sequence"": null, ""cursor"": null, ""frontier_provenance"": {""case_generator_contract"": ""small explicitly encoded partition matroids on a common labelled ground set"", ""resume_indexing"": ""seed-selected stratum plus monotone local index""}, ""latest_attempt_checked_cases"": 0, ""launch_index"": 1, ""outcome"": """", ""search_role"": ""seeded_stratified_frontier_search"", ""stage"": ""deep"", ""status"": ""parked"", ""stop_reason"": """", ""strategy_id"": ""deep-diversified"", ""task_id"": ""batch-task-9626893d76e5008cf9147c522c6ed60e65c29abf"", ""updated_at"": ""2026-07-28T00:28:20.489420Z""}, {""attempt_count"": 0, ""budget"": {""max_cases"": 1000000, ""memory_mb"": 1024, ""parameters"": {}, ""time_seconds"": 600}, ""checked_cases"": 0, ""checkpoint_created_at"": null, ""checkpoint_id"": null, ""checkpoint_sequence"": null, ""cursor"": null, ""frontier_provenance"": {""case_generator_contract"": ""small explicitly encoded partition matroids on a common labelled ground set"", ""resume_indexing"": ""seed-selected stratum plus monotone local index""}, ""latest_attempt_checked_cases"": 0, ""launch_index"": 2, ""outcome"": """", ""search_role"": ""seeded_stratified_frontier_search"", ""stage"": ""deep"", ""status"": ""parked"", ""stop_reason"": """", ""strategy_id"": ""deep-diversified"", ""task_id"": ""batch-task-05e7dc4290b88185210e82dfdcc5b917288e38fb"", ""updated_at"": ""2026-07-28T00:28:20.496646Z""}]"
unsolvedmath-opg-48264,Signing a graph to have small magnitude eigenvalues,graph_theory,queued,False,approved,restricted_family,The executor enumerates the explicitly named finite subfamily in model_contract.objects. A failure inside it is a valid source-level counterexample; no failure says nothing about objects outside it.,not_required,,2026-07-28T00:28:20.526232Z,4,0,0,0,"[""bounded_screen"", ""disjoint_canonical_catalogue_shards""]","[{""case_generator_contract"": ""bounded diverse cubic and quartic graph families, with switching equivalence fixing a spanning tree positive"", ""catalogue"": ""all 41,301 nonisomorphic connected cubic graphs of order 18"", ""resume_indexing"": ""three disjoint strategy shards"", ""shard_count"": 3}]","{""parked"": 3, ""queued"": 1}","{""deep"": {""parked"": 3}, ""screen"": {""queued"": 1}}",{},[],"[{""attempt_count"": 0, ""budget"": {""max_cases"": 2000, ""memory_mb"": 1024, ""parameters"": {}, ""time_seconds"": 60}, ""checked_cases"": 0, ""checkpoint_created_at"": null, ""checkpoint_id"": null, ""checkpoint_sequence"": null, ""cursor"": null, ""frontier_provenance"": {}, ""latest_attempt_checked_cases"": 0, ""launch_index"": 0, ""outcome"": """", ""search_role"": ""bounded_screen"", ""stage"": ""screen"", ""status"": ""queued"", ""stop_reason"": """", ""strategy_id"": ""screen-exact"", ""task_id"": ""batch-task-62328e612bdc5145d219d461fad64145b0c6d493"", ""updated_at"": ""2026-07-28T00:28:20.503755Z""}, {""attempt_count"": 0, ""budget"": {""max_cases"": 1000000, ""memory_mb"": 1024, ""parameters"": {}, ""time_seconds"": 600}, ""checked_cases"": 0, ""checkpoint_created_at"": null, ""checkpoint_id"": null, ""checkpoint_sequence"": null, ""cursor"": null, ""frontier_provenance"": {""case_generator_contract"": ""bounded diverse cubic and quartic graph families, with switching equivalence fixing a spanning tree positive"", ""catalogue"": ""all 41,301 nonisomorphic connected cubic graphs of order 18"", ""resume_indexing"": ""three disjoint strategy shards"", ""shard_count"": 3}, ""latest_attempt_checked_cases"": 0, ""launch_index"": 0, ""outcome"": """", ""search_role"": ""disjoint_canonical_catalogue_shards"", ""stage"": ""deep"", ""status"": ""parked"", ""stop_reason"": """", ""strategy_id"": ""deep-catalogue-0"", ""task_id"": ""batch-task-3ee20df34eaa01216bdbbc0e3416ee3995789019"", ""updated_at"": ""2026-07-28T00:28:20.511363Z""}, {""attempt_count"": 0, ""budget"": {""max_cases"": 1000000, ""memory_mb"": 1024, ""parameters"": {}, ""time_seconds"": 600}, ""checked_cases"": 0, ""checkpoint_created_at"": null, ""checkpoint_id"": null, ""checkpoint_sequence"": null, ""cursor"": null, ""frontier_provenance"": {""case_generator_contract"": ""bounded diverse cubic and quartic graph families, with switching equivalence fixing a spanning tree positive"", ""catalogue"": ""all 41,301 nonisomorphic connected cubic graphs of order 18"", ""resume_indexing"": ""three disjoint strategy shards"", ""shard_count"": 3}, ""latest_attempt_checked_cases"": 0, ""launch_index"": 0, ""outcome"": """", ""search_role"": ""disjoint_canonical_catalogue_shards"", ""stage"": ""deep"", ""status"": ""parked"", ""stop_reason"": """", ""strategy_id"": ""deep-catalogue-1"", ""task_id"": ""batch-task-a6637709799717499de60b1d77a1c5c3f284e855"", ""updated_at"": ""2026-07-28T00:28:20.518820Z""}, {""attempt_count"": 0, ""budget"": {""max_cases"": 1000000, ""memory_mb"": 1024, ""parameters"": {}, ""time_seconds"": 600}, ""checked_cases"": 0, ""checkpoint_created_at"": null, ""checkpoint_id"": null, ""checkpoint_sequence"": null, ""cursor"": null, ""frontier_provenance"": {""case_generator_contract"": ""bounded diverse cubic and quartic graph families, with switching equivalence fixing a spanning tree positive"", ""catalogue"": ""all 41,301 nonisomorphic connected cubic graphs of order 18"", ""resume_indexing"": ""three disjoint strategy shards"", ""shard_count"": 3}, ""latest_attempt_checked_cases"": 0, ""launch_index"": 0, ""outcome"": """", ""search_role"": ""disjoint_canonical_catalogue_shards"", ""stage"": ""deep"", ""status"": ""parked"", ""stop_reason"": """", ""strategy_id"": ""deep-catalogue-2"", ""task_id"": ""batch-task-624b7be0390832fb75af0fe0e6abee641a995195"", ""updated_at"": ""2026-07-28T00:28:20.526232Z""}]"
